lat,lng,hcho_value,severity
6.782280395102387,93.82903142628402,96.49539534100668,Moderate
7.0517749803382435,93.82903142628402,82.73724829119602,Moderate
7.3212695655741,93.6493683694601,106.79180748145468,Moderate
8.129753321281669,77.56952478372068,146.60338691704658,High
8.219584849693621,77.38986172689677,157.23517706693067,High
8.309416378105574,77.30003019848482,155.7615188248841,High
8.309416378105574,77.65935631213263,148.0768759389964,High
8.489079434929478,77.03053561324897,188.64206047542257,High
8.489079434929478,77.30003019848482,129.6228783745949,High
8.489079434929478,77.56952478372068,154.32372218394053,High
8.489079434929478,77.65935631213263,145.23136515739458,High
8.489079434929478,78.01868242578044,148.23530086257048,High
8.57891096334143,77.12036714166092,159.5858218874247,High
8.57891096334143,77.47969325530873,154.7108541631373,High
8.57891096334143,77.65935631213263,149.18685582328808,High
8.57891096334143,77.74918784054458,142.17271065528084,High
8.668742491753383,76.85087255642506,196.42573464911,High
8.668742491753383,77.12036714166092,137.88710542278295,High
8.668742491753383,77.38986172689677,158.68585187729144,High
8.668742491753383,77.65935631213263,150.43969681963955,High
8.668742491753383,77.83901936895654,140.69364992450656,High
8.758574020165334,77.21019867007287,122.69656515592682,High
8.758574020165334,77.65935631213263,157.1752954084493,High
8.758574020165334,77.83901936895654,144.95854569355865,High
8.758574020165334,77.92885089736849,137.75529106057652,High
8.848405548577286,76.85087255642506,186.65963536363657,High
8.848405548577286,76.94070408483701,177.31334019913885,High
8.848405548577286,78.10851395419239,135.04381765076278,High
8.938237076989239,77.12036714166092,155.62994131874916,High
8.938237076989239,77.38986172689677,169.7516330867333,High
8.938237076989239,78.01868242578044,135.41779213317142,High
9.028068605401192,76.76104102801311,190.9280296552841,High
9.028068605401192,77.65935631213263,155.37603434886708,High
9.117900133813142,76.85087255642506,182.3806980187564,High
9.117900133813142,76.94070408483701,171.18248823899177,High
9.117900133813142,77.21019867007287,129.49089236190378,High
9.117900133813142,77.30003019848482,151.88377350320718,High
9.117900133813142,77.47969325530873,154.5399468004125,High
9.117900133813142,77.74918784054458,149.89507926376152,High
9.117900133813142,78.37800853942825,144.00350047567414,High
9.207731662225095,76.5813779711892,206.5646133513223,High
9.207731662225095,77.03053561324897,165.63538807593116,High
9.207731662225095,77.47969325530873,170.4299242778606,High
9.207731662225095,78.55767159625215,127.36264074161963,High
9.297563190637048,76.67120949960116,206.2701746972476,High
9.297563190637048,77.47969325530873,165.2961157318908,High
9.297563190637048,78.19834548260434,136.23825962198063,High
9.297563190637048,78.91699770989996,121.75413252968141,High
9.387394719048999,76.4017149143653,198.2569017323288,High
9.387394719048999,76.67120949960116,208.67643923642657,High
9.387394719048999,77.56952478372068,165.77957516500223,High
9.387394719048999,78.19834548260434,142.68526425017035,High
9.387394719048999,78.37800853942825,140.61035839253427,High
9.387394719048999,78.91699770989996,127.32396241333186,High
9.477226247460951,76.4017149143653,207.89018985366988,High
9.477226247460951,77.03053561324897,186.85574890928893,High
9.477226247460951,77.38986172689677,149.65971080825233,High
9.477226247460951,77.56952478372068,172.5433851404024,High
9.477226247460951,77.65935631213263,177.5855901828185,High
9.477226247460951,78.4678400678402,137.805541533724,High
9.477226247460951,78.6475031246641,127.29193916803314,High
9.477226247460951,78.82716618148801,131.7650509829199,High
9.567057775872904,76.31188338595335,193.54080910400424,High
9.567057775872904,76.5813779711892,224.2447701301858,High
9.567057775872904,77.56952478372068,162.1415993771208,High
9.567057775872904,77.65935631213263,162.80635835206948,High
9.656889304284856,76.49154644277725,228.282084069471,High
9.656889304284856,76.67120949960116,210.42935410696504,High
9.656889304284856,76.85087255642506,203.1799583954456,High
9.656889304284856,77.38986172689677,135.50414282934685,High
9.656889304284856,78.01868242578044,165.08615455106616,High
9.656889304284856,78.37800853942825,153.9156721402918,High
9.656889304284856,78.4678400678402,158.82047956732973,High
9.746720832696807,78.19834548260434,155.35104485714655,High
9.83655236110876,77.30003019848482,163.86316806381586,High
9.83655236110876,77.92885089736849,167.62556811034477,High
9.83655236110876,78.10851395419239,173.44785530193906,High
9.83655236110876,78.82716618148801,143.00908894137294,High
9.83655236110876,79.09666076672387,130.56893048406616,High
9.926383889520713,76.5813779711892,232.489520926428,High
9.926383889520713,76.76104102801311,233.91692570346936,High
9.926383889520713,78.10851395419239,189.21268703659098,High
10.016215417932665,76.2220518575414,225.0228633960288,High
10.016215417932665,76.4017149143653,240.13828741103967,High
10.016215417932665,76.49154644277725,229.9590401983082,High
10.016215417932665,77.83901936895654,177.58710469941477,High
10.106046946344616,76.31188338595335,224.00025358574638,High
10.106046946344616,76.85087255642506,204.57028579319848,High
10.106046946344616,76.94070408483701,190.50192685990382,High
10.106046946344616,77.12036714166092,118.82164265597619,Moderate
10.106046946344616,77.30003019848482,114.74244695332084,Moderate
10.106046946344616,78.37800853942825,163.51879402402056,High
10.106046946344616,79.18649229513582,153.75412350436667,High
10.195878474756569,76.67120949960116,183.727493322128,High
10.195878474756569,76.85087255642506,174.99900856064224,High
10.195878474756569,77.12036714166092,139.22184643904455,High
10.195878474756569,77.21019867007287,116.68135253018592,Moderate
10.195878474756569,77.92885089736849,167.43889024738974,High
10.195878474756569,78.01868242578044,157.9117838417391,High
10.195878474756569,78.19834548260434,164.60985131942178,High
10.195878474756569,79.00682923831191,154.40354035437568,High
10.285710003168521,76.67120949960116,166.8412924958728,High
10.285710003168521,77.21019867007287,161.38882938851273,High
10.285710003168521,77.83901936895654,176.5594432488111,High
10.285710003168521,77.92885089736849,184.8368153175912,High
10.285710003168521,78.01868242578044,162.68289383199115,High
10.285710003168521,78.19834548260434,167.7191137945522,High
10.285710003168521,78.73733465307606,165.98729897024094,High
10.285710003168521,78.91699770989996,165.6429038443398,High
10.375541531580472,76.85087255642506,179.42503773545374,High
10.375541531580472,77.38986172689677,177.29738707712195,High
10.375541531580472,77.83901936895654,170.4590414930226,High
10.375541531580472,78.2881770110163,167.50877013105338,High
10.465373059992425,76.49154644277725,197.90915756876453,High
10.465373059992425,77.74918784054458,176.67508342604313,High
10.465373059992425,78.73733465307606,169.8191856347882,High
10.465373059992425,79.18649229513582,158.73634916386936,High
10.465373059992425,79.72548146560753,138.89598615876517,High
10.555204588404377,76.13222032912944,210.14959276135065,High
10.555204588404377,76.85087255642506,195.7358050144132,High
10.555204588404377,77.30003019848482,207.62957035966863,High
10.555204588404377,78.2881770110163,160.28309580398206,High
10.555204588404377,78.73733465307606,166.12221608372602,High
10.555204588404377,79.09666076672387,152.74299739359296,High
10.555204588404377,79.18649229513582,165.02945948555652,High
10.555204588404377,79.45598688037167,156.9874932109658,High
10.555204588404377,79.81531299401948,137.56009534778445,High
10.64503611681633,76.2220518575414,208.24538472035422,High
10.64503611681633,76.49154644277725,226.37260361844545,High
10.64503611681633,76.76104102801311,219.1826751716821,High
10.64503611681633,77.03053561324897,208.14315494143804,High
10.64503611681633,77.12036714166092,209.38337896759546,High
10.64503611681633,77.83901936895654,184.04222682293283,High
10.64503611681633,79.81531299401948,124.59552105492172,High
10.734867645228281,76.31188338595335,214.61810463113636,High
10.734867645228281,76.67120949960116,219.92213248893395,High
10.734867645228281,76.94070408483701,214.69884654825134,High
10.734867645228281,77.12036714166092,200.1236447761981,High
10.734867645228281,78.19834548260434,178.37586193955147,High
10.734867645228281,78.37800853942825,163.8250610464269,High
10.734867645228281,78.73733465307606,170.0732252122334,High
10.734867645228281,78.91699770989996,178.5574306976999,High
10.734867645228281,79.45598688037167,170.5194189636459,High
10.824699173640234,75.95255727230554,236.63852519708706,High
10.824699173640234,76.4017149143653,246.1796128291548,High
10.824699173640234,77.30003019848482,208.8131094757809,High
10.824699173640234,78.55767159625215,186.72597785058755,High
10.824699173640234,79.18649229513582,167.8673384182112,High
10.824699173640234,79.54581840878363,157.27951469423792,High
10.914530702052186,76.2220518575414,224.24416895379665,High
10.914530702052186,76.49154644277725,225.5703278699587,High
10.914530702052186,77.03053561324897,213.44246269638666,High
10.914530702052186,77.12036714166092,190.5978441499889,High
10.914530702052186,77.65935631213263,196.85456548349867,High
10.914530702052186,77.74918784054458,187.39428002770504,High
10.914530702052186,77.92885089736849,173.64369690513124,High
10.914530702052186,78.19834548260434,194.47743820621008,High
10.914530702052186,78.2881770110163,188.06162815623503,High
10.914530702052186,79.81531299401948,140.26303411780344,High
11.004362230464139,77.30003019848482,207.1608864108813,High
11.004362230464139,77.65935631213263,194.6253865072701,High
11.004362230464139,77.83901936895654,210.594788041632,High
11.004362230464139,78.10851395419239,201.5720399097687,High
11.004362230464139,78.37800853942825,183.8877952836765,High
11.09419375887609,75.95255727230554,250.60306801885991,High
11.09419375887609,76.5813779711892,176.7165711564686,High
11.09419375887609,77.38986172689677,212.67045411213945,High
11.09419375887609,77.92885089736849,212.33438823303024,High
11.09419375887609,78.55767159625215,193.0083553217809,High
11.09419375887609,79.18649229513582,176.69673400215171,High
11.09419375887609,79.45598688037167,160.6870967358193,High
11.184025287288042,76.4017149143653,119.42779571598854,Moderate
11.184025287288042,76.49154644277725,113.67449715094936,Moderate
11.184025287288042,76.67120949960116,165.20850815675448,High
11.184025287288042,77.12036714166092,204.32860328696617,High
11.184025287288042,77.38986172689677,213.78060297439384,High
11.184025287288042,78.19834548260434,180.38202666044137,High
11.184025287288042,78.4678400678402,181.97232003134047,High
11.184025287288042,78.55767159625215,187.29035184988786,High
11.184025287288042,78.6475031246641,174.57995542724956,High
11.184025287288042,79.09666076672387,182.5717930330248,High
11.184025287288042,79.45598688037167,169.24785868294683,High
11.184025287288042,79.81531299401948,154.55659219243796,High
11.273856815699995,76.4017149143653,149.76624232374093,High
11.273856815699995,76.76104102801311,161.11156714339364,High
11.273856815699995,76.94070408483701,184.81733118431072,High
11.273856815699995,78.01868242578044,204.0838936909044,High
11.363688344111946,76.4017149143653,182.04940970069777,High
11.363688344111946,76.49154644277725,132.05553914795246,High
11.363688344111946,76.5813779711892,103.957563717214,Moderate
11.363688344111946,77.65935631213263,230.6130133786728,High
11.363688344111946,78.73733465307606,184.07771066182403,High
11.363688344111946,79.27632382354777,190.53925407835564,High
11.363688344111946,79.45598688037167,181.70822901237509,High
11.363688344111946,79.63564993719558,172.44649389337448,High
11.363688344111946,92.66122155692864,108.35559292051033,Moderate
11.453519872523898,75.77289421548164,247.1459641072382,High
11.453519872523898,76.31188338595335,196.47798465710923,High
11.453519872523898,76.85087255642506,111.81138433789188,Moderate
11.453519872523898,77.47969325530873,207.20331908509274,High
11.453519872523898,77.56952478372068,206.76114326799959,High
11.453519872523898,77.74918784054458,213.36985995320592,High
11.453519872523898,78.55767159625215,179.3142977501068,High
11.453519872523898,78.6475031246641,183.0857226564513,High
11.453519872523898,92.66122155692864,104.50771605011596,Moderate
11.543351400935851,75.77289421548164,240.25363574188535,High
11.543351400935851,76.04238880071749,174.99194094320066,High
11.543351400935851,76.13222032912944,165.34282397094842,High
11.543351400935851,76.4017149143653,158.39467774815753,High
11.543351400935851,76.67120949960116,161.63517036494622,High
11.543351400935851,76.94070408483701,144.09902935446743,High
11.543351400935851,77.03053561324897,167.63788841595604,High
11.543351400935851,77.12036714166092,199.47733917295494,High
11.543351400935851,77.21019867007287,195.4717951732227,High
11.543351400935851,77.30003019848482,198.03126546193,High
11.543351400935851,78.01868242578044,221.848475908626,High
11.543351400935851,78.10851395419239,213.0423633531629,High
11.543351400935851,78.82716618148801,177.01196722746087,High
11.543351400935851,78.91699770989996,177.9606293308597,High
11.543351400935851,79.09666076672387,181.74049224433705,High
11.633182929347804,75.77289421548164,222.32607837642126,High
11.633182929347804,75.86272574389359,173.53026570721627,High
11.633182929347804,76.2220518575414,158.0195830055637,High
11.633182929347804,76.4017149143653,158.59667783388872,High
11.633182929347804,76.5813779711892,159.64495667921952,High
11.633182929347804,76.85087255642506,137.84984761593347,High
11.633182929347804,77.21019867007287,160.89573257101821,High
11.633182929347804,77.38986172689677,160.54896146291412,High
11.633182929347804,77.74918784054458,202.98011055180848,High
11.633182929347804,78.6475031246641,175.66272079396245,High
11.633182929347804,79.63564993719558,170.60963283756436,High
11.633182929347804,92.75105308534059,112.9118189097508,Moderate
11.723014457759755,75.68306268706968,235.81685177847604,High
11.723014457759755,76.31188338595335,157.34421785819703,High
11.723014457759755,78.55767159625215,160.61835688879057,High
11.723014457759755,79.18649229513582,181.7365223608905,High
11.723014457759755,79.36615535195972,197.0472841744981,High
11.723014457759755,79.54581840878363,184.14840905092285,High
11.812845986171707,76.4017149143653,168.10703887068664,High
11.812845986171707,76.67120949960116,157.73745882783155,High
11.812845986171707,76.85087255642506,164.16555432911255,High
11.812845986171707,77.56952478372068,158.84918047849416,High
11.812845986171707,78.37800853942825,169.24023082725967,High
11.812845986171707,79.27632382354777,188.2192018790908,High
11.812845986171707,79.54581840878363,196.75368734202613,High
11.90267751458366,76.4017149143653,174.0622711163021,High
11.90267751458366,76.85087255642506,163.97057388081626,High
11.90267751458366,77.12036714166092,149.18185215804806,High
11.90267751458366,77.38986172689677,167.16257986549815,High
11.90267751458366,78.10851395419239,195.03454507779364,High
11.99250904299561,75.32373657342187,216.76509853379923,High
11.99250904299561,75.50339963024578,246.85971579849712,High
11.99250904299561,75.86272574389359,184.6954791904844,High
11.99250904299561,76.49154644277725,171.85742083924256,High
11.99250904299561,77.56952478372068,169.63008870386298,High
11.99250904299561,78.4678400678402,184.4515240064683,High
11.99250904299561,92.66122155692864,99.04891259263343,Moderate
11.99250904299561,92.9307161421645,113.9775542933418,Moderate
12.082340571407563,75.50339963024578,227.8712741777851,High
12.082340571407563,75.59323115865773,191.80017730384287,High
12.082340571407563,76.31188338595335,176.03209342875957,High
12.082340571407563,76.4017149143653,176.8791115757763,High
12.082340571407563,77.56952478372068,171.1877607119901,High
12.082340571407563,78.6475031246641,170.1221703371774,High
12.082340571407563,78.91699770989996,180.21215501995627,High
12.082340571407563,79.18649229513582,181.07089837805398,High
12.082340571407563,92.66122155692864,117.9742289788926,Moderate
12.082340571407563,92.75105308534059,99.15214880437678,Moderate
12.172172099819516,75.41356810183383,221.36220923774334,High
12.172172099819516,76.31188338595335,179.75795976018648,High
12.172172099819516,77.38986172689677,172.09148870444238,High
12.172172099819516,77.47969325530873,176.2206870127036,High
12.172172099819516,77.65935631213263,176.62361854535382,High
12.172172099819516,78.19834548260434,189.58513372826644,High
12.172172099819516,79.36615535195972,176.22267490782443,High
12.172172099819516,92.66122155692864,138.34481187983275,High
12.262003628231469,75.23390504500992,220.094331830746,High
12.262003628231469,75.86272574389359,155.58897672687314,High
12.262003628231469,75.95255727230554,153.78849579816244,High
12.262003628231469,76.94070408483701,181.3940029996125,High
12.262003628231469,77.47969325530873,181.38552662590288,High
12.262003628231469,77.83901936895654,174.8447761906845,High
12.262003628231469,78.2881770110163,209.1558463820033,High
12.262003628231469,78.55767159625215,183.04609764841416,High
12.262003628231469,78.6475031246641,175.92972659510997,High
12.262003628231469,79.18649229513582,192.36371360097735,High
12.262003628231469,79.27632382354777,175.5781162871781,High
12.262003628231469,79.63564993719558,177.99247339375458,High
12.262003628231469,79.72548146560753,192.03116597205906,High
12.262003628231469,79.81531299401948,177.4938803776066,High
12.35183515664342,75.41356810183383,175.0289744582828,High
12.35183515664342,76.5813779711892,185.4708830992992,High
12.35183515664342,76.85087255642506,178.1119138963225,High
12.35183515664342,77.03053561324897,183.90745512530958,High
12.35183515664342,78.73733465307606,184.73010705692326,High
12.35183515664342,79.00682923831191,181.06346204625498,High
12.35183515664342,79.18649229513582,186.094452455522,High
12.441666685055372,75.50339963024578,189.985965109868,High
12.441666685055372,75.95255727230554,171.6863408841987,High
12.441666685055372,78.19834548260434,206.7218502463066,High
12.441666685055372,78.6475031246641,177.9500723264545,High
12.441666685055372,78.91699770989996,186.38611495849852,High
12.441666685055372,79.36615535195972,179.53193739001222,High
12.531498213467325,75.77289421548164,165.02697758729386,High
12.531498213467325,77.56952478372068,183.67091833764104,High
12.531498213467325,78.10851395419239,204.0380324323925,High
12.531498213467325,78.37800853942825,202.4894780304137,High
12.531498213467325,79.09666076672387,178.20553324101027,High
12.531498213467325,79.63564993719558,185.35937977063048,High
12.531498213467325,92.84088461375255,114.06740943337785,Moderate
12.621329741879277,75.05424198818602,221.7607172698604,High
12.621329741879277,76.49154644277725,178.4368375606073,High
12.621329741879277,77.38986172689677,204.2059776822342,High
12.621329741879277,77.56952478372068,182.67181919873488,High
12.621329741879277,78.10851395419239,195.11300730954025,High
12.621329741879277,78.73733465307606,171.305191921446,High
12.621329741879277,79.09666076672387,176.96641696754,High
12.621329741879277,79.36615535195972,190.9359392804113,High
12.621329741879277,79.99497605084339,167.6061682423734,High
12.621329741879277,80.17463910766729,161.70383437514323,High
12.621329741879277,92.9307161421645,115.67996726118352,Moderate
12.711161270291228,75.14407351659797,216.9666977388344,High
12.711161270291228,75.59323115865773,216.4703825726392,High
12.711161270291228,75.86272574389359,161.34032815104345,High
12.711161270291228,76.13222032912944,174.1423929564764,High
12.711161270291228,76.49154644277725,180.38860670202294,High
12.711161270291228,76.94070408483701,205.14295559621428,High
12.711161270291228,77.47969325530873,192.34224180783445,High
12.711161270291228,77.65935631213263,184.40783817010296,High
12.711161270291228,79.45598688037167,188.34936223884728,High
12.80099279870318,74.87457893136211,217.45768879535845,High
12.80099279870318,75.05424198818602,229.40710797259726,High
12.80099279870318,75.50339963024578,227.28769080762098,High
12.80099279870318,75.59323115865773,217.3206115832729,High
12.80099279870318,75.77289421548164,169.10979577245485,High
12.80099279870318,76.5813779711892,181.34161549355443,High
12.80099279870318,76.94070408483701,210.3547495070989,High
12.80099279870318,78.2881770110163,168.59252499296724,High
12.80099279870318,79.09666076672387,186.52923786996817,High
12.80099279870318,79.81531299401948,202.8752092821232,High
12.890824327115133,75.14407351659797,231.4689255653312,High
12.890824327115133,76.4017149143653,182.84309164117965,High
12.890824327115133,76.5813779711892,185.09890698471324,High
12.890824327115133,76.85087255642506,199.80362787052184,High
12.890824327115133,77.12036714166092,200.01337231638163,High
12.980655855527084,75.14407351659797,223.7593784140591,High
12.980655855527084,75.41356810183383,235.2750960076888,High
12.980655855527084,75.59323115865773,188.53321130325463,High
12.980655855527084,76.4017149143653,183.21549505510663,High
12.980655855527084,77.38986172689677,220.74960526871956,High
12.980655855527084,77.65935631213263,195.73782062915484,High
12.980655855527084,77.74918784054458,195.92786498270388,High
12.980655855527084,78.37800853942825,173.39744449051358,High
12.980655855527084,78.55767159625215,173.12401990565021,High
12.980655855527084,78.6475031246641,186.9499883979109,High
12.980655855527084,78.73733465307606,184.35999579029462,High
12.980655855527084,79.45598688037167,183.67122978976386,High
13.070487383939037,76.5813779711892,182.59412226505052,High
13.070487383939037,76.76104102801311,197.68597316448222,High
13.070487383939037,77.38986172689677,210.59136074768904,High
13.070487383939037,77.83901936895654,174.6535758516437,High
13.070487383939037,78.01868242578044,169.57844282389,High
13.070487383939037,78.10851395419239,172.07963857685198,High
13.070487383939037,78.2881770110163,170.0838751553215,High
13.070487383939037,78.55767159625215,184.82411167120856,High
13.070487383939037,78.73733465307606,185.09048493621054,High
13.070487383939037,79.81531299401948,197.1567905482161,High
13.070487383939037,80.26447063607924,177.37550021766052,High
13.070487383939037,93.02054767057645,97.19882826421383,Moderate
13.16031891235099,74.96441045977407,210.8844472010487,High
13.16031891235099,75.41356810183383,171.95569014127497,High
13.16031891235099,76.5813779711892,182.77106538945702,High
13.16031891235099,77.03053561324897,194.91371364771658,High
13.16031891235099,77.47969325530873,192.5886173750126,High
13.16031891235099,77.74918784054458,189.87617256538374,High
13.16031891235099,78.19834548260434,172.94162815182816,High
13.16031891235099,78.2881770110163,184.37756788123744,High
13.16031891235099,78.82716618148801,190.1259035428952,High
13.16031891235099,79.81531299401948,195.62589636143036,High
13.16031891235099,79.99497605084339,189.59085064054935,High
13.16031891235099,80.08480757925534,184.69229127672247,High
13.16031891235099,92.9307161421645,101.52410470437576,Moderate
13.250150440762942,74.87457893136211,212.77635386564023,High
13.250150440762942,75.05424198818602,201.837306773146,High
13.250150440762942,75.50339963024578,154.13910005182842,High
13.250150440762942,75.77289421548164,166.33006749585147,High
13.250150440762942,76.67120949960116,177.21509816924376,High
13.250150440762942,76.85087255642506,186.1582959330319,High
13.250150440762942,77.47969325530873,173.853427741078,High
13.250150440762942,77.74918784054458,176.20410338586987,High
13.250150440762942,79.54581840878363,204.07488107071575,High
13.250150440762942,93.02054767057645,103.60942671516588,Moderate
13.339981969174893,74.78474740295016,213.37172312277886,High
13.339981969174893,74.87457893136211,219.54039360883206,High
13.339981969174893,76.2220518575414,173.6371353518882,High
13.429813497586846,74.78474740295016,204.62167946069258,High
13.429813497586846,75.05424198818602,189.8866746928152,High
13.429813497586846,75.14407351659797,177.4095666319859,High
13.429813497586846,76.04238880071749,186.7455200548781,High
13.429813497586846,76.76104102801311,184.9111435060709,High
13.429813497586846,77.83901936895654,165.08114758775153,High
13.429813497586846,78.73733465307606,179.86901724514948,High
13.429813497586846,79.63564993719558,182.76967278763283,High
13.429813497586846,79.90514452243143,187.530170020636,High
13.429813497586846,93.02054767057645,98.81462837195625,Moderate
13.519645025998798,75.05424198818602,193.36931949605807,High
13.519645025998798,76.76104102801311,171.94466179407146,High
13.519645025998798,79.27632382354777,188.72667168478645,High
13.519645025998798,80.26447063607924,177.08495924094703,High
13.609476554410751,74.69491587453821,212.30204050295941,High
13.609476554410751,75.77289421548164,189.35448057705568,High
13.609476554410751,76.04238880071749,179.60474405643453,High
13.609476554410751,76.5813779711892,172.03618623799056,High
13.609476554410751,76.94070408483701,182.17997642397356,High
13.609476554410751,77.12036714166092,163.39258698146458,High
13.609476554410751,78.01868242578044,172.34265207936144,High
13.609476554410751,78.2881770110163,173.07589798096237,High
13.609476554410751,78.82716618148801,167.76293545799354,High
13.699308082822702,74.78474740295016,210.05394014045572,High
13.699308082822702,74.87457893136211,203.94795973366936,High
13.699308082822702,75.32373657342187,173.65553856813787,High
13.699308082822702,76.4017149143653,177.74684067199792,High
13.699308082822702,76.67120949960116,171.3208537912057,High
13.699308082822702,76.85087255642506,182.33243700054842,High
13.699308082822702,78.01868242578044,173.33336455063215,High
13.699308082822702,78.4678400678402,173.21059644726012,High
13.699308082822702,78.55767159625215,167.88251112882674,High
13.699308082822702,78.73733465307606,181.35073172242656,High
13.699308082822702,79.36615535195972,175.7334882559523,High
13.789139611234654,75.05424198818602,180.16809699907967,High
13.789139611234654,75.41356810183383,168.35554029110256,High
13.789139611234654,75.86272574389359,174.44155712088528,High
13.789139611234654,78.37800853942825,179.56618180741378,High
13.789139611234654,78.55767159625215,162.6780647055542,High
13.789139611234654,78.73733465307606,184.75728218308944,High
13.789139611234654,79.72548146560753,188.45079673125736,High
13.878971139646607,74.60508434612626,212.6891329398576,High
13.878971139646607,74.69491587453821,183.82840381215564,High
13.878971139646607,74.96441045977407,172.1397566351087,High
13.878971139646607,75.41356810183383,164.19949998285628,High
13.878971139646607,76.04238880071749,166.42284081754667,High
13.878971139646607,76.2220518575414,173.0778318045286,High
13.878971139646607,76.4017149143653,174.245122478721,High
13.878971139646607,76.94070408483701,175.70428080262855,High
13.878971139646607,77.03053561324897,182.2208953464874,High
13.878971139646607,77.38986172689677,178.20978681602176,High
13.878971139646607,77.47969325530873,184.28062437088008,High
13.878971139646607,77.83901936895654,162.49378049412616,High
13.878971139646607,78.37800853942825,182.54113082363023,High
13.878971139646607,79.90514452243143,183.1434909352664,High
13.968802668058558,75.59323115865773,194.2152063648351,High
13.968802668058558,75.68306268706968,199.20664042308047,High
13.968802668058558,76.13222032912944,176.67580466504555,High
13.968802668058558,78.4678400678402,188.01781876187053,High
13.968802668058558,78.6475031246641,187.8752199888195,High
13.968802668058558,79.36615535195972,181.188714402398,High
13.968802668058558,79.81531299401948,167.8197663499028,High
14.05863419647051,75.05424198818602,181.5781218831348,High
14.05863419647051,75.14407351659797,172.29276159846555,High
14.05863419647051,76.85087255642506,179.59653205850617,High
14.05863419647051,77.12036714166092,160.6105091285382,High
14.05863419647051,77.38986172689677,183.73406454452837,High
14.05863419647051,77.47969325530873,187.3954635301001,High
14.05863419647051,77.83901936895654,179.43680325184323,High
14.05863419647051,78.19834548260434,176.8014421209736,High
14.05863419647051,78.91699770989996,195.96098575331823,High
14.05863419647051,79.00682923831191,179.39118374474984,High
14.05863419647051,79.54581840878363,186.3019772462649,High
14.05863419647051,79.90514452243143,163.17135456778735,High
14.148465724882463,74.60508434612626,183.16151368876984,High
14.148465724882463,74.69491587453821,160.72857499483231,High
14.148465724882463,74.78474740295016,174.77538456840261,High
14.148465724882463,74.87457893136211,171.48387169843022,High
14.148465724882463,77.21019867007287,169.87398317291408,High
14.148465724882463,77.56952478372068,176.70851473216004,High
14.148465724882463,77.83901936895654,183.51012856620457,High
14.148465724882463,78.10851395419239,185.98359358822998,High
14.148465724882463,78.55767159625215,185.51498949929376,High
14.148465724882463,78.6475031246641,185.59461976638812,High
14.148465724882463,79.09666076672387,185.13112540532,High
14.148465724882463,79.27632382354777,189.789168494024,High
14.148465724882463,79.54581840878363,187.0908929094814,High
14.148465724882463,79.63564993719558,198.41433752161421,High
14.148465724882463,79.72548146560753,186.9151689348368,High
14.238297253294416,74.69491587453821,188.7832663040319,High
14.238297253294416,75.41356810183383,171.6438590865234,High
14.238297253294416,75.77289421548164,187.82101228704852,High
14.238297253294416,76.13222032912944,186.60749255265603,High
14.238297253294416,77.03053561324897,176.25585998711898,High
14.238297253294416,77.56952478372068,188.87331244004423,High
14.238297253294416,79.18649229513582,189.46224206088542,High
14.238297253294416,79.63564993719558,189.65707642160788,High
14.328128781706367,74.60508434612626,194.42019508496935,High
14.328128781706367,74.69491587453821,176.6972284122469,High
14.328128781706367,75.14407351659797,172.19783674650515,High
14.328128781706367,75.50339963024578,170.62452046432279,High
14.328128781706367,75.68306268706968,187.97058177175523,High
14.328128781706367,75.86272574389359,191.52727683132537,High
14.328128781706367,76.04238880071749,185.18898246540195,High
14.328128781706367,76.2220518575414,179.72518199685305,High
14.328128781706367,76.4017149143653,179.48346197287364,High
14.328128781706367,76.85087255642506,186.6727124560871,High
14.328128781706367,77.65935631213263,183.45427226389475,High
14.328128781706367,78.2881770110163,190.2973317917578,High
14.328128781706367,78.82716618148801,186.1716396094217,High
14.41796031011832,74.78474740295016,182.32826802071733,High
14.41796031011832,74.96441045977407,173.75881886810538,High
14.41796031011832,75.05424198818602,173.28327382496528,High
14.41796031011832,75.32373657342187,174.41869964426272,High
14.41796031011832,75.95255727230554,185.79991428120528,High
14.41796031011832,76.04238880071749,185.02943235225055,High
14.41796031011832,76.13222032912944,174.32118728755876,High
14.41796031011832,76.94070408483701,184.8005591767133,High
14.41796031011832,77.74918784054458,188.16371013375104,High
14.41796031011832,78.55767159625215,201.56748691720028,High
14.41796031011832,78.6475031246641,188.0575009485692,High
14.41796031011832,78.73733465307606,199.05909510702145,High
14.507791838530272,74.69491587453821,179.13749783174615,High
14.507791838530272,74.87457893136211,175.79461505216915,High
14.507791838530272,75.95255727230554,179.70074054666296,High
14.507791838530272,76.31188338595335,161.72536551176592,High
14.507791838530272,76.5813779711892,173.7866419701545,High
14.507791838530272,77.65935631213263,185.3431409477676,High
14.507791838530272,78.19834548260434,174.76096470183919,High
14.507791838530272,78.55767159625215,183.0582605196389,High
14.597623366942225,74.51525281771431,188.70892157152352,High
14.597623366942225,75.23390504500992,176.10269807401835,High
14.597623366942225,77.12036714166092,185.45958684675884,High
14.597623366942225,77.30003019848482,176.13746214778,High
14.597623366942225,79.00682923831191,189.80447239238177,High
14.687454895354175,74.3355897608904,191.28725402822303,High
14.687454895354175,75.86272574389359,171.027148587718,High
14.687454895354175,76.13222032912944,174.48241840231793,High
14.687454895354175,76.76104102801311,184.1467527441853,High
14.687454895354175,77.12036714166092,180.90090260411952,High
14.687454895354175,77.30003019848482,178.93516772153248,High
14.687454895354175,79.00682923831191,190.70295720737826,High
14.777286423766128,74.1559267040665,202.5507762183217,High
14.777286423766128,75.50339963024578,176.29456402945428,High
14.777286423766128,75.86272574389359,164.51817466050434,High
14.777286423766128,76.67120949960116,176.83811485663625,High
14.777286423766128,76.76104102801311,180.25253217189479,High
14.777286423766128,76.85087255642506,177.61692799385335,High
14.777286423766128,77.21019867007287,178.74185595116404,High
14.777286423766128,77.38986172689677,180.82760360998202,High
14.777286423766128,77.65935631213263,196.06622238845225,High
14.777286423766128,78.01868242578044,202.1520620810277,High
14.777286423766128,79.99497605084339,172.54749679620394,High
14.777286423766128,80.08480757925534,165.07887516829814,High
14.86711795217808,74.24575823247845,184.40734182684753,High
14.86711795217808,74.42542128930235,188.0937986852969,High
14.86711795217808,74.51525281771431,173.2597193257938,High
14.86711795217808,75.14407351659797,167.7985381708299,High
14.86711795217808,75.95255727230554,161.54020789606707,High
14.86711795217808,76.4017149143653,156.90986538680056,High
14.86711795217808,76.5813779711892,177.888620502812,High
14.86711795217808,77.65935631213263,196.44884162817183,High
14.86711795217808,77.92885089736849,188.8110570225728,High
14.86711795217808,79.45598688037167,187.6192706885405,High
14.956949480590032,74.69491587453821,184.90916483993425,High
14.956949480590032,75.05424198818602,159.67739534537782,High
14.956949480590032,75.14407351659797,157.79747838320722,High
14.956949480590032,75.41356810183383,168.36292997214522,High
14.956949480590032,75.59323115865773,177.12391565998578,High
14.956949480590032,76.5813779711892,172.5003716030799,High
14.956949480590032,77.38986172689677,183.7454968860762,High
14.956949480590032,77.74918784054458,196.77836443890007,High
14.956949480590032,78.01868242578044,187.96378247717104,High
14.956949480590032,78.6475031246641,190.5286864850295,High
14.956949480590032,79.63564993719558,190.16755290049127,High
15.046781009001984,74.1559267040665,179.49484299115835,High
15.046781009001984,75.05424198818602,173.5230870065548,High
15.046781009001984,75.32373657342187,167.07593962937665,High
15.046781009001984,75.50339963024578,167.6978688265534,High
15.046781009001984,75.68306268706968,171.72626409135188,High
15.046781009001984,75.77289421548164,170.2080871923718,High
15.046781009001984,75.86272574389359,174.19880334644012,High
15.046781009001984,76.4017149143653,174.7796118846288,High
15.046781009001984,76.67120949960116,181.7585187378987,High
15.046781009001984,76.76104102801311,174.99571935462356,High
15.046781009001984,78.55767159625215,207.77665484064647,High
15.046781009001984,79.63564993719558,175.37550681547975,High
15.136612537413937,74.78474740295016,181.3530892531226,High
15.136612537413937,76.31188338595335,190.74688335531468,High
15.136612537413937,76.4017149143653,202.3419205464748,High
15.136612537413937,78.2881770110163,194.1249135161482,High
15.136612537413937,79.09666076672387,181.2587579346434,High
15.22644406582589,73.97626364724259,215.68249202932162,High
15.22644406582589,75.14407351659797,172.78893257903312,High
15.22644406582589,75.86272574389359,175.32217611166985,High
15.22644406582589,76.2220518575414,177.72674612898524,High
15.22644406582589,76.31188338595335,197.8415804064116,High
15.22644406582589,77.12036714166092,185.93288811410847,High
15.22644406582589,77.92885089736849,188.95312419658157,High
15.22644406582589,79.36615535195972,181.45141275164036,High
15.22644406582589,79.54581840878363,178.39963948211567,High
15.22644406582589,79.63564993719558,187.0655199277154,High
15.31627559423784,74.06609517565454,217.20891621151083,High
15.31627559423784,74.60508434612626,203.53071310987076,High
15.31627559423784,74.96441045977407,180.24930995636132,High
15.31627559423784,75.14407351659797,173.5627575870841,High
15.31627559423784,75.32373657342187,177.73804291967218,High
15.31627559423784,75.95255727230554,176.06321343150103,High
15.31627559423784,76.2220518575414,176.94667081542224,High
15.31627559423784,76.67120949960116,194.5899269691705,High
15.31627559423784,76.94070408483701,201.60045374536713,High
15.31627559423784,77.38986172689677,180.3442323665562,High
15.31627559423784,77.65935631213263,188.30464896052004,High
15.31627559423784,77.83901936895654,205.47260671222847,High
15.31627559423784,78.10851395419239,207.86207040887098,High
15.31627559423784,78.4678400678402,204.71432655813612,High
15.31627559423784,78.91699770989996,207.14765087305733,High
15.31627559423784,79.18649229513582,187.89066904658864,High
15.31627559423784,79.81531299401948,189.8612561286809,High
15.31627559423784,79.90514452243143,182.79628378396168,High
15.406107122649793,73.79660059041869,204.66488791291025,High
15.406107122649793,75.14407351659797,176.4448412467995,High
15.406107122649793,75.32373657342187,177.28951373633774,High
15.406107122649793,75.41356810183383,176.255787688624,High
15.406107122649793,75.68306268706968,170.82602842001995,High
15.406107122649793,75.86272574389359,168.93407064885733,High
15.406107122649793,76.4017149143653,193.1863570748292,High
15.406107122649793,76.76104102801311,201.1268590491448,High
15.406107122649793,78.73733465307606,191.16863720894838,High
15.406107122649793,79.18649229513582,185.29581339424374,High
15.406107122649793,79.27632382354777,179.5446559368863,High
15.495938651061746,74.42542128930235,184.0484304577391,High
15.495938651061746,74.51525281771431,184.8079830311239,High
15.495938651061746,74.78474740295016,176.2297322047923,High
15.495938651061746,75.41356810183383,177.16399549986022,High
15.495938651061746,75.77289421548164,181.53200257225254,High
15.495938651061746,77.38986172689677,192.62165038244072,High
15.495938651061746,78.10851395419239,197.81895946531785,High
15.495938651061746,78.19834548260434,196.4222329230868,High
15.495938651061746,78.37800853942825,205.66376549660623,High
15.495938651061746,79.18649229513582,180.8830617068684,High
15.585770179473698,73.79660059041869,215.18539713805302,High
15.585770179473698,74.06609517565454,241.79268447071743,High
15.585770179473698,74.42542128930235,185.01973235764675,High
15.585770179473698,74.69491587453821,174.46649442513092,High
15.585770179473698,74.78474740295016,171.86106534158566,High
15.585770179473698,75.23390504500992,179.66015073200808,High
15.585770179473698,75.41356810183383,175.5905270003203,High
15.585770179473698,75.77289421548164,170.8742542903992,High
15.585770179473698,75.86272574389359,181.06787310244616,High
15.585770179473698,75.95255727230554,186.9448109785317,High
15.585770179473698,76.04238880071749,181.3545734788746,High
15.585770179473698,76.13222032912944,179.99391020601723,High
15.585770179473698,76.31188338595335,180.29233738965854,High
15.585770179473698,78.6475031246641,198.9268610759315,High
15.585770179473698,78.82716618148801,196.65287761169938,High
15.585770179473698,79.09666076672387,196.03969990872648,High
15.585770179473698,79.36615535195972,193.5028260245366,High
15.675601707885649,73.70676906200674,228.6850491737465,High
15.675601707885649,74.24575823247845,191.88683087928695,High
15.675601707885649,74.51525281771431,181.47063382179508,High
15.675601707885649,74.78474740295016,174.74629126762383,High
15.675601707885649,76.31188338595335,183.93123133355428,High
15.675601707885649,76.49154644277725,175.38861115854095,High
15.675601707885649,76.85087255642506,200.499001127442,High
15.765433236297602,74.3355897608904,191.37199154394375,High
15.765433236297602,74.96441045977407,173.78492195285853,High
15.765433236297602,75.95255727230554,182.51874307233516,High
15.765433236297602,76.31188338595335,181.45816781119717,High
15.765433236297602,77.03053561324897,191.11819338058618,High
15.765433236297602,77.65935631213263,207.91106578529224,High
15.765433236297602,78.37800853942825,213.27559374420198,High
15.765433236297602,78.91699770989996,207.5928313276897,High
15.765433236297602,79.54581840878363,176.68481172238182,High
15.765433236297602,79.90514452243143,190.54290701234876,High
15.855264764709554,73.79660059041869,244.24482853969482,High
15.855264764709554,74.1559267040665,189.004793425632,High
15.855264764709554,74.24575823247845,190.58774672008164,High
15.855264764709554,74.42542128930235,200.49267835646157,High
15.855264764709554,74.69491587453821,173.59737744337076,High
15.855264764709554,74.78474740295016,164.3394431959645,High
15.855264764709554,75.14407351659797,175.26206840423856,High
15.855264764709554,76.31188338595335,177.0422253597972,High
15.855264764709554,77.03053561324897,205.73426815504504,High
15.855264764709554,77.21019867007287,201.025588258985,High
15.855264764709554,77.47969325530873,205.18913606945762,High
15.855264764709554,78.2881770110163,198.35991008158857,High
15.855264764709554,79.00682923831191,196.6218653990094,High
15.855264764709554,79.09666076672387,192.45689998512802,High
15.855264764709554,79.90514452243143,188.2423137033267,High
15.855264764709554,80.44413369290315,179.91658029503589,High
15.945096293121505,74.78474740295016,173.90275121485223,High
15.945096293121505,75.32373657342187,178.2779160455437,High
15.945096293121505,76.31188338595335,178.9193577136937,High
15.945096293121505,76.76104102801311,200.04646353241364,High
15.945096293121505,77.03053561324897,209.1716581191734,High
15.945096293121505,77.74918784054458,197.80750372063258,High
15.945096293121505,78.01868242578044,208.0801407313321,High
15.945096293121505,78.19834548260434,204.35723701647808,High
15.945096293121505,78.37800853942825,201.90426612274322,High
15.945096293121505,78.91699770989996,185.0429708851907,High
15.945096293121505,79.27632382354777,182.74127260448302,High
15.945096293121505,79.81531299401948,196.37459499099356,High
15.945096293121505,80.62379674972705,183.44091306595172,High
15.945096293121505,81.07295439178681,177.2744344557392,High
16.034927821533458,73.52710600518283,216.8321747886489,High
16.034927821533458,74.24575823247845,177.84972593678185,High
16.034927821533458,74.3355897608904,184.42000535119888,High
16.034927821533458,74.87457893136211,180.7235075044064,High
16.034927821533458,74.96441045977407,181.57063015590992,High
16.034927821533458,75.05424198818602,178.7796393694124,High
16.034927821533458,75.14407351659797,183.21487750112843,High
16.034927821533458,75.86272574389359,180.99986665280338,High
16.034927821533458,76.2220518575414,188.89547075038627,High
16.034927821533458,76.49154644277725,177.35319198450918,High
16.034927821533458,77.03053561324897,205.3463436132688,High
16.034927821533458,77.38986172689677,208.29439496871169,High
16.034927821533458,78.01868242578044,200.0148656046408,High
16.034927821533458,78.19834548260434,206.23396897274569,High
16.034927821533458,78.73733465307606,184.7619687502805,High
16.034927821533458,78.91699770989996,195.28723188964892,High
16.034927821533458,79.72548146560753,188.25820718232887,High
16.034927821533458,80.17463910766729,193.2467996533048,High
16.034927821533458,80.89329133496291,181.152191982814,High
16.12475934994541,73.79660059041869,226.75721554384833,High
16.12475934994541,74.1559267040665,179.3241070844886,High
16.12475934994541,74.96441045977407,187.93253842416175,High
16.12475934994541,75.41356810183383,182.77149966668148,High
16.12475934994541,76.49154644277725,192.28785292928652,High
16.12475934994541,78.10851395419239,204.1914711208809,High
16.12475934994541,78.73733465307606,173.47395484198728,High
16.12475934994541,78.82716618148801,181.49764191471942,High
16.12475934994541,79.18649229513582,172.36119590630236,High
16.12475934994541,79.36615535195972,172.89390900065325,High
16.12475934994541,79.54581840878363,178.58515613904822,High
16.12475934994541,80.08480757925534,192.7890218673049,High
16.214590878357363,73.43727447677088,208.94807757730803,High
16.214590878357363,73.61693753359478,228.41826034019948,High
16.214590878357363,73.88643211883064,221.7940824248888,High
16.214590878357363,74.06609517565454,200.99666666223882,High
16.214590878357363,74.51525281771431,190.0636325115113,High
16.214590878357363,74.60508434612626,196.7330139230303,High
16.214590878357363,74.96441045977407,190.51753018712816,High
16.214590878357363,75.50339963024578,194.88731836254405,High
16.214590878357363,75.86272574389359,185.7854141792125,High
16.214590878357363,76.4017149143653,188.16878133595142,High
16.214590878357363,76.67120949960116,201.79450868677384,High
16.214590878357363,77.21019867007287,206.47610126982298,High
16.214590878357363,77.83901936895654,203.39269296804986,High
16.214590878357363,78.4678400678402,209.37014769564007,High
16.214590878357363,79.81531299401948,188.14484094283884,High
16.214590878357363,80.80345980655096,182.32449032511866,High
16.214590878357363,80.98312286337486,184.36670057546135,High
16.214590878357363,81.07295439178681,185.6593896124337,High
16.304422406769316,73.70676906200674,242.72819709615413,High
16.304422406769316,74.51525281771431,182.89985007188795,High
16.304422406769316,75.32373657342187,192.9485197932213,High
16.304422406769316,76.94070408483701,196.01290088624637,High
16.304422406769316,77.12036714166092,205.03378811131412,High
16.304422406769316,77.38986172689677,200.69399387748703,High
16.304422406769316,77.47969325530873,198.39004870219435,High
16.304422406769316,77.56952478372068,190.8147895611941,High
16.304422406769316,77.92885089736849,197.6260797183633,High
16.304422406769316,78.10851395419239,194.91955476037725,High
16.304422406769316,78.37800853942825,203.41673170944736,High
16.304422406769316,78.82716618148801,185.50086305412944,High
16.304422406769316,78.91699770989996,184.47757264867798,High
16.304422406769316,79.00682923831191,180.42678901117526,High
16.304422406769316,79.54581840878363,188.34218248459015,High
16.304422406769316,79.90514452243143,199.86333654529986,High
16.304422406769316,80.3543021644912,205.2539724459063,High
16.304422406769316,80.44413369290315,211.50280125329311,High
16.39425393518127,73.79660059041869,224.72419947319796,High
16.39425393518127,74.3355897608904,203.29684267001093,High
16.39425393518127,75.50339963024578,179.04011207729846,High
16.39425393518127,76.04238880071749,186.5449315589404,High
16.39425393518127,76.67120949960116,205.1235121234148,High
16.39425393518127,77.12036714166092,211.48559001738585,High
16.39425393518127,77.83901936895654,195.72818629424168,High
16.39425393518127,77.92885089736849,194.74068730396309,High
16.39425393518127,78.37800853942825,198.9366568290266,High
16.39425393518127,79.36615535195972,190.6175183302652,High
16.39425393518127,81.25261744861072,183.98584336015364,High
16.484085463593217,73.70676906200674,252.3670627813605,High
16.484085463593217,74.06609517565454,199.0246899075136,High
16.484085463593217,74.1559267040665,207.4155911689181,High
16.484085463593217,74.24575823247845,197.46235269240157,High
16.484085463593217,75.23390504500992,178.63987652219572,High
16.484085463593217,75.59323115865773,173.05833778569277,High
16.484085463593217,75.77289421548164,174.73382554907892,High
16.484085463593217,76.31188338595335,196.32610733677188,High
16.484085463593217,76.4017149143653,191.22712330964708,High
16.484085463593217,77.03053561324897,208.6367894212184,High
16.484085463593217,77.38986172689677,190.06859254603094,High
16.484085463593217,77.65935631213263,198.77847591395494,High
16.484085463593217,77.92885089736849,205.0632704968671,High
16.484085463593217,78.55767159625215,189.6542381256876,High
16.484085463593217,78.91699770989996,186.2832110017824,High
16.484085463593217,79.36615535195972,190.74178160526216,High
16.484085463593217,79.45598688037167,180.64102287760767,High
16.484085463593217,79.99497605084339,199.04909784565623,High
16.484085463593217,80.17463910766729,195.22914896042744,High
16.484085463593217,80.89329133496291,212.12863163000355,High
16.484085463593217,81.07295439178681,222.85239920165316,High
16.484085463593217,81.52211203384657,194.8893540594667,High
16.484085463593217,81.61194356225853,202.39329467323952,High
16.484085463593217,81.79160661908243,196.24246155893238,High
16.484085463593217,81.97126967590633,189.01914286849882,High
16.57391699200517,73.79660059041869,230.41345914258082,High
16.57391699200517,74.24575823247845,198.0381904387681,High
16.57391699200517,74.51525281771431,193.78365920572108,High
16.57391699200517,74.78474740295016,193.3638206288475,High
16.57391699200517,74.87457893136211,189.57040357274286,High
16.57391699200517,78.37800853942825,194.38706687306012,High
16.57391699200517,78.91699770989996,190.0686948183545,High
16.57391699200517,79.00682923831191,194.7925795084037,High
16.57391699200517,79.27632382354777,207.4683974693549,High
16.57391699200517,79.45598688037167,204.2883515725836,High
16.57391699200517,79.72548146560753,195.80904230467425,High
16.57391699200517,79.99497605084339,201.52588929279176,High
16.57391699200517,80.26447063607924,211.0216393136473,High
16.57391699200517,80.44413369290315,202.07547241311568,High
16.57391699200517,80.80345980655096,212.5066179278052,High
16.57391699200517,80.98312286337486,218.09155403978937,High
16.663748520417123,73.79660059041869,225.0685292252368,High
16.663748520417123,73.97626364724259,206.50664263667096,High
16.663748520417123,74.42542128930235,195.22129237071525,High
16.663748520417123,74.60508434612626,196.18421241850822,High
16.663748520417123,74.78474740295016,195.97153393619678,High
16.663748520417123,75.23390504500992,181.13588979900385,High
16.663748520417123,75.68306268706968,175.432309523103,High
16.663748520417123,76.04238880071749,190.2919597925889,High
16.663748520417123,76.31188338595335,185.91616164376384,High
16.663748520417123,76.4017149143653,200.5876833047493,High
16.663748520417123,77.47969325530873,201.1091564158772,High
16.663748520417123,78.6475031246641,189.27829285236518,High
16.663748520417123,79.09666076672387,200.80350099281327,High
16.663748520417123,79.36615535195972,208.89372528712406,High
16.663748520417123,80.08480757925534,209.121014211502,High
16.663748520417123,81.34244897702267,217.82033573794664,High
16.663748520417123,82.06110120431829,192.1121549594713,High
16.753580048829075,75.59323115865773,185.1687713989262,High
16.753580048829075,76.76104102801311,194.9292907069673,High
16.753580048829075,76.85087255642506,205.3710490908079,High
16.753580048829075,77.12036714166092,193.06143181253648,High
16.753580048829075,78.4678400678402,189.63134912208176,High
16.753580048829075,79.09666076672387,195.36242976187611,High
16.753580048829075,79.81531299401948,214.67830645961587,High
16.753580048829075,80.08480757925534,216.61832366753654,High
16.753580048829075,80.17463910766729,203.0707445962573,High
16.753580048829075,80.3543021644912,219.26548472043078,High
16.753580048829075,80.44413369290315,216.90283184932494,High
16.753580048829075,80.5339652213151,216.0552010004823,High
16.753580048829075,81.07295439178681,223.743692132486,High
16.753580048829075,81.43228050543462,230.01654490782107,High
16.843411577241028,74.3355897608904,203.23561277838675,High
16.843411577241028,74.78474740295016,190.82223779265007,High
16.843411577241028,74.96441045977407,194.3547639303461,High
16.843411577241028,75.41356810183383,178.09422884864242,High
16.843411577241028,76.13222032912944,190.8799347978247,High
16.843411577241028,77.47969325530873,191.7050044378188,High
16.843411577241028,77.65935631213263,190.57713507816618,High
16.843411577241028,78.82716618148801,202.80781650645838,High
16.843411577241028,79.00682923831191,198.30229422943316,High
16.843411577241028,79.81531299401948,205.81664171384344,High
16.843411577241028,79.99497605084339,202.7473731856931,High
16.843411577241028,80.17463910766729,213.68705722773123,High
16.843411577241028,81.07295439178681,234.53318884300725,High
16.843411577241028,81.79160661908243,209.83533486623742,High
16.93324310565298,73.43727447677088,219.80702437209098,High
16.93324310565298,73.70676906200674,225.50963815153582,High
16.93324310565298,74.1559267040665,201.537326817828,High
16.93324310565298,74.51525281771431,196.41837244649224,High
16.93324310565298,74.60508434612626,179.88263503126845,High
16.93324310565298,75.05424198818602,190.8932998997257,High
16.93324310565298,75.95255727230554,184.04639137756348,High
16.93324310565298,77.03053561324897,206.93777334815644,High
16.93324310565298,77.12036714166092,185.30970031427276,High
16.93324310565298,78.4678400678402,192.67704832086932,High
16.93324310565298,78.6475031246641,189.26560261499097,High
16.93324310565298,79.18649229513582,197.67694878902083,High
16.93324310565298,80.44413369290315,219.73989904376322,High
16.93324310565298,80.80345980655096,226.6687256943365,High
16.93324310565298,81.43228050543462,222.74020701672794,High
16.93324310565298,82.06110120431829,205.3019432107446,High
17.023074634064933,73.61693753359478,246.4879310976689,High
17.023074634064933,73.79660059041869,212.94837623803969,High
17.023074634064933,74.42542128930235,194.20098131937908,High
17.023074634064933,74.60508434612626,191.84679204096142,High
17.023074634064933,74.87457893136211,183.2754821364907,High
17.023074634064933,75.77289421548164,188.66159294039943,High
17.023074634064933,75.95255727230554,195.54540928613775,High
17.023074634064933,76.85087255642506,196.35223458378164,High
17.023074634064933,77.12036714166092,187.99672604419376,High
17.023074634064933,77.38986172689677,187.90217982285608,High
17.023074634064933,78.2881770110163,198.41681500514343,High
17.023074634064933,78.55767159625215,194.99609186035235,High
17.023074634064933,78.82716618148801,202.70013200894832,High
17.023074634064933,78.91699770989996,204.53286515362248,High
17.023074634064933,79.00682923831191,211.2107800660992,High
17.023074634064933,79.27632382354777,194.03340819902166,High
17.023074634064933,81.07295439178681,225.1819778859485,High
17.023074634064933,81.25261744861072,229.6705072152673,High
17.023074634064933,81.61194356225853,222.17452103904938,High
17.023074634064933,81.88143814749438,210.6927066355085,High
17.023074634064933,82.15093273273024,213.40079075434684,High
17.112906162476882,75.95255727230554,189.7138551503256,High
17.112906162476882,76.2220518575414,194.16987423478528,High
17.112906162476882,76.5813779711892,201.30685807302086,High
17.112906162476882,76.85087255642506,195.71010868590585,High
17.112906162476882,77.38986172689677,189.29543443635185,High
17.112906162476882,77.83901936895654,191.96798656871965,High
17.112906162476882,78.10851395419239,209.77218508090618,High
17.112906162476882,78.2881770110163,194.080341850642,High
17.112906162476882,78.4678400678402,195.8104221357047,High
17.112906162476882,79.63564993719558,205.6943143613193,High
17.112906162476882,80.26447063607924,220.45480530299346,High
17.112906162476882,80.3543021644912,230.34998792739503,High
17.112906162476882,80.89329133496291,227.24269174813648,High
17.112906162476882,81.79160661908243,216.1214829139632,High
17.112906162476882,82.24076426114219,224.88032670065564,High
17.202737690888835,73.34744294835893,220.78250801789875,High
17.202737690888835,73.61693753359478,231.4686436207308,High
17.202737690888835,73.70676906200674,205.16881763674564,High
17.202737690888835,74.3355897608904,172.117511526803,High
17.202737690888835,75.14407351659797,180.76789660111456,High
17.202737690888835,75.23390504500992,176.22239378270368,High
17.202737690888835,75.32373657342187,181.26919800229695,High
17.202737690888835,75.50339963024578,187.77071062964785,High
17.202737690888835,75.59323115865773,184.30966083517112,High
17.202737690888835,76.04238880071749,190.87323399468718,High
17.202737690888835,76.49154644277725,193.21411589765623,High
17.202737690888835,77.83901936895654,205.3155660742764,High
17.202737690888835,78.2881770110163,216.57443531479845,High
17.202737690888835,78.73733465307606,209.61576044583308,High
17.202737690888835,78.91699770989996,210.3282474308303,High
17.202737690888835,79.18649229513582,202.33671580301242,High
17.202737690888835,80.08480757925534,227.86370474797025,High
17.202737690888835,80.5339652213151,225.43676912352117,High
17.202737690888835,80.62379674972705,215.89544789191993,High
17.202737690888835,80.80345980655096,226.48708944767984,High
17.202737690888835,80.98312286337486,225.27166641940195,High
17.202737690888835,81.16278592019876,228.1871177780269,High
17.202737690888835,82.06110120431829,232.05946331289402,High
17.202737690888835,82.24076426114219,233.54352418140073,High
17.292569219300788,73.43727447677088,215.49680104167726,High
17.292569219300788,75.32373657342187,180.60206650132136,High
17.292569219300788,75.50339963024578,197.1844530432217,High
17.292569219300788,77.83901936895654,196.86607853960368,High
17.292569219300788,79.45598688037167,204.51819529229198,High
17.292569219300788,79.72548146560753,208.82124712814976,High
17.292569219300788,80.26447063607924,222.74096152445756,High
17.292569219300788,80.98312286337486,205.18092470217587,High
17.292569219300788,81.61194356225853,228.92890284988303,High
17.292569219300788,82.4204273179661,239.20247148022207,High
17.38240074771274,73.79660059041869,198.94835304097697,High
17.38240074771274,75.68306268706968,202.11945561540642,High
17.38240074771274,76.31188338595335,204.9400664611943,High
17.38240074771274,76.5813779711892,207.64890097610152,High
17.38240074771274,76.67120949960116,196.68974166513638,High
17.38240074771274,77.03053561324897,206.22907152883667,High
17.38240074771274,78.10851395419239,215.8116767417621,High
17.38240074771274,78.2881770110163,227.19571641139848,High
17.38240074771274,78.55767159625215,233.27980652803444,High
17.38240074771274,79.81531299401948,215.9452137846625,High
17.38240074771274,80.80345980655096,227.0403561254117,High
17.38240074771274,81.16278592019876,230.3549887411697,High
17.38240074771274,81.52211203384657,223.29201032954867,High
17.38240074771274,81.61194356225853,228.9355944026794,High
17.38240074771274,81.97126967590633,222.15231135651496,High
17.38240074771274,82.15093273273024,235.5721051903875,High
17.472232276124693,73.61693753359478,225.37702641116246,High
17.472232276124693,73.70676906200674,201.18532338843963,High
17.472232276124693,73.88643211883064,203.1302689454589,High
17.472232276124693,74.42542128930235,169.30016323810696,High
17.472232276124693,75.14407351659797,189.27663272189264,High
17.472232276124693,75.50339963024578,201.29872413223646,High
17.472232276124693,76.2220518575414,202.05911909518255,High
17.472232276124693,76.31188338595335,204.0934305072293,High
17.472232276124693,76.67120949960116,189.68263005070804,High
17.472232276124693,76.85087255642506,195.98654571004164,High
17.472232276124693,77.83901936895654,202.5121314214953,High
17.472232276124693,79.63564993719558,209.76206694724348,High
17.472232276124693,82.86958496002586,245.0204896067084,High
17.562063804536646,74.69491587453821,179.61633877278177,High
17.562063804536646,75.32373657342187,194.30167317891105,High
17.562063804536646,75.50339963024578,199.179699950518,High
17.562063804536646,76.13222032912944,207.45430618686188,High
17.562063804536646,77.47969325530873,203.7944803599154,High
17.562063804536646,77.65935631213263,205.8519970022679,High
17.562063804536646,77.83901936895654,204.3395105150085,High
17.562063804536646,78.37800853942825,222.95621957426334,High
17.562063804536646,78.55767159625215,219.78300169047463,High
17.562063804536646,78.6475031246641,214.2408917523389,High
17.562063804536646,79.00682923831191,207.8243429079507,High
17.562063804536646,79.09666076672387,213.3747547490967,High
17.562063804536646,79.72548146560753,222.40273459113712,High
17.562063804536646,80.17463910766729,230.59705693905724,High
17.562063804536646,80.44413369290315,217.8231912125045,High
17.562063804536646,81.16278592019876,238.3454573807523,High
17.562063804536646,81.25261744861072,241.87916958691116,High
17.562063804536646,81.43228050543462,222.55060839985356,High
17.562063804536646,82.33059578955414,242.54032471955168,High
17.562063804536646,82.4204273179661,261.31692715350704,High
17.562063804536646,83.04924801684976,233.9150924153649,High
17.651895332948598,73.16777989153502,197.96312475425466,High
17.651895332948598,73.52710600518283,241.90047914674497,High
17.651895332948598,73.70676906200674,208.13227277764696,High
17.651895332948598,73.97626364724259,202.5673814072695,High
17.651895332948598,74.42542128930235,172.1171663794348,High
17.651895332948598,74.96441045977407,181.62307431104512,High
17.651895332948598,75.32373657342187,192.6084629425672,High
17.651895332948598,76.13222032912944,201.05273565818385,High
17.651895332948598,76.2220518575414,201.667324873986,High
17.651895332948598,77.03053561324897,191.3539776079404,High
17.651895332948598,78.91699770989996,197.2408417646408,High
17.651895332948598,79.27632382354777,208.20667202336955,High
17.651895332948598,80.713628278139,229.2305188253588,High
17.651895332948598,81.88143814749438,218.35804035939336,High
17.651895332948598,82.68992190320195,268.72661021715743,High
17.741726861360547,73.61693753359478,208.59239831309688,High
17.741726861360547,74.24575823247845,182.85043504907566,High
17.741726861360547,75.05424198818602,190.76428984738536,High
17.741726861360547,76.85087255642506,193.43792178750104,High
17.741726861360547,77.47969325530873,188.94021479771288,High
17.741726861360547,78.2881770110163,216.27146762095853,High
17.741726861360547,78.6475031246641,198.04072331407397,High
17.741726861360547,79.54581840878363,224.6282411770711,High
17.741726861360547,79.72548146560753,228.20452146913345,High
17.741726861360547,80.26447063607924,213.18209093155656,High
17.741726861360547,80.3543021644912,219.78543029103105,High
17.741726861360547,80.89329133496291,245.47855072214213,High
17.741726861360547,81.07295439178681,236.1687597490619,High
17.741726861360547,81.34244897702267,251.3575934274489,High
17.741726861360547,81.43228050543462,237.76414163276766,High
17.741726861360547,81.61194356225853,219.5526391494239,High
17.741726861360547,82.4204273179661,237.73594529350385,High
17.741726861360547,82.68992190320195,269.34275669431963,High
17.741726861360547,83.22891107367366,241.32417447722452,High
17.8315583897725,73.16777989153502,210.64649082332957,High
17.8315583897725,73.61693753359478,201.03998352167773,High
17.8315583897725,73.79660059041869,192.5352980374461,High
17.8315583897725,74.3355897608904,167.62007814896805,High
17.8315583897725,75.14407351659797,197.65990854068636,High
17.8315583897725,75.50339963024578,199.57956014208685,High
17.8315583897725,76.76104102801311,179.27312838623178,High
17.8315583897725,77.30003019848482,189.15528745691216,High
17.8315583897725,77.38986172689677,198.4197447290705,High
17.8315583897725,77.74918784054458,183.15010274225955,High
17.8315583897725,77.92885089736849,196.69782316704504,High
17.8315583897725,78.19834548260434,200.57987596358208,High
17.8315583897725,78.6475031246641,189.8363838496952,High
17.8315583897725,79.81531299401948,221.41706114259867,High
17.8315583897725,81.79160661908243,207.5410855797638,High
17.8315583897725,82.06110120431829,223.6543765826102,High
17.8315583897725,83.13907954526171,259.47529115895634,High
17.921389918184452,75.05424198818602,195.1603371785525,High
17.921389918184452,75.23390504500992,202.6307040792932,High
17.921389918184452,75.95255727230554,207.66643981291,High
17.921389918184452,77.30003019848482,185.3863839245897,High
17.921389918184452,77.74918784054458,192.2836123276682,High
17.921389918184452,78.19834548260434,200.15610565074908,High
17.921389918184452,79.27632382354777,197.3010883344865,High
17.921389918184452,79.45598688037167,219.90361771613573,High
17.921389918184452,80.17463910766729,214.08069233576973,High
17.921389918184452,80.80345980655096,251.60727658093697,High
17.921389918184452,81.16278592019876,245.25791993222418,High
17.921389918184452,81.52211203384657,246.9948607972321,High
17.921389918184452,81.79160661908243,227.14015165310232,High
17.921389918184452,82.15093273273024,205.08939395968906,High
17.921389918184452,82.51025884637805,189.6801097654029,High
17.921389918184452,82.60009037479,195.41956260967584,High
17.921389918184452,82.7797534316139,247.68609232180353,High
17.921389918184452,83.04924801684976,257.9636572137876,High
18.011221446596405,73.61693753359478,212.28918033567382,High
18.011221446596405,75.14407351659797,197.86255158014012,High
18.011221446596405,75.23390504500992,187.8864023750693,High
18.011221446596405,75.59323115865773,202.59121769494126,High
18.011221446596405,75.95255727230554,199.62226652687315,High
18.011221446596405,76.49154644277725,182.606324362738,High
18.011221446596405,76.76104102801311,177.40067649696428,High
18.011221446596405,78.82716618148801,199.95048421028991,High
18.011221446596405,78.91699770989996,203.22854560001718,High
18.011221446596405,79.00682923831191,201.6797392455154,High
18.011221446596405,80.08480757925534,221.425280744074,High
18.011221446596405,80.713628278139,238.63203056420437,High
18.011221446596405,80.80345980655096,233.57991824941539,High
18.011221446596405,81.61194356225853,248.13891664716536,High
18.011221446596405,82.7797534316139,202.9057795533512,High
18.101052975008358,73.25761141994698,223.8605889381436,High
18.101052975008358,73.43727447677088,248.95997760646722,High
18.101052975008358,74.87457893136211,187.57255793840736,High
18.101052975008358,75.23390504500992,199.9428883340896,High
18.101052975008358,75.32373657342187,194.74861771250042,High
18.101052975008358,76.13222032912944,185.12366244395184,High
18.101052975008358,77.47969325530873,192.10774091765555,High
18.101052975008358,78.6475031246641,208.1341684791889,High
18.101052975008358,78.82716618148801,199.9001765260823,High
18.101052975008358,79.81531299401948,220.8435669468303,High
18.101052975008358,81.88143814749438,239.87373634864826,High
18.101052975008358,82.86958496002586,174.20148941656734,High
18.101052975008358,83.13907954526171,257.3037588228951,High
18.101052975008358,83.58823718732147,249.13477721922482,High
18.101052975008358,83.67806871573343,242.51000121751198,High
18.19088450342031,73.34744294835893,240.7265467343075,High
18.19088450342031,74.3355897608904,187.30153692010992,High
18.19088450342031,74.42542128930235,200.84173473263536,High
18.19088450342031,74.60508434612626,192.26821567844965,High
18.19088450342031,74.96441045977407,192.46713907733604,High
18.19088450342031,75.05424198818602,203.55400367930278,High
18.19088450342031,75.50339963024578,193.6596321487285,High
18.19088450342031,76.49154644277725,182.35644292246602,High
18.19088450342031,77.38986172689677,198.51993659569612,High
18.19088450342031,78.4678400678402,199.78709061843264,High
18.19088450342031,79.00682923831191,214.74865687204306,High
18.19088450342031,81.16278592019876,250.89766101111718,High
18.19088450342031,81.25261744861072,248.32177685847282,High
18.19088450342031,82.60009037479,182.04037168151638,High
18.19088450342031,83.76790024414538,228.1283804571123,High
18.280716031832263,73.70676906200674,192.80926599897674,High
18.280716031832263,74.24575823247845,196.4643171325447,High
18.280716031832263,76.76104102801311,185.36946251837423,High
18.280716031832263,77.30003019848482,192.4021713825793,High
18.280716031832263,78.82716618148801,197.1014594350304,High
18.280716031832263,79.09666076672387,212.62334261677856,High
18.280716031832263,79.36615535195972,218.23568899723608,High
18.280716031832263,80.44413369290315,245.44708713934656,High
18.280716031832263,83.31874260208562,237.5428966745042,High
18.370547560244216,73.16777989153502,242.44100310830868,High
18.370547560244216,73.34744294835893,260.1975632001487,High
18.370547560244216,73.52710600518283,215.56559519897203,High
18.370547560244216,74.06609517565454,204.6874727722816,High
18.370547560244216,74.78474740295016,188.42277692171297,High
18.370547560244216,74.96441045977407,191.0694591028924,High
18.370547560244216,75.41356810183383,197.0630965380262,High
18.370547560244216,75.95255727230554,184.2911774996386,High
18.370547560244216,76.31188338595335,177.69572354832718,High
18.370547560244216,76.76104102801311,188.00148947695882,High
18.370547560244216,76.85087255642506,184.31205900907625,High
18.370547560244216,77.30003019848482,202.21107483838492,High
18.370547560244216,78.55767159625215,205.6986818341904,High
18.370547560244216,78.73733465307606,199.0244487105708,High
18.370547560244216,78.82716618148801,205.19640846839653,High
18.370547560244216,79.18649229513582,219.62774454675548,High
18.370547560244216,79.27632382354777,215.3162737016809,High
18.370547560244216,79.81531299401948,226.45043750157464,High
18.370547560244216,80.44413369290315,257.4620991330347,High
18.370547560244216,82.24076426114219,226.5901739193214,High
18.370547560244216,82.68992190320195,200.0202234522856,High
18.370547560244216,82.95941648843781,196.17462729105375,High
18.370547560244216,83.58823718732147,245.27809751129615,High
18.370547560244216,83.85773177255733,240.00714258590247,High
18.370547560244216,83.94756330096928,231.43119108398346,High
18.460379088656165,73.07794836312307,239.70253183313835,High
18.460379088656165,73.52710600518283,213.93269006111962,High
18.460379088656165,73.79660059041869,233.88531865068092,High
18.460379088656165,74.24575823247845,187.0590495905507,High
18.460379088656165,74.51525281771431,204.22802485103907,High
18.460379088656165,74.69491587453821,197.6959976767732,High
18.460379088656165,75.32373657342187,177.9020020934108,High
18.460379088656165,75.77289421548164,181.3425823710692,High
18.460379088656165,76.04238880071749,179.95784558887084,High
18.460379088656165,76.2220518575414,183.67883355674564,High
18.460379088656165,76.49154644277725,179.52972586827264,High
18.460379088656165,77.65935631213263,208.50223276038173,High
18.460379088656165,78.01868242578044,196.25818847522348,High
18.460379088656165,78.2881770110163,202.77478297009822,High
18.460379088656165,78.37800853942825,202.27933530180084,High
18.460379088656165,79.00682923831191,211.4987180752689,High
18.460379088656165,79.72548146560753,235.55767472908198,High
18.460379088656165,80.17463910766729,244.471916105793,High
18.460379088656165,80.44413369290315,250.17558594511496,High
18.460379088656165,80.713628278139,236.8281712856526,High
18.460379088656165,81.07295439178681,259.62531392031644,High
18.460379088656165,81.43228050543462,231.525556650975,High
18.460379088656165,83.76790024414538,248.5318793819413,High
18.460379088656165,84.03739482938123,214.0514560043877,High
18.550210617068117,73.25761141994698,262.71471536892756,High
18.550210617068117,73.61693753359478,235.57305438528812,High
18.550210617068117,73.70676906200674,233.5327158622312,High
18.550210617068117,74.1559267040665,202.66397805937063,High
18.550210617068117,74.69491587453821,198.24163905953844,High
18.550210617068117,75.59323115865773,182.40263873277684,High
18.550210617068117,75.86272574389359,164.30950937674973,High
18.550210617068117,76.76104102801311,169.80487428426906,High
18.550210617068117,77.12036714166092,190.9526130285484,High
18.550210617068117,77.38986172689677,200.001391594108,High
18.550210617068117,78.01868242578044,199.98865752389628,High
18.550210617068117,79.27632382354777,225.5611849124237,High
18.550210617068117,79.36615535195972,216.83616798351278,High
18.550210617068117,79.90514452243143,231.0839847326638,High
18.550210617068117,80.08480757925534,229.46161019970694,High
18.550210617068117,80.17463910766729,241.81911325005595,High
18.550210617068117,81.34244897702267,229.3058339775406,High
18.550210617068117,82.60009037479,201.4661638838988,High
18.550210617068117,83.31874260208562,257.877843536251,High
18.550210617068117,84.21705788620514,225.95856041780556,High
18.550210617068117,84.30688941461709,220.55817531813307,High
18.64004214548007,73.16777989153502,258.53502309848056,High
18.64004214548007,73.34744294835893,263.6512332432934,High
18.64004214548007,73.43727447677088,219.44121885614092,High
18.64004214548007,73.52710600518283,217.66941871905624,High
18.64004214548007,74.06609517565454,196.63446352018295,High
18.64004214548007,74.1559267040665,197.00508319703195,High
18.64004214548007,74.51525281771431,191.83302494114926,High
18.64004214548007,74.60508434612626,185.10594964827305,High
18.64004214548007,76.31188338595335,174.10923933655562,High
18.64004214548007,76.76104102801311,184.95709307898488,High
18.64004214548007,76.85087255642506,191.25753811689168,High
18.64004214548007,77.03053561324897,184.03482485281984,High
18.64004214548007,77.65935631213263,202.376857290894,High
18.64004214548007,78.82716618148801,216.3676531475465,High
18.64004214548007,79.54581840878363,230.36535879325888,High
18.64004214548007,79.90514452243143,235.3339337133129,High
18.64004214548007,79.99497605084339,233.23310504742395,High
18.64004214548007,80.62379674972705,260.74995954344723,High
18.64004214548007,80.89329133496291,264.43299249613955,High
18.64004214548007,81.79160661908243,248.8125340655703,High
18.64004214548007,81.88143814749438,260.113547964284,High
18.64004214548007,82.24076426114219,229.4954608447913,High
18.64004214548007,82.86958496002586,191.5929139711704,High
18.64004214548007,83.49840565890952,246.46296912003842,High
18.64004214548007,83.67806871573343,246.07470296278683,High
18.64004214548007,84.03739482938123,241.03069806631612,High
18.729873673892023,72.98811683471112,251.87150765589186,High
18.729873673892023,74.69491587453821,179.51928102221152,High
18.729873673892023,74.78474740295016,170.83234675945604,High
18.729873673892023,76.85087255642506,178.60456824550633,High
18.729873673892023,77.30003019848482,199.933746859085,High
18.729873673892023,78.01868242578044,193.6987748662429,High
18.729873673892023,78.6475031246641,208.45929358279835,High
18.729873673892023,78.91699770989996,224.25750086404918,High
18.729873673892023,79.63564993719558,234.17684956510823,High
18.729873673892023,80.80345980655096,256.71575268474663,High
18.729873673892023,80.98312286337486,243.59190200768955,High
18.729873673892023,81.25261744861072,242.62493717830608,High
18.729873673892023,81.34244897702267,245.2819818304872,High
18.729873673892023,81.79160661908243,240.88798604937372,High
18.729873673892023,81.97126967590633,221.38047304772584,High
18.729873673892023,83.13907954526171,247.92620898462218,High
18.729873673892023,83.22891107367366,259.655221508008,High
18.729873673892023,83.85773177255733,243.65025010237935,High
18.729873673892023,84.30688941461709,233.57461257073268,High
18.819705202303975,73.43727447677088,232.12715784597864,High
18.819705202303975,73.61693753359478,212.38697267706468,High
18.819705202303975,73.70676906200674,201.3948907002505,High
18.819705202303975,74.3355897608904,194.57154127629036,High
18.819705202303975,75.23390504500992,176.80107252037052,High
18.819705202303975,75.95255727230554,180.66550902664332,High
18.819705202303975,76.31188338595335,181.58613534732612,High
18.819705202303975,77.83901936895654,210.7195869606671,High
18.819705202303975,79.00682923831191,221.12182351135485,High
18.819705202303975,79.36615535195972,232.5377697080228,High
18.819705202303975,79.72548146560753,241.23711103250324,High
18.819705202303975,80.17463910766729,251.0317898219275,High
18.819705202303975,80.44413369290315,253.75536208420044,High
18.819705202303975,80.80345980655096,254.90877764132821,High
18.819705202303975,81.07295439178681,234.31352882040798,High
18.819705202303975,81.88143814749438,227.12647919834333,High
18.819705202303975,82.4204273179661,217.56627811524126,High
18.819705202303975,82.68992190320195,202.8220686089612,High
18.819705202303975,82.95941648843781,185.2212728756075,High
18.819705202303975,83.40857413049757,254.13736630439,High
18.909536730715928,73.25761141994698,274.59157566344237,High
18.909536730715928,73.61693753359478,198.94648204575984,High
18.909536730715928,74.96441045977407,178.91971318712464,High
18.909536730715928,75.32373657342187,172.0724930534461,High
18.909536730715928,75.77289421548164,184.59506717045664,High
18.909536730715928,77.21019867007287,205.9095412053932,High
18.909536730715928,78.01868242578044,192.84402477040638,High
18.909536730715928,78.19834548260434,192.32833631858998,High
18.909536730715928,80.5339652213151,247.8659488278327,High
18.909536730715928,82.95941648843781,195.76300580915088,High
18.909536730715928,83.31874260208562,233.50846441866224,High
18.99936825912788,73.52710600518283,198.98882432875283,High
18.99936825912788,74.3355897608904,176.6238608972632,High
18.99936825912788,74.78474740295016,180.2461105041191,High
18.99936825912788,75.50339963024578,181.61474448373465,High
18.99936825912788,76.31188338595335,193.4379550496887,High
18.99936825912788,77.74918784054458,201.85268080083472,High
18.99936825912788,78.10851395419239,199.52112525352786,High
18.99936825912788,79.27632382354777,231.93330507412603,High
18.99936825912788,79.99497605084339,239.03885987480055,High
18.99936825912788,80.17463910766729,247.88301736365253,High
18.99936825912788,80.713628278139,263.30091264639884,High
18.99936825912788,82.24076426114219,220.1399906801834,High
18.99936825912788,83.67806871573343,245.19503282434357,High
18.99936825912788,83.85773177255733,248.15500395735708,High
18.99936825912788,84.21705788620514,233.03614216394413,High
18.99936825912788,84.6662155282649,250.03339391661328,High
19.08919978753983,72.89828530629917,240.1462024947192,High
19.08919978753983,73.52710600518283,209.0815064348144,High
19.08919978753983,73.79660059041869,182.54219998807,High
19.08919978753983,75.05424198818602,172.73190838133308,High
19.08919978753983,75.14407351659797,178.6681177472396,High
19.08919978753983,75.23390504500992,184.0262660819405,High
19.08919978753983,76.5813779711892,195.6423582659311,High
19.08919978753983,76.67120949960116,202.54985089913038,High
19.08919978753983,76.85087255642506,199.8636545776265,High
19.08919978753983,76.94070408483701,196.43871341100612,High
19.08919978753983,78.01868242578044,188.15316736466968,High
19.08919978753983,78.4678400678402,208.5825213511222,High
19.08919978753983,79.27632382354777,221.3000788376455,High
19.08919978753983,79.90514452243143,236.31349190719763,High
19.08919978753983,80.98312286337486,262.09279414095664,High
19.08919978753983,81.52211203384657,218.2379298157476,High
19.08919978753983,81.97126967590633,207.88283065723664,High
19.08919978753983,83.85773177255733,242.3014844964321,High
19.179031315951782,73.70676906200674,189.2026471170514,High
19.179031315951782,74.60508434612626,177.4687157226561,High
19.179031315951782,74.96441045977407,178.21839168760619,High
19.179031315951782,77.21019867007287,197.85347919579084,High
19.179031315951782,77.83901936895654,204.27800256609305,High
19.179031315951782,78.91699770989996,226.07287247485561,High
19.179031315951782,79.00682923831191,226.43301169385097,High
19.179031315951782,79.09666076672387,219.01155569170044,High
19.179031315951782,79.18649229513582,208.07935752363016,High
19.179031315951782,80.713628278139,269.9648139019309,High
19.179031315951782,81.16278592019876,246.8088957083694,High
19.179031315951782,81.61194356225853,218.38534294031174,High
19.179031315951782,82.4204273179661,209.87096844968048,High
19.179031315951782,83.58823718732147,236.10614573316724,High
19.179031315951782,84.03739482938123,230.05811586326962,High
19.268862844363735,73.88643211883064,182.1931510839966,High
19.268862844363735,75.05424198818602,179.96700028089927,High
19.268862844363735,76.49154644277725,183.91593465555198,High
19.268862844363735,76.5813779711892,190.3312920241005,High
19.268862844363735,77.56952478372068,205.80715106963603,High
19.268862844363735,78.01868242578044,208.81378715155572,High
19.268862844363735,78.2881770110163,192.30080290517242,High
19.268862844363735,79.63564993719558,233.46235097424,High
19.268862844363735,79.72548146560753,233.86834588691937,High
19.268862844363735,80.17463910766729,251.12014196230217,High
19.268862844363735,80.26447063607924,259.6819478286056,High
19.268862844363735,80.3543021644912,268.8711983303627,High
19.268862844363735,81.25261744861072,232.8220200715083,High
19.268862844363735,82.4204273179661,222.3607956796515,High
19.268862844363735,82.68992190320195,190.9618738778992,High
19.268862844363735,82.86958496002586,207.18570100746223,High
19.268862844363735,83.76790024414538,250.11441163313228,High
19.268862844363735,84.03739482938123,242.84724865594265,High
19.358694372775687,72.80845377788721,208.9637617292681,High
19.358694372775687,72.98811683471112,232.7416042862543,High
19.358694372775687,73.07794836312307,240.57217318803097,High
19.358694372775687,73.16777989153502,249.05844082031143,High
19.358694372775687,73.25761141994698,245.02936820495646,High
19.358694372775687,73.34744294835893,241.32837838065478,High
19.358694372775687,73.79660059041869,186.40860136578925,High
19.358694372775687,74.42542128930235,172.12912156415345,High
19.358694372775687,74.51525281771431,176.3491242781759,High
19.358694372775687,75.23390504500992,192.83111327936902,High
19.358694372775687,75.41356810183383,189.96932240162383,High
19.358694372775687,75.59323115865773,195.69429370550185,High
19.358694372775687,76.2220518575414,195.37449700389556,High
19.358694372775687,76.4017149143653,185.3290096740644,High
19.358694372775687,76.94070408483701,192.22866296081884,High
19.358694372775687,77.47969325530873,193.30163560459198,High
19.358694372775687,77.83901936895654,203.30701596481424,High
19.358694372775687,78.19834548260434,198.64099642851218,High
19.358694372775687,78.2881770110163,195.27542753998785,High
19.358694372775687,78.55767159625215,208.45973869853134,High
19.358694372775687,79.27632382354777,246.5653864714716,High
19.358694372775687,79.45598688037167,239.70512960711113,High
19.358694372775687,79.63564993719558,230.1666781800137,High
19.358694372775687,79.81531299401948,232.9719615769481,High
19.358694372775687,80.44413369290315,273.96395808114517,High
19.358694372775687,80.62379674972705,269.9572141528942,High
19.358694372775687,80.89329133496291,246.20997153864266,High
19.358694372775687,81.25261744861072,250.74928059484986,High
19.358694372775687,81.61194356225853,229.17221164624945,High
19.358694372775687,81.88143814749438,218.19828434495605,High
19.358694372775687,82.06110120431829,218.2772330501932,High
19.358694372775687,82.4204273179661,211.38558496661514,High
19.358694372775687,82.60009037479,206.2270408197457,High
19.358694372775687,82.95941648843781,193.97645019887304,High
19.358694372775687,83.31874260208562,233.1782545270233,High
19.358694372775687,83.49840565890952,238.86291744498695,High
19.358694372775687,83.58823718732147,254.29972520309636,High
19.358694372775687,83.76790024414538,252.52032192032578,High
19.358694372775687,84.8458785850888,239.555288323392,High
19.44852590118764,73.07794836312307,238.8529467940824,High
19.44852590118764,73.43727447677088,223.84092652693627,High
19.44852590118764,74.1559267040665,185.8918593449933,High
19.44852590118764,74.3355897608904,181.7694202789109,High
19.44852590118764,74.51525281771431,174.97472316300278,High
19.44852590118764,74.78474740295016,188.22471430057524,High
19.44852590118764,75.14407351659797,179.6092063530655,High
19.44852590118764,76.13222032912944,192.11725632083696,High
19.44852590118764,77.03053561324897,179.8728343869866,High
19.44852590118764,77.92885089736849,188.07160990763808,High
19.44852590118764,79.81531299401948,220.7813973387277,High
19.44852590118764,80.3543021644912,260.12268592334885,High
19.44852590118764,80.5339652213151,269.47084345908814,High
19.44852590118764,81.07295439178681,237.91660496389736,High
19.44852590118764,81.34244897702267,238.08006013068498,High
19.44852590118764,82.51025884637805,221.23782295179663,High
19.44852590118764,83.04924801684976,206.80561618749405,High
19.44852590118764,83.85773177255733,249.72002529377525,High
19.44852590118764,84.03739482938123,242.54305179086523,High
19.44852590118764,84.93571011350076,233.03235892934688,High
19.44852590118764,85.02554164191271,232.87713588643555,High
19.44852590118764,85.11537317032466,214.86279323451896,High
19.538357429599593,74.06609517565454,184.6977907168797,High
19.538357429599593,74.51525281771431,180.27453682705456,High
19.538357429599593,75.59323115865773,197.42574812969517,High
19.538357429599593,76.85087255642506,193.94624310146304,High
19.538357429599593,76.94070408483701,187.3316392112142,High
19.538357429599593,78.73733465307606,208.0921385543692,High
19.538357429599593,79.00682923831191,227.29329758560206,High
19.538357429599593,79.09666076672387,226.8739594231344,High
19.538357429599593,79.27632382354777,231.7850751019885,High
19.538357429599593,80.89329133496291,241.32931319373358,High
19.538357429599593,81.61194356225853,233.97432408359,High
19.538357429599593,82.33059578955414,214.63982449906015,High
19.538357429599593,83.22891107367366,215.92235998654144,High
19.538357429599593,83.94756330096928,250.48538510980137,High
19.538357429599593,84.12722635779319,221.39345712396045,High
19.538357429599593,84.48655247144099,262.7703064072409,High
19.538357429599593,84.8458785850888,249.30162787593684,High
19.538357429599593,85.02554164191271,226.5112241587152,High
19.628188958011545,72.98811683471112,205.3334773333112,High
19.628188958011545,73.70676906200674,187.80755406822104,High
19.628188958011545,73.97626364724259,174.50911433975898,High
19.628188958011545,74.24575823247845,176.70241708323877,High
19.628188958011545,75.05424198818602,188.5676373601186,High
19.628188958011545,75.41356810183383,197.9646441244459,High
19.628188958011545,76.04238880071749,190.12528118619923,High
19.628188958011545,76.49154644277725,195.09700500820125,High
19.628188958011545,77.30003019848482,180.75797659797936,High
19.628188958011545,77.74918784054458,193.0924190574456,High
19.628188958011545,78.19834548260434,194.16177748821406,High
19.628188958011545,78.55767159625215,207.68057413068036,High
19.628188958011545,79.09666076672387,227.35645928245648,High
19.628188958011545,81.61194356225853,232.58198407858293,High
19.628188958011545,82.15093273273024,218.56716483914744,High
19.628188958011545,82.7797534316139,234.329007089606,High
19.628188958011545,83.04924801684976,212.6815026320497,High
19.628188958011545,83.13907954526171,210.53675923337022,High
19.628188958011545,83.22891107367366,213.3101654508456,High
19.628188958011545,83.40857413049757,230.70459964155947,High
19.628188958011545,83.67806871573343,249.63724953737815,High
19.628188958011545,84.30688941461709,255.3953197532447,High
19.628188958011545,84.57638399985295,266.39778035457647,High
19.628188958011545,85.20520469873661,234.06309929187168,High
19.718020486423494,72.98811683471112,214.14089691364646,High
19.718020486423494,74.42542128930235,185.2823455316873,High
19.718020486423494,75.68306268706968,187.87645854314,High
19.718020486423494,75.86272574389359,194.22530423102867,High
19.718020486423494,76.85087255642506,193.921582050078,High
19.718020486423494,77.12036714166092,181.80121199533505,High
19.718020486423494,78.19834548260434,200.43417020177924,High
19.718020486423494,79.18649229513582,229.10461288506082,High
19.718020486423494,79.72548146560753,231.87988993247967,High
19.718020486423494,80.44413369290315,267.85727265169544,High
19.718020486423494,81.34244897702267,248.0635564120478,High
19.718020486423494,81.61194356225853,241.4170908521562,High
19.718020486423494,82.33059578955414,230.00685158571576,High
19.718020486423494,83.94756330096928,229.31857981486408,High
19.718020486423494,84.03739482938123,224.29212118368952,High
19.718020486423494,85.11537317032466,231.67886340267026,High
19.718020486423494,85.20520469873661,241.88976136870585,High
19.807852014835447,72.71862224947526,187.2068855416365,High
19.807852014835447,73.25761141994698,210.62633717969254,High
19.807852014835447,73.34744294835893,197.1349990942583,High
19.807852014835447,73.52710600518283,185.05381697575476,High
19.807852014835447,73.70676906200674,186.5318574615054,High
19.807852014835447,74.87457893136211,185.1669998998313,High
19.807852014835447,75.50339963024578,204.48816956528938,High
19.807852014835447,75.95255727230554,184.395647074991,High
19.807852014835447,76.4017149143653,199.13238565634683,High
19.807852014835447,77.30003019848482,189.00899645119344,High
19.807852014835447,77.74918784054458,200.60858872534396,High
19.807852014835447,77.83901936895654,208.95269531660412,High
19.807852014835447,77.92885089736849,195.89564243575967,High
19.807852014835447,78.10851395419239,199.34090939009337,High
19.807852014835447,79.36615535195972,225.62485699503284,High
19.807852014835447,79.45598688037167,235.46107009315764,High
19.807852014835447,81.43228050543462,243.59257995056808,High
19.807852014835447,82.24076426114219,238.77944116613344,High
19.807852014835447,82.4204273179661,248.14433581434943,High
19.807852014835447,83.40857413049757,245.83380030966336,High
19.807852014835447,83.49840565890952,236.39705049392532,High
19.8976835432474,73.70676906200674,180.22098094800612,High
19.8976835432474,73.97626364724259,193.6306808880128,High
19.8976835432474,75.23390504500992,206.9765666204541,High
19.8976835432474,75.32373657342187,196.63021708756744,High
19.8976835432474,75.41356810183383,199.266830868965,High
19.8976835432474,79.00682923831191,228.86885261204804,High
19.8976835432474,80.713628278139,251.95681945200226,High
19.8976835432474,81.61194356225853,221.32250041983602,High
19.8976835432474,82.24076426114219,239.4776839226532,High
19.8976835432474,83.49840565890952,232.08529651969423,High
19.8976835432474,84.12722635779319,218.5705590257532,High
19.8976835432474,84.39672094302904,262.82153983763106,High
19.8976835432474,84.8458785850888,261.2605808901442,High
19.8976835432474,85.74419386920833,211.4355357687571,High
19.8976835432474,85.92385692603223,204.97476204847464,High
19.987515071659352,72.89828530629917,193.3244979303632,High
19.987515071659352,73.88643211883064,196.26386424215485,High
19.987515071659352,74.24575823247845,186.61369244726296,High
19.987515071659352,74.3355897608904,181.91947548295707,High
19.987515071659352,75.05424198818602,187.7064622090174,High
19.987515071659352,76.4017149143653,173.69113904397454,High
19.987515071659352,77.56952478372068,190.95610017741132,High
19.987515071659352,77.65935631213263,194.1371866591897,High
19.987515071659352,78.55767159625215,221.4696233045373,High
19.987515071659352,79.00682923831191,231.9320580127349,High
19.987515071659352,79.09666076672387,240.99606595939727,High
19.987515071659352,79.90514452243143,237.76271554956938,High
19.987515071659352,80.98312286337486,254.81221008761042,High
19.987515071659352,81.79160661908243,216.30413706152686,High
19.987515071659352,82.06110120431829,214.05767078444987,High
19.987515071659352,82.60009037479,246.44962719393604,High
19.987515071659352,83.31874260208562,241.12604918044823,High
19.987515071659352,83.67806871573343,227.70087684956053,High
19.987515071659352,83.76790024414538,247.9592106142728,High
19.987515071659352,83.85773177255733,227.03105533413787,High
19.987515071659352,84.6662155282649,258.00989696538727,High
19.987515071659352,84.75604705667685,255.6139183891409,High
19.987515071659352,85.02554164191271,238.47669129636813,High
19.987515071659352,85.38486775556052,233.1867117162856,High
19.987515071659352,85.47469928397247,231.4021195964552,High
19.987515071659352,86.01368845444418,204.1840402243177,High
19.987515071659352,86.19335151126809,208.5266550346256,High
19.987515071659352,86.37301456809199,202.28971104343034,High
20.077346600071305,74.1559267040665,181.4909952384027,High
20.077346600071305,74.51525281771431,181.542640980063,High
20.077346600071305,74.87457893136211,171.9612469314112,High
20.077346600071305,75.32373657342187,177.54095017132693,High
20.077346600071305,76.31188338595335,177.4745942748054,High
20.077346600071305,76.4017149143653,186.9489638725444,High
20.077346600071305,76.49154644277725,181.96398430756216,High
20.077346600071305,76.94070408483701,183.29274361945082,High
20.077346600071305,77.12036714166092,186.27432947611678,High
20.077346600071305,77.92885089736849,190.90675097144944,High
20.077346600071305,78.4678400678402,212.6743894018797,High
20.077346600071305,79.36615535195972,237.48720752149907,High
20.077346600071305,79.63564993719558,244.25272247974056,High
20.077346600071305,79.72548146560753,239.7919007590254,High
20.077346600071305,80.3543021644912,262.5192900567048,High
20.077346600071305,81.61194356225853,211.5093157742855,High
20.077346600071305,82.4204273179661,257.66121359168557,High
20.077346600071305,83.22891107367366,242.58436105622877,High
20.077346600071305,83.49840565890952,231.06500203654863,High
20.077346600071305,84.57638399985295,265.15912023835017,High
20.077346600071305,85.02554164191271,232.72071295648942,High
20.077346600071305,85.83402539762028,227.96610529392962,High
20.077346600071305,86.37301456809199,200.31130416947005,High
20.167178128483258,73.34744294835893,207.01993470212136,High
20.167178128483258,73.43727447677088,215.07610128542916,High
20.167178128483258,74.78474740295016,178.08187592340207,High
20.167178128483258,75.86272574389359,180.53264774913666,High
20.167178128483258,75.95255727230554,173.2335676834849,High
20.167178128483258,76.2220518575414,176.66409511167623,High
20.167178128483258,77.74918784054458,195.61127228788143,High
20.167178128483258,77.83901936895654,197.9074892537861,High
20.167178128483258,77.92885089736849,205.43232353522978,High
20.167178128483258,78.37800853942825,213.35884705496863,High
20.167178128483258,78.73733465307606,219.7837150145297,High
20.167178128483258,79.18649229513582,226.37528421104813,High
20.167178128483258,79.36615535195972,239.79154270433745,High
20.167178128483258,79.45598688037167,242.9986558905597,High
20.167178128483258,79.54581840878363,233.6766543997174,High
20.167178128483258,80.5339652213151,265.8059886949505,High
20.167178128483258,80.713628278139,262.1879829658365,High
20.167178128483258,81.25261744861072,227.71978930687652,High
20.167178128483258,83.94756330096928,230.68745062249678,High
20.167178128483258,84.21705788620514,211.70361061722605,High
20.167178128483258,84.39672094302904,223.18153127926178,High
20.167178128483258,84.75604705667685,264.1826492497983,High
20.167178128483258,85.20520469873661,239.20497524385385,High
20.167178128483258,85.47469928397247,245.114440747937,High
20.167178128483258,86.10351998285613,221.59570589051884,High
20.167178128483258,86.28318303968004,218.53255056941384,High
20.25700965689521,73.70676906200674,187.25798582053048,High
20.25700965689521,74.60508434612626,170.62892987192083,High
20.25700965689521,74.87457893136211,167.4914830543184,High
20.25700965689521,75.95255727230554,195.0346239941063,High
20.25700965689521,76.5813779711892,170.86575578746084,High
20.25700965689521,77.12036714166092,185.18571865733608,High
20.25700965689521,77.21019867007287,185.8169627761672,High
20.25700965689521,77.30003019848482,187.37445297047825,High
20.25700965689521,77.47969325530873,188.02537785560432,High
20.25700965689521,78.01868242578044,195.4587640610867,High
20.25700965689521,78.19834548260434,202.8916970340689,High
20.25700965689521,78.6475031246641,217.39140795864972,High
20.25700965689521,79.00682923831191,229.9569141171264,High
20.25700965689521,79.18649229513582,217.44974285896544,High
20.25700965689521,79.36615535195972,234.87886751083747,High
20.25700965689521,79.54581840878363,237.46606383190135,High
20.25700965689521,79.99497605084339,242.98427522979955,High
20.25700965689521,80.713628278139,264.64208730466225,High
20.25700965689521,82.4204273179661,216.51412239402833,High
20.25700965689521,82.51025884637805,236.27175957094371,High
20.25700965689521,83.04924801684976,253.92523355232072,High
20.25700965689521,83.22891107367366,241.20812241406423,High
20.25700965689521,83.49840565890952,239.99860723215727,High
20.25700965689521,85.56453081238442,251.28090693582826,High
20.346841185307163,72.89828530629917,190.7510655089977,High
20.346841185307163,73.88643211883064,183.05009763105093,High
20.346841185307163,74.24575823247845,169.53956241780307,High
20.346841185307163,74.60508434612626,175.2959994123143,High
20.346841185307163,74.69491587453821,175.17011911775413,High
20.346841185307163,77.21019867007287,188.80986612090348,High
20.346841185307163,77.65935631213263,197.0091069636851,High
20.346841185307163,78.37800853942825,208.74940671341363,High
20.346841185307163,79.36615535195972,237.53748412740256,High
20.346841185307163,80.44413369290315,262.9617321998102,High
20.346841185307163,80.713628278139,255.8149225634814,High
20.346841185307163,80.89329133496291,243.83521151323447,High
20.346841185307163,81.25261744861072,235.48190671132676,High
20.346841185307163,82.24076426114219,233.7882937981909,High
20.346841185307163,83.40857413049757,254.52126174099868,High
20.346841185307163,83.67806871573343,254.14962420997642,High
20.346841185307163,84.93571011350076,254.26539940716634,High
20.346841185307163,85.02554164191271,254.71485570234157,High
20.346841185307163,85.47469928397247,250.81359834907602,High
20.436672713719112,73.07794836312307,214.1444048129947,High
20.436672713719112,73.88643211883064,165.24628843276398,High
20.436672713719112,74.24575823247845,179.3126088262052,High
20.436672713719112,74.3355897608904,165.97665387979657,High
20.436672713719112,74.78474740295016,184.2157416682233,High
20.436672713719112,74.87457893136211,176.18918137174953,High
20.436672713719112,76.04238880071749,173.36208124808118,High
20.436672713719112,76.94070408483701,198.8814060213029,High
20.436672713719112,77.21019867007287,189.62039681438077,High
20.436672713719112,77.65935631213263,186.25612620908902,High
20.436672713719112,78.4678400678402,207.9659366734664,High
20.436672713719112,78.6475031246641,205.00041790866376,High
20.436672713719112,78.82716618148801,218.58853539515871,High
20.436672713719112,78.91699770989996,226.57708368713648,High
20.436672713719112,79.18649229513582,215.28966032265342,High
20.436672713719112,79.63564993719558,245.13971769272297,High
20.436672713719112,79.90514452243143,240.78774071838563,High
20.436672713719112,80.17463910766729,251.18413618157746,High
20.436672713719112,80.44413369290315,257.0847652095548,High
20.436672713719112,81.07295439178681,246.69390292917163,High
20.436672713719112,81.34244897702267,238.0223584649119,High
20.436672713719112,81.43228050543462,233.6768926420702,High
20.436672713719112,81.88143814749438,233.09088812932643,High
20.436672713719112,82.15093273273024,237.01732908735457,High
20.436672713719112,82.4204273179661,228.8015873730074,High
20.436672713719112,82.68992190320195,262.33470078980946,High
20.436672713719112,82.95941648843781,261.6527494092035,High
20.436672713719112,83.49840565890952,251.97303422702703,High
20.436672713719112,83.85773177255733,246.16517232166882,High
20.436672713719112,84.21705788620514,213.67354802362405,High
20.436672713719112,84.75604705667685,258.7755061124421,High
20.436672713719112,85.02554164191271,271.60755450647025,High
20.436672713719112,85.11537317032466,261.1552180073503,High
20.436672713719112,85.20520469873661,253.71935484253163,High
20.436672713719112,85.56453081238442,259.252551717089,High
20.436672713719112,86.46284609650394,231.9264799251542,High
20.436672713719112,86.64250915332785,210.4133565929224,High
20.526504242131065,72.89828530629917,183.00907548917914,High
20.526504242131065,72.98811683471112,197.34915949541002,High
20.526504242131065,73.52710600518283,198.00942509388696,High
20.526504242131065,73.97626364724259,166.3042307972229,High
20.526504242131065,74.1559267040665,180.7023075932761,High
20.526504242131065,74.3355897608904,178.83761335955515,High
20.526504242131065,74.51525281771431,186.10381150893656,High
20.526504242131065,74.78474740295016,179.30747952236104,High
20.526504242131065,75.14407351659797,176.84938711591184,High
20.526504242131065,75.23390504500992,193.27573953590652,High
20.526504242131065,76.04238880071749,164.7271299339803,High
20.526504242131065,76.13222032912944,170.88108436123346,High
20.526504242131065,76.4017149143653,191.19458419560644,High
20.526504242131065,76.49154644277725,188.33524668250155,High
20.526504242131065,77.21019867007287,178.57087971853684,High
20.526504242131065,78.55767159625215,202.32944303129207,High
20.526504242131065,78.73733465307606,214.4158706028137,High
20.526504242131065,79.36615535195972,217.4411085073973,High
20.526504242131065,79.72548146560753,225.84171064166975,High
20.526504242131065,79.99497605084339,242.30791447183398,High
20.526504242131065,80.62379674972705,260.23493842331754,High
20.526504242131065,81.07295439178681,240.70079976365847,High
20.526504242131065,82.51025884637805,249.85462458402452,High
20.526504242131065,82.68992190320195,258.18655952052154,High
20.526504242131065,83.40857413049757,264.92457000392915,High
20.526504242131065,83.85773177255733,242.4083598103433,High
20.526504242131065,84.12722635779319,230.58695876015423,High
20.526504242131065,84.48655247144099,257.9005851609503,High
20.526504242131065,84.57638399985295,260.8802185797942,High
20.526504242131065,85.02554164191271,268.28604346200996,High
20.526504242131065,85.38486775556052,246.96607367588922,High
20.526504242131065,86.01368845444418,240.49906875850263,High
20.526504242131065,86.46284609650394,230.62256241546078,High
20.526504242131065,86.55267762491589,216.83664915078694,High
20.616335770543017,73.07794836312307,209.69704511995394,High
20.616335770543017,73.34744294835893,192.06884373145147,High
20.616335770543017,73.79660059041869,189.0527403520548,High
20.616335770543017,74.24575823247845,181.06117229134628,High
20.616335770543017,74.69491587453821,178.36409767147396,High
20.616335770543017,74.78474740295016,187.22593275869608,High
20.616335770543017,74.87457893136211,188.9213704632304,High
20.616335770543017,74.96441045977407,176.13758230915772,High
20.616335770543017,75.86272574389359,183.18738792879554,High
20.616335770543017,76.04238880071749,183.45967961525682,High
20.616335770543017,77.03053561324897,195.1104111430703,High
20.616335770543017,77.83901936895654,195.1079255115427,High
20.616335770543017,78.01868242578044,189.15211371531444,High
20.616335770543017,79.81531299401948,236.40950331957663,High
20.616335770543017,79.90514452243143,240.5073723241358,High
20.616335770543017,80.98312286337486,242.3602923180769,High
20.616335770543017,81.70177509067048,235.9987310123041,High
20.616335770543017,82.15093273273024,235.26313940807572,High
20.616335770543017,82.68992190320195,247.01376376395808,High
20.616335770543017,83.94756330096928,250.4097623563381,High
20.616335770543017,84.21705788620514,247.71084213226854,High
20.616335770543017,84.30688941461709,246.9252693320953,High
20.616335770543017,84.39672094302904,250.51125652972868,High
20.616335770543017,84.8458785850888,260.79539533514424,High
20.616335770543017,85.56453081238442,264.3102686226956,High
20.616335770543017,86.7323406817398,231.0108265668021,High
20.70616729895497,73.88643211883064,158.7935323940042,High
20.70616729895497,73.97626364724259,154.64676168609216,High
20.70616729895497,74.06609517565454,169.98575359761202,High
20.70616729895497,74.69491587453821,180.72880002647844,High
20.70616729895497,74.78474740295016,189.88723839654082,High
20.70616729895497,75.50339963024578,185.6875846410817,High
20.70616729895497,76.31188338595335,185.3072614526592,High
20.70616729895497,77.03053561324897,187.62530996183827,High
20.70616729895497,78.19834548260434,196.36627368885584,High
20.70616729895497,78.2881770110163,187.89065374500845,High
20.70616729895497,78.6475031246641,209.42170797568585,High
20.70616729895497,79.27632382354777,220.9553813191681,High
20.70616729895497,79.63564993719558,233.43970768918274,High
20.70616729895497,80.89329133496291,239.1278872178646,High
20.70616729895497,81.52211203384657,240.86506556929046,High
20.70616729895497,81.88143814749438,233.6469692339744,High
20.70616729895497,82.06110120431829,234.06792609248998,High
20.70616729895497,82.24076426114219,240.21832076467797,High
20.70616729895497,84.8458785850888,247.91451141689652,High
20.70616729895497,85.02554164191271,255.69268776131526,High
20.70616729895497,86.82217221015175,223.527157019086,High
20.795998827366923,72.89828530629917,185.79790597940797,High
20.795998827366923,72.98811683471112,184.40118183205868,High
20.795998827366923,73.07794836312307,195.5591885999531,High
20.795998827366923,74.24575823247845,179.05138590495585,High
20.795998827366923,74.78474740295016,183.59538330317181,High
20.795998827366923,75.14407351659797,178.92632516995252,High
20.795998827366923,76.2220518575414,185.15855210444664,High
20.795998827366923,76.4017149143653,185.91449366802294,High
20.795998827366923,76.85087255642506,198.8077989292711,High
20.795998827366923,77.38986172689677,195.2557499445087,High
20.795998827366923,77.74918784054458,185.4992713353708,High
20.795998827366923,78.2881770110163,195.90012493381303,High
20.795998827366923,79.27632382354777,220.66843237460552,High
20.795998827366923,79.36615535195972,216.81337794190756,High
20.795998827366923,79.63564993719558,224.57934604844448,High
20.795998827366923,79.90514452243143,221.4386845263315,High
20.795998827366923,80.17463910766729,225.9449195381849,High
20.795998827366923,80.26447063607924,240.7661052471721,High
20.795998827366923,80.89329133496291,243.63695774959348,High
20.795998827366923,81.52211203384657,237.01653253262916,High
20.795998827366923,82.24076426114219,252.0523853567819,High
20.795998827366923,83.40857413049757,262.5193701419087,High
20.795998827366923,84.30688941461709,247.22843564851416,High
20.795998827366923,84.75604705667685,256.96181057474325,High
20.795998827366923,84.93571011350076,262.6795947981785,High
20.795998827366923,85.29503622714856,282.096466223425,High
20.795998827366923,86.01368845444418,242.95521638070036,High
20.795998827366923,86.10351998285613,255.97225295792018,High
20.795998827366923,86.28318303968004,245.38376952630335,High
20.885830355778875,70.92199168123622,147.92359306290422,High
20.885830355778875,71.10165473806012,152.6650217446733,High
20.885830355778875,71.28131779488403,151.91952839230873,High
20.885830355778875,71.37114932329598,157.9403772640406,High
20.885830355778875,73.61693753359478,206.08392804123073,High
20.885830355778875,73.79660059041869,197.5847497648715,High
20.885830355778875,74.60508434612626,179.4002958775598,High
20.885830355778875,74.69491587453821,180.4756315003211,High
20.885830355778875,74.78474740295016,189.7618699748263,High
20.885830355778875,75.41356810183383,193.06114132652675,High
20.885830355778875,75.50339963024578,190.84958217926848,High
20.885830355778875,75.68306268706968,198.530030496676,High
20.885830355778875,75.77289421548164,195.426326136788,High
20.885830355778875,75.95255727230554,184.92144352584248,High
20.885830355778875,77.30003019848482,188.48569483792838,High
20.885830355778875,77.83901936895654,185.82556711600705,High
20.885830355778875,77.92885089736849,202.60494946625718,High
20.885830355778875,78.82716618148801,209.2194544643898,High
20.885830355778875,79.18649229513582,220.60899506140402,High
20.885830355778875,79.27632382354777,220.42873352240838,High
20.885830355778875,79.72548146560753,219.5099937237809,High
20.885830355778875,80.44413369290315,240.86426742651437,High
20.885830355778875,80.62379674972705,247.1964846555329,High
20.885830355778875,80.98312286337486,240.1575681130105,High
20.885830355778875,82.15093273273024,233.27353657652367,High
20.885830355778875,82.68992190320195,242.447929406381,High
20.885830355778875,83.58823718732147,262.82617674706364,High
20.885830355778875,84.8458785850888,280.27037789059233,High
20.885830355778875,85.29503622714856,278.36642277246835,High
20.885830355778875,85.92385692603223,254.53442738257823,High
20.885830355778875,86.9120037385637,216.97989613101015,High
20.975661884190828,70.38300251076451,133.344159959959,High
20.975661884190828,70.92199168123622,162.43062952763538,High
20.975661884190828,71.55081238011988,160.68393169760887,High
20.975661884190828,72.80845377788721,203.40699440506245,High
20.975661884190828,74.06609517565454,174.4708236012344,High
20.975661884190828,74.51525281771431,180.58766289307744,High
20.975661884190828,75.23390504500992,190.03845683006986,High
20.975661884190828,76.2220518575414,185.9522285706987,High
20.975661884190828,76.4017149143653,185.5957749342669,High
20.975661884190828,77.21019867007287,202.27006446413,High
20.975661884190828,77.38986172689677,202.19825401607355,High
20.975661884190828,78.2881770110163,198.29987543613413,High
20.975661884190828,79.00682923831191,225.91884461708352,High
20.975661884190828,79.45598688037167,225.26911317066052,High
20.975661884190828,79.81531299401948,234.58929946574443,High
20.975661884190828,79.90514452243143,236.98332342924368,High
20.975661884190828,80.44413369290315,235.1650192145343,High
20.975661884190828,80.89329133496291,245.11608996101512,High
20.975661884190828,81.16278592019876,241.56079604662656,High
20.975661884190828,81.79160661908243,243.59006918328436,High
20.975661884190828,82.24076426114219,240.81625523642398,High
20.975661884190828,82.33059578955414,239.1689603371806,High
20.975661884190828,82.60009037479,240.29988350802316,High
20.975661884190828,83.04924801684976,269.328935733322,High
20.975661884190828,83.49840565890952,265.147269848969,High
20.975661884190828,83.67806871573343,253.4145611225683,High
20.975661884190828,84.8458785850888,266.558730426103,High
20.975661884190828,84.93571011350076,280.26663726143056,High
20.975661884190828,86.37301456809199,244.10763962312458,High
20.975661884190828,86.55267762491589,246.65531513411105,High
20.975661884190828,86.7323406817398,232.2365986079283,High
21.065493412602777,70.38300251076451,140.17496336054342,High
21.065493412602777,71.10165473806012,143.21987367140022,High
21.065493412602777,71.28131779488403,170.30403483883558,High
21.065493412602777,73.43727447677088,190.00868447086785,High
21.065493412602777,74.3355897608904,168.3735249730435,High
21.065493412602777,74.42542128930235,171.3553513646921,High
21.065493412602777,74.87457893136211,188.4354447177175,High
21.065493412602777,75.41356810183383,183.35404850840297,High
21.065493412602777,77.38986172689677,202.7677998835217,High
21.065493412602777,77.92885089736849,191.49198745375028,High
21.065493412602777,78.19834548260434,199.77937784174947,High
21.065493412602777,79.09666076672387,225.3544887504272,High
21.065493412602777,79.72548146560753,226.3571675731348,High
21.065493412602777,79.99497605084339,231.4298572457009,High
21.065493412602777,80.26447063607924,225.6830205665632,High
21.065493412602777,80.3543021644912,243.28557409138907,High
21.065493412602777,81.16278592019876,244.50723305345375,High
21.065493412602777,81.34244897702267,245.48071819519006,High
21.065493412602777,83.85773177255733,245.78599574921577,High
21.065493412602777,84.03739482938123,256.7334519549355,High
21.065493412602777,84.39672094302904,259.7986426356687,High
21.065493412602777,84.57638399985295,260.7316784551294,High
21.065493412602777,85.56453081238442,257.5063363663257,High
21.065493412602777,86.01368845444418,261.09776675531083,High
21.065493412602777,86.19335151126809,267.3448270244861,High
21.065493412602777,86.28318303968004,251.83797631848296,High
21.065493412602777,86.46284609650394,251.38486945390557,High
21.065493412602777,86.7323406817398,229.87691848474253,High
21.15532494101473,70.11350792552865,119.14362889897404,Moderate
21.15532494101473,70.65249709600036,150.8255772051408,High
21.15532494101473,71.10165473806012,151.54073016542654,High
21.15532494101473,71.37114932329598,160.4727413211162,High
21.15532494101473,71.46098085170793,157.79012877679557,High
21.15532494101473,73.43727447677088,193.8770239337398,High
21.15532494101473,76.04238880071749,177.11883344162354,High
21.15532494101473,76.67120949960116,174.0112987827747,High
21.15532494101473,76.85087255642506,171.84346474777513,High
21.15532494101473,77.03053561324897,172.2576133897762,High
21.15532494101473,77.74918784054458,194.4054665002636,High
21.15532494101473,79.09666076672387,218.5468296587045,High
21.15532494101473,80.713628278139,238.17240592828458,High
21.15532494101473,80.80345980655096,247.87922080944534,High
21.15532494101473,80.89329133496291,250.54857540089378,High
21.15532494101473,81.16278592019876,248.11871133535047,High
21.15532494101473,81.25261744861072,247.91398831393818,High
21.15532494101473,81.88143814749438,238.67470889870646,High
21.15532494101473,82.33059578955414,231.36438257430177,High
21.15532494101473,82.60009037479,256.2209444283378,High
21.15532494101473,83.58823718732147,264.51440681571887,High
21.15532494101473,84.48655247144099,260.7583110137313,High
21.15532494101473,84.8458785850888,265.64543322254,High
21.15532494101473,84.93571011350076,265.2687596619825,High
21.15532494101473,85.29503622714856,255.60209002940385,High
21.15532494101473,86.01368845444418,263.39255857623016,High
21.15532494101473,86.28318303968004,255.75745392366463,High
21.245156469426682,70.2033394539406,123.38739080895003,High
21.245156469426682,70.65249709600036,143.42204899018137,High
21.245156469426682,71.37114932329598,149.66364885919808,High
21.245156469426682,73.16777989153502,204.48098631103454,High
21.245156469426682,74.3355897608904,175.56857254832778,High
21.245156469426682,74.60508434612626,194.019019723348,High
21.245156469426682,74.96441045977407,185.8399501530778,High
21.245156469426682,76.04238880071749,178.6457560072486,High
21.245156469426682,76.4017149143653,180.30762977705723,High
21.245156469426682,76.76104102801311,178.10382566197669,High
21.245156469426682,77.12036714166092,177.96637852514567,High
21.245156469426682,78.01868242578044,182.5543358965732,High
21.245156469426682,78.2881770110163,188.99092102778602,High
21.245156469426682,79.63564993719558,224.33684871742585,High
21.245156469426682,80.62379674972705,223.9762847971792,High
21.245156469426682,81.88143814749438,251.9671290457433,High
21.245156469426682,82.06110120431829,259.222756297379,High
21.245156469426682,82.51025884637805,244.39615892617087,High
21.245156469426682,82.7797534316139,251.33657828408892,High
21.245156469426682,83.22891107367366,272.195058428727,High
21.245156469426682,85.29503622714856,253.3520268185958,High
21.245156469426682,85.56453081238442,244.22682592626694,High
21.245156469426682,86.01368845444418,254.4121057779125,High
21.245156469426682,86.19335151126809,251.41797321050566,High
21.334987997838635,71.01182320964817,150.19636198516315,High
21.334987997838635,71.55081238011988,167.5525448624251,High
21.334987997838635,71.64064390853184,156.07781694957526,High
21.334987997838635,72.80845377788721,211.77653154417487,High
21.334987997838635,73.88643211883064,192.07585202506246,High
21.334987997838635,74.1559267040665,191.93570475324563,High
21.334987997838635,74.60508434612626,182.73449398673608,High
21.334987997838635,75.86272574389359,186.0094250200293,High
21.334987997838635,76.04238880071749,173.77284849485363,High
21.334987997838635,76.31188338595335,182.84296073138384,High
21.334987997838635,77.12036714166092,169.7090355314636,High
21.334987997838635,77.92885089736849,187.89185918898718,High
21.334987997838635,78.10851395419239,201.3201923496099,High
21.334987997838635,78.19834548260434,201.9791261020657,High
21.334987997838635,78.91699770989996,218.99997441856513,High
21.334987997838635,79.36615535195972,215.72798560475636,High
21.334987997838635,81.79160661908243,246.69918774684245,High
21.334987997838635,83.04924801684976,252.48230565436987,High
21.334987997838635,83.22891107367366,251.9620167069152,High
21.334987997838635,83.40857413049757,266.6498524106772,High
21.334987997838635,85.92385692603223,242.5152931977737,High
21.424819526250587,70.0236763971167,126.23224770439491,High
21.424819526250587,71.46098085170793,167.73302080742127,High
21.424819526250587,72.17963307900355,173.82880938828387,High
21.424819526250587,72.98811683471112,227.6932790941108,High
21.424819526250587,73.61693753359478,191.6545296481004,High
21.424819526250587,74.06609517565454,184.68427815030356,High
21.424819526250587,74.3355897608904,187.81560341756256,High
21.424819526250587,74.60508434612626,196.29775796071854,High
21.424819526250587,74.78474740295016,189.72461247269905,High
21.424819526250587,77.56952478372068,203.1470090431114,High
21.424819526250587,78.19834548260434,182.0075169272311,High
21.424819526250587,78.2881770110163,190.39149633914943,High
21.424819526250587,79.36615535195972,208.62279640979662,High
21.424819526250587,79.45598688037167,207.9144715606885,High
21.424819526250587,80.08480757925534,229.81951595869137,High
21.424819526250587,80.5339652213151,212.12042477882204,High
21.424819526250587,80.713628278139,210.57173422674776,High
21.424819526250587,81.43228050543462,236.10286723613788,High
21.424819526250587,81.79160661908243,237.94485355624172,High
21.424819526250587,82.24076426114219,246.6678153379449,High
21.424819526250587,82.33059578955414,250.76883575850724,High
21.424819526250587,82.60009037479,264.77048187751865,High
21.424819526250587,83.31874260208562,260.3145164367076,High
21.424819526250587,83.40857413049757,257.99323877787424,High
21.424819526250587,84.6662155282649,282.08913275291656,High
21.424819526250587,84.8458785850888,270.0481418641899,High
21.424819526250587,85.47469928397247,233.49680672179258,High
21.424819526250587,85.65436234079637,224.82275364313577,High
21.424819526250587,86.64250915332785,238.3562511372113,High
21.424819526250587,86.82217221015175,240.60248204995244,High
21.424819526250587,86.9120037385637,236.072659987966,High
21.51465105466254,70.2033394539406,123.60381018181246,High
21.51465105466254,70.29317098235255,129.74685020454515,High
21.51465105466254,71.28131779488403,157.53328451643608,High
21.51465105466254,71.99997002217964,180.62502504355317,High
21.51465105466254,72.0898015505916,160.41529432564252,High
21.51465105466254,73.07794836312307,210.68854682722719,High
21.51465105466254,73.25761141994698,207.7631589738226,High
21.51465105466254,74.06609517565454,191.30138485827686,High
21.51465105466254,74.24575823247845,187.85186786070673,High
21.51465105466254,74.78474740295016,177.32943218359156,High
21.51465105466254,75.14407351659797,174.41836224482316,High
21.51465105466254,76.76104102801311,173.74454933420722,High
21.51465105466254,80.5339652213151,205.56613083294098,High
21.51465105466254,80.89329133496291,218.85097180209934,High
21.51465105466254,81.07295439178681,234.29399344315559,High
21.51465105466254,81.16278592019876,251.42071384074995,High
21.51465105466254,81.52211203384657,233.92109052369176,High
21.51465105466254,81.79160661908243,234.35048862250673,High
21.51465105466254,82.24076426114219,247.8024576210561,High
21.51465105466254,82.33059578955414,249.12762047324128,High
21.51465105466254,82.4204273179661,247.568123643754,High
21.51465105466254,84.30688941461709,243.3036979183055,High
21.51465105466254,84.39672094302904,237.71855308519508,High
21.51465105466254,84.57638399985295,261.4660864101428,High
21.51465105466254,85.11537317032466,252.52702077110033,High
21.51465105466254,85.29503622714856,244.91464813682552,High
21.51465105466254,85.92385692603223,230.71501846714386,High
21.51465105466254,86.28318303968004,221.73970401111987,High
21.604482583074493,70.11350792552865,124.61850725989983,High
21.604482583074493,70.47283403917646,136.0589901386074,High
21.604482583074493,71.99997002217964,170.62546160122204,High
21.604482583074493,72.71862224947526,182.78589691629884,High
21.604482583074493,73.16777989153502,219.65890657369772,High
21.604482583074493,73.70676906200674,181.95103793219025,High
21.604482583074493,74.60508434612626,173.56780189126064,High
21.604482583074493,77.12036714166092,178.2612452555186,High
21.604482583074493,77.21019867007287,172.2099068942722,High
21.604482583074493,78.55767159625215,178.7290013999585,High
21.604482583074493,80.62379674972705,214.64772601165004,High
21.604482583074493,80.80345980655096,205.82196625561176,High
21.604482583074493,81.07295439178681,227.32508476574944,High
21.604482583074493,82.15093273273024,237.75229436345364,High
21.604482583074493,82.60009037479,255.90795811244323,High
21.604482583074493,83.40857413049757,260.54470329653896,High
21.604482583074493,83.49840565890952,251.33211847401753,High
21.604482583074493,83.94756330096928,259.2150971503697,High
21.604482583074493,84.93571011350076,244.70632236055712,High
21.604482583074493,85.11537317032466,238.56857431463823,High
21.604482583074493,86.46284609650394,223.49092136103388,High
21.604482583074493,86.7323406817398,249.8121472731522,High
21.604482583074493,88.25947666474299,175.2090465997427,High
21.69431411148644,69.84401334029279,123.01760369883016,High
21.69431411148644,71.10165473806012,160.91747602632083,High
21.69431411148644,71.19148626647208,151.06065997962347,High
21.69431411148644,71.64064390853184,153.63112259742476,High
21.69431411148644,72.62879072106331,182.92291054660015,High
21.69431411148644,72.98811683471112,197.1621268876669,High
21.69431411148644,73.43727447677088,190.23977713000664,High
21.69431411148644,73.70676906200674,182.07633811972246,High
21.69431411148644,74.06609517565454,168.07286642557796,High
21.69431411148644,74.69491587453821,171.25354666628309,High
21.69431411148644,75.32373657342187,161.82957792684377,High
21.69431411148644,76.5813779711892,171.87734914374101,High
21.69431411148644,77.74918784054458,162.4190418171705,High
21.69431411148644,77.83901936895654,167.7235471086305,High
21.69431411148644,78.01868242578044,174.26658057737893,High
21.69431411148644,78.10851395419239,166.2056076989834,High
21.69431411148644,79.00682923831191,192.39034632179306,High
21.69431411148644,80.89329133496291,216.0569242210009,High
21.69431411148644,81.16278592019876,240.35836328402516,High
21.69431411148644,81.34244897702267,218.7030946717773,High
21.69431411148644,83.31874260208562,264.3816586530995,High
21.69431411148644,83.49840565890952,259.2375051721267,High
21.69431411148644,84.12722635779319,249.08469583413978,High
21.69431411148644,84.48655247144099,242.16062525542364,High
21.69431411148644,84.8458785850888,231.59816366332126,High
21.69431411148644,85.83402539762028,243.38174734623252,High
21.69431411148644,86.19335151126809,187.32194823863864,High
21.69431411148644,86.46284609650394,218.14181217532493,High
21.69431411148644,87.00183526697566,236.8684928857644,High
21.69431411148644,87.54082443744737,199.38960599395924,High
21.69431411148644,87.63065596585932,198.7450592315815,High
21.69431411148644,88.07981360791908,188.43459623470568,High
21.69431411148644,88.7984658352147,171.5721724715723,High
21.784145639898394,70.29317098235255,137.5753070605294,High
21.784145639898394,72.89828530629917,189.6780772752613,High
21.784145639898394,72.98811683471112,196.16950308704838,High
21.784145639898394,73.25761141994698,195.7337385708467,High
21.784145639898394,73.70676906200674,174.87489965832117,High
21.784145639898394,74.24575823247845,175.74339996077597,High
21.784145639898394,75.32373657342187,170.72583458227587,High
21.784145639898394,75.50339963024578,167.00454218242584,High
21.784145639898394,75.95255727230554,176.5994733837518,High
21.784145639898394,77.47969325530873,179.8400109309336,High
21.784145639898394,77.74918784054458,171.03197827183016,High
21.784145639898394,78.19834548260434,163.17001089431545,High
21.784145639898394,79.00682923831191,189.29071455896528,High
21.784145639898394,81.34244897702267,228.22663215605024,High
21.784145639898394,82.4204273179661,252.31462870218212,High
21.784145639898394,83.04924801684976,253.3684540561693,High
21.784145639898394,83.67806871573343,267.4271025537532,High
21.784145639898394,84.57638399985295,241.25646216503802,High
21.784145639898394,84.8458785850888,252.3700170511768,High
21.784145639898394,84.93571011350076,252.0368269634986,High
21.784145639898394,85.56453081238442,229.55974334740387,High
21.784145639898394,86.37301456809199,193.77235619777832,High
21.784145639898394,86.64250915332785,250.2469657637584,High
21.784145639898394,88.7984658352147,163.06638714205786,High
21.784145639898394,88.88829736362665,158.34901206826427,High
21.873977168310347,69.75418181188084,114.17394795389092,Moderate
21.873977168310347,70.29317098235255,124.56332887962625,High
21.873977168310347,71.55081238011988,172.71506210617173,High
21.873977168310347,72.89828530629917,194.9714715727024,High
21.873977168310347,72.98811683471112,198.56441158514133,High
21.873977168310347,73.88643211883064,188.59396326830768,High
21.873977168310347,74.06609517565454,181.5923548281748,High
21.873977168310347,74.3355897608904,170.96277853370245,High
21.873977168310347,74.78474740295016,180.82645196727879,High
21.873977168310347,74.87457893136211,177.6569630975594,High
21.873977168310347,75.23390504500992,183.7246491656437,High
21.873977168310347,76.2220518575414,182.00817870774216,High
21.873977168310347,76.4017149143653,177.68955810832833,High
21.873977168310347,77.30003019848482,181.325517944963,High
21.873977168310347,78.01868242578044,170.3895018436463,High
21.873977168310347,80.5339652213151,213.35646375557747,High
21.873977168310347,80.62379674972705,206.83754699088067,High
21.873977168310347,81.61194356225853,231.14841126450875,High
21.873977168310347,81.88143814749438,240.02159316131534,High
21.873977168310347,82.33059578955414,254.5526315790624,High
21.873977168310347,82.95941648843781,268.2683326393826,High
21.873977168310347,83.22891107367366,250.73156959588633,High
21.873977168310347,83.40857413049757,271.283977745618,High
21.873977168310347,84.57638399985295,234.12952831056626,High
21.873977168310347,87.18149832379956,233.74365365551736,High
21.873977168310347,87.45099290903542,206.7808471793397,High
21.873977168310347,87.54082443744737,214.52990470466128,High
21.873977168310347,88.52897124997884,192.3356781592911,High
21.873977168310347,88.88829736362665,173.01223347720895,High
21.9638086967223,69.21519264140913,105.66218224658512,Moderate
21.9638086967223,69.66435028346889,118.74077240657196,Moderate
21.9638086967223,70.65249709600036,143.57419077900786,High
21.9638086967223,70.83216015282427,171.388544331546,High
21.9638086967223,70.92199168123622,156.40631862066718,High
21.9638086967223,71.10165473806012,155.3744434454983,High
21.9638086967223,72.98811683471112,197.13547955071198,High
21.9638086967223,73.07794836312307,192.9773856657249,High
21.9638086967223,73.61693753359478,188.59177368076095,High
21.9638086967223,73.97626364724259,189.58145494110744,High
21.9638086967223,74.06609517565454,189.7767525844396,High
21.9638086967223,74.42542128930235,179.9731887053874,High
21.9638086967223,75.59323115865773,189.54708967259842,High
21.9638086967223,76.04238880071749,186.90825159046634,High
21.9638086967223,76.5813779711892,173.6343019572212,High
21.9638086967223,77.21019867007287,172.98726269415891,High
21.9638086967223,77.65935631213263,161.9175612868315,High
21.9638086967223,77.74918784054458,165.20396916239872,High
21.9638086967223,77.92885089736849,175.57734260149755,High
21.9638086967223,78.01868242578044,166.89021455793946,High
21.9638086967223,78.10851395419239,161.35203465582785,High
21.9638086967223,79.27632382354777,178.66651761396696,High
21.9638086967223,79.36615535195972,175.10815529605276,High
21.9638086967223,80.26447063607924,206.1822308003578,High
21.9638086967223,82.60009037479,251.62282217065666,High
21.9638086967223,82.7797534316139,270.9865545272207,High
21.9638086967223,83.04924801684976,251.31950410567518,High
21.9638086967223,83.31874260208562,259.1062633811428,High
21.9638086967223,83.67806871573343,267.00573431668204,High
21.9638086967223,83.76790024414538,284.27303764249825,High
21.9638086967223,84.12722635779319,268.2352302507359,High
21.9638086967223,84.30688941461709,261.7350250156007,High
21.9638086967223,85.20520469873661,209.82064936602433,High
21.9638086967223,86.37301456809199,219.162569707822,High
21.9638086967223,86.55267762491589,231.8551150303694,High
21.9638086967223,87.27132985221151,232.44895803059327,High
21.9638086967223,88.43913972156689,186.97895744563013,High
21.9638086967223,88.52897124997884,185.5810312932553,High
21.9638086967223,88.88829736362665,178.72144632264255,High
21.9638086967223,88.9781288920386,176.4502560690509,High
22.053640225134252,69.21519264140913,96.7284238094728,Moderate
22.053640225134252,69.66435028346889,119.65975962361712,Moderate
22.053640225134252,70.47283403917646,142.0452788676989,High
22.053640225134252,70.56266556758841,154.46383310933035,High
22.053640225134252,71.46098085170793,175.76411450604363,High
22.053640225134252,71.99997002217964,177.92383173281218,High
22.053640225134252,72.0898015505916,181.07000615083192,High
22.053640225134252,72.98811683471112,193.5811194461908,High
22.053640225134252,73.34744294835893,189.44287683522248,High
22.053640225134252,73.52710600518283,194.10296945470938,High
22.053640225134252,73.61693753359478,193.06914784338417,High
22.053640225134252,74.3355897608904,197.4032044692931,High
22.053640225134252,74.60508434612626,182.14973231818973,High
22.053640225134252,75.05424198818602,176.76977041778005,High
22.053640225134252,75.41356810183383,177.6303328185588,High
22.053640225134252,76.4017149143653,179.4046693127943,High
22.053640225134252,76.76104102801311,168.54888585706715,High
22.053640225134252,77.30003019848482,166.35585097365092,High
22.053640225134252,77.56952478372068,169.534853838967,High
22.053640225134252,78.19834548260434,162.6175991545453,High
22.053640225134252,78.37800853942825,158.40598579484407,High
22.053640225134252,79.72548146560753,194.15560634257344,High
22.053640225134252,80.08480757925534,228.76270996245242,High
22.053640225134252,80.89329133496291,193.16147493379367,High
22.053640225134252,80.98312286337486,197.02244708470704,High
22.053640225134252,81.16278592019876,225.31045715599473,High
22.053640225134252,82.24076426114219,248.9690921099794,High
22.053640225134252,83.49840565890952,267.58114564689254,High
22.053640225134252,83.58823718732147,263.0630061610793,High
22.053640225134252,83.67806871573343,277.15020838561753,High
22.053640225134252,83.76790024414538,287.1375925026961,High
22.053640225134252,84.12722635779319,271.97683080831155,High
22.053640225134252,84.39672094302904,239.39970600650918,High
22.053640225134252,85.29503622714856,206.5745270807087,High
22.053640225134252,85.47469928397247,228.2410541965495,High
22.053640225134252,85.83402539762028,212.69664172728798,High
22.053640225134252,86.01368845444418,201.36855665919092,High
22.053640225134252,86.37301456809199,234.2235692898857,High
22.053640225134252,86.55267762491589,242.5618968937796,High
22.053640225134252,87.00183526697566,235.7606350108378,High
22.053640225134252,87.54082443744737,214.45505433585691,High
22.053640225134252,87.98998207950713,195.89864544396258,High
22.053640225134252,88.25947666474299,210.059771930848,High
22.053640225134252,88.70863430680275,194.34892956332396,High
22.143471753546205,69.84401334029279,132.159338155276,High
22.143471753546205,70.11350792552865,129.00944509197538,High
22.143471753546205,70.56266556758841,153.29668927319167,High
22.143471753546205,70.83216015282427,151.98949206903006,High
22.143471753546205,71.99997002217964,173.8827785539877,High
22.143471753546205,72.2694646074155,173.21224199476885,High
22.143471753546205,74.06609517565454,186.69354265912028,High
22.143471753546205,74.78474740295016,198.4092409780144,High
22.143471753546205,75.77289421548164,170.08555661382155,High
22.143471753546205,76.85087255642506,163.1103104208754,High
22.143471753546205,77.03053561324897,154.56715180337994,High
22.143471753546205,77.92885089736849,186.72875544244545,High
22.143471753546205,78.37800853942825,174.30494721369777,High
22.143471753546205,79.00682923831191,168.1921846027002,High
22.143471753546205,79.72548146560753,188.92729016444707,High
22.143471753546205,80.62379674972705,205.2222928004908,High
22.143471753546205,82.68992190320195,258.8786964858409,High
22.143471753546205,84.03739482938123,266.1283721821776,High
22.143471753546205,84.39672094302904,243.69320879364145,High
22.143471753546205,84.57638399985295,239.00389226180323,High
22.143471753546205,86.46284609650394,224.1645806016048,High
22.143471753546205,86.64250915332785,235.9779791518932,High
22.143471753546205,87.18149832379956,223.5826766114618,High
22.143471753546205,87.45099290903542,217.5637514251187,High
22.143471753546205,87.63065596585932,202.30534367741654,High
22.143471753546205,88.88829736362665,182.7058140380525,High
22.143471753546205,92.84088461375255,177.9168968247986,High
22.233303281958158,69.12536111299718,90.22661031984696,Moderate
22.233303281958158,69.39485569823303,105.68427419039764,Moderate
22.233303281958158,69.48468722664498,108.93343145471422,Moderate
22.233303281958158,69.75418181188084,122.46313621720452,High
22.233303281958158,69.84401334029279,127.64211218144634,High
22.233303281958158,69.93384486870475,130.6364313918911,High
22.233303281958158,70.38300251076451,147.66052881984686,High
22.233303281958158,70.56266556758841,152.03630153871126,High
22.233303281958158,71.28131779488403,159.24106248851086,High
22.233303281958158,71.64064390853184,167.97204173523517,High
22.233303281958158,72.0898015505916,175.6170827668125,High
22.233303281958158,72.17963307900355,173.3177069557849,High
22.233303281958158,73.61693753359478,185.14483368224498,High
22.233303281958158,74.69491587453821,188.97867544113663,High
22.233303281958158,75.50339963024578,181.8624851064973,High
22.233303281958158,76.13222032912944,171.80325072426567,High
22.233303281958158,76.4017149143653,169.50422882219027,High
22.233303281958158,76.85087255642506,168.79949948026103,High
22.233303281958158,76.94070408483701,161.88035644495972,High
22.233303281958158,77.12036714166092,162.8605394566046,High
22.233303281958158,77.56952478372068,167.3811489833334,High
22.233303281958158,78.73733465307606,166.9098092529711,High
22.233303281958158,79.09666076672387,171.73615080054455,High
22.233303281958158,79.99497605084339,205.7015308067709,High
22.233303281958158,80.5339652213151,197.97777158648975,High
22.233303281958158,80.713628278139,193.14540690203515,High
22.233303281958158,81.34244897702267,216.5541498941746,High
22.233303281958158,81.70177509067048,227.735907934428,High
22.233303281958158,81.79160661908243,235.67975553719663,High
22.233303281958158,81.88143814749438,238.7194399547677,High
22.233303281958158,81.97126967590633,241.9067381626001,High
22.233303281958158,82.15093273273024,254.85429427917438,High
22.233303281958158,83.49840565890952,269.07094540731026,High
22.233303281958158,84.03739482938123,263.0010928438492,High
22.233303281958158,85.29503622714856,222.07934852679026,High
22.233303281958158,85.74419386920833,232.1637297354757,High
22.233303281958158,86.55267762491589,245.35782866777342,High
22.233303281958158,86.9120037385637,234.1651900263513,High
22.233303281958158,88.25947666474299,220.8997470208993,High
22.233303281958158,92.75105308534059,169.69969177268536,High
22.233303281958158,92.84088461375255,179.8411867935968,High
22.233303281958158,93.1103791989884,148.0379834698312,High
22.32313481037011,71.82030696535574,159.1326648027893,High
22.32313481037011,71.99997002217964,175.94045417606912,High
22.32313481037011,72.2694646074155,182.49913463923508,High
22.32313481037011,73.70676906200674,202.30299036635918,High
22.32313481037011,73.88643211883064,194.4074412939681,High
22.32313481037011,74.24575823247845,189.83426596220448,High
22.32313481037011,74.87457893136211,170.89809918877788,High
22.32313481037011,75.41356810183383,169.57266111227742,High
22.32313481037011,75.86272574389359,190.00897185615574,High
22.32313481037011,76.49154644277725,187.13906494558884,High
22.32313481037011,77.47969325530873,176.52956734917072,High
22.32313481037011,77.83901936895654,170.5655482480587,High
22.32313481037011,78.10851395419239,167.88785783712265,High
22.32313481037011,78.37800853942825,161.05868057951534,High
22.32313481037011,79.45598688037167,174.91618638917768,High
22.32313481037011,80.62379674972705,181.5163064197346,High
22.32313481037011,80.80345980655096,183.4382685662757,High
22.32313481037011,82.4204273179661,249.404508771824,High
22.32313481037011,82.60009037479,261.5339446942065,High
22.32313481037011,82.7797534316139,238.52653391265162,High
22.32313481037011,83.49840565890952,236.59412751341316,High
22.32313481037011,86.01368845444418,233.51880881626286,High
22.32313481037011,86.37301456809199,219.1852674707777,High
22.32313481037011,86.46284609650394,230.19550085934156,High
22.32313481037011,87.27132985221151,218.1537799857529,High
22.32313481037011,88.16964513633103,222.81935568411672,High
22.32313481037011,88.25947666474299,221.52582125122083,High
22.32313481037011,88.88829736362665,188.06026106849956,High
22.32313481037011,88.9781288920386,188.08952039737136,High
22.32313481037011,93.02054767057645,164.36539931604847,High
22.41296633878206,69.84401334029279,132.8423276241438,High
22.41296633878206,70.11350792552865,135.65868780214169,High
22.41296633878206,71.10165473806012,162.9477281994727,High
22.41296633878206,71.28131779488403,158.413606043974,High
22.41296633878206,71.37114932329598,167.63575101545595,High
22.41296633878206,71.46098085170793,162.7468380025979,High
22.41296633878206,71.55081238011988,169.62865749788085,High
22.41296633878206,72.44912766423941,169.80925124323116,High
22.41296633878206,73.07794836312307,211.59753417400398,High
22.41296633878206,73.25761141994698,222.47147999926287,High
22.41296633878206,75.59323115865773,167.78784808609603,High
22.41296633878206,75.68306268706968,174.68125359962988,High
22.41296633878206,76.49154644277725,190.18324858688226,High
22.41296633878206,77.56952478372068,163.32535211453526,High
22.41296633878206,77.65935631213263,167.4800371271344,High
22.41296633878206,78.2881770110163,175.61352579324515,High
22.41296633878206,78.73733465307606,151.87564092491746,High
22.41296633878206,78.82716618148801,137.87584824410774,High
22.41296633878206,79.00682923831191,166.41927463187758,High
22.41296633878206,79.81531299401948,183.47637059405352,High
22.41296633878206,80.3543021644912,194.18277375797703,High
22.41296633878206,80.5339652213151,183.98511580601766,High
22.41296633878206,80.80345980655096,190.30737371872,High
22.41296633878206,81.43228050543462,198.75792293296976,High
22.41296633878206,83.40857413049757,241.86618860245136,High
22.41296633878206,83.49840565890952,229.9673143048704,High
22.41296633878206,83.67806871573343,222.13309645540264,High
22.41296633878206,83.76790024414538,238.28950716559942,High
22.41296633878206,84.48655247144099,245.1887977184083,High
22.41296633878206,84.6662155282649,243.53057245796802,High
22.41296633878206,86.55267762491589,232.6549171066701,High
22.41296633878206,86.7323406817398,245.73997226937442,High
22.41296633878206,87.36116138062346,226.17027927587128,High
22.41296633878206,87.54082443744737,214.4311278587889,High
22.41296633878206,87.72048749427127,220.07040397440434,High
22.41296633878206,88.43913972156689,227.8005621545503,High
22.41296633878206,88.7984658352147,210.8393826541156,High
22.41296633878206,88.88829736362665,197.210493805058,High
22.502797867194012,70.29317098235255,133.7329743230996,High
22.502797867194012,70.92199168123622,149.93977547589583,High
22.502797867194012,71.10165473806012,147.13108065934645,High
22.502797867194012,71.55081238011988,165.22013600660557,High
22.502797867194012,71.91013849376769,166.6349713499988,High
22.502797867194012,72.2694646074155,168.32231056298835,High
22.502797867194012,72.44912766423941,169.56416611173566,High
22.502797867194012,72.53895919265136,168.67321152563807,High
22.502797867194012,73.79660059041869,186.11128904429296,High
22.502797867194012,74.69491587453821,177.06400144384142,High
22.502797867194012,76.31188338595335,193.39020351925814,High
22.502797867194012,76.49154644277725,191.0492223499789,High
22.502797867194012,76.76104102801311,178.93731582076413,High
22.502797867194012,77.21019867007287,168.47129199782424,High
22.502797867194012,78.55767159625215,173.13151922760326,High
22.502797867194012,79.27632382354777,164.18586527824704,High
22.502797867194012,79.63564993719558,167.81805772091596,High
22.502797867194012,80.3543021644912,184.8611555956177,High
22.502797867194012,80.44413369290315,191.9522386501688,High
22.502797867194012,82.60009037479,246.66162188499771,High
22.502797867194012,84.03739482938123,235.00672435470935,High
22.502797867194012,84.30688941461709,227.83156891988648,High
22.502797867194012,84.75604705667685,232.0998112148297,High
22.502797867194012,85.29503622714856,231.3981616695288,High
22.502797867194012,85.56453081238442,217.61234261199607,High
22.502797867194012,85.92385692603223,220.07257794138062,High
22.502797867194012,86.19335151126809,229.43149761530583,High
22.502797867194012,87.00183526697566,236.92897903310023,High
22.502797867194012,92.84088461375255,150.0099582321907,High
22.592629395605965,70.29317098235255,131.3205686137783,High
22.592629395605965,70.74232862441231,151.4135076358192,High
22.592629395605965,72.0898015505916,174.97281541325955,High
22.592629395605965,72.53895919265136,177.5707674951567,High
22.592629395605965,72.71862224947526,177.4281442019112,High
22.592629395605965,73.43727447677088,193.61310156559398,High
22.592629395605965,73.70676906200674,192.5203496135449,High
22.592629395605965,73.79660059041869,194.1303567105841,High
22.592629395605965,73.97626364724259,188.2959343378022,High
22.592629395605965,74.24575823247845,177.6122133238326,High
22.592629395605965,75.32373657342187,161.4281511093202,High
22.592629395605965,75.50339963024578,153.10032699752225,High
22.592629395605965,75.86272574389359,176.60056053932885,High
22.592629395605965,76.76104102801311,192.18949072974067,High
22.592629395605965,77.30003019848482,173.45617795285773,High
22.592629395605965,77.83901936895654,176.35031202928053,High
22.592629395605965,78.37800853942825,176.4142368023284,High
22.592629395605965,78.73733465307606,179.53430513884575,High
22.592629395605965,79.18649229513582,162.06999667080078,High
22.592629395605965,79.36615535195972,169.69226711086267,High
22.592629395605965,79.81531299401948,166.24177976283667,High
22.592629395605965,79.99497605084339,169.95362692019864,High
22.592629395605965,81.52211203384657,170.51586822846718,High
22.592629395605965,82.4204273179661,228.182661783138,High
22.592629395605965,83.04924801684976,235.1897265416348,High
22.592629395605965,84.12722635779319,234.36448771372582,High
22.592629395605965,84.57638399985295,221.06868304687924,High
22.592629395605965,85.74419386920833,234.99810003878434,High
22.592629395605965,85.83402539762028,236.5279030875979,High
22.592629395605965,85.92385692603223,224.93008334977907,High
22.592629395605965,86.01368845444418,233.70722621678,High
22.592629395605965,86.37301456809199,227.58329752370813,High
22.592629395605965,87.63065596585932,223.78083776086444,High
22.592629395605965,87.72048749427127,212.4222640486268,High
22.592629395605965,88.07981360791908,225.6986354707204,High
22.592629395605965,92.75105308534059,177.0814111237996,High
22.592629395605965,92.9307161421645,148.5837424138461,High
22.592629395605965,93.02054767057645,134.9362541899996,High
22.682460924017917,70.83216015282427,144.7410880967546,High
22.682460924017917,71.01182320964817,153.03437045620817,High
22.682460924017917,71.19148626647208,156.9916719735901,High
22.682460924017917,71.99997002217964,166.8042914851116,High
22.682460924017917,72.71862224947526,189.8765607678661,High
22.682460924017917,73.07794836312307,183.8384338345831,High
22.682460924017917,73.16777989153502,185.0144907087896,High
22.682460924017917,73.43727447677088,184.83271632370835,High
22.682460924017917,73.52710600518283,191.9981578982667,High
22.682460924017917,73.70676906200674,185.7376498691662,High
22.682460924017917,74.78474740295016,164.09892744046726,High
22.682460924017917,74.96441045977407,158.37129028248825,High
22.682460924017917,75.23390504500992,150.81168065702812,High
22.682460924017917,75.32373657342187,157.1755860580894,High
22.682460924017917,75.50339963024578,151.10366711687135,High
22.682460924017917,75.86272574389359,176.06760183305286,High
22.682460924017917,76.31188338595335,167.55854461872173,High
22.682460924017917,76.5813779711892,172.53609258729884,High
22.682460924017917,78.10851395419239,166.03442469552752,High
22.682460924017917,78.37800853942825,170.71613176218432,High
22.682460924017917,78.73733465307606,162.1702903926795,High
22.682460924017917,78.82716618148801,163.65409129194703,High
22.682460924017917,79.09666076672387,178.05732989231345,High
22.682460924017917,79.36615535195972,169.92119001498602,High
22.682460924017917,79.99497605084339,169.50914390327426,High
22.682460924017917,80.3543021644912,185.89270523824584,High
22.682460924017917,80.62379674972705,182.6037399778728,High
22.682460924017917,80.89329133496291,185.48954210045076,High
22.682460924017917,81.16278592019876,159.66322699498997,High
22.682460924017917,84.39672094302904,229.23108810818783,High
22.682460924017917,86.64250915332785,229.286086557546,High
22.682460924017917,87.98998207950713,226.896568242222,High
22.682460924017917,88.52897124997884,229.62013313026515,High
22.682460924017917,92.9307161421645,165.08421387845624,High
22.77229245242987,69.57451875505694,117.09672967550794,Moderate
22.77229245242987,71.19148626647208,155.49013159205373,High
22.77229245242987,71.55081238011988,169.4934565041476,High
22.77229245242987,72.35929613582745,179.736856683647,High
22.77229245242987,72.98811683471112,189.7508362633964,High
22.77229245242987,73.34744294835893,186.4870681704148,High
22.77229245242987,74.78474740295016,156.2828618737172,High
22.77229245242987,77.30003019848482,173.11467758099715,High
22.77229245242987,78.10851395419239,172.221623295987,High
22.77229245242987,79.00682923831191,174.87369615619158,High
22.77229245242987,79.45598688037167,173.11741860382924,High
22.77229245242987,79.99497605084339,173.6371281576673,High
22.77229245242987,80.08480757925534,180.47277608035168,High
22.77229245242987,80.17463910766729,173.94886129663206,High
22.77229245242987,80.3543021644912,177.63696654400522,High
22.77229245242987,80.80345980655096,170.7581189779862,High
22.77229245242987,82.06110120431829,202.31802574247544,High
22.77229245242987,82.68992190320195,231.31212378586608,High
22.77229245242987,83.04924801684976,209.4392516077841,High
22.77229245242987,85.11537317032466,225.66668637933458,High
22.77229245242987,85.20520469873661,212.491173738371,High
22.77229245242987,85.47469928397247,220.28843298485444,High
22.77229245242987,86.37301456809199,228.12178004333293,High
22.77229245242987,86.64250915332785,235.6928380699236,High
22.77229245242987,87.27132985221151,219.4381757556117,High
22.77229245242987,87.54082443744737,218.13398037800312,High
22.77229245242987,88.34930819315494,236.80731409360504,High
22.77229245242987,88.43913972156689,246.54823568398933,High
22.77229245242987,92.57139002851669,163.07932751505268,High
22.862123980841822,71.28131779488403,147.8248663505979,High
22.862123980841822,71.37114932329598,154.54305568060184,High
22.862123980841822,71.46098085170793,156.40654782020053,High
22.862123980841822,71.64064390853184,154.49713055364822,High
22.862123980841822,71.91013849376769,166.04883552765483,High
22.862123980841822,72.0898015505916,161.17131710861008,High
22.862123980841822,72.71862224947526,187.9077270394644,High
22.862123980841822,73.34744294835893,175.1066255716343,High
22.862123980841822,73.61693753359478,195.48069798224742,High
22.862123980841822,75.14407351659797,153.51344181999968,High
22.862123980841822,75.77289421548164,166.4522899177657,High
22.862123980841822,76.5813779711892,181.31553788198724,High
22.862123980841822,76.94070408483701,190.92380941032368,High
22.862123980841822,80.26447063607924,201.3854684889939,High
22.862123980841822,82.06110120431829,208.73312996507408,High
22.862123980841822,82.24076426114219,211.72328101055885,High
22.862123980841822,84.39672094302904,216.2469990821169,High
22.862123980841822,85.92385692603223,221.9987840209237,High
22.862123980841822,86.46284609650394,224.46073272773413,High
22.862123980841822,87.00183526697566,235.82316360696902,High
22.862123980841822,87.09166679538761,230.47577458926952,High
22.862123980841822,87.27132985221151,223.7730164240294,High
22.862123980841822,87.63065596585932,220.627766072858,High
22.862123980841822,87.72048749427127,212.09161001279926,High
22.862123980841822,88.34930819315494,238.6073886551953,High
22.862123980841822,88.43913972156689,234.32430291098214,High
22.862123980841822,88.61880277839079,234.17302466735208,High
22.862123980841822,88.70863430680275,226.36132182067243,High
22.951955509253775,69.03552958458522,96.58494480857236,Moderate
22.951955509253775,69.30502416982108,111.79112807102103,Moderate
22.951955509253775,69.39485569823303,120.49374326421628,High
22.951955509253775,71.46098085170793,152.21876867824835,High
22.951955509253775,71.64064390853184,152.80665295239052,High
22.951955509253775,71.82030696535574,165.60829112067574,High
22.951955509253775,72.80845377788721,195.25358170622093,High
22.951955509253775,73.16777989153502,186.0286258348717,High
22.951955509253775,73.88643211883064,183.95669909104345,High
22.951955509253775,74.06609517565454,179.9797162855309,High
22.951955509253775,74.42542128930235,169.04484723277156,High
22.951955509253775,74.87457893136211,166.32921568491372,High
22.951955509253775,75.32373657342187,161.74576704802183,High
22.951955509253775,75.68306268706968,149.0099864207819,High
22.951955509253775,75.86272574389359,155.70588366343443,High
22.951955509253775,77.03053561324897,173.09442623916917,High
22.951955509253775,77.30003019848482,187.6168923638281,High
22.951955509253775,77.38986172689677,191.91386462256784,High
22.951955509253775,78.10851395419239,163.71101000019698,High
22.951955509253775,78.82716618148801,166.02110603908207,High
22.951955509253775,79.54581840878363,164.46498765275612,High
22.951955509253775,80.17463910766729,191.28931118933866,High
22.951955509253775,81.43228050543462,175.8765935677538,High
22.951955509253775,81.88143814749438,218.35780128557607,High
22.951955509253775,82.15093273273024,217.10258459747052,High
22.951955509253775,82.7797534316139,200.21523637232292,High
22.951955509253775,83.58823718732147,194.2203220472247,High
22.951955509253775,83.85773177255733,208.6629775834312,High
22.951955509253775,83.94756330096928,209.00315589916238,High
22.951955509253775,84.57638399985295,210.47792124172625,High
22.951955509253775,85.38486775556052,208.4919303334117,High
22.951955509253775,85.74419386920833,219.29151289022118,High
22.951955509253775,86.01368845444418,225.62836447363816,High
22.951955509253775,86.19335151126809,224.8974460178855,High
22.951955509253775,86.28318303968004,230.9010530677401,High
22.951955509253775,86.37301456809199,219.99636408825572,High
22.951955509253775,87.81031902268322,221.30459951348172,High
22.951955509253775,87.90015055109518,219.98210182924228,High
22.951955509253775,88.34930819315494,246.30873682287864,High
22.951955509253775,92.75105308534059,152.89757052828617,High
22.951955509253775,92.9307161421645,162.63973595776736,High
23.041787037665724,69.66435028346889,125.25904406756875,High
23.041787037665724,71.01182320964817,140.13558654054358,High
23.041787037665724,71.28131779488403,144.35619400666008,High
23.041787037665724,71.37114932329598,143.5518279940263,High
23.041787037665724,71.55081238011988,148.85218767943067,High
23.041787037665724,71.73047543694379,150.77414270090355,High
23.041787037665724,71.91013849376769,158.7180259890733,High
23.041787037665724,72.44912766423941,187.454963761872,High
23.041787037665724,72.62879072106331,199.88210428228305,High
23.041787037665724,72.71862224947526,205.3706283219439,High
23.041787037665724,73.88643211883064,180.66891467512087,High
23.041787037665724,75.32373657342187,153.76565032338004,High
23.041787037665724,75.50339963024578,153.8603220868588,High
23.041787037665724,78.19834548260434,169.77414750637567,High
23.041787037665724,78.55767159625215,156.68456490181828,High
23.041787037665724,79.00682923831191,164.17052574065596,High
23.041787037665724,80.17463910766729,184.29627730955536,High
23.041787037665724,80.62379674972705,176.10017783778085,High
23.041787037665724,81.07295439178681,167.905611729759,High
23.041787037665724,82.68992190320195,209.5008953560948,High
23.041787037665724,83.04924801684976,204.12289438356152,High
23.041787037665724,83.40857413049757,190.16172703151614,High
23.041787037665724,83.49840565890952,179.90619023975572,High
23.041787037665724,84.6662155282649,212.28784658843637,High
23.041787037665724,85.65436234079637,239.3242174644201,High
23.041787037665724,86.01368845444418,234.05002603885882,High
23.041787037665724,86.19335151126809,225.48251470739544,High
23.041787037665724,86.55267762491589,226.6612631886349,High
23.041787037665724,87.54082443744737,222.9635722352037,High
23.041787037665724,88.07981360791908,218.10736386622676,High
23.041787037665724,93.02054767057645,144.10057101339603,High
23.131618566077677,68.94569805617327,85.82001817141148,Moderate
23.131618566077677,69.03552958458522,90.5554999722998,Moderate
23.131618566077677,69.48468722664498,112.42688014428776,Moderate
23.131618566077677,71.01182320964817,132.85340942773226,High
23.131618566077677,71.73047543694379,143.93948761481712,High
23.131618566077677,71.91013849376769,163.87099917579428,High
23.131618566077677,73.34744294835893,170.9240779737898,High
23.131618566077677,73.88643211883064,179.4259826637491,High
23.131618566077677,74.1559267040665,165.46166003418267,High
23.131618566077677,74.96441045977407,150.40739163815437,High
23.131618566077677,76.85087255642506,156.48059639518104,High
23.131618566077677,77.03053561324897,164.09320843779471,High
23.131618566077677,77.65935631213263,168.7943951831091,High
23.131618566077677,77.92885089736849,175.36771066793912,High
23.131618566077677,79.09666076672387,166.55738138805455,High
23.131618566077677,79.99497605084339,183.31234514783338,High
23.131618566077677,81.16278592019876,180.71022516191428,High
23.131618566077677,81.25261744861072,177.05331232701062,High
23.131618566077677,82.24076426114219,205.8692018143407,High
23.131618566077677,82.95941648843781,198.0454888965343,High
23.131618566077677,83.04924801684976,204.37319458318797,High
23.131618566077677,84.21705788620514,176.98898207009486,High
23.131618566077677,85.11537317032466,189.12645627878229,High
23.131618566077677,85.83402539762028,233.40105288794467,High
23.131618566077677,85.92385692603223,231.55925812222185,High
23.131618566077677,86.01368845444418,225.7411227306672,High
23.131618566077677,86.64250915332785,221.18589009836688,High
23.131618566077677,88.70863430680275,219.42377376219844,High
23.131618566077677,93.20021072740035,144.5830484170037,High
23.131618566077677,93.29004225581231,136.41715881969668,High
23.22145009448963,68.58637194252546,94.7039934151046,Moderate
23.22145009448963,69.30502416982108,102.6389074230538,Moderate
23.22145009448963,69.39485569823303,112.60223762209768,Moderate
23.22145009448963,71.55081238011988,122.17905878255793,High
23.22145009448963,73.61693753359478,167.24974277532178,High
23.22145009448963,74.42542128930235,180.4835412695987,High
23.22145009448963,75.32373657342187,155.08506326804,High
23.22145009448963,75.59323115865773,156.08704354810067,High
23.22145009448963,77.30003019848482,178.94339134982437,High
23.22145009448963,77.65935631213263,169.64341163096674,High
23.22145009448963,77.74918784054458,170.90054777739866,High
23.22145009448963,79.18649229513582,177.1929472643903,High
23.22145009448963,79.27632382354777,181.3712950778638,High
23.22145009448963,80.44413369290315,175.7783281668982,High
23.22145009448963,80.5339652213151,179.5442733074866,High
23.22145009448963,81.97126967590633,193.59807628593785,High
23.22145009448963,82.33059578955414,202.96166415533725,High
23.22145009448963,82.68992190320195,188.0455465905012,High
23.22145009448963,82.86958496002586,193.78433255263118,High
23.22145009448963,82.95941648843781,188.16012056755503,High
23.22145009448963,83.85773177255733,169.6135115080666,High
23.22145009448963,83.94756330096928,171.70496151059766,High
23.22145009448963,84.03739482938123,182.48604347607412,High
23.22145009448963,84.12722635779319,184.763334545948,High
23.22145009448963,85.29503622714856,196.56912838910125,High
23.22145009448963,85.56453081238442,223.28485070783168,High
23.22145009448963,85.65436234079637,234.98924385557515,High
23.22145009448963,88.34930819315494,217.7411410400688,High
23.22145009448963,91.49341168757326,178.087783310897,High
23.22145009448963,91.76290627280912,178.54330541868686,High
23.22145009448963,92.57139002851669,145.6128040523172,High
23.311281622901582,68.76603499934937,102.71042921207952,Moderate
23.311281622901582,69.75418181188084,123.72507503557857,High
23.311281622901582,71.46098085170793,112.62365483859044,Moderate
23.311281622901582,71.82030696535574,145.95171704582827,High
23.311281622901582,71.99997002217964,144.8031800088687,High
23.311281622901582,72.44912766423941,183.00047514501776,High
23.311281622901582,73.52710600518283,175.4311591454212,High
23.311281622901582,73.79660059041869,166.74795083070086,High
23.311281622901582,74.1559267040665,177.26340654689838,High
23.311281622901582,75.41356810183383,152.0289127205442,High
23.311281622901582,76.5813779711892,162.43399936837102,High
23.311281622901582,77.92885089736849,172.8614151821257,High
23.311281622901582,78.10851395419239,163.39748783025718,High
23.311281622901582,78.6475031246641,178.30799594387247,High
23.311281622901582,79.00682923831191,174.2904861937345,High
23.311281622901582,79.63564993719558,168.25139252112396,High
23.311281622901582,79.90514452243143,167.09023854040032,High
23.311281622901582,80.17463910766729,172.64384505419127,High
23.311281622901582,80.44413369290315,162.07271479683266,High
23.311281622901582,80.5339652213151,175.58070455537955,High
23.311281622901582,80.80345980655096,184.95651601536812,High
23.311281622901582,80.89329133496291,192.5917736975389,High
23.311281622901582,81.43228050543462,194.59153009538213,High
23.311281622901582,81.70177509067048,194.33703974351212,High
23.311281622901582,81.97126967590633,184.71336154370772,High
23.311281622901582,82.15093273273024,195.67217346667803,High
23.311281622901582,84.30688941461709,182.5851593397408,High
23.311281622901582,84.93571011350076,203.50584567621559,High
23.311281622901582,85.20520469873661,182.7569611104801,High
23.311281622901582,85.38486775556052,200.95432227291113,High
23.311281622901582,85.47469928397247,207.54839989101887,High
23.311281622901582,85.74419386920833,233.33664182024344,High
23.311281622901582,86.19335151126809,218.09097024450088,High
23.311281622901582,86.28318303968004,220.28239244063107,High
23.311281622901582,86.55267762491589,235.77086752148048,High
23.311281622901582,87.00183526697566,233.00463070350014,High
23.311281622901582,87.54082443744737,222.4818333992823,High
23.311281622901582,93.1103791989884,144.0162140386739,High
23.311281622901582,93.20021072740035,143.8796733404068,High
23.311281622901582,93.29004225581231,146.41743535161316,High
23.401113151313535,68.58637194252546,89.96639410277113,Moderate
23.401113151313535,70.38300251076451,131.75760207630444,High
23.401113151313535,70.47283403917646,129.62870290903,High
23.401113151313535,70.74232862441231,124.09922862223303,High
23.401113151313535,71.64064390853184,137.68418628773932,High
23.401113151313535,71.82030696535574,157.33883002765418,High
23.401113151313535,72.17963307900355,164.4415410832021,High
23.401113151313535,72.2694646074155,165.39919651408024,High
23.401113151313535,73.07794836312307,173.57464177914596,High
23.401113151313535,73.16777989153502,169.28474511698278,High
23.401113151313535,73.79660059041869,173.21596471144363,High
23.401113151313535,74.24575823247845,166.03895916559298,High
23.401113151313535,74.51525281771431,168.424623550505,High
23.401113151313535,74.87457893136211,159.9375102395737,High
23.401113151313535,75.68306268706968,149.92385197223447,High
23.401113151313535,75.77289421548164,153.32698740906227,High
23.401113151313535,75.86272574389359,151.29793478154716,High
23.401113151313535,77.21019867007287,163.663378381562,High
23.401113151313535,77.74918784054458,177.98620511398818,High
23.401113151313535,79.00682923831191,168.04587141806266,High
23.401113151313535,79.36615535195972,178.5689534231715,High
23.401113151313535,80.3543021644912,168.2413513296247,High
23.401113151313535,80.5339652213151,181.7581550914635,High
23.401113151313535,80.713628278139,176.77842110422912,High
23.401113151313535,80.98312286337486,188.82089977082973,High
23.401113151313535,81.97126967590633,181.04485028109917,High
23.401113151313535,82.4204273179661,184.35820107753568,High
23.401113151313535,82.68992190320195,175.66429470147762,High
23.401113151313535,83.04924801684976,200.07590301184268,High
23.401113151313535,83.31874260208562,200.15481536819456,High
23.401113151313535,83.49840565890952,198.6042390047876,High
23.401113151313535,83.58823718732147,166.5012593358943,High
23.401113151313535,85.11537317032466,172.70721917203784,High
23.401113151313535,85.65436234079637,214.85124936981452,High
23.401113151313535,85.83402539762028,233.62429695472503,High
23.401113151313535,87.00183526697566,221.7566993514123,High
23.401113151313535,87.54082443744737,229.4483146437344,High
23.401113151313535,87.63065596585932,232.861569060492,High
23.401113151313535,88.07981360791908,216.38955056277024,High
23.401113151313535,92.75105308534059,138.84083396873666,High
23.401113151313535,92.84088461375255,146.78686947711802,High
23.490944679725487,69.75418181188084,113.69281263748321,Moderate
23.490944679725487,69.84401334029279,104.66093143216695,Moderate
23.490944679725487,71.55081238011988,130.29669133483628,High
23.490944679725487,71.64064390853184,139.031366798141,High
23.490944679725487,72.44912766423941,165.0077506790304,High
23.490944679725487,72.89828530629917,171.1337288622253,High
23.490944679725487,73.61693753359478,171.40999516978528,High
23.490944679725487,74.1559267040665,166.94175007242072,High
23.490944679725487,74.60508434612626,184.89747457967974,High
23.490944679725487,74.69491587453821,164.24814204310584,High
23.490944679725487,75.14407351659797,147.96367069529285,High
23.490944679725487,75.23390504500992,147.5085674754548,High
23.490944679725487,76.13222032912944,150.7766894194842,High
23.490944679725487,76.4017149143653,160.60942950614398,High
23.490944679725487,76.49154644277725,156.24751881774202,High
23.490944679725487,77.38986172689677,173.37692491311807,High
23.490944679725487,77.56952478372068,171.7864125269782,High
23.490944679725487,77.74918784054458,177.65181009045824,High
23.490944679725487,78.37800853942825,165.9763240072744,High
23.490944679725487,79.00682923831191,175.13527092638037,High
23.490944679725487,79.09666076672387,172.8732002836253,High
23.490944679725487,79.27632382354777,180.62962450800887,High
23.490944679725487,79.72548146560753,177.33206618822194,High
23.490944679725487,79.90514452243143,167.70990421108513,High
23.490944679725487,79.99497605084339,173.6213635794771,High
23.490944679725487,80.17463910766729,169.60995976348275,High
23.490944679725487,80.62379674972705,184.51987495717046,High
23.490944679725487,80.98312286337486,183.3100426702614,High
23.490944679725487,81.61194356225853,197.26835279501574,High
23.490944679725487,81.70177509067048,180.53979767989944,High
23.490944679725487,82.33059578955414,157.09368512570623,High
23.490944679725487,82.4204273179661,166.29562657275278,High
23.490944679725487,82.68992190320195,192.3363739166372,High
23.490944679725487,83.49840565890952,183.06858491432558,High
23.490944679725487,83.94756330096928,180.09394567380528,High
23.490944679725487,84.93571011350076,195.32933097409642,High
23.490944679725487,85.20520469873661,190.70539619965805,High
23.490944679725487,87.09166679538761,239.77710199733085,High
23.490944679725487,87.54082443744737,238.3698607941144,High
23.490944679725487,88.52897124997884,222.95347718056388,High
23.490944679725487,88.61880277839079,219.1485282013167,High
23.490944679725487,92.48155850010474,157.03240521119616,High
23.58077620813744,68.49654041411351,94.88448624216464,Moderate
23.58077620813744,70.83216015282427,129.5251542361604,High
23.58077620813744,71.91013849376769,152.16563732414386,High
23.58077620813744,71.99997002217964,145.5471697879327,High
23.58077620813744,72.0898015505916,150.00902802061742,High
23.58077620813744,72.71862224947526,169.4778619035946,High
23.58077620813744,73.34744294835893,167.87114994434324,High
23.58077620813744,73.43727447677088,168.35221327569442,High
23.58077620813744,74.1559267040665,174.04471920021052,High
23.58077620813744,75.68306268706968,158.46732175463274,High
23.58077620813744,76.13222032912944,144.70229651759658,High
23.58077620813744,76.49154644277725,159.9947445949241,High
23.58077620813744,76.5813779711892,150.5140775909897,High
23.58077620813744,76.67120949960116,147.988486868381,High
23.58077620813744,77.65935631213263,167.65636504258532,High
23.58077620813744,77.83901936895654,173.21403462752573,High
23.58077620813744,77.92885089736849,154.27067195392328,High
23.58077620813744,78.37800853942825,165.41433162498956,High
23.58077620813744,80.26447063607924,176.09934391262934,High
23.58077620813744,80.5339652213151,192.37582317542143,High
23.58077620813744,81.07295439178681,192.2046731223181,High
23.58077620813744,81.34244897702267,190.9621282315547,High
23.58077620813744,81.61194356225853,189.83789559784248,High
23.58077620813744,82.95941648843781,186.58193057949887,High
23.58077620813744,83.22891107367366,195.68857344921574,High
23.58077620813744,83.67806871573343,178.84086396556862,High
23.58077620813744,84.21705788620514,183.06074211232337,High
23.58077620813744,84.39672094302904,194.82829686133812,High
23.58077620813744,84.48655247144099,186.29182159623682,High
23.58077620813744,84.6662155282649,187.5028432591108,High
23.58077620813744,85.56453081238442,224.9125369585414,High
23.58077620813744,86.01368845444418,233.2187869659217,High
23.58077620813744,88.61880277839079,221.14022891533315,High
23.58077620813744,91.31374863074936,183.880832019812,High
23.58077620813744,91.94256932963302,179.9295497473119,High
23.58077620813744,93.02054767057645,147.40310969626967,High
23.67060773654939,69.12536111299718,101.37164078336784,Moderate
23.67060773654939,69.39485569823303,117.01155594861682,Moderate
23.67060773654939,69.48468722664498,119.1948311801185,Moderate
23.67060773654939,69.57451875505694,107.56048295159721,Moderate
23.67060773654939,69.66435028346889,111.45215660457113,Moderate
23.67060773654939,70.83216015282427,129.27431197431216,High
23.67060773654939,71.46098085170793,138.66708609596685,High
23.67060773654939,71.82030696535574,134.3051848505628,High
23.67060773654939,71.99997002217964,145.69655619437435,High
23.67060773654939,73.43727447677088,160.6691073843949,High
23.67060773654939,73.52710600518283,156.77375915261132,High
23.67060773654939,74.78474740295016,152.75091007374087,High
23.67060773654939,75.14407351659797,147.7672516183978,High
23.67060773654939,76.13222032912944,150.3846918395854,High
23.67060773654939,77.21019867007287,154.0460443888255,High
23.67060773654939,77.30003019848482,151.93568231397896,High
23.67060773654939,79.27632382354777,172.95430286314556,High
23.67060773654939,79.90514452243143,175.98680919415037,High
23.67060773654939,80.713628278139,178.7384696147153,High
23.67060773654939,81.61194356225853,196.01007641452185,High
23.67060773654939,83.58823718732147,202.76135925411242,High
23.67060773654939,84.21705788620514,184.71599873016606,High
23.67060773654939,84.75604705667685,197.0567178344752,High
23.67060773654939,86.37301456809199,254.19288337019364,High
23.67060773654939,86.82217221015175,241.824003681873,High
23.67060773654939,87.00183526697566,249.49295999206862,High
23.67060773654939,87.90015055109518,219.46288200399798,High
23.67060773654939,92.21206391486888,162.43460309231756,High
23.67060773654939,92.57139002851669,127.0041329651586,High
23.76043926496134,68.94569805617327,87.47883675801229,Moderate
23.76043926496134,69.30502416982108,78.5046866166835,Low
23.76043926496134,69.39485569823303,96.10952764849472,Moderate
23.76043926496134,69.75418181188084,107.54370826518776,Moderate
23.76043926496134,69.84401334029279,112.15349256415058,Moderate
23.76043926496134,71.46098085170793,131.59224382683234,High
23.76043926496134,72.0898015505916,144.355983145211,High
23.76043926496134,72.17963307900355,149.98038495951033,High
23.76043926496134,72.35929613582745,152.0786243574488,High
23.76043926496134,74.06609517565454,162.35419749677135,High
23.76043926496134,76.49154644277725,151.48309658479565,High
23.76043926496134,78.10851395419239,168.95570571215566,High
23.76043926496134,78.55767159625215,159.23596495479123,High
23.76043926496134,78.6475031246641,162.6477402266238,High
23.76043926496134,78.82716618148801,167.67230732495457,High
23.76043926496134,79.00682923831191,169.2264804715447,High
23.76043926496134,79.45598688037167,170.22022200266963,High
23.76043926496134,79.81531299401948,164.39023796749387,High
23.76043926496134,80.89329133496291,179.55858956347046,High
23.76043926496134,81.70177509067048,181.95445162195986,High
23.76043926496134,81.79160661908243,174.32797541958922,High
23.76043926496134,81.88143814749438,186.44861367319808,High
23.76043926496134,82.60009037479,196.1859840779621,High
23.76043926496134,82.7797534316139,205.53116938332255,High
23.76043926496134,83.13907954526171,201.79948141123148,High
23.76043926496134,83.22891107367366,196.61342482946685,High
23.76043926496134,84.21705788620514,214.82580921219198,High
23.76043926496134,84.6662155282649,187.99212296377868,High
23.76043926496134,86.64250915332785,236.10970529248016,High
23.76043926496134,87.00183526697566,229.74861796682714,High
23.76043926496134,87.27132985221151,247.07898826774658,High
23.76043926496134,87.72048749427127,225.3130191598241,High
23.76043926496134,87.98998207950713,220.0453384483264,High
23.76043926496134,91.58324321598522,186.04589552560668,High
23.76043926496134,91.76290627280912,170.449311313384,High
23.76043926496134,92.12223238645693,167.63164607111256,High
23.76043926496134,92.66122155692864,155.58507510549904,High
23.76043926496134,92.75105308534059,144.70527243683952,High
23.76043926496134,92.84088461375255,154.96057833347473,High
23.850270793373294,69.75418181188084,91.70496875420913,Moderate
23.850270793373294,70.83216015282427,112.57455354675793,Moderate
23.850270793373294,72.53895919265136,146.31733890676006,High
23.850270793373294,72.89828530629917,141.94820922536422,High
23.850270793373294,73.97626364724259,165.78130015496686,High
23.850270793373294,74.60508434612626,167.49762039342554,High
23.850270793373294,75.23390504500992,158.4088243304581,High
23.850270793373294,75.86272574389359,152.42186782552002,High
23.850270793373294,76.04238880071749,147.35214655750113,High
23.850270793373294,77.03053561324897,138.89543348914611,High
23.850270793373294,77.47969325530873,157.06054349157802,High
23.850270793373294,77.74918784054458,152.25247214012836,High
23.850270793373294,79.18649229513582,167.53869271646093,High
23.850270793373294,79.36615535195972,166.1658456867978,High
23.850270793373294,79.99497605084339,169.15481174416487,High
23.850270793373294,80.17463910766729,182.71103262951442,High
23.850270793373294,80.3543021644912,183.4527017396721,High
23.850270793373294,80.44413369290315,186.7642085953679,High
23.850270793373294,81.07295439178681,193.4377152381749,High
23.850270793373294,81.52211203384657,187.8236091820486,High
23.850270793373294,81.70177509067048,177.22881127398458,High
23.850270793373294,82.15093273273024,190.6408967643079,High
23.850270793373294,83.22891107367366,210.56429891286956,High
23.850270793373294,83.94756330096928,208.6494528828325,High
23.850270793373294,84.21705788620514,216.07288234176974,High
23.850270793373294,84.39672094302904,210.38965759531513,High
23.850270793373294,84.48655247144099,201.03603304789016,High
23.850270793373294,85.92385692603223,243.17722966379458,High
23.850270793373294,86.01368845444418,233.75588239800743,High
23.850270793373294,86.19335151126809,245.24440641716825,High
23.850270793373294,86.46284609650394,231.82618111694217,High
23.850270793373294,86.55267762491589,235.1304668873628,High
23.850270793373294,87.63065596585932,230.34672719332744,High
23.850270793373294,87.81031902268322,217.9487813769548,High
23.850270793373294,91.31374863074936,205.99594256379447,High
23.850270793373294,91.40358015916131,206.0962373075833,High
23.850270793373294,91.76290627280912,163.11694246882277,High
23.850270793373294,92.84088461375255,169.9694250479133,High
23.940102321785247,72.62879072106331,142.66984746037423,High
23.940102321785247,73.70676906200674,164.92055783075855,High
23.940102321785247,74.1559267040665,177.92886672385453,High
23.940102321785247,74.69491587453821,161.34269875456846,High
23.940102321785247,74.87457893136211,143.7450471666628,High
23.940102321785247,75.14407351659797,146.1453486017832,High
23.940102321785247,75.59323115865773,142.71361731494457,High
23.940102321785247,75.68306268706968,139.83099604374866,High
23.940102321785247,76.13222032912944,158.29216078159126,High
23.940102321785247,76.94070408483701,157.442767650202,High
23.940102321785247,77.38986172689677,156.01375779536335,High
23.940102321785247,78.82716618148801,162.49703487041614,High
23.940102321785247,79.54581840878363,161.1871602663865,High
23.940102321785247,79.63564993719558,170.96352284451484,High
23.940102321785247,79.90514452243143,170.91023956302064,High
23.940102321785247,80.26447063607924,170.60423362671278,High
23.940102321785247,80.98312286337486,173.7874430759534,High
23.940102321785247,81.16278592019876,185.62533841858615,High
23.940102321785247,81.52211203384657,183.7073833013563,High
23.940102321785247,81.61194356225853,191.49448616323144,High
23.940102321785247,82.24076426114219,195.00255305599484,High
23.940102321785247,82.60009037479,194.56907287930332,High
23.940102321785247,82.68992190320195,183.9838079566223,High
23.940102321785247,84.03739482938123,221.56620545791708,High
23.940102321785247,84.48655247144099,204.12642951652217,High
23.940102321785247,84.75604705667685,193.53815812972118,High
23.940102321785247,84.8458785850888,181.6264386548593,High
23.940102321785247,85.29503622714856,198.89357430634448,High
23.940102321785247,85.47469928397247,193.49440755455288,High
23.940102321785247,86.19335151126809,221.64066270275876,High
23.940102321785247,86.28318303968004,216.97790649707713,High
23.940102321785247,86.7323406817398,240.21209756602175,High
23.940102321785247,87.63065596585932,222.3688478222845,High
23.940102321785247,87.81031902268322,220.17295333196168,High
23.940102321785247,92.48155850010474,168.42845512175674,High
23.940102321785247,92.66122155692864,174.54608244328566,High
24.0299338501972,72.35929613582745,145.91323192562666,High
24.0299338501972,73.07794836312307,143.63499850118484,High
24.0299338501972,75.05424198818602,137.80296468294833,High
24.0299338501972,75.50339963024578,145.99640952330276,High
24.0299338501972,75.77289421548164,159.407351008433,High
24.0299338501972,76.67120949960116,158.13466743682562,High
24.0299338501972,76.76104102801311,162.50237548858675,High
24.0299338501972,77.12036714166092,155.33861326911054,High
24.0299338501972,78.4678400678402,158.3914517358571,High
24.0299338501972,79.45598688037167,162.9055555043355,High
24.0299338501972,79.99497605084339,183.6796189518993,High
24.0299338501972,80.5339652213151,188.17857187955036,High
24.0299338501972,80.98312286337486,190.60810512343394,High
24.0299338501972,81.79160661908243,187.83051250486568,High
24.0299338501972,81.97126967590633,215.49062144857328,High
24.0299338501972,82.4204273179661,199.5769785696772,High
24.0299338501972,83.40857413049757,213.5571281397748,High
24.0299338501972,84.03739482938123,226.73353490321597,High
24.0299338501972,84.93571011350076,189.78455569667796,High
24.0299338501972,86.46284609650394,232.27653272746036,High
24.0299338501972,86.7323406817398,229.773689551094,High
24.0299338501972,87.00183526697566,228.73110711647342,High
24.0299338501972,88.34930819315494,226.30420625625055,High
24.0299338501972,92.66122155692864,166.55743640088636,High
24.0299338501972,93.46970531263621,143.3066661272493,High
24.119765378609152,69.39485569823303,100.71451108668404,Moderate
24.119765378609152,69.48468722664498,105.09634106504683,Moderate
24.119765378609152,71.99997002217964,151.80501645898403,High
24.119765378609152,72.71862224947526,149.03897246040896,High
24.119765378609152,73.61693753359478,158.75980941830738,High
24.119765378609152,73.70676906200674,156.38494432093808,High
24.119765378609152,74.06609517565454,153.63274473352732,High
24.119765378609152,74.1559267040665,163.7813604317347,High
24.119765378609152,74.3355897608904,155.56120969189533,High
24.119765378609152,74.78474740295016,148.1871657251692,High
24.119765378609152,75.68306268706968,148.70516239845085,High
24.119765378609152,75.95255727230554,149.39163410769072,High
24.119765378609152,76.4017149143653,149.44839451657003,High
24.119765378609152,78.19834548260434,157.78672165563776,High
24.119765378609152,78.2881770110163,160.9967693517539,High
24.119765378609152,79.18649229513582,184.5839361166025,High
24.119765378609152,79.45598688037167,157.22057991808376,High
24.119765378609152,79.63564993719558,161.88891171412726,High
24.119765378609152,79.81531299401948,173.00290042586855,High
24.119765378609152,80.08480757925534,197.9456429887565,High
24.119765378609152,80.44413369290315,181.01382241941823,High
24.119765378609152,81.79160661908243,192.2308157653366,High
24.119765378609152,81.88143814749438,198.73927950831165,High
24.119765378609152,83.04924801684976,194.80053841233763,High
24.119765378609152,84.12722635779319,211.4467163445547,High
24.119765378609152,84.48655247144099,199.05452515262863,High
24.119765378609152,84.75604705667685,197.34336093825056,High
24.119765378609152,85.74419386920833,210.08247363677637,High
24.119765378609152,85.83402539762028,216.3010067744011,High
24.119765378609152,86.64250915332785,226.9837756209144,High
24.119765378609152,86.9120037385637,225.54389513897615,High
24.119765378609152,87.27132985221151,217.50762210628645,High
24.119765378609152,87.36116138062346,220.53611426833987,High
24.119765378609152,88.16964513633103,217.6350858176813,High
24.119765378609152,88.34930819315494,225.1624108750925,High
24.119765378609152,92.39172697169278,172.37091932453458,High
24.119765378609152,92.84088461375255,160.1060850578441,High
24.119765378609152,92.9307161421645,154.15313577978313,High
24.119765378609152,93.73919989787207,128.12941825992186,High
24.119765378609152,93.91886295469597,136.44644163053636,High
24.209596907021105,69.12536111299718,113.01289271256384,Moderate
24.209596907021105,71.46098085170793,125.77637400209541,High
24.209596907021105,71.91013849376769,137.51955915974833,High
24.209596907021105,72.0898015505916,137.7513552998961,High
24.209596907021105,72.2694646074155,144.94544026539958,High
24.209596907021105,72.53895919265136,132.33070587237313,High
24.209596907021105,72.62879072106331,140.2146559371631,High
24.209596907021105,73.34744294835893,153.56925652731866,High
24.209596907021105,73.70676906200674,160.40569377627398,High
24.209596907021105,75.86272574389359,151.99508757702222,High
24.209596907021105,76.67120949960116,158.43697964942382,High
24.209596907021105,76.94070408483701,154.22289904849148,High
24.209596907021105,77.83901936895654,153.88150620175793,High
24.209596907021105,78.91699770989996,172.07967453884467,High
24.209596907021105,79.00682923831191,173.13056352931264,High
24.209596907021105,79.90514452243143,171.00575874613818,High
24.209596907021105,80.17463910766729,183.41345969343337,High
24.209596907021105,80.44413369290315,183.3199448975297,High
24.209596907021105,81.70177509067048,187.49229534791,High
24.209596907021105,81.97126967590633,198.66191316972154,High
24.209596907021105,83.22891107367366,204.75363402309978,High
24.209596907021105,83.85773177255733,224.6416857040869,High
24.209596907021105,83.94756330096928,222.991193473901,High
24.209596907021105,84.6662155282649,213.5579643578921,High
24.209596907021105,85.38486775556052,200.44053336733862,High
24.209596907021105,85.74419386920833,205.379452021315,High
24.209596907021105,86.10351998285613,214.13887714572505,High
24.209596907021105,86.28318303968004,228.3161661578813,High
24.209596907021105,86.46284609650394,217.8781614547143,High
24.209596907021105,87.09166679538761,220.71126232517597,High
24.209596907021105,87.18149832379956,227.1029333258467,High
24.209596907021105,87.45099290903542,230.6717088835025,High
24.209596907021105,87.54082443744737,224.54023338295514,High
24.209596907021105,92.30189544328083,166.5925342332982,High
24.209596907021105,92.57139002851669,164.98665137806955,High
24.209596907021105,92.66122155692864,162.10691751522432,High
24.209596907021105,93.29004225581231,142.67598855915531,High
24.209596907021105,93.73919989787207,133.24583316953652,High
24.209596907021105,93.91886295469597,143.9862561148888,High
24.299428435433057,74.42542128930235,160.92126364966904,High
24.299428435433057,74.60508434612626,168.52568638905439,High
24.299428435433057,75.23390504500992,151.3383025211985,High
24.299428435433057,76.13222032912944,151.5802745407334,High
24.299428435433057,76.76104102801311,157.33661614985022,High
24.299428435433057,76.85087255642506,157.9840109936346,High
24.299428435433057,77.21019867007287,149.0608830950602,High
24.299428435433057,77.30003019848482,145.3648050286649,High
24.299428435433057,78.10851395419239,158.40757693634382,High
24.299428435433057,78.19834548260434,156.97301918962404,High
24.299428435433057,78.2881770110163,152.77131812025854,High
24.299428435433057,78.73733465307606,165.96040368492766,High
24.299428435433057,79.18649229513582,169.44356331806097,High
24.299428435433057,80.17463910766729,178.18577972036258,High
24.299428435433057,80.713628278139,186.6480641243977,High
24.299428435433057,82.24076426114219,198.7181275832816,High
24.299428435433057,82.60009037479,200.80358287245937,High
24.299428435433057,82.7797534316139,194.8566658887756,High
24.299428435433057,83.67806871573343,210.04245632339223,High
24.299428435433057,84.48655247144099,205.58823637347012,High
24.299428435433057,84.75604705667685,221.39560459552519,High
24.299428435433057,85.74419386920833,224.61732383926253,High
24.299428435433057,85.92385692603223,214.8061467476011,High
24.299428435433057,86.01368845444418,211.263167148772,High
24.299428435433057,86.10351998285613,213.13734949743576,High
24.299428435433057,86.9120037385637,220.9823641969584,High
24.299428435433057,87.72048749427127,222.4099498888079,High
24.299428435433057,87.98998207950713,216.7405383034892,High
24.299428435433057,88.61880277839079,212.6273993077961,High
24.389259963845006,72.53895919265136,131.15156408267976,High
24.389259963845006,72.62879072106331,144.91425293063824,High
24.389259963845006,72.98811683471112,144.6894248784333,High
24.389259963845006,73.97626364724259,159.94405210363183,High
24.389259963845006,74.51525281771431,146.8827731793364,High
24.389259963845006,74.87457893136211,153.36242592120112,High
24.389259963845006,76.49154644277725,154.36248147277536,High
24.389259963845006,76.76104102801311,154.1532366608245,High
24.389259963845006,78.37800853942825,158.44122264684512,High
24.389259963845006,79.27632382354777,172.90885270821457,High
24.389259963845006,79.63564993719558,170.6429677424737,High
24.389259963845006,80.5339652213151,174.27030198822334,High
24.389259963845006,81.34244897702267,190.42484730232658,High
24.389259963845006,82.06110120431829,205.51136477729787,High
24.389259963845006,82.51025884637805,191.98091621281756,High
24.389259963845006,84.03739482938123,218.9000445933296,High
24.389259963845006,84.12722635779319,208.05455077493036,High
24.389259963845006,84.39672094302904,209.37107690127038,High
24.389259963845006,84.57638399985295,214.52679422921656,High
24.389259963845006,84.8458785850888,229.65845139258448,High
24.389259963845006,85.02554164191271,201.37369876882488,High
24.389259963845006,86.46284609650394,221.8237550799415,High
24.389259963845006,87.00183526697566,228.26810247115398,High
24.389259963845006,87.27132985221151,215.27391179652622,High
24.389259963845006,87.54082443744737,218.780100888168,High
24.389259963845006,92.57139002851669,171.529571401233,High
24.389259963845006,92.66122155692864,171.39032638742503,High
24.389259963845006,92.75105308534059,162.09067049620106,High
24.389259963845006,93.02054767057645,151.53199545581558,High
24.389259963845006,93.55953684104816,124.75675066616931,High
24.389259963845006,93.82903142628402,123.17367576065462,High
24.47909149225696,71.01182320964817,112.35752615088667,Moderate
24.47909149225696,71.55081238011988,125.71163459563026,High
24.47909149225696,72.62879072106331,140.64758530612977,High
24.47909149225696,73.16777989153502,148.99893511806738,High
24.47909149225696,73.97626364724259,168.802475658543,High
24.47909149225696,74.42542128930235,148.62171647841208,High
24.47909149225696,74.87457893136211,152.51387884018766,High
24.47909149225696,75.32373657342187,151.46547049985708,High
24.47909149225696,76.04238880071749,146.90730998757516,High
24.47909149225696,76.31188338595335,155.13608780960723,High
24.47909149225696,76.94070408483701,168.11726863902916,High
24.47909149225696,78.01868242578044,152.94389076969009,High
24.47909149225696,78.4678400678402,165.3361452369447,High
24.47909149225696,79.27632382354777,166.34761833360625,High
24.47909149225696,79.90514452243143,174.42230963510465,High
24.47909149225696,81.25261744861072,203.2988070636833,High
24.47909149225696,81.34244897702267,183.27819174956488,High
24.47909149225696,82.51025884637805,187.8600708412835,High
24.47909149225696,82.86958496002586,193.308390086554,High
24.47909149225696,82.95941648843781,204.89556625021845,High
24.47909149225696,84.12722635779319,212.13181618148175,High
24.47909149225696,84.75604705667685,221.3948214680412,High
24.47909149225696,84.93571011350076,215.56455245269942,High
24.47909149225696,85.47469928397247,208.78288208354056,High
24.47909149225696,85.56453081238442,211.63302760075194,High
24.47909149225696,86.19335151126809,219.29629614274177,High
24.47909149225696,86.9120037385637,216.96873879054507,High
24.47909149225696,87.27132985221151,214.09993048238252,High
24.47909149225696,87.81031902268322,221.58885901280658,High
24.47909149225696,87.98998207950713,219.18687463225004,High
24.47909149225696,92.21206391486888,188.31743755298237,High
24.47909149225696,92.84088461375255,166.6038730310817,High
24.47909149225696,93.73919989787207,135.05720495338366,High
24.47909149225696,93.91886295469597,155.43344690960043,High
24.56892302066891,73.79660059041869,166.97056414574308,High
24.56892302066891,74.1559267040665,152.11005450781954,High
24.56892302066891,74.60508434612626,149.75338706117532,High
24.56892302066891,75.59323115865773,160.01402646109113,High
24.56892302066891,76.85087255642506,162.1506161861456,High
24.56892302066891,78.2881770110163,170.24270308060258,High
24.56892302066891,78.55767159625215,148.95310183464042,High
24.56892302066891,78.73733465307606,161.1614715864428,High
24.56892302066891,79.45598688037167,172.89793870663343,High
24.56892302066891,81.34244897702267,192.30463729104332,High
24.56892302066891,81.79160661908243,195.29681434240928,High
24.56892302066891,81.88143814749438,207.71523489259891,High
24.56892302066891,82.33059578955414,200.3748928281937,High
24.56892302066891,82.86958496002586,198.38917163897452,High
24.56892302066891,83.04924801684976,193.26353028322944,High
24.56892302066891,84.30688941461709,224.7326538402829,High
24.56892302066891,84.75604705667685,224.15947859696246,High
24.56892302066891,85.20520469873661,222.12288120033327,High
24.56892302066891,85.83402539762028,210.4874578391464,High
24.56892302066891,86.10351998285613,202.49467359858824,High
24.56892302066891,86.9120037385637,210.67914285014936,High
24.56892302066891,87.36116138062346,203.5037076555451,High
24.56892302066891,87.63065596585932,223.8966393149757,High
24.56892302066891,92.21206391486888,199.26736525484466,High
24.56892302066891,94.00869448310792,145.9285391568655,High
24.56892302066891,94.27818906834378,143.14414124308124,High
24.658754549080864,71.28131779488403,120.9302683855408,High
24.658754549080864,72.2694646074155,136.99892408552682,High
24.658754549080864,73.07794836312307,146.35118619781844,High
24.658754549080864,73.79660059041869,165.9284692213651,High
24.658754549080864,73.97626364724259,162.70330063646904,High
24.658754549080864,74.3355897608904,145.1259993267884,High
24.658754549080864,74.60508434612626,157.50125168013398,High
24.658754549080864,75.14407351659797,150.6856054652858,High
24.658754549080864,75.23390504500992,161.55102753708425,High
24.658754549080864,76.76104102801311,152.93992882952307,High
24.658754549080864,77.12036714166092,159.66489633643604,High
24.658754549080864,77.56952478372068,150.28203222913626,High
24.658754549080864,77.65935631213263,147.62104214739304,High
24.658754549080864,78.01868242578044,153.58430683993765,High
24.658754549080864,78.55767159625215,154.46369488428286,High
24.658754549080864,79.00682923831191,164.55296515963082,High
24.658754549080864,79.45598688037167,165.15703215626363,High
24.658754549080864,80.17463910766729,175.73832403298422,High
24.658754549080864,80.44413369290315,166.81753447956993,High
24.658754549080864,80.98312286337486,197.19921626597346,High
24.658754549080864,81.25261744861072,194.89304582829573,High
24.658754549080864,82.06110120431829,186.3020879139525,High
24.658754549080864,82.60009037479,196.27451185153853,High
24.658754549080864,84.21705788620514,221.28998856824984,High
24.658754549080864,84.6662155282649,217.7934300567934,High
24.658754549080864,84.8458785850888,214.16559431093876,High
24.658754549080864,85.29503622714856,209.05469844592096,High
24.658754549080864,86.28318303968004,219.49316042602064,High
24.658754549080864,87.09166679538761,214.87614483910755,High
24.658754549080864,87.18149832379956,209.96431092453346,High
24.658754549080864,92.75105308534059,188.7555836638954,High
24.658754549080864,93.1103791989884,170.3939985443846,High
24.658754549080864,93.20021072740035,130.51391203653714,High
24.658754549080864,93.55953684104816,144.1905712543037,High
24.658754549080864,94.00869448310792,141.84760473353055,High
24.658754549080864,94.36802059675573,157.10102152765546,High
24.748586077492817,71.28131779488403,121.68965301177606,High
24.748586077492817,71.64064390853184,128.02494902828613,High
24.748586077492817,72.2694646074155,132.99789165812757,High
24.748586077492817,72.35929613582745,131.3214171052299,High
24.748586077492817,74.1559267040665,146.9985763214958,High
24.748586077492817,74.78474740295016,136.50348434237569,High
24.748586077492817,75.86272574389359,147.76251210310355,High
24.748586077492817,76.13222032912944,154.90317369426802,High
24.748586077492817,77.03053561324897,151.8474594638752,High
24.748586077492817,77.21019867007287,153.97724034194758,High
24.748586077492817,77.47969325530873,154.32983341478504,High
24.748586077492817,79.54581840878363,164.6406351251294,High
24.748586077492817,80.08480757925534,179.3190262971021,High
24.748586077492817,80.62379674972705,174.60027748360523,High
24.748586077492817,80.89329133496291,175.2869431488201,High
24.748586077492817,82.24076426114219,206.09331630354174,High
24.748586077492817,82.51025884637805,189.7039248521748,High
24.748586077492817,82.95941648843781,190.80244099573054,High
24.748586077492817,83.31874260208562,190.89100775883088,High
24.748586077492817,83.58823718732147,196.83151781818918,High
24.748586077492817,83.67806871573343,206.3653404937447,High
24.748586077492817,83.94756330096928,213.79567067806786,High
24.748586077492817,85.29503622714856,226.4044746651432,High
24.748586077492817,85.38486775556052,223.612409968675,High
24.748586077492817,85.92385692603223,214.8739336765485,High
24.748586077492817,86.19335151126809,221.08563199648685,High
24.748586077492817,87.00183526697566,220.45204215849608,High
24.748586077492817,87.98998207950713,222.5181646034351,High
24.748586077492817,92.39172697169278,191.4358103767844,High
24.748586077492817,93.1103791989884,165.5810801666991,High
24.748586077492817,94.54768365357964,140.69185847666301,High
24.83841760590477,71.28131779488403,125.22823826833918,High
24.83841760590477,73.34744294835893,137.72077304961428,High
24.83841760590477,73.52710600518283,149.64080600336806,High
24.83841760590477,73.88643211883064,148.5874048559648,High
24.83841760590477,74.24575823247845,147.34487269212605,High
24.83841760590477,74.96441045977407,148.80409985664912,High
24.83841760590477,77.03053561324897,143.39875845586383,High
24.83841760590477,77.92885089736849,153.60524516776636,High
24.83841760590477,78.73733465307606,165.28016440719009,High
24.83841760590477,79.63564993719558,164.6786792201113,High
24.83841760590477,80.89329133496291,189.1227436649626,High
24.83841760590477,81.07295439178681,185.2793781247693,High
24.83841760590477,81.16278592019876,192.04581420984013,High
24.83841760590477,81.25261744861072,195.5261180842313,High
24.83841760590477,81.88143814749438,208.76303112388464,High
24.83841760590477,82.60009037479,210.64899155222597,High
24.83841760590477,82.95941648843781,197.88242698553168,High
24.83841760590477,83.13907954526171,197.06232623696923,High
24.83841760590477,83.31874260208562,203.1368096181596,High
24.83841760590477,83.67806871573343,215.8641163810826,High
24.83841760590477,84.03739482938123,209.51568634920235,High
24.83841760590477,85.20520469873661,223.49702728376116,High
24.83841760590477,85.29503622714856,218.20051854915178,High
24.83841760590477,85.38486775556052,225.5160305113065,High
24.83841760590477,85.83402539762028,217.626966924991,High
24.83841760590477,87.45099290903542,227.08110881657495,High
24.83841760590477,87.81031902268322,226.6475756344641,High
24.83841760590477,88.07981360791908,229.2437259358469,High
24.83841760590477,93.1103791989884,166.22809334380858,High
24.83841760590477,93.29004225581231,138.85774467431006,High
24.83841760590477,93.37987378422426,131.0217514354016,High
24.83841760590477,93.46970531263621,126.0737940043349,High
24.83841760590477,94.00869448310792,142.83148013578062,High
24.928249134316722,71.19148626647208,131.42938830350752,High
24.928249134316722,71.37114932329598,126.302835492018,High
24.928249134316722,72.44912766423941,131.3653228152778,High
24.928249134316722,72.53895919265136,133.54642643068706,High
24.928249134316722,72.80845377788721,139.31629619952392,High
24.928249134316722,73.52710600518283,148.38028134013047,High
24.928249134316722,74.24575823247845,149.6171210469285,High
24.928249134316722,75.23390504500992,162.23326168637396,High
24.928249134316722,75.95255727230554,167.98346947349208,High
24.928249134316722,76.13222032912944,156.69853508075752,High
24.928249134316722,76.2220518575414,172.68204254121653,High
24.928249134316722,76.31188338595335,162.97404978755316,High
24.928249134316722,76.94070408483701,152.51768629879496,High
24.928249134316722,77.38986172689677,153.45404441182308,High
24.928249134316722,77.47969325530873,154.3875135705715,High
24.928249134316722,77.74918784054458,149.12124432054432,High
24.928249134316722,79.00682923831191,179.45199947852578,High
24.928249134316722,79.27632382354777,167.34371364834573,High
24.928249134316722,81.07295439178681,195.3199817077695,High
24.928249134316722,81.97126967590633,208.69293645328398,High
24.928249134316722,82.4204273179661,203.75278533021864,High
24.928249134316722,83.94756330096928,204.11685873982677,High
24.928249134316722,85.38486775556052,226.0569476426944,High
24.928249134316722,86.10351998285613,217.95708626373948,High
24.928249134316722,87.18149832379956,217.041601089517,High
24.928249134316722,87.98998207950713,225.2706953725715,High
24.928249134316722,88.07981360791908,227.2672702500093,High
24.928249134316722,94.00869448310792,139.7455055113328,High
24.928249134316722,94.63751518199159,120.87655385614151,High
25.01808066272867,71.37114932329598,125.51022480872673,High
25.01808066272867,72.2694646074155,137.20142330672516,High
25.01808066272867,72.44912766423941,129.7977704453868,High
25.01808066272867,73.43727447677088,129.73024207366447,High
25.01808066272867,73.97626364724259,152.81866508060165,High
25.01808066272867,75.95255727230554,174.94674505714542,High
25.01808066272867,76.31188338595335,155.51832109882605,High
25.01808066272867,76.67120949960116,163.16414547287835,High
25.01808066272867,77.30003019848482,147.639175527428,High
25.01808066272867,77.83901936895654,144.89061196023889,High
25.01808066272867,78.2881770110163,160.00476633292922,High
25.01808066272867,78.82716618148801,166.55968588079858,High
25.01808066272867,79.27632382354777,157.71018464978658,High
25.01808066272867,80.17463910766729,181.36631843115998,High
25.01808066272867,80.26447063607924,185.7426141274703,High
25.01808066272867,81.07295439178681,194.1207698765686,High
25.01808066272867,81.97126967590633,209.2794510443102,High
25.01808066272867,82.60009037479,218.39277348607246,High
25.01808066272867,82.7797534316139,206.72791227256593,High
25.01808066272867,82.95941648843781,208.13579061935613,High
25.01808066272867,83.04924801684976,195.6016744854526,High
25.01808066272867,83.67806871573343,221.00562592934904,High
25.01808066272867,84.30688941461709,219.8154334915792,High
25.01808066272867,84.39672094302904,226.68144611727766,High
25.01808066272867,86.37301456809199,221.34521320420689,High
25.01808066272867,86.55267762491589,230.39113746370424,High
25.01808066272867,87.36116138062346,209.0271889258952,High
25.01808066272867,88.07981360791908,228.7176535984693,High
25.01808066272867,92.48155850010474,185.98628319735397,High
25.01808066272867,94.00869448310792,125.4947927342961,High
25.01808066272867,94.27818906834378,124.06679883242185,High
25.01808066272867,94.54768365357964,106.92851024911586,Moderate
25.107912191140624,71.19148626647208,126.5431788372669,High
25.107912191140624,71.82030696535574,130.3118322566973,High
25.107912191140624,71.99997002217964,127.08667567932719,High
25.107912191140624,72.53895919265136,141.42019222842708,High
25.107912191140624,72.62879072106331,128.02637060094628,High
25.107912191140624,73.07794836312307,132.7245964100467,High
25.107912191140624,73.43727447677088,127.92856331539647,High
25.107912191140624,73.52710600518283,133.52865932110697,High
25.107912191140624,73.97626364724259,142.26816675691975,High
25.107912191140624,74.24575823247845,144.4544147998264,High
25.107912191140624,75.68306268706968,167.06604689392756,High
25.107912191140624,77.56952478372068,157.92173487936486,High
25.107912191140624,77.92885089736849,160.36686373097925,High
25.107912191140624,78.2881770110163,162.9173274290277,High
25.107912191140624,79.63564993719558,168.71689358648948,High
25.107912191140624,80.44413369290315,184.2848044524505,High
25.107912191140624,80.80345980655096,181.36186495420304,High
25.107912191140624,82.60009037479,217.00166057453472,High
25.107912191140624,82.95941648843781,215.3706788326237,High
25.107912191140624,83.13907954526171,219.37104741811504,High
25.107912191140624,83.31874260208562,220.6137998447755,High
25.107912191140624,84.12722635779319,221.78205480256335,High
25.107912191140624,84.30688941461709,227.30198471909134,High
25.107912191140624,84.48655247144099,236.6888699792391,High
25.107912191140624,85.02554164191271,240.83485380268755,High
25.107912191140624,85.11537317032466,237.325558271762,High
25.107912191140624,86.82217221015175,236.49719471246962,High
25.107912191140624,87.18149832379956,207.86197027388698,High
25.107912191140624,87.36116138062346,221.0830748708321,High
25.107912191140624,87.63065596585932,210.5271527393017,High
25.107912191140624,93.55953684104816,127.29648275434374,High
25.107912191140624,94.00869448310792,120.26171554765227,High
25.107912191140624,94.36802059675573,118.16734820070323,Moderate
25.197743719552577,71.46098085170793,139.07854208243168,High
25.197743719552577,72.89828530629917,125.63731714907884,High
25.197743719552577,73.34744294835893,136.30333389181658,High
25.197743719552577,74.1559267040665,146.9113892160647,High
25.197743719552577,74.42542128930235,154.20932642627744,High
25.197743719552577,74.51525281771431,153.40218240967374,High
25.197743719552577,76.76104102801311,158.34122453682963,High
25.197743719552577,76.94070408483701,146.71433213417188,High
25.197743719552577,77.03053561324897,156.5730403589895,High
25.197743719552577,77.21019867007287,156.2675590427466,High
25.197743719552577,77.47969325530873,155.19060898714656,High
25.197743719552577,77.65935631213263,142.38523580382156,High
25.197743719552577,78.73733465307606,169.7391224949343,High
25.197743719552577,79.09666076672387,171.6462759008936,High
25.197743719552577,79.18649229513582,174.14917420508388,High
25.197743719552577,79.90514452243143,185.8774983073001,High
25.197743719552577,80.26447063607924,177.6806771386311,High
25.197743719552577,80.713628278139,183.5012708229286,High
25.197743719552577,81.43228050543462,207.15079560259676,High
25.197743719552577,82.15093273273024,221.16012066572725,High
25.197743719552577,82.7797534316139,211.12123764780296,High
25.197743719552577,82.95941648843781,210.89932764585262,High
25.197743719552577,83.40857413049757,225.2774179399199,High
25.197743719552577,83.49840565890952,224.74357193734642,High
25.197743719552577,84.21705788620514,230.54416597740797,High
25.197743719552577,84.75604705667685,254.69156831429572,High
25.197743719552577,85.11537317032466,234.322851300804,High
25.197743719552577,85.47469928397247,226.1503017430156,High
25.197743719552577,86.28318303968004,215.16331948782272,High
25.197743719552577,87.18149832379956,207.91768726931713,High
25.197743719552577,90.77475946027765,167.10658926513813,High
25.197743719552577,91.58324321598522,176.7352015355428,High
25.197743719552577,92.21206391486888,158.98810656311062,High
25.197743719552577,94.45785212516768,102.4378688821686,Moderate
25.28757524796453,72.53895919265136,137.26471915202285,High
25.28757524796453,72.71862224947526,133.97972717237212,High
25.28757524796453,72.80845377788721,138.57365977905258,High
25.28757524796453,73.25761141994698,132.6142131607754,High
25.28757524796453,73.88643211883064,141.34512102208947,High
25.28757524796453,74.96441045977407,140.51379022822735,High
25.28757524796453,75.05424198818602,145.1611373265537,High
25.28757524796453,76.13222032912944,160.0480116889001,High
25.28757524796453,76.49154644277725,151.58890095274572,High
25.28757524796453,77.83901936895654,152.80086850140876,High
25.28757524796453,78.10851395419239,157.87000310429093,High
25.28757524796453,78.6475031246641,174.04508901127923,High
25.28757524796453,79.00682923831191,181.6426340602387,High
25.28757524796453,80.5339652213151,190.0576950852543,High
25.28757524796453,80.98312286337486,185.9057241213168,High
25.28757524796453,81.07295439178681,194.81232444724697,High
25.28757524796453,81.43228050543462,208.81868062341104,High
25.28757524796453,82.24076426114219,225.68405748368488,High
25.28757524796453,82.4204273179661,223.6014954983797,High
25.28757524796453,83.31874260208562,227.57214242917928,High
25.28757524796453,83.49840565890952,229.2189529488716,High
25.28757524796453,84.75604705667685,237.4555907465437,High
25.28757524796453,84.93571011350076,230.73362837991652,High
25.28757524796453,85.47469928397247,212.06217772622563,High
25.28757524796453,85.74419386920833,217.0135495966582,High
25.28757524796453,86.46284609650394,232.21321061210412,High
25.28757524796453,87.00183526697566,207.071233865383,High
25.28757524796453,87.36116138062346,217.3669081699366,High
25.28757524796453,87.98998207950713,207.35950757242722,High
25.28757524796453,88.52897124997884,205.29497980481995,High
25.28757524796453,90.23577028980593,178.01258606559074,High
25.28757524796453,90.95442251710155,154.80640306187416,High
25.28757524796453,91.94256932963302,134.4439925586812,High
25.28757524796453,92.03240085804498,126.79926845246922,High
25.28757524796453,93.1103791989884,170.09921452857358,High
25.28757524796453,93.46970531263621,115.37687435835616,Moderate
25.28757524796453,93.82903142628402,134.08817592546455,High
25.28757524796453,94.36802059675573,102.77280708020204,Moderate
25.377406776376482,70.92199168123622,127.15007080766922,High
25.377406776376482,71.01182320964817,126.25394570765498,High
25.377406776376482,71.64064390853184,134.944820290957,High
25.377406776376482,71.73047543694379,128.81417348521617,High
25.377406776376482,72.2694646074155,126.33129426205022,High
25.377406776376482,72.53895919265136,129.81696967593678,High
25.377406776376482,73.34744294835893,133.23456468246158,High
25.377406776376482,74.24575823247845,126.8215804283935,High
25.377406776376482,75.05424198818602,147.96965904752656,High
25.377406776376482,75.23390504500992,141.25286309953955,High
25.377406776376482,75.77289421548164,159.79976486195386,High
25.377406776376482,77.38986172689677,147.44984054137544,High
25.377406776376482,78.10851395419239,157.26964398238573,High
25.377406776376482,78.37800853942825,164.58591652269337,High
25.377406776376482,78.4678400678402,167.1878711841118,High
25.377406776376482,78.6475031246641,172.5100244005099,High
25.377406776376482,79.00682923831191,173.16877816203927,High
25.377406776376482,79.45598688037167,187.55290162098004,High
25.377406776376482,79.72548146560753,190.05989155117132,High
25.377406776376482,80.62379674972705,191.31440795831088,High
25.377406776376482,80.89329133496291,198.7709054027954,High
25.377406776376482,81.34244897702267,205.82228466489698,High
25.377406776376482,81.43228050543462,200.39169391426958,High
25.377406776376482,81.52211203384657,198.1081461359264,High
25.377406776376482,82.60009037479,218.35470059055467,High
25.377406776376482,82.95941648843781,244.15430834025346,High
25.377406776376482,83.04924801684976,234.90803707652975,High
25.377406776376482,83.31874260208562,239.92953612373785,High
25.377406776376482,83.67806871573343,228.3130895227968,High
25.377406776376482,84.30688941461709,234.4437318919608,High
25.377406776376482,84.8458785850888,236.9609256665312,High
25.377406776376482,85.65436234079637,220.6066372940948,High
25.377406776376482,85.74419386920833,217.55386327198616,High
25.377406776376482,86.28318303968004,226.27452955449,High
25.377406776376482,86.82217221015175,209.85623586516223,High
25.377406776376482,87.54082443744737,217.97378254953816,High
25.377406776376482,87.63065596585932,214.3747918799733,High
25.377406776376482,87.98998207950713,217.8919609057773,High
25.377406776376482,90.77475946027765,158.3844251418062,High
25.377406776376482,91.76290627280912,107.19969456227014,Moderate
25.377406776376482,92.21206391486888,116.69197944025169,Moderate
25.377406776376482,92.48155850010474,140.13524543858318,High
25.377406776376482,94.09852601151988,105.70616420625372,Moderate
25.467238304788435,71.19148626647208,137.3824099256634,High
25.467238304788435,72.62879072106331,131.79377842758336,High
25.467238304788435,73.16777989153502,148.45204521136475,High
25.467238304788435,73.52710600518283,131.74438433087403,High
25.467238304788435,73.88643211883064,127.13409774047277,High
25.467238304788435,74.60508434612626,146.17456785477168,High
25.467238304788435,75.23390504500992,146.17324415824316,High
25.467238304788435,76.4017149143653,155.20371668309673,High
25.467238304788435,76.67120949960116,157.57202712707468,High
25.467238304788435,77.83901936895654,149.65562426842163,High
25.467238304788435,77.92885089736849,163.64735429069881,High
25.467238304788435,78.01868242578044,159.14975778199076,High
25.467238304788435,78.4678400678402,174.46139541196538,High
25.467238304788435,78.6475031246641,187.29317403612322,High
25.467238304788435,78.91699770989996,176.80897985551175,High
25.467238304788435,79.27632382354777,180.04149239480319,High
25.467238304788435,80.5339652213151,200.3959542022909,High
25.467238304788435,81.07295439178681,196.51876015562058,High
25.467238304788435,81.25261744861072,208.91423377259463,High
25.467238304788435,81.70177509067048,221.46619403826358,High
25.467238304788435,82.24076426114219,220.14733501781768,High
25.467238304788435,83.58823718732147,227.59653957695144,High
25.467238304788435,83.67806871573343,232.49576457281856,High
25.467238304788435,84.03739482938123,216.3042258913271,High
25.467238304788435,85.38486775556052,232.84496161829762,High
25.467238304788435,85.56453081238442,236.7173971056021,High
25.467238304788435,85.65436234079637,229.55783764423853,High
25.467238304788435,87.18149832379956,207.93382606416944,High
25.467238304788435,88.07981360791908,194.90686400964188,High
25.467238304788435,88.25947666474299,204.41964703745668,High
25.467238304788435,90.59509640345374,159.62333154498572,High
25.467238304788435,90.8645909886896,165.96541224588364,High
25.467238304788435,91.13408557392545,120.97897858162644,High
25.467238304788435,91.67307474439717,118.15671909682125,Moderate
25.467238304788435,92.75105308534059,175.44478766366615,High
25.467238304788435,92.84088461375255,170.635117869049,High
25.467238304788435,93.20021072740035,169.1164177839804,High
25.467238304788435,94.00869448310792,104.64521674972596,Moderate
25.557069833200387,73.97626364724259,139.9541877726543,High
25.557069833200387,75.68306268706968,140.13561255157381,High
25.557069833200387,75.77289421548164,146.68360774722038,High
25.557069833200387,76.5813779711892,152.59145375996135,High
25.557069833200387,76.76104102801311,161.43723731709125,High
25.557069833200387,76.94070408483701,147.85326732126248,High
25.557069833200387,78.6475031246641,187.2493811353182,High
25.557069833200387,79.09666076672387,172.19961500467002,High
25.557069833200387,79.63564993719558,189.64693536233784,High
25.557069833200387,79.72548146560753,195.69740301322224,High
25.557069833200387,80.62379674972705,195.88931626819155,High
25.557069833200387,82.15093273273024,211.72796052674607,High
25.557069833200387,83.22891107367366,228.1661490688469,High
25.557069833200387,84.48655247144099,238.90462871342862,High
25.557069833200387,85.47469928397247,233.00465006129318,High
25.557069833200387,86.01368845444418,238.62779969670476,High
25.557069833200387,86.10351998285613,228.0661518850112,High
25.557069833200387,87.00183526697566,214.28326626648143,High
25.557069833200387,87.45099290903542,206.9574769761173,High
25.557069833200387,87.63065596585932,214.84604351147823,High
25.557069833200387,87.81031902268322,205.72873379951508,High
25.557069833200387,87.90015055109518,203.22466228890235,High
25.557069833200387,88.16964513633103,206.0440346694163,High
25.557069833200387,89.87644417615812,185.5647185477748,High
25.557069833200387,90.14593876139398,180.98499630999456,High
25.557069833200387,90.23577028980593,163.5674937430517,High
25.557069833200387,90.50526487504179,166.10588238668544,High
25.557069833200387,91.58324321598522,125.9266612857093,High
25.557069833200387,91.85273780122107,142.98436537861073,High
25.557069833200387,91.94256932963302,129.216423207259,High
25.557069833200387,92.03240085804498,148.68519569197275,High
25.557069833200387,92.48155850010474,153.78722765266377,High
25.557069833200387,92.66122155692864,178.9072051318584,High
25.557069833200387,92.84088461375255,197.848823574151,High
25.557069833200387,93.20021072740035,184.37670026388213,High
25.557069833200387,93.82903142628402,131.51178919755097,High
25.646901361612336,70.92199168123622,130.24960182784892,High
25.646901361612336,71.37114932329598,133.06252618258645,High
25.646901361612336,71.82030696535574,137.90197769170373,High
25.646901361612336,72.17963307900355,133.34108675146223,High
25.646901361612336,72.80845377788721,128.8630469118471,High
25.646901361612336,72.89828530629917,129.58171399103117,High
25.646901361612336,73.97626364724259,127.40525127233481,High
25.646901361612336,74.60508434612626,138.77051356305546,High
25.646901361612336,75.32373657342187,134.68320608356572,High
25.646901361612336,76.2220518575414,151.10250233839034,High
25.646901361612336,77.56952478372068,142.5088984070191,High
25.646901361612336,77.83901936895654,164.72844533915065,High
25.646901361612336,78.01868242578044,160.50739142208218,High
25.646901361612336,78.73733465307606,171.64547253637267,High
25.646901361612336,80.5339652213151,195.63429641573504,High
25.646901361612336,81.70177509067048,221.015838075743,High
25.646901361612336,82.15093273273024,218.86281305590757,High
25.646901361612336,83.04924801684976,229.75085891880966,High
25.646901361612336,83.13907954526171,232.36704797538303,High
25.646901361612336,83.22891107367366,219.11197535992704,High
25.646901361612336,84.30688941461709,217.7498613622816,High
25.646901361612336,85.20520469873661,237.46614511591852,High
25.646901361612336,85.38486775556052,240.32223153757081,High
25.646901361612336,85.47469928397247,242.57092221599268,High
25.646901361612336,86.28318303968004,222.37606253434708,High
25.646901361612336,86.7323406817398,206.65479247506147,High
25.646901361612336,87.09166679538761,204.94313132631788,High
25.646901361612336,87.18149832379956,196.6422380824595,High
25.646901361612336,87.27132985221151,212.22393320356323,High
25.646901361612336,87.81031902268322,194.32842832994868,High
25.646901361612336,88.07981360791908,202.0437162396897,High
25.646901361612336,88.34930819315494,219.07242247625985,High
25.646901361612336,89.96627570457008,201.31099216884795,High
25.646901361612336,90.32560181821789,165.20065749500085,High
25.646901361612336,90.8645909886896,166.1813604134445,High
25.646901361612336,90.95442251710155,154.65279387886454,High
25.646901361612336,91.49341168757326,140.67412913616764,High
25.646901361612336,91.58324321598522,143.4353776579396,High
25.646901361612336,92.12223238645693,155.4985270902178,High
25.646901361612336,92.48155850010474,162.13503291454876,High
25.646901361612336,92.9307161421645,213.23475323162447,High
25.646901361612336,94.36802059675573,104.01193106582622,Moderate
25.73673289002429,70.29317098235255,135.29346235585436,High
25.73673289002429,70.47283403917646,120.56509307031132,High
25.73673289002429,71.37114932329598,141.14206420950177,High
25.73673289002429,71.64064390853184,135.59643363349667,High
25.73673289002429,71.82030696535574,144.6569620674293,High
25.73673289002429,72.35929613582745,134.76630480650417,High
25.73673289002429,72.80845377788721,136.5561590898973,High
25.73673289002429,75.05424198818602,138.14794793025814,High
25.73673289002429,75.23390504500992,141.81843391261182,High
25.73673289002429,75.68306268706968,141.0182374172262,High
25.73673289002429,75.86272574389359,152.23895178012486,High
25.73673289002429,76.04238880071749,151.2076103232474,High
25.73673289002429,76.76104102801311,155.67865940464495,High
25.73673289002429,77.21019867007287,152.89289276604006,High
25.73673289002429,77.30003019848482,150.85835142902218,High
25.73673289002429,77.83901936895654,159.8336742117074,High
25.73673289002429,78.37800853942825,173.12443033551864,High
25.73673289002429,78.6475031246641,175.63155992470013,High
25.73673289002429,78.91699770989996,182.44063437229602,High
25.73673289002429,79.72548146560753,183.48650890880288,High
25.73673289002429,81.25261744861072,211.41946458538482,High
25.73673289002429,82.4204273179661,234.7664271683373,High
25.73673289002429,82.60009037479,236.5046517297959,High
25.73673289002429,83.40857413049757,237.10090323448162,High
25.73673289002429,85.11537317032466,235.3148240358209,High
25.73673289002429,85.29503622714856,242.18190010372476,High
25.73673289002429,85.83402539762028,229.48666594024849,High
25.73673289002429,85.92385692603223,222.7381862966299,High
25.73673289002429,86.9120037385637,198.5360345051079,High
25.73673289002429,87.00183526697566,206.3850459802172,High
25.73673289002429,87.90015055109518,204.29535699104736,High
25.73673289002429,90.50526487504179,186.80633797936656,High
25.73673289002429,90.68492793186569,184.36651130405556,High
25.73673289002429,91.67307474439717,162.03931597607613,High
25.73673289002429,91.85273780122107,176.29084560168525,High
25.73673289002429,92.57139002851669,170.34601646702507,High
25.73673289002429,92.66122155692864,192.80123570512896,High
25.73673289002429,93.20021072740035,181.89939310711205,High
25.73673289002429,93.6493683694601,171.49245478883213,High
25.73673289002429,94.18835753993183,145.1321766897749,High
25.73673289002429,94.36802059675573,112.76049281984672,Moderate
25.73673289002429,94.45785212516768,127.29897286696824,High
25.82656441843624,70.2033394539406,139.44015686372376,High
25.82656441843624,70.47283403917646,129.35184127371937,High
25.82656441843624,70.83216015282427,128.11446781976522,High
25.82656441843624,71.01182320964817,127.34901513476959,High
25.82656441843624,72.35929613582745,141.17396280109412,High
25.82656441843624,72.44912766423941,135.66808647259816,High
25.82656441843624,72.80845377788721,138.69171158636163,High
25.82656441843624,73.43727447677088,146.6936369840039,High
25.82656441843624,74.24575823247845,131.16575787106007,High
25.82656441843624,74.60508434612626,125.08148095795532,High
25.82656441843624,74.78474740295016,141.14369989913519,High
25.82656441843624,74.96441045977407,148.25673244348613,High
25.82656441843624,76.67120949960116,148.9713116223701,High
25.82656441843624,77.30003019848482,171.00688980981332,High
25.82656441843624,78.01868242578044,167.42657726550095,High
25.82656441843624,78.10851395419239,162.4869810440555,High
25.82656441843624,79.45598688037167,171.22734678450675,High
25.82656441843624,80.3543021644912,198.3246375289433,High
25.82656441843624,80.62379674972705,199.521057177803,High
25.82656441843624,80.98312286337486,203.28289262186692,High
25.82656441843624,81.16278592019876,219.3584891717985,High
25.82656441843624,81.34244897702267,231.28498390062052,High
25.82656441843624,83.13907954526171,247.16413460115461,High
25.82656441843624,83.22891107367366,235.37199356170655,High
25.82656441843624,83.58823718732147,242.5009445764216,High
25.82656441843624,83.85773177255733,239.3212142874341,High
25.82656441843624,84.6662155282649,234.96614580814378,High
25.82656441843624,85.02554164191271,242.18576123808478,High
25.82656441843624,85.74419386920833,230.2208129848644,High
25.82656441843624,86.01368845444418,228.57873348861438,High
25.82656441843624,87.54082443744737,216.88893779606124,High
25.82656441843624,89.96627570457008,198.19743347390337,High
25.82656441843624,90.41543334662984,197.78486532500705,High
25.82656441843624,90.68492793186569,189.88818731533422,High
25.82656441843624,90.8645909886896,176.5680449810724,High
25.82656441843624,91.31374863074936,189.61647230991383,High
25.82656441843624,91.40358015916131,175.5803336765824,High
25.82656441843624,92.12223238645693,142.85311632243358,High
25.82656441843624,92.84088461375255,214.8066988307567,High
25.82656441843624,93.91886295469597,190.2878559875046,High
25.82656441843624,94.63751518199159,94.08737974346768,Moderate
25.82656441843624,94.90700976722745,112.83450208313288,Moderate
25.916395946848194,72.53895919265136,136.26630519066214,High
25.916395946848194,72.62879072106331,134.4512747548958,High
25.916395946848194,74.1559267040665,128.65881434795068,High
25.916395946848194,74.24575823247845,126.3774669537604,High
25.916395946848194,74.87457893136211,135.8512457051947,High
25.916395946848194,76.2220518575414,155.97968355741656,High
25.916395946848194,76.31188338595335,138.39093470913022,High
25.916395946848194,77.38986172689677,162.25398594322016,High
25.916395946848194,77.65935631213263,150.45737180981246,High
25.916395946848194,78.01868242578044,163.03969748560093,High
25.916395946848194,78.82716618148801,178.1735124294474,High
25.916395946848194,80.17463910766729,195.02153430994562,High
25.916395946848194,80.3543021644912,202.9805653105044,High
25.916395946848194,80.80345980655096,199.3861979972079,High
25.916395946848194,81.16278592019876,218.43769104297306,High
25.916395946848194,81.70177509067048,225.0152030104129,High
25.916395946848194,81.88143814749438,232.08898976541914,High
25.916395946848194,82.24076426114219,224.86401820714536,High
25.916395946848194,83.22891107367366,242.21218427747638,High
25.916395946848194,83.76790024414538,230.69291623747816,High
25.916395946848194,83.85773177255733,233.9076197217817,High
25.916395946848194,84.03739482938123,228.32789310180425,High
25.916395946848194,85.02554164191271,235.987204215944,High
25.916395946848194,85.20520469873661,240.2026061458151,High
25.916395946848194,85.29503622714856,223.28592020531235,High
25.916395946848194,86.37301456809199,221.93084904873402,High
25.916395946848194,87.45099290903542,198.2681861508932,High
25.916395946848194,87.54082443744737,201.5177822861708,High
25.916395946848194,88.07981360791908,206.92659580174475,High
25.916395946848194,90.14593876139398,206.05831206675717,High
25.916395946848194,91.13408557392545,203.65441299734448,High
25.916395946848194,91.40358015916131,194.3878237834582,High
25.916395946848194,91.49341168757326,203.40159203941644,High
25.916395946848194,91.94256932963302,157.27389617470934,High
25.916395946848194,92.03240085804498,173.7068284404248,High
25.916395946848194,92.21206391486888,168.9255995977692,High
25.916395946848194,92.30189544328083,176.80806937035968,High
25.916395946848194,92.84088461375255,226.58632186115057,High
26.006227475260147,70.38300251076451,137.46888803159013,High
26.006227475260147,71.01182320964817,128.12426930741685,High
26.006227475260147,71.55081238011988,140.89653128485702,High
26.006227475260147,71.91013849376769,146.38200380059197,High
26.006227475260147,72.17963307900355,138.16759038764457,High
26.006227475260147,72.44912766423941,150.18949843594453,High
26.006227475260147,72.89828530629917,154.38936692926967,High
26.006227475260147,72.98811683471112,134.63360457653494,High
26.006227475260147,73.34744294835893,142.5147876832948,High
26.006227475260147,73.88643211883064,128.856953498821,High
26.006227475260147,74.69491587453821,142.2216012623297,High
26.006227475260147,75.32373657342187,144.2662795701213,High
26.006227475260147,75.68306268706968,146.24804487904296,High
26.006227475260147,76.76104102801311,159.4217537387825,High
26.006227475260147,76.94070408483701,148.22155814666414,High
26.006227475260147,78.55767159625215,181.24451431106118,High
26.006227475260147,78.73733465307606,184.0353412001181,High
26.006227475260147,79.00682923831191,186.05610848089478,High
26.006227475260147,81.25261744861072,232.4892792511724,High
26.006227475260147,81.34244897702267,231.2431247522861,High
26.006227475260147,81.88143814749438,226.1060860526664,High
26.006227475260147,82.06110120431829,222.77280575297195,High
26.006227475260147,83.31874260208562,238.890900629886,High
26.006227475260147,83.94756330096928,228.2921925245757,High
26.006227475260147,85.02554164191271,239.0835934196136,High
26.006227475260147,85.11537317032466,235.06999680284673,High
26.006227475260147,86.37301456809199,212.98655326890938,High
26.006227475260147,86.9120037385637,218.348147570776,High
26.006227475260147,90.41543334662984,223.84340292684234,High
26.006227475260147,90.95442251710155,220.86782683407307,High
26.006227475260147,91.94256932963302,194.1904031660881,High
26.006227475260147,93.29004225581231,202.16009985862343,High
26.006227475260147,93.55953684104816,157.6450525235249,High
26.006227475260147,93.82903142628402,182.3384283780937,High
26.0960590036721,70.38300251076451,137.6863241491721,High
26.0960590036721,71.37114932329598,129.69345756024893,High
26.0960590036721,72.80845377788721,147.52348008997996,High
26.0960590036721,73.25761141994698,138.61278696304913,High
26.0960590036721,73.34744294835893,144.5025227628761,High
26.0960590036721,73.70676906200674,140.93333621396172,High
26.0960590036721,74.1559267040665,128.62828733049741,High
26.0960590036721,74.51525281771431,139.95574322028514,High
26.0960590036721,75.95255727230554,144.37260930663578,High
26.0960590036721,77.92885089736849,164.72464982809151,High
26.0960590036721,78.2881770110163,181.38322612087748,High
26.0960590036721,78.4678400678402,180.42519922070957,High
26.0960590036721,78.6475031246641,193.0039776802402,High
26.0960590036721,79.00682923831191,177.78015422756118,High
26.0960590036721,79.36615535195972,179.3076910198661,High
26.0960590036721,79.54581840878363,183.58985356662808,High
26.0960590036721,79.99497605084339,198.6488671143555,High
26.0960590036721,80.62379674972705,209.42278939659784,High
26.0960590036721,81.43228050543462,234.50389322172288,High
26.0960590036721,81.52211203384657,215.22947070002655,High
26.0960590036721,81.88143814749438,225.43569624072566,High
26.0960590036721,82.4204273179661,244.8360461024101,High
26.0960590036721,82.7797534316139,223.930763003375,High
26.0960590036721,83.67806871573343,233.45769042279952,High
26.0960590036721,84.03739482938123,227.17536729048385,High
26.0960590036721,84.39672094302904,235.4029840315998,High
26.0960590036721,84.48655247144099,238.67858237560924,High
26.0960590036721,84.75604705667685,246.1049272991135,High
26.0960590036721,84.8458785850888,234.80861367191397,High
26.0960590036721,85.11537317032466,238.57889670005275,High
26.0960590036721,85.20520469873661,237.8399841368937,High
26.0960590036721,90.23577028980593,198.86338943773865,High
26.0960590036721,90.59509640345374,205.84799855725163,High
26.0960590036721,90.77475946027765,211.9983170357496,High
26.0960590036721,91.0442540455135,216.798212089746,High
26.0960590036721,91.22391710233741,228.5757730478237,High
26.0960590036721,91.94256932963302,216.5130265527655,High
26.0960590036721,92.66122155692864,215.5298920129391,High
26.0960590036721,93.1103791989884,213.20533968065052,High
26.0960590036721,93.37987378422426,155.0773395576755,High
26.0960590036721,93.82903142628402,186.45452197175845,High
26.0960590036721,94.27818906834378,119.88011632792245,Moderate
26.0960590036721,94.36802059675573,142.16753404099106,High
26.185890532084052,70.56266556758841,136.1534376357959,High
26.185890532084052,70.65249709600036,132.20715059995536,High
26.185890532084052,71.01182320964817,131.22975287524454,High
26.185890532084052,71.46098085170793,124.48353273722553,High
26.185890532084052,73.25761141994698,137.1577837050725,High
26.185890532084052,73.34744294835893,142.5972733092207,High
26.185890532084052,73.52710600518283,143.48473329928308,High
26.185890532084052,74.06609517565454,141.56183497624795,High
26.185890532084052,74.3355897608904,135.60314074542896,High
26.185890532084052,74.51525281771431,131.29429613187568,High
26.185890532084052,74.78474740295016,138.61462587434227,High
26.185890532084052,74.87457893136211,149.1637162836667,High
26.185890532084052,77.12036714166092,153.05376939302832,High
26.185890532084052,77.92885089736849,166.7068055371312,High
26.185890532084052,79.18649229513582,178.01611256222216,High
26.185890532084052,79.36615535195972,176.8555989999169,High
26.185890532084052,79.45598688037167,185.66924141112455,High
26.185890532084052,79.81531299401948,192.44990605439435,High
26.185890532084052,80.17463910766729,185.7704334309407,High
26.185890532084052,81.16278592019876,211.73674882871148,High
26.185890532084052,81.61194356225853,227.6491859902079,High
26.185890532084052,82.33059578955414,239.0347672390728,High
26.185890532084052,82.4204273179661,245.40702686025577,High
26.185890532084052,83.49840565890952,233.0488103264342,High
26.185890532084052,83.76790024414538,229.5404166075289,High
26.185890532084052,83.94756330096928,233.94917892723302,High
26.185890532084052,84.12722635779319,241.51925972928214,High
26.185890532084052,84.48655247144099,245.66393995456983,High
26.185890532084052,84.57638399985295,244.46396022530166,High
26.185890532084052,85.47469928397247,237.65484099066745,High
26.185890532084052,85.56453081238442,232.7436511731456,High
26.185890532084052,86.55267762491589,209.80345475161232,High
26.185890532084052,86.82217221015175,216.8166269347406,High
26.185890532084052,87.72048749427127,202.06856871817635,High
26.185890532084052,87.90015055109518,207.5533751201056,High
26.185890532084052,88.07981360791908,208.87756357395023,High
26.185890532084052,90.77475946027765,220.75308228364275,High
26.185890532084052,91.58324321598522,203.61593740516275,High
26.185890532084052,91.67307474439717,208.51547049474604,High
26.185890532084052,91.94256932963302,205.1265649766319,High
26.185890532084052,92.12223238645693,196.118037169422,High
26.185890532084052,92.48155850010474,223.11958780588498,High
26.185890532084052,92.66122155692864,226.49803359575156,High
26.185890532084052,93.37987378422426,128.16343658518812,High
26.185890532084052,94.00869448310792,176.8709468328749,High
26.185890532084052,94.36802059675573,152.90388065353835,High
26.275722060496005,70.2033394539406,131.55535919388797,High
26.275722060496005,70.47283403917646,126.97730638240662,High
26.275722060496005,70.56266556758841,139.18773916696006,High
26.275722060496005,70.92199168123622,108.8123119314979,Moderate
26.275722060496005,72.62879072106331,147.53695708156084,High
26.275722060496005,72.71862224947526,139.751800079851,High
26.275722060496005,73.79660059041869,138.82467479337404,High
26.275722060496005,74.1559267040665,135.21535041616215,High
26.275722060496005,74.96441045977407,136.42422594540457,High
26.275722060496005,75.59323115865773,156.25633231911328,High
26.275722060496005,75.86272574389359,154.56335929754823,High
26.275722060496005,75.95255727230554,151.84657996713526,High
26.275722060496005,76.4017149143653,149.66117379475983,High
26.275722060496005,77.03053561324897,165.40510127813965,High
26.275722060496005,77.38986172689677,155.53587737899338,High
26.275722060496005,77.65935631213263,163.35664193380148,High
26.275722060496005,78.6475031246641,185.58449211054702,High
26.275722060496005,80.62379674972705,214.7829910155792,High
26.275722060496005,82.24076426114219,234.40823923284148,High
26.275722060496005,82.60009037479,232.3781384291392,High
26.275722060496005,82.7797534316139,241.54587794117538,High
26.275722060496005,83.22891107367366,230.39629981295744,High
26.275722060496005,83.67806871573343,241.98348155580382,High
26.275722060496005,84.21705788620514,243.32683926726133,High
26.275722060496005,84.6662155282649,232.79039743912708,High
26.275722060496005,84.8458785850888,238.830428847636,High
26.275722060496005,85.29503622714856,227.32860427640404,High
26.275722060496005,86.10351998285613,219.8580880358065,High
26.275722060496005,86.19335151126809,220.69692810203728,High
26.275722060496005,86.82217221015175,213.01082355888698,High
26.275722060496005,87.18149832379956,197.21510023800388,High
26.275722060496005,87.81031902268322,200.77264946889272,High
26.275722060496005,89.51711806251032,203.2958994861043,High
26.275722060496005,89.78661264774617,203.16939508164808,High
26.275722060496005,91.22391710233741,216.97641328313145,High
26.275722060496005,91.58324321598522,212.800338626372,High
26.275722060496005,91.94256932963302,222.50152739895788,High
26.275722060496005,92.66122155692864,200.8552429208821,High
26.275722060496005,93.20021072740035,179.5215044391951,High
26.275722060496005,93.82903142628402,166.85684671422277,High
26.275722060496005,94.00869448310792,179.60611744473798,High
26.275722060496005,94.45785212516768,130.32023029336352,High
26.275722060496005,94.90700976722745,134.4844692627212,High
26.365553588907954,71.19148626647208,123.3551885347941,High
26.365553588907954,71.99997002217964,136.2501368874814,High
26.365553588907954,72.0898015505916,128.6906844001771,High
26.365553588907954,72.80845377788721,133.61515053022944,High
26.365553588907954,73.07794836312307,149.16871786140544,High
26.365553588907954,73.52710600518283,141.52472361543082,High
26.365553588907954,73.79660059041869,140.5271478295013,High
26.365553588907954,75.59323115865773,157.1801818378934,High
26.365553588907954,76.04238880071749,148.4381279794607,High
26.365553588907954,76.31188338595335,149.30044085994942,High
26.365553588907954,77.30003019848482,173.39996267316553,High
26.365553588907954,77.74918784054458,162.2992941496894,High
26.365553588907954,77.83901936895654,158.6762359784159,High
26.365553588907954,77.92885089736849,172.72131506080504,High
26.365553588907954,78.73733465307606,186.37219477310487,High
26.365553588907954,79.18649229513582,182.2151796808224,High
26.365553588907954,79.27632382354777,189.99315514115685,High
26.365553588907954,79.72548146560753,199.8186985420493,High
26.365553588907954,80.08480757925534,208.3799866652636,High
26.365553588907954,80.713628278139,228.51053781778904,High
26.365553588907954,81.16278592019876,216.46821148609808,High
26.365553588907954,81.43228050543462,233.1646721545973,High
26.365553588907954,82.24076426114219,223.79854560073767,High
26.365553588907954,82.4204273179661,225.5764021360132,High
26.365553588907954,83.40857413049757,228.34569003645404,High
26.365553588907954,83.76790024414538,225.9626479408687,High
26.365553588907954,84.57638399985295,241.2443763317799,High
26.365553588907954,84.93571011350076,239.41718009736064,High
26.365553588907954,85.92385692603223,218.23155985684988,High
26.365553588907954,86.55267762491589,217.33588096188248,High
26.365553588907954,86.7323406817398,215.83067743208923,High
26.365553588907954,87.36116138062346,209.4005752322007,High
26.365553588907954,87.54082443744737,201.16586630506418,High
26.365553588907954,87.81031902268322,199.02052347449714,High
26.365553588907954,87.90015055109518,201.78062798125055,High
26.365553588907954,87.98998207950713,201.02416844732085,High
26.365553588907954,89.24762347727446,204.9967686202704,High
26.365553588907954,89.51711806251032,192.3139997012132,High
26.365553588907954,89.96627570457008,203.4989958561852,High
26.365553588907954,90.68492793186569,209.18133057396213,High
26.365553588907954,90.77475946027765,209.15551650168038,High
26.365553588907954,91.76290627280912,191.4867121370017,High
26.365553588907954,93.1103791989884,177.63134360086804,High
26.365553588907954,93.37987378422426,149.85227394764308,High
26.365553588907954,93.82903142628402,186.45554926549303,High
26.365553588907954,94.36802059675573,141.7488901511247,High
26.365553588907954,94.72734671040354,147.88074645597476,High
26.455385117319906,71.91013849376769,125.98705758878569,High
26.455385117319906,72.71862224947526,141.2997239821883,High
26.455385117319906,73.16777989153502,152.3218488184647,High
26.455385117319906,73.61693753359478,135.1422686976174,High
26.455385117319906,74.1559267040665,142.84791846635892,High
26.455385117319906,74.3355897608904,133.91286069232802,High
26.455385117319906,74.87457893136211,138.43614181293069,High
26.455385117319906,75.23390504500992,151.42759611264006,High
26.455385117319906,75.41356810183383,153.48176590451203,High
26.455385117319906,75.68306268706968,150.97248443224316,High
26.455385117319906,75.86272574389359,148.06161107462623,High
26.455385117319906,76.4017149143653,155.4451598304218,High
26.455385117319906,77.30003019848482,160.28489345378452,High
26.455385117319906,77.74918784054458,164.21358664910116,High
26.455385117319906,78.2881770110163,181.6707915092014,High
26.455385117319906,78.55767159625215,177.41591239978698,High
26.455385117319906,78.73733465307606,187.8355427018988,High
26.455385117319906,78.82716618148801,186.96773049301316,High
26.455385117319906,79.36615535195972,201.14548330327364,High
26.455385117319906,79.54581840878363,184.7095692091516,High
26.455385117319906,79.90514452243143,204.95764308240905,High
26.455385117319906,79.99497605084339,188.61674277062872,High
26.455385117319906,80.17463910766729,208.6912545178011,High
26.455385117319906,81.70177509067048,234.2695043574736,High
26.455385117319906,82.33059578955414,231.5835161521196,High
26.455385117319906,83.04924801684976,234.20417959729528,High
26.455385117319906,84.48655247144099,230.7964001180981,High
26.455385117319906,86.64250915332785,207.94333134417738,High
26.455385117319906,87.09166679538761,201.3642346972342,High
26.455385117319906,87.81031902268322,199.5872296324516,High
26.455385117319906,88.43913972156689,186.5047209827203,High
26.455385117319906,89.51711806251032,186.9386867411796,High
26.455385117319906,89.87644417615812,189.82006309672457,High
26.455385117319906,90.77475946027765,212.27201264852704,High
26.455385117319906,90.95442251710155,213.65236091281778,High
26.455385117319906,91.0442540455135,210.40331733514984,High
26.455385117319906,91.13408557392545,220.1957339475118,High
26.455385117319906,91.49341168757326,213.2590341271303,High
26.455385117319906,91.85273780122107,214.9837042113602,High
26.455385117319906,92.48155850010474,209.43307421044642,High
26.455385117319906,92.66122155692864,212.45588352626078,High
26.455385117319906,92.75105308534059,209.651956912166,High
26.455385117319906,93.02054767057645,200.7616820772766,High
26.455385117319906,93.20021072740035,180.0851027292637,High
26.455385117319906,93.6493683694601,193.4295887899636,High
26.455385117319906,94.36802059675573,162.83415334186554,High
26.54521664573186,70.47283403917646,122.71122615340363,High
26.54521664573186,72.35929613582745,131.2092506666868,High
26.54521664573186,72.98811683471112,133.49869384923588,High
26.54521664573186,75.50339963024578,149.98877689543778,High
26.54521664573186,75.95255727230554,149.0415585917367,High
26.54521664573186,76.85087255642506,157.36170194239537,High
26.54521664573186,77.21019867007287,173.5914146321478,High
26.54521664573186,77.38986172689677,167.01247275801555,High
26.54521664573186,77.92885089736849,179.6466473306083,High
26.54521664573186,78.2881770110163,172.51192597562715,High
26.54521664573186,78.6475031246641,187.26583275713892,High
26.54521664573186,78.91699770989996,190.36216515075026,High
26.54521664573186,79.36615535195972,192.109880512514,High
26.54521664573186,80.62379674972705,204.92700541498596,High
26.54521664573186,80.713628278139,215.9483233420559,High
26.54521664573186,80.89329133496291,228.2399443566554,High
26.54521664573186,80.98312286337486,239.530804997236,High
26.54521664573186,81.79160661908243,235.85135335439185,High
26.54521664573186,82.06110120431829,232.86951242227093,High
26.54521664573186,82.4204273179661,231.65774979998957,High
26.54521664573186,82.60009037479,218.64032552185662,High
26.54521664573186,82.86958496002586,231.9210945331075,High
26.54521664573186,84.57638399985295,248.04738778088438,High
26.54521664573186,85.20520469873661,224.46643253874902,High
26.54521664573186,85.56453081238442,223.0397214983763,High
26.54521664573186,88.16964513633103,189.77768276666296,High
26.54521664573186,88.70863430680275,190.0672399627254,High
26.54521664573186,90.32560181821789,212.16856303236688,High
26.54521664573186,90.41543334662984,210.72134265063266,High
26.54521664573186,90.95442251710155,213.2155063774828,High
26.54521664573186,91.31374863074936,204.6380686791252,High
26.54521664573186,91.40358015916131,198.05149169268165,High
26.54521664573186,93.02054767057645,199.467689203308,High
26.54521664573186,93.20021072740035,178.03404216936215,High
26.54521664573186,93.91886295469597,217.99290547082416,High
26.54521664573186,94.18835753993183,189.2195923382321,High
26.54521664573186,94.36802059675573,177.3046328068556,High
26.63504817414381,70.38300251076451,127.66264784075162,High
26.63504817414381,71.46098085170793,118.93194065897256,Moderate
26.63504817414381,71.55081238011988,130.759353381055,High
26.63504817414381,72.2694646074155,132.43070572444796,High
26.63504817414381,72.53895919265136,131.47287584788177,High
26.63504817414381,72.62879072106331,131.71375276303954,High
26.63504817414381,73.07794836312307,148.7803299230245,High
26.63504817414381,73.70676906200674,133.17770104592694,High
26.63504817414381,74.24575823247845,139.0626150182792,High
26.63504817414381,74.3355897608904,133.02639744623588,High
26.63504817414381,74.60508434612626,129.0223921478461,High
26.63504817414381,75.14407351659797,147.5617650351854,High
26.63504817414381,75.23390504500992,148.93206879805933,High
26.63504817414381,76.67120949960116,153.85345769015512,High
26.63504817414381,76.76104102801311,169.69616226584964,High
26.63504817414381,77.12036714166092,153.18036880298362,High
26.63504817414381,78.01868242578044,182.09299123362342,High
26.63504817414381,78.19834548260434,183.4168825121894,High
26.63504817414381,79.18649229513582,200.99489733994145,High
26.63504817414381,79.72548146560753,206.45245562839776,High
26.63504817414381,80.17463910766729,210.1593037804845,High
26.63504817414381,81.43228050543462,232.45021336833764,High
26.63504817414381,81.79160661908243,236.82477835629638,High
26.63504817414381,82.4204273179661,230.58874489116943,High
26.63504817414381,82.7797534316139,234.85180700009158,High
26.63504817414381,83.49840565890952,244.78304184183332,High
26.63504817414381,84.03739482938123,235.13766438157407,High
26.63504817414381,84.93571011350076,215.71252054735507,High
26.63504817414381,86.01368845444418,234.60864799178438,High
26.63504817414381,88.25947666474299,192.7947243675429,High
26.63504817414381,89.78661264774617,190.70854617285968,High
26.63504817414381,89.87644417615812,186.4463448949995,High
26.63504817414381,90.68492793186569,200.27136729547252,High
26.63504817414381,90.8645909886896,189.00296741480543,High
26.63504817414381,90.95442251710155,198.91405291385487,High
26.63504817414381,91.13408557392545,201.67658833003912,High
26.63504817414381,92.03240085804498,208.8829016305891,High
26.63504817414381,92.48155850010474,196.92021506992594,High
26.63504817414381,93.1103791989884,190.99502726117547,High
26.63504817414381,93.55953684104816,219.34554676162023,High
26.63504817414381,93.73919989787207,193.78740638001264,High
26.63504817414381,94.36802059675573,187.1987801953075,High
26.63504817414381,94.72734671040354,167.82155107498522,High
26.63504817414381,95.08667282405135,175.37259175966355,High
26.724879702555764,69.66435028346889,143.5568130743661,High
26.724879702555764,69.84401334029279,148.69098893253758,High
26.724879702555764,70.74232862441231,120.8108971012299,High
26.724879702555764,70.92199168123622,132.0850334084708,High
26.724879702555764,72.2694646074155,132.22431460695762,High
26.724879702555764,73.16777989153502,139.44203450264757,High
26.724879702555764,73.70676906200674,146.9190726992686,High
26.724879702555764,74.3355897608904,138.20110650105335,High
26.724879702555764,74.87457893136211,141.5977382685871,High
26.724879702555764,75.68306268706968,154.0611046544836,High
26.724879702555764,76.31188338595335,156.3303458520342,High
26.724879702555764,76.49154644277725,158.62933448893665,High
26.724879702555764,76.76104102801311,162.1094118849108,High
26.724879702555764,77.03053561324897,167.74112208735284,High
26.724879702555764,79.00682923831191,209.34086452315543,High
26.724879702555764,80.08480757925534,217.0041460167088,High
26.724879702555764,80.80345980655096,220.78030295327733,High
26.724879702555764,81.25261744861072,238.8789023109681,High
26.724879702555764,81.70177509067048,223.1500435722804,High
26.724879702555764,82.68992190320195,223.77718998729384,High
26.724879702555764,83.13907954526171,244.82347946971618,High
26.724879702555764,83.85773177255733,235.50053518724206,High
26.724879702555764,83.94756330096928,236.3477805843792,High
26.724879702555764,84.57638399985295,243.08651882626486,High
26.724879702555764,84.75604705667685,234.75632869959162,High
26.724879702555764,84.93571011350076,240.4186478570879,High
26.724879702555764,85.29503622714856,229.45767930528763,High
26.724879702555764,88.34930819315494,172.39644929348236,High
26.724879702555764,89.24762347727446,162.3402392570291,High
26.724879702555764,89.33745500568641,158.98916803461006,High
26.724879702555764,91.13408557392545,182.38149231306832,High
26.724879702555764,91.58324321598522,173.10178077825415,High
26.724879702555764,92.03240085804498,191.15601197793825,High
26.724879702555764,93.1103791989884,185.53017882081065,High
26.724879702555764,94.09852601151988,192.64488229832511,High
26.724879702555764,94.45785212516768,194.86794919621826,High
26.724879702555764,94.72734671040354,197.17235665665066,High
26.814711230967717,69.57451875505694,141.6921871663621,High
26.814711230967717,70.11350792552865,132.86945770753803,High
26.814711230967717,71.10165473806012,134.584615546507,High
26.814711230967717,71.46098085170793,125.56425812218424,High
26.814711230967717,71.82030696535574,137.03878986524646,High
26.814711230967717,71.99997002217964,129.02813285201498,High
26.814711230967717,72.17963307900355,126.2976415060132,High
26.814711230967717,72.35929613582745,134.66046512480247,High
26.814711230967717,72.71862224947526,126.87622550356095,High
26.814711230967717,73.16777989153502,133.57184883803836,High
26.814711230967717,73.25761141994698,139.80486676617406,High
26.814711230967717,73.52710600518283,136.95369686033567,High
26.814711230967717,73.70676906200674,148.45138165428943,High
26.814711230967717,74.60508434612626,139.28192797998057,High
26.814711230967717,75.23390504500992,139.26240518265567,High
26.814711230967717,75.50339963024578,143.28527745127738,High
26.814711230967717,75.95255727230554,172.22465345233562,High
26.814711230967717,76.76104102801311,172.4447906933094,High
26.814711230967717,78.4678400678402,198.0094769061856,High
26.814711230967717,78.55767159625215,197.6258734255522,High
26.814711230967717,78.91699770989996,202.0330354032905,High
26.814711230967717,79.81531299401948,193.2881705267333,High
26.814711230967717,80.26447063607924,203.82397556490926,High
26.814711230967717,80.5339652213151,213.06091535669282,High
26.814711230967717,80.62379674972705,213.99225070276083,High
26.814711230967717,80.713628278139,221.98500059250924,High
26.814711230967717,81.25261744861072,229.83767922286344,High
26.814711230967717,81.52211203384657,226.4411129636197,High
26.814711230967717,81.61194356225853,225.29221473533565,High
26.814711230967717,81.79160661908243,237.36525664298108,High
26.814711230967717,82.51025884637805,232.41164338691542,High
26.814711230967717,83.85773177255733,233.1234615291573,High
26.814711230967717,84.6662155282649,232.89921310668626,High
26.814711230967717,88.61880277839079,153.8061308290248,High
26.814711230967717,90.41543334662984,153.73691374116277,High
26.814711230967717,91.76290627280912,143.75147149208507,High
26.814711230967717,92.03240085804498,156.31735626134878,High
26.814711230967717,92.57139002851669,178.49795401341927,High
26.814711230967717,93.37987378422426,193.63508171049887,High
26.814711230967717,93.91886295469597,208.75209049682206,High
26.814711230967717,94.18835753993183,183.57473290215222,High
26.90454275937967,70.11350792552865,146.86721342261978,High
26.90454275937967,72.35929613582745,130.79376684163924,High
26.90454275937967,72.53895919265136,122.70593766907238,High
26.90454275937967,73.07794836312307,140.46705691579268,High
26.90454275937967,73.25761141994698,135.77202367551723,High
26.90454275937967,73.79660059041869,135.10509331358867,High
26.90454275937967,75.05424198818602,148.64357163707055,High
26.90454275937967,75.32373657342187,144.26650224348177,High
26.90454275937967,76.76104102801311,162.1505707775796,High
26.90454275937967,76.94070408483701,165.70884817879212,High
26.90454275937967,77.12036714166092,167.78266996696888,High
26.90454275937967,77.56952478372068,170.63114195428673,High
26.90454275937967,77.74918784054458,183.18948443818758,High
26.90454275937967,77.83901936895654,187.4028565739889,High
26.90454275937967,79.00682923831191,205.81672755244264,High
26.90454275937967,79.63564993719558,215.1634236378667,High
26.90454275937967,79.99497605084339,201.99239705936174,High
26.90454275937967,80.3543021644912,215.46100714203416,High
26.90454275937967,81.34244897702267,227.57941891743198,High
26.90454275937967,82.24076426114219,224.16046860776703,High
26.90454275937967,82.51025884637805,230.47231443645808,High
26.90454275937967,82.95941648843781,233.36146153305972,High
26.90454275937967,83.13907954526171,234.252164883138,High
26.90454275937967,83.85773177255733,237.19139045217005,High
26.90454275937967,88.70863430680275,142.75213186874868,High
26.90454275937967,92.75105308534059,166.02923453193537,High
26.90454275937967,93.29004225581231,155.40906007682528,High
26.90454275937967,93.91886295469597,176.45113033321664,High
26.90454275937967,94.45785212516768,177.97783926643038,High
26.90454275937967,95.62566199452306,114.86838832600867,Moderate
26.99437428779162,69.75418181188084,154.95229898254226,High
26.99437428779162,69.84401334029279,143.41891074896742,High
26.99437428779162,70.38300251076451,133.8215559324652,High
26.99437428779162,71.01182320964817,121.61391549442992,High
26.99437428779162,73.61693753359478,133.83904218649445,High
26.99437428779162,73.79660059041869,134.89547958582602,High
26.99437428779162,73.88643211883064,146.21174721099095,High
26.99437428779162,74.24575823247845,139.67756903349996,High
26.99437428779162,74.51525281771431,139.0500972211154,High
26.99437428779162,75.32373657342187,144.6164998670315,High
26.99437428779162,75.41356810183383,146.58111171370135,High
26.99437428779162,76.67120949960116,154.44506284695112,High
26.99437428779162,76.76104102801311,162.9407715658469,High
26.99437428779162,77.56952478372068,181.21877111954603,High
26.99437428779162,77.83901936895654,180.047766961815,High
26.99437428779162,77.92885089736849,198.5289500896033,High
26.99437428779162,78.19834548260434,190.2421202969244,High
26.99437428779162,78.2881770110163,204.18816547714925,High
26.99437428779162,78.37800853942825,192.87404856980228,High
26.99437428779162,79.27632382354777,198.092990813741,High
26.99437428779162,79.36615535195972,200.3124787326296,High
26.99437428779162,79.45598688037167,197.98570919641068,High
26.99437428779162,80.5339652213151,211.47109937808105,High
26.99437428779162,81.25261744861072,236.22516913423848,High
26.99437428779162,81.43228050543462,219.02461981601022,High
26.99437428779162,81.88143814749438,209.2872175905796,High
26.99437428779162,82.24076426114219,228.49493719665676,High
26.99437428779162,82.4204273179661,236.45453185264304,High
26.99437428779162,82.7797534316139,235.5391064518887,High
26.99437428779162,83.76790024414538,248.16061825571327,High
26.99437428779162,83.85773177255733,239.33838256319964,High
26.99437428779162,84.03739482938123,239.00175303391785,High
26.99437428779162,84.21705788620514,242.80954282553807,High
26.99437428779162,84.39672094302904,233.8053021278706,High
26.99437428779162,84.57638399985295,235.83044095105456,High
26.99437428779162,94.54768365357964,185.1890410192929,High
26.99437428779162,95.26633588087525,170.00420481580312,High
27.08420581620357,69.93384486870475,144.63899061491435,High
27.08420581620357,70.47283403917646,121.261741595042,High
27.08420581620357,70.74232862441231,130.9979552328394,High
27.08420581620357,71.91013849376769,131.69692154559806,High
27.08420581620357,72.2694646074155,129.732744481545,High
27.08420581620357,72.71862224947526,137.11375659423575,High
27.08420581620357,73.61693753359478,140.26475079036058,High
27.08420581620357,73.70676906200674,143.92397618399085,High
27.08420581620357,73.88643211883064,138.82578633851193,High
27.08420581620357,74.1559267040665,145.1396974639858,High
27.08420581620357,74.3355897608904,140.76469699485435,High
27.08420581620357,75.32373657342187,138.16830569776272,High
27.08420581620357,75.77289421548164,156.7886353851831,High
27.08420581620357,76.2220518575414,159.42399602125988,High
27.08420581620357,78.6475031246641,192.73914187298104,High
27.08420581620357,80.26447063607924,213.6842559823781,High
27.08420581620357,80.89329133496291,239.61918089280965,High
27.08420581620357,81.16278592019876,245.3882188157894,High
27.08420581620357,81.88143814749438,213.5913783316088,High
27.08420581620357,82.06110120431829,222.80056101838082,High
27.08420581620357,82.24076426114219,226.25698443020778,High
27.08420581620357,82.68992190320195,235.062907679906,High
27.08420581620357,82.86958496002586,236.49621086177567,High
27.08420581620357,83.13907954526171,226.92986099992845,High
27.08420581620357,83.31874260208562,245.34409583755127,High
27.08420581620357,83.94756330096928,237.4085513028132,High
27.08420581620357,88.07981360791908,91.79265194784676,Moderate
27.08420581620357,88.25947666474299,120.71354742677501,High
27.08420581620357,88.52897124997884,127.63277461016288,High
27.08420581620357,94.36802059675573,181.7298032159612,High
27.08420581620357,94.9968412956394,184.72492507355886,High
27.08420581620357,95.08667282405135,183.2800312818411,High
27.08420581620357,95.26633588087525,184.1812871378667,High
27.08420581620357,95.89515657975892,128.1558792029651,High
27.174037344615524,70.56266556758841,139.12472260819928,High
27.174037344615524,72.17963307900355,135.220629553795,High
27.174037344615524,72.35929613582745,127.03585409595567,High
27.174037344615524,72.89828530629917,140.99436315092652,High
27.174037344615524,73.07794836312307,135.9546697335625,High
27.174037344615524,74.69491587453821,147.19276967658172,High
27.174037344615524,75.32373657342187,141.73616222675884,High
27.174037344615524,75.41356810183383,134.3373881697708,High
27.174037344615524,75.50339963024578,154.3819864416978,High
27.174037344615524,75.77289421548164,158.36084700513635,High
27.174037344615524,76.2220518575414,158.64442953652468,High
27.174037344615524,77.38986172689677,179.34525998499907,High
27.174037344615524,77.83901936895654,188.12890445917066,High
27.174037344615524,78.01868242578044,219.26300560910084,High
27.174037344615524,78.10851395419239,201.56282825720245,High
27.174037344615524,78.6475031246641,203.40265295600125,High
27.174037344615524,78.82716618148801,203.05934887165776,High
27.174037344615524,79.09666076672387,188.89600918854808,High
27.174037344615524,79.36615535195972,214.55174680273652,High
27.174037344615524,80.80345980655096,237.748429644614,High
27.174037344615524,81.70177509067048,232.35319945984384,High
27.174037344615524,82.24076426114219,227.24741609433303,High
27.174037344615524,82.51025884637805,227.694473905903,High
27.174037344615524,82.95941648843781,238.18239340620383,High
27.174037344615524,83.22891107367366,241.7744807742988,High
27.174037344615524,88.61880277839079,100.60978370362385,Moderate
27.174037344615524,88.7984658352147,79.81961016691008,Low
27.174037344615524,94.00869448310792,169.51253964853004,High
27.174037344615524,95.1765043524633,187.3198721978111,High
27.174037344615524,95.44599893769916,175.5760593794071,High
27.174037344615524,95.53583046611111,170.23333652653326,High
27.263868873027477,69.93384486870475,139.38340415083567,High
27.263868873027477,70.11350792552865,132.491931508089,High
27.263868873027477,70.83216015282427,127.30417046570835,High
27.263868873027477,71.10165473806012,134.80922731306515,High
27.263868873027477,71.37114932329598,120.84092993147785,High
27.263868873027477,71.99997002217964,126.57570015939714,High
27.263868873027477,72.98811683471112,138.52670188723374,High
27.263868873027477,73.61693753359478,141.66430456714536,High
27.263868873027477,74.3355897608904,144.85753611362492,High
27.263868873027477,75.50339963024578,142.1124600169983,High
27.263868873027477,76.04238880071749,146.17128459331377,High
27.263868873027477,77.38986172689677,174.30916843905135,High
27.263868873027477,77.92885089736849,194.78741826358367,High
27.263868873027477,78.19834548260434,198.2866799305954,High
27.263868873027477,79.36615535195972,215.43877149344277,High
27.263868873027477,79.54581840878363,204.11066947075727,High
27.263868873027477,79.90514452243143,213.71925118805078,High
27.263868873027477,81.43228050543462,223.29395566147997,High
27.263868873027477,82.51025884637805,224.29338226601263,High
27.263868873027477,83.94756330096928,230.6039380323565,High
27.263868873027477,88.88829736362665,89.00362166638739,Moderate
27.263868873027477,94.90700976722745,175.32657978527118,High
27.263868873027477,95.35616740928721,182.05191303643085,High
27.263868873027477,95.44599893769916,177.67755573424543,High
27.35370040143943,70.65249709600036,130.0490404522333,High
27.35370040143943,70.83216015282427,129.64585585370816,High
27.35370040143943,70.92199168123622,125.00814882569428,High
27.35370040143943,71.99997002217964,118.02005414620784,Moderate
27.35370040143943,72.44912766423941,131.9039335506147,High
27.35370040143943,73.25761141994698,137.19203681979343,High
27.35370040143943,74.3355897608904,145.9570167507802,High
27.35370040143943,75.95255727230554,168.49133470220974,High
27.35370040143943,76.49154644277725,174.27799450738885,High
27.35370040143943,76.85087255642506,166.21285400540228,High
27.35370040143943,77.03053561324897,169.92254194763004,High
27.35370040143943,77.65935631213263,181.5086050193888,High
27.35370040143943,78.82716618148801,193.6388424133869,High
27.35370040143943,79.18649229513582,201.1267663166959,High
27.35370040143943,79.54581840878363,210.9043926791627,High
27.35370040143943,80.3543021644912,205.81480678573476,High
27.35370040143943,80.44413369290315,227.66928916468927,High
27.35370040143943,80.89329133496291,223.3363848395904,High
27.35370040143943,80.98312286337486,226.08833880441836,High
27.35370040143943,82.51025884637805,237.52946783622414,High
27.35370040143943,82.7797534316139,240.6995178564901,High
27.35370040143943,83.22891107367366,237.5212922971933,High
27.35370040143943,83.85773177255733,217.656715812471,High
27.35370040143943,83.94756330096928,230.7091777870711,High
27.35370040143943,84.39672094302904,217.4420586119855,High
27.35370040143943,88.61880277839079,60.32291118805572,Low
27.35370040143943,94.27818906834378,180.5851089677549,High
27.35370040143943,94.36802059675573,182.48600728933687,High
27.35370040143943,95.35616740928721,191.52154545660287,High
27.35370040143943,96.16465116499478,145.88874010965228,High
27.35370040143943,96.88330339229039,78.82026725324697,Low
27.443531929851382,70.92199168123622,124.5665505732288,High
27.443531929851382,71.19148626647208,124.05133418463083,High
27.443531929851382,71.82030696535574,134.56121378470593,High
27.443531929851382,72.0898015505916,129.62985103707814,High
27.443531929851382,73.52710600518283,131.850828308804,High
27.443531929851382,73.79660059041869,142.31601379151996,High
27.443531929851382,73.88643211883064,136.01998722489148,High
27.443531929851382,74.06609517565454,143.12798224559424,High
27.443531929851382,74.51525281771431,132.74459771695953,High
27.443531929851382,74.78474740295016,154.04014497034177,High
27.443531929851382,75.32373657342187,141.1553672885875,High
27.443531929851382,76.13222032912944,142.53226283870066,High
27.443531929851382,76.5813779711892,161.96927645556812,High
27.443531929851382,77.74918784054458,199.89402446596625,High
27.443531929851382,78.19834548260434,204.63396594820844,High
27.443531929851382,78.6475031246641,208.64046281590024,High
27.443531929851382,79.27632382354777,212.17533729156156,High
27.443531929851382,79.90514452243143,217.48340839072802,High
27.443531929851382,80.17463910766729,213.06914705167898,High
27.443531929851382,80.5339652213151,217.04478696088796,High
27.443531929851382,80.80345980655096,235.47767781735493,High
27.443531929851382,81.07295439178681,222.9319748411098,High
27.443531929851382,81.16278592019876,222.72702618003993,High
27.443531929851382,81.79160661908243,213.22285314720105,High
27.443531929851382,82.06110120431829,243.52738643771423,High
27.443531929851382,83.04924801684976,228.9782750287494,High
27.443531929851382,83.13907954526171,228.12378685869857,High
27.443531929851382,88.52897124997884,106.36815048981389,Moderate
27.443531929851382,94.18835753993183,150.23155665411434,High
27.443531929851382,94.36802059675573,164.74965961058223,High
27.443531929851382,94.45785212516768,167.18461965096628,High
27.443531929851382,95.89515657975892,205.5498144373727,High
27.443531929851382,95.98498810817087,184.37038190990006,High
27.443531929851382,96.43414575023063,117.60000849514512,Moderate
27.443531929851382,96.79347186387844,65.15029997461151,Low
27.443531929851382,96.88330339229039,61.291072724075626,Low
27.533363458263334,70.38300251076451,133.2829447179981,High
27.533363458263334,71.82030696535574,136.25912498989553,High
27.533363458263334,72.0898015505916,130.3789766532019,High
27.533363458263334,72.53895919265136,127.10169336733172,High
27.533363458263334,72.89828530629917,127.54563788805245,High
27.533363458263334,73.07794836312307,131.66300337369861,High
27.533363458263334,73.70676906200674,137.59138518283171,High
27.533363458263334,75.23390504500992,141.26533130867338,High
27.533363458263334,75.59323115865773,146.10893798011918,High
27.533363458263334,75.68306268706968,141.33131841579305,High
27.533363458263334,76.13222032912944,157.77105655422085,High
27.533363458263334,76.2220518575414,155.73641486491124,High
27.533363458263334,76.49154644277725,166.3346993028232,High
27.533363458263334,77.83901936895654,197.6810188788576,High
27.533363458263334,78.10851395419239,204.46066530742226,High
27.533363458263334,78.6475031246641,212.431058015003,High
27.533363458263334,79.45598688037167,208.09153945021788,High
27.533363458263334,80.3543021644912,212.61600256300318,High
27.533363458263334,80.5339652213151,229.07305765815656,High
27.533363458263334,80.713628278139,236.4268825524183,High
27.533363458263334,81.70177509067048,218.59719532006568,High
27.533363458263334,81.97126967590633,224.04832010569822,High
27.533363458263334,82.06110120431829,227.6467406031043,High
27.533363458263334,82.15093273273024,225.55458481342055,High
27.533363458263334,82.68992190320195,232.33373636962708,High
27.533363458263334,88.25947666474299,48.369114194413534,Low
27.533363458263334,94.45785212516768,159.73763569386898,High
27.533363458263334,94.90700976722745,180.38647540318058,High
27.623194986675284,70.47283403917646,124.65797433413948,High
27.623194986675284,70.56266556758841,132.03407720372664,High
27.623194986675284,70.92199168123622,129.04750308263775,High
27.623194986675284,71.73047543694379,134.3184481815821,High
27.623194986675284,71.91013849376769,128.29850113366692,High
27.623194986675284,72.35929613582745,127.11402504740288,High
27.623194986675284,72.62879072106331,125.00969518638223,High
27.623194986675284,73.61693753359478,134.50344118051154,High
27.623194986675284,73.88643211883064,134.11753927927575,High
27.623194986675284,73.97626364724259,138.92187340394364,High
27.623194986675284,74.87457893136211,150.43139763385184,High
27.623194986675284,75.05424198818602,143.28520423239505,High
27.623194986675284,75.23390504500992,138.28090552266312,High
27.623194986675284,75.86272574389359,146.6468591787303,High
27.623194986675284,76.04238880071749,157.14140696198984,High
27.623194986675284,76.94070408483701,164.55456039526462,High
27.623194986675284,77.38986172689677,183.14174253720088,High
27.623194986675284,77.47969325530873,184.40071572983288,High
27.623194986675284,77.92885089736849,201.0754060224118,High
27.623194986675284,78.10851395419239,211.92811842155385,High
27.623194986675284,78.82716618148801,217.20931853543084,High
27.623194986675284,79.36615535195972,216.42389936300577,High
27.623194986675284,79.45598688037167,214.6555396151388,High
27.623194986675284,80.08480757925534,211.13583774053384,High
27.623194986675284,80.3543021644912,228.23806340453984,High
27.623194986675284,80.62379674972705,219.78425561997128,High
27.623194986675284,81.43228050543462,229.48514270192354,High
27.623194986675284,81.70177509067048,215.3345571872467,High
27.623194986675284,81.88143814749438,222.5546580052391,High
27.623194986675284,82.06110120431829,222.59173789294184,High
27.623194986675284,82.60009037479,218.77564247012634,High
27.623194986675284,88.34930819315494,50.1917931749273,Low
27.623194986675284,95.53583046611111,178.46614416510792,High
27.623194986675284,96.07481963658282,162.60565328961707,High
27.623194986675284,96.16465116499478,155.12109302541205,High
27.623194986675284,96.34431422181868,143.9710665454783,High
27.713026515087236,70.2033394539406,141.05145462219085,High
27.713026515087236,70.38300251076451,136.3210122964142,High
27.713026515087236,71.28131779488403,127.90002348745017,High
27.713026515087236,72.62879072106331,124.90475292163082,High
27.713026515087236,73.61693753359478,134.37809753344845,High
27.713026515087236,73.70676906200674,145.60232908026535,High
27.713026515087236,73.97626364724259,143.6169532202151,High
27.713026515087236,74.06609517565454,135.01981105284608,High
27.713026515087236,74.87457893136211,138.51138864986802,High
27.713026515087236,75.50339963024578,139.27673560184687,High
27.713026515087236,75.59323115865773,145.17588752110015,High
27.713026515087236,75.86272574389359,143.05641459042934,High
27.713026515087236,76.13222032912944,149.18668929634654,High
27.713026515087236,76.2220518575414,152.10470441928229,High
27.713026515087236,77.03053561324897,160.4307123568832,High
27.713026515087236,78.55767159625215,225.48084892537432,High
27.713026515087236,80.17463910766729,214.6276907814528,High
27.713026515087236,80.5339652213151,225.65212510421065,High
27.713026515087236,80.80345980655096,235.1011730075693,High
27.713026515087236,81.34244897702267,231.3219256728656,High
27.713026515087236,81.52211203384657,234.37568280079265,High
27.713026515087236,82.24076426114219,211.99924436639432,High
27.713026515087236,88.61880277839079,48.97524230630178,Low
27.713026515087236,88.70863430680275,49.34518824963828,Low
27.713026515087236,88.7984658352147,47.27514021712641,Low
27.713026515087236,95.715493522935,153.68999661272034,High
27.713026515087236,96.52397727864258,89.76520351493144,Moderate
27.713026515087236,96.88330339229039,58.922985401411964,Low
27.80285804349919,70.65249709600036,134.866110951821,High
27.80285804349919,71.19148626647208,131.56795329442423,High
27.80285804349919,71.73047543694379,131.992287624109,High
27.80285804349919,71.91013849376769,121.63871459620174,High
27.80285804349919,71.99997002217964,128.28017991843524,High
27.80285804349919,74.06609517565454,142.91145663548977,High
27.80285804349919,74.24575823247845,141.90011872364747,High
27.80285804349919,74.42542128930235,147.59421216671126,High
27.80285804349919,74.69491587453821,145.6727934429979,High
27.80285804349919,75.32373657342187,151.60148457415727,High
27.80285804349919,75.50339963024578,141.2232739915952,High
27.80285804349919,76.13222032912944,141.6401453152034,High
27.80285804349919,76.2220518575414,146.75582583902718,High
27.80285804349919,76.85087255642506,173.15187570571752,High
27.80285804349919,76.94070408483701,187.23128199686394,High
27.80285804349919,77.74918784054458,202.928448979692,High
27.80285804349919,78.19834548260434,223.857623009745,High
27.80285804349919,78.82716618148801,229.62147238326062,High
27.80285804349919,79.18649229513582,217.11703977118304,High
27.80285804349919,79.54581840878363,216.50941961256677,High
27.80285804349919,79.90514452243143,227.52209373157595,High
27.80285804349919,80.713628278139,228.3905378933017,High
27.80285804349919,80.89329133496291,232.9407561834247,High
27.80285804349919,81.07295439178681,232.19632981179643,High
27.80285804349919,81.61194356225853,227.4824888341197,High
27.80285804349919,95.98498810817087,150.76098518591618,High
27.80285804349919,96.52397727864258,114.37018239276928,Moderate
27.80285804349919,96.79347186387844,72.23296754867854,Low
27.89268957191114,71.99997002217964,133.62049053333746,High
27.89268957191114,72.17963307900355,141.51516305160365,High
27.89268957191114,72.80845377788721,132.7129391370839,High
27.89268957191114,73.25761141994698,139.39461881901627,High
27.89268957191114,73.34744294835893,131.2276932115252,High
27.89268957191114,73.52710600518283,125.40532950794974,High
27.89268957191114,73.79660059041869,133.55111695327747,High
27.89268957191114,73.88643211883064,135.09934692966985,High
27.89268957191114,75.32373657342187,143.45619515534793,High
27.89268957191114,76.04238880071749,151.54497449757307,High
27.89268957191114,76.2220518575414,162.6341366895565,High
27.89268957191114,76.85087255642506,173.5773814529059,High
27.89268957191114,77.30003019848482,184.12445504962338,High
27.89268957191114,77.74918784054458,200.64306430358127,High
27.89268957191114,77.83901936895654,199.2529883287095,High
27.89268957191114,78.55767159625215,214.42462220019303,High
27.89268957191114,78.91699770989996,211.20348872371497,High
27.89268957191114,79.00682923831191,221.33150128579803,High
27.89268957191114,79.63564993719558,223.06231943751118,High
27.89268957191114,79.81531299401948,218.68112809873026,High
27.89268957191114,80.80345980655096,228.88668139102435,High
27.89268957191114,81.25261744861072,215.00117693408012,High
27.89268957191114,81.34244897702267,215.66681242594612,High
27.89268957191114,95.35616740928721,151.03427072841487,High
27.89268957191114,96.07481963658282,133.40241089136157,High
27.982521100323094,72.0898015505916,138.08505987027482,High
27.982521100323094,72.53895919265136,124.15030994741826,High
27.982521100323094,72.62879072106331,118.5056904467996,Moderate
27.982521100323094,74.3355897608904,151.07715883994817,High
27.982521100323094,74.42542128930235,143.70880841049672,High
27.982521100323094,75.05424198818602,150.48429339464624,High
27.982521100323094,75.14407351659797,146.9793812384171,High
27.982521100323094,76.2220518575414,156.6992918022388,High
27.982521100323094,76.67120949960116,167.8385825141308,High
27.982521100323094,76.85087255642506,161.8164491918237,High
27.982521100323094,76.94070408483701,167.81733480642995,High
27.982521100323094,77.03053561324897,181.8195314879947,High
27.982521100323094,79.18649229513582,208.46315514027546,High
27.982521100323094,79.27632382354777,218.98969559227905,High
27.982521100323094,79.54581840878363,225.00000843622064,High
27.982521100323094,79.72548146560753,232.91916477037316,High
27.982521100323094,80.5339652213151,221.94465743072908,High
27.982521100323094,88.52897124997884,63.290197400967166,Low
27.982521100323094,95.35616740928721,149.18098791007625,High
27.982521100323094,96.07481963658282,142.75208219846067,High
27.982521100323094,96.25448269340673,108.69105720370264,Moderate
27.982521100323094,96.52397727864258,79.35105204398712,Low
28.072352628735047,72.17963307900355,130.68655663368602,High
28.072352628735047,72.71862224947526,141.52563187438113,High
28.072352628735047,74.1559267040665,148.58952107236445,High
28.072352628735047,74.3355897608904,143.43920107479528,High
28.072352628735047,74.87457893136211,148.81804185148053,High
28.072352628735047,75.41356810183383,149.8018630573291,High
28.072352628735047,77.03053561324897,181.66116456648612,High
28.072352628735047,79.63564993719558,228.7776876126333,High
28.072352628735047,79.90514452243143,219.1218896539225,High
28.072352628735047,80.26447063607924,221.9234919118943,High
28.072352628735047,81.07295439178681,213.58349800741507,High
28.072352628735047,95.53583046611111,135.40226179578696,High
28.162184157147,71.99997002217964,128.72854755278232,High
28.162184157147,72.0898015505916,133.3709513545522,High
28.162184157147,73.25761141994698,145.26790544712426,High
28.162184157147,73.34744294835893,146.52798817259966,High
28.162184157147,73.70676906200674,137.18493260979452,High
28.162184157147,75.14407351659797,154.68598870522254,High
28.162184157147,75.86272574389359,160.9018743028474,High
28.162184157147,76.13222032912944,163.45334109578053,High
28.162184157147,76.4017149143653,168.9290859870943,High
28.162184157147,76.76104102801311,190.1859595562536,High
28.162184157147,79.72548146560753,214.92647916187448,High
28.162184157147,79.81531299401948,211.6900759750641,High
28.162184157147,79.90514452243143,219.74712156481675,High
28.162184157147,80.26447063607924,218.90680721026598,High
28.162184157147,80.44413369290315,226.1794874621486,High
28.162184157147,80.62379674972705,229.5433823522063,High
28.162184157147,80.98312286337486,231.3027021361073,High
28.162184157147,81.07295439178681,230.91284314152765,High
28.162184157147,95.44599893769916,108.54506234889548,Moderate
28.252015685558952,73.25761141994698,143.85030387162075,High
28.252015685558952,73.88643211883064,134.3710974716227,High
28.252015685558952,74.06609517565454,135.21574892725974,High
28.252015685558952,75.05424198818602,151.57611505310996,High
28.252015685558952,75.32373657342187,159.7429150607046,High
28.252015685558952,76.49154644277725,164.63785842441254,High
28.252015685558952,76.76104102801311,178.75468672618308,High
28.252015685558952,76.94070408483701,190.95777362250027,High
28.252015685558952,77.12036714166092,206.88605314218384,High
28.252015685558952,77.47969325530873,243.13079543388443,High
28.252015685558952,77.74918784054458,236.30028693321984,High
28.252015685558952,78.19834548260434,217.60143293860406,High
28.252015685558952,78.55767159625215,223.53664252768075,High
28.252015685558952,79.00682923831191,206.32984031687909,High
28.252015685558952,79.99497605084339,236.1550083961911,High
28.252015685558952,80.3543021644912,212.9123259759087,High
28.252015685558952,80.713628278139,224.6272665852605,High
28.252015685558952,80.80345980655096,203.07521562399336,High
28.3418472139709,72.17963307900355,141.28238982687748,High
28.3418472139709,72.2694646074155,133.64641434709748,High
28.3418472139709,72.44912766423941,136.90800675506785,High
28.3418472139709,72.89828530629917,142.51987584614784,High
28.3418472139709,73.43727447677088,136.41660583108475,High
28.3418472139709,73.70676906200674,134.6209928973273,High
28.3418472139709,74.87457893136211,144.6981425816228,High
28.3418472139709,74.96441045977407,142.9613344881148,High
28.3418472139709,76.76104102801311,177.30488296775377,High
28.3418472139709,77.30003019848482,243.38406088265745,High
28.3418472139709,78.6475031246641,211.94743228200906,High
28.3418472139709,78.82716618148801,212.6353540040927,High
28.3418472139709,78.91699770989996,216.27839454453385,High
28.3418472139709,79.18649229513582,217.1136679929561,High
28.3418472139709,79.27632382354777,217.50552816551692,High
28.3418472139709,79.45598688037167,230.9418785306749,High
28.3418472139709,79.54581840878363,229.3891710642544,High
28.3418472139709,80.98312286337486,224.7852914249519,High
28.3418472139709,81.16278592019876,235.04974450179503,High
28.431678742382854,72.80845377788721,140.50552556475165,High
28.431678742382854,73.16777989153502,134.87566685328395,High
28.431678742382854,73.43727447677088,121.04480293106901,High
28.431678742382854,73.52710600518283,134.20655712114424,High
28.431678742382854,74.3355897608904,144.9188144877517,High
28.431678742382854,74.78474740295016,143.90870183592997,High
28.431678742382854,74.87457893136211,156.021284376865,High
28.431678742382854,75.41356810183383,150.77841828420262,High
28.431678742382854,76.67120949960116,186.86484143880918,High
28.431678742382854,76.85087255642506,190.30109633134617,High
28.431678742382854,77.38986172689677,258.8913760324405,High
28.431678742382854,77.47969325530873,277.52352305827975,High
28.431678742382854,77.56952478372068,271.1993863960797,High
28.431678742382854,78.2881770110163,228.32835656262063,High
28.431678742382854,78.37800853942825,219.01562853146953,High
28.431678742382854,78.55767159625215,218.07398309131932,High
28.431678742382854,78.6475031246641,212.34067401571482,High
28.431678742382854,79.09666076672387,215.3967546960032,High
28.431678742382854,79.18649229513582,224.99732390086348,High
28.521510270794806,74.42542128930235,140.76023813606676,High
28.521510270794806,75.05424198818602,156.22674549798387,High
28.521510270794806,75.32373657342187,153.11357289447255,High
28.521510270794806,75.41356810183383,155.23423628085817,High
28.521510270794806,77.38986172689677,272.6510739692655,High
28.521510270794806,77.74918784054458,247.70572427635213,High
28.521510270794806,78.91699770989996,217.03210327747948,High
28.521510270794806,79.45598688037167,234.81012936393046,High
28.521510270794806,79.63564993719558,218.07374677409467,High
28.521510270794806,79.90514452243143,226.55296869653176,High
28.521510270794806,80.3543021644912,239.37323908395769,High
28.521510270794806,80.80345980655096,224.4904496849548,High
28.61134179920676,72.35929613582745,135.2402817814644,High
28.61134179920676,73.52710600518283,142.96926103390174,High
28.61134179920676,73.61693753359478,140.43503814533526,High
28.61134179920676,76.04238880071749,173.1106773393044,High
28.61134179920676,76.49154644277725,178.1070356975933,High
28.61134179920676,76.5813779711892,180.97656623384526,High
28.61134179920676,76.76104102801311,197.4497045913841,High
28.61134179920676,78.37800853942825,217.0059961279221,High
28.61134179920676,78.91699770989996,213.5961831827713,High
28.61134179920676,79.09666076672387,226.04751854902017,High
28.61134179920676,79.27632382354777,233.7507827117836,High
28.61134179920676,79.54581840878363,220.92543357046694,High
28.61134179920676,79.72548146560753,226.8801152160035,High
28.61134179920676,79.81531299401948,226.67989776120646,High
28.61134179920676,79.90514452243143,226.0968630276487,High
28.70117332761871,72.62879072106331,145.10472422198424,High
28.70117332761871,73.34744294835893,132.79971191164609,High
28.70117332761871,74.24575823247845,144.68527609389713,High
28.70117332761871,75.95255727230554,170.97859642877316,High
28.70117332761871,76.13222032912944,168.23959089515958,High
28.70117332761871,76.31188338595335,180.6206632991446,High
28.70117332761871,76.94070408483701,220.60401313090543,High
28.70117332761871,77.03053561324897,217.7182968005207,High
28.70117332761871,77.47969325530873,253.58037309672278,High
28.70117332761871,78.4678400678402,221.25545694292617,High
28.70117332761871,79.36615535195972,227.6323307991093,High
28.70117332761871,79.54581840878363,222.8165654503772,High
28.70117332761871,80.17463910766729,226.0477141418839,High
28.791004856030664,72.53895919265136,147.70401143233306,High
28.791004856030664,73.52710600518283,143.24102050954932,High
28.791004856030664,74.3355897608904,148.2753683662257,High
28.791004856030664,74.87457893136211,162.29785911965743,High
28.791004856030664,75.50339963024578,155.3307313360414,High
28.791004856030664,76.13222032912944,179.2861684953131,High
28.791004856030664,76.85087255642506,217.77725417841424,High
28.791004856030664,77.12036714166092,238.06243158737462,High
28.791004856030664,77.47969325530873,234.28009902296284,High
28.791004856030664,77.83901936895654,242.60369546443204,High
28.791004856030664,77.92885089736849,238.5135084559812,High
28.791004856030664,78.6475031246641,216.18924932280652,High
28.880836384442617,72.80845377788721,146.73387072443214,High
28.880836384442617,73.61693753359478,146.34029069125782,High
28.880836384442617,75.59323115865773,166.60542663756806,High
28.880836384442617,76.49154644277725,193.05445590253848,High
28.880836384442617,76.94070408483701,205.01239867312492,High
28.880836384442617,77.03053561324897,205.0706454528367,High
28.880836384442617,77.30003019848482,207.3957916856898,High
28.880836384442617,77.74918784054458,229.52591173973025,High
28.880836384442617,79.90514452243143,220.98318215385254,High
28.970667912854566,73.07794836312307,134.34827726484693,High
28.970667912854566,73.25761141994698,145.08776970502723,High
28.970667912854566,75.95255727230554,181.99376432637544,High
28.970667912854566,76.04238880071749,181.33416022305232,High
28.970667912854566,76.67120949960116,195.5859299068821,High
28.970667912854566,77.03053561324897,211.82520349801445,High
28.970667912854566,77.30003019848482,223.37012816451693,High
28.970667912854566,78.2881770110163,230.1927983550337,High
29.06049944126652,73.79660059041869,145.41226603947132,High
29.06049944126652,74.24575823247845,155.2942951559007,High
29.06049944126652,74.87457893136211,167.18128635666542,High
29.06049944126652,75.32373657342187,170.22869558753754,High
29.06049944126652,75.86272574389359,201.40513128931727,High
29.06049944126652,76.13222032912944,194.0039935658679,High
29.06049944126652,77.30003019848482,213.04221370521296,High
29.06049944126652,78.2881770110163,223.5500406778613,High
29.06049944126652,78.6475031246641,221.22830930289106,High
29.06049944126652,79.27632382354777,195.84389904582392,High
29.06049944126652,79.63564993719558,211.03808563331762,High
29.06049944126652,79.81531299401948,209.3341651410111,High
29.06049944126652,79.90514452243143,211.4015892904006,High
29.15033096967847,73.43727447677088,141.7397480496031,High
29.15033096967847,73.70676906200674,166.4564524982832,High
29.15033096967847,76.13222032912944,176.66951887786468,High
29.15033096967847,76.49154644277725,198.0316360081128,High
29.15033096967847,76.76104102801311,202.3554243073175,High
29.15033096967847,77.65935631213263,217.35924177197444,High
29.15033096967847,78.19834548260434,218.88717507861588,High
29.15033096967847,79.99497605084339,176.0149942797044,High
29.15033096967847,80.08480757925534,203.70683154565705,High
29.240162498090424,74.1559267040665,170.8301834254467,High
29.240162498090424,75.41356810183383,172.14142853299163,High
29.240162498090424,76.94070408483701,198.24684938129616,High
29.240162498090424,77.56952478372068,206.81661727395922,High
29.240162498090424,77.65935631213263,209.64787129634763,High
29.240162498090424,77.74918784054458,213.21388480223322,High
29.240162498090424,77.92885089736849,215.62675843636276,High
29.240162498090424,78.01868242578044,212.81239505474042,High
29.240162498090424,78.19834548260434,222.76181354729556,High
29.240162498090424,79.90514452243143,165.7005503850837,High
29.329994026502376,73.34744294835893,146.4680162640089,High
29.329994026502376,73.70676906200674,154.60615372562816,High
29.329994026502376,73.97626364724259,155.07747860464522,High
29.329994026502376,74.24575823247845,163.78266039125717,High
29.329994026502376,74.60508434612626,164.82310617057402,High
29.329994026502376,74.87457893136211,180.03006305440292,High
29.329994026502376,75.95255727230554,191.96115453520784,High
29.329994026502376,77.21019867007287,220.11934504707247,High
29.329994026502376,77.47969325530873,215.16481398735456,High
29.329994026502376,77.74918784054458,223.07156089214075,High
29.329994026502376,78.6475031246641,211.38590906458248,High
29.329994026502376,79.36615535195972,183.4395106403472,High
29.329994026502376,79.99497605084339,156.81352574063098,High
29.41982555491433,73.88643211883064,157.28907400794438,High
29.41982555491433,74.1559267040665,168.17232386203034,High
29.41982555491433,74.3355897608904,161.08273424381744,High
29.41982555491433,74.78474740295016,172.1370602073233,High
29.41982555491433,75.86272574389359,177.17544748041078,High
29.41982555491433,76.04238880071749,190.3173078034212,High
29.41982555491433,76.2220518575414,189.913721200018,High
29.41982555491433,76.31188338595335,184.74357585808045,High
29.41982555491433,76.5813779711892,202.0718264976313,High
29.41982555491433,77.47969325530873,207.77791944317684,High
29.41982555491433,77.92885089736849,214.16821429310306,High
29.41982555491433,78.2881770110163,220.785571117732,High
29.41982555491433,79.45598688037167,156.72597806175875,High
29.41982555491433,79.63564993719558,152.2278298474637,High
29.50965708332628,73.79660059041869,162.02779459675494,High
29.50965708332628,73.97626364724259,164.62634783876962,High
29.50965708332628,75.05424198818602,169.46618421390636,High
29.50965708332628,76.4017149143653,197.18705723369536,High
29.50965708332628,76.5813779711892,195.19870699532893,High
29.50965708332628,76.76104102801311,205.4517854174353,High
29.50965708332628,77.03053561324897,203.02633671577098,High
29.50965708332628,77.47969325530873,222.1696785944108,High
29.50965708332628,78.19834548260434,222.2113630741965,High
29.50965708332628,79.00682923831191,199.6592708143781,High
29.50965708332628,79.45598688037167,153.37741184858052,High
29.50965708332628,79.54581840878363,157.28086488256403,High
29.50965708332628,79.63564993719558,145.70491645223615,High
29.50965708332628,79.90514452243143,173.75080271400972,High
29.50965708332628,80.26447063607924,167.69740180065162,High
29.59948861173823,73.34744294835893,158.91530364879665,High
29.59948861173823,73.61693753359478,172.34270082902913,High
29.59948861173823,74.06609517565454,170.29285105774628,High
29.59948861173823,74.3355897608904,158.01957972986008,High
29.59948861173823,75.05424198818602,183.57017215214717,High
29.59948861173823,75.14407351659797,181.45211856166998,High
29.59948861173823,77.38986172689677,211.5373120992009,High
29.59948861173823,77.83901936895654,209.14155888750804,High
29.59948861173823,77.92885089736849,231.8749690479057,High
29.59948861173823,78.91699770989996,213.0793096249012,High
29.59948861173823,79.72548146560753,151.9706749929404,High
29.59948861173823,80.17463910766729,137.97269380506708,High
29.689320140150183,74.06609517565454,177.32957888522162,High
29.689320140150183,75.41356810183383,196.28126940409985,High
29.689320140150183,75.50339963024578,190.8511111577781,High
29.689320140150183,76.04238880071749,190.6565173034045,High
29.689320140150183,77.21019867007287,195.16164731556174,High
29.689320140150183,77.30003019848482,184.20145009040664,High
29.689320140150183,77.47969325530873,204.29170345485204,High
29.689320140150183,77.92885089736849,209.1116787652045,High
29.689320140150183,78.2881770110163,204.8170581667166,High
29.689320140150183,79.09666076672387,151.95587636588556,High
29.689320140150183,79.27632382354777,189.25582254045005,High
29.689320140150183,79.72548146560753,156.38656640572435,High
29.689320140150183,80.26447063607924,140.04531858458077,High
29.779151668562136,73.88643211883064,177.68761775715143,High
29.779151668562136,74.51525281771431,174.16126823042893,High
29.779151668562136,74.78474740295016,183.64025419096157,High
29.779151668562136,75.77289421548164,191.2346135887748,High
29.779151668562136,76.04238880071749,192.90542993800264,High
29.779151668562136,77.03053561324897,207.10699830177788,High
29.779151668562136,77.21019867007287,199.72440868127126,High
29.779151668562136,78.4678400678402,204.21918081069083,High
29.779151668562136,78.91699770989996,159.2649883058895,High
29.779151668562136,80.17463910766729,144.21689449557223,High
29.86898319697409,73.43727447677088,159.97250471073622,High
29.86898319697409,73.88643211883064,174.7801858900026,High
29.86898319697409,74.78474740295016,191.8917519579946,High
29.86898319697409,74.96441045977407,199.7264930054284,High
29.86898319697409,75.05424198818602,192.71293690453547,High
29.86898319697409,75.41356810183383,192.18002819937695,High
29.86898319697409,75.50339963024578,186.8898305382236,High
29.86898319697409,76.31188338595335,192.20079828492496,High
29.86898319697409,77.47969325530873,197.9690110094236,High
29.86898319697409,77.74918784054458,201.74263690612784,High
29.86898319697409,78.10851395419239,206.2905376505205,High
29.86898319697409,79.09666076672387,167.99492256878113,High
29.86898319697409,79.72548146560753,163.30478441611038,High
29.86898319697409,79.99497605084339,129.72042115710082,High
29.95881472538604,73.61693753359478,157.38177261395307,High
29.95881472538604,73.70676906200674,169.63320394704616,High
29.95881472538604,73.79660059041869,173.7565187539626,High
29.95881472538604,74.06609517565454,170.91242890231285,High
29.95881472538604,76.94070408483701,190.52847271707645,High
29.95881472538604,77.47969325530873,231.1480605716099,High
29.95881472538604,77.74918784054458,215.9443047649217,High
29.95881472538604,77.92885089736849,218.20396729355363,High
29.95881472538604,79.99497605084339,103.17529179491021,Moderate
30.048646253797994,73.88643211883064,180.4420163780145,High
30.048646253797994,74.1559267040665,174.48721291766006,High
30.048646253797994,74.24575823247845,176.52522666830558,High
30.048646253797994,75.50339963024578,198.82500552517408,High
30.048646253797994,75.77289421548164,183.89708275012134,High
30.048646253797994,75.86272574389359,187.11911444995403,High
30.048646253797994,75.95255727230554,194.98685489746333,High
30.048646253797994,76.13222032912944,183.7967612220236,High
30.048646253797994,76.31188338595335,184.71221031898838,High
30.048646253797994,77.56952478372068,226.96212355458093,High
30.048646253797994,77.74918784054458,203.9906461100831,High
30.048646253797994,79.81531299401948,100.55768320864004,Moderate
30.138477782209947,74.60508434612626,192.35708698978942,High
30.138477782209947,74.69491587453821,188.9772185807798,High
30.138477782209947,75.05424198818602,190.14340679765527,High
30.138477782209947,76.49154644277725,194.87217925468264,High
30.138477782209947,76.67120949960116,209.1762726147304,High
30.138477782209947,79.00682923831191,129.11585617992898,High
30.138477782209947,79.18649229513582,140.48418474357743,High
30.138477782209947,79.36615535195972,150.777079036139,High
30.138477782209947,79.72548146560753,92.29384230342133,Moderate
30.138477782209947,80.80345980655096,57.57855606454615,Low
30.228309310621896,74.60508434612626,192.13896135407384,High
30.228309310621896,74.96441045977407,188.63466478745966,High
30.228309310621896,75.05424198818602,186.953983627046,High
30.228309310621896,76.2220518575414,184.8150136452705,High
30.228309310621896,76.49154644277725,195.79977325815506,High
30.228309310621896,76.67120949960116,195.17497496839178,High
30.228309310621896,76.94070408483701,200.7324466263976,High
30.228309310621896,77.83901936895654,195.3265548751848,High
30.228309310621896,78.01868242578044,191.93337398030334,High
30.228309310621896,79.09666076672387,129.4967998624974,High
30.228309310621896,80.26447063607924,70.70147940537622,Low
30.228309310621896,80.3543021644912,62.32385666164998,Low
30.228309310621896,80.5339652213151,58.42671248927207,Low
30.228309310621896,80.62379674972705,61.91340045694682,Low
30.228309310621896,80.80345980655096,63.62207720711635,Low
30.228309310621896,80.89329133496291,66.38191617091528,Low
30.31814083903385,74.1559267040665,182.31559374201288,High
30.31814083903385,74.51525281771431,208.28391710118663,High
30.31814083903385,74.60508434612626,197.88088481798698,High
30.31814083903385,74.78474740295016,206.843097251116,High
30.31814083903385,75.14407351659797,190.38384914496152,High
30.31814083903385,75.59323115865773,188.73924947644315,High
30.31814083903385,76.67120949960116,197.06982034270382,High
30.31814083903385,77.74918784054458,207.60864138324015,High
30.31814083903385,78.10851395419239,186.1770644185299,High
30.31814083903385,79.00682923831191,152.3211739088862,High
30.31814083903385,79.36615535195972,130.49780584480527,High
30.31814083903385,79.90514452243143,52.02864142693808,Low
30.4079723674458,74.3355897608904,192.0782137550118,High
30.4079723674458,74.60508434612626,180.1433482034506,High
30.4079723674458,75.50339963024578,189.2225636873496,High
30.4079723674458,75.86272574389359,202.09882537999349,High
30.4079723674458,76.67120949960116,198.2091862306405,High
30.4079723674458,76.85087255642506,193.01947782861964,High
30.4079723674458,78.19834548260434,135.01848463229558,High
30.4079723674458,78.4678400678402,158.04349598105748,High
30.4079723674458,78.55767159625215,143.60323157692073,High
30.4079723674458,78.82716618148801,105.5857737122275,Moderate
30.4079723674458,79.90514452243143,56.19343047174559,Low
30.4079723674458,80.17463910766729,61.76204067457109,Low
30.497803895857754,74.60508434612626,177.73907167600134,High
30.497803895857754,75.14407351659797,191.0662144977021,High
30.497803895857754,76.31188338595335,190.52657763952442,High
30.497803895857754,77.47969325530873,205.6187179071977,High
30.497803895857754,77.56952478372068,204.39063054575863,High
30.497803895857754,78.2881770110163,125.6846642685196,High
30.497803895857754,78.37800853942825,156.75969425190172,High
30.497803895857754,78.55767159625215,122.50494778552428,High
30.497803895857754,78.6475031246641,129.7528671794456,High
30.497803895857754,78.82716618148801,114.25216651833041,Moderate
30.497803895857754,79.18649229513582,100.49470534797136,Moderate
30.497803895857754,79.99497605084339,59.55155475523892,Low
30.497803895857754,80.17463910766729,55.705750688514094,Low
30.587635424269706,74.24575823247845,184.77607131360062,High
30.587635424269706,74.69491587453821,184.63200936049097,High
30.587635424269706,75.32373657342187,194.33565503310726,High
30.587635424269706,75.68306268706968,191.0466037716409,High
30.587635424269706,76.2220518575414,203.11417838321415,High
30.587635424269706,77.65935631213263,166.4118990041176,High
30.587635424269706,77.83901936895654,154.94750535852032,High
30.587635424269706,78.82716618148801,87.62779878261519,Moderate
30.587635424269706,78.91699770989996,72.06217650157659,Low
30.67746695268166,74.69491587453821,192.71996846843223,High
30.67746695268166,74.87457893136211,184.8667135320932,High
30.67746695268166,76.31188338595335,202.34282473330475,High
30.67746695268166,76.67120949960116,192.37949166888703,High
30.67746695268166,79.00682923831191,54.60285111457875,Low
30.67746695268166,79.18649229513582,51.47414794965928,Low
30.67746695268166,79.27632382354777,49.6340043691523,Low
30.67746695268166,79.54581840878363,49.34020652739872,Low
30.67746695268166,79.81531299401948,47.529323131393085,Low
30.67746695268166,79.99497605084339,60.879291601610454,Low
30.76729848109361,75.86272574389359,195.43690906101784,High
30.76729848109361,76.04238880071749,200.27481683012888,High
30.76729848109361,76.67120949960116,196.63315776809782,High
30.76729848109361,77.12036714166092,163.22140591193704,High
30.76729848109361,77.83901936895654,143.44176380961747,High
30.76729848109361,78.91699770989996,56.08179228838522,Low
30.76729848109361,79.90514452243143,46.420693294109455,Low
30.857130009505564,75.68306268706968,195.73124141898933,High
30.857130009505564,76.04238880071749,203.15954386780095,High
30.857130009505564,76.31188338595335,194.045297666203,High
30.857130009505564,76.49154644277725,200.6178649866064,High
30.857130009505564,76.85087255642506,196.5911353556424,High
30.857130009505564,78.91699770989996,53.76869098699733,Low
30.857130009505564,79.27632382354777,48.20465867866617,Low
30.857130009505564,79.63564993719558,49.91996463571944,Low
30.946961537917513,74.87457893136211,183.94762160353838,High
30.946961537917513,75.86272574389359,202.6699140176671,High
30.946961537917513,77.92885089736849,127.50174819362877,High
30.946961537917513,78.37800853942825,88.31018807852935,Moderate
30.946961537917513,78.55767159625215,62.02484996684891,Low
30.946961537917513,79.00682923831191,62.594830631962154,Low
30.946961537917513,79.81531299401948,51.11127508500792,Low
31.036793066329466,77.38986172689677,130.11178533253621,High
31.036793066329466,77.56952478372068,118.01886046668054,Moderate
31.036793066329466,77.65935631213263,117.19711140277792,Moderate
31.036793066329466,77.74918784054458,114.59487433346509,Moderate
31.036793066329466,78.73733465307606,74.55683440890151,Low
31.12662459474142,76.4017149143653,201.176542137295,High
31.12662459474142,76.5813779711892,170.52580860864373,High
31.12662459474142,76.76104102801311,158.1175444319966,High
31.12662459474142,76.94070408483701,147.2520892139424,High
31.12662459474142,77.21019867007287,138.20966078089927,High
31.12662459474142,77.30003019848482,134.36298399481146,High
31.12662459474142,77.38986172689677,128.40903288163315,High
31.12662459474142,77.65935631213263,99.4469855807201,Moderate
31.12662459474142,78.01868242578044,85.85627274913526,Moderate
31.12662459474142,78.10851395419239,76.88265022945542,Low
31.12662459474142,78.19834548260434,59.93579161600709,Low
31.21645612315337,74.69491587453821,214.93347327453517,High
31.21645612315337,74.78474740295016,209.71984270131838,High
31.21645612315337,75.68306268706968,215.19909621656893,High
31.21645612315337,76.2220518575414,186.42872124313,High
31.21645612315337,76.76104102801311,166.11191099764343,High
31.21645612315337,77.30003019848482,141.1576741367155,High
31.21645612315337,77.38986172689677,139.93344963340763,High
31.21645612315337,77.92885089736849,71.47107039188475,Low
31.21645612315337,78.01868242578044,74.6586879226814,Low
31.306287651565324,74.69491587453821,211.68347253559187,High
31.306287651565324,75.50339963024578,203.79229485314036,High
31.306287651565324,75.86272574389359,207.50014335882358,High
31.306287651565324,77.74918784054458,108.59724138721909,Moderate
31.306287651565324,78.01868242578044,61.45108148719559,Low
31.396119179977276,75.41356810183383,189.42062166916543,High
31.396119179977276,75.50339963024578,203.45255327845516,High
31.396119179977276,76.31188338595335,197.67204058842532,High
31.396119179977276,76.4017149143653,190.14101090042996,High
31.396119179977276,76.49154644277725,176.48201223660334,High
31.396119179977276,77.21019867007287,121.09545298649216,High
31.396119179977276,78.37800853942825,67.37763235045087,Low
31.48595070838923,74.69491587453821,227.76097424702024,High
31.48595070838923,75.68306268706968,201.2415950901096,High
31.48595070838923,76.04238880071749,188.4515240919487,High
31.48595070838923,77.30003019848482,105.52894681549309,Moderate
31.48595070838923,77.56952478372068,79.77362328056986,Low
31.48595070838923,78.01868242578044,65.15221077699347,Low
31.48595070838923,78.37800853942825,67.31418029826013,Low
31.575782236801178,75.23390504500992,192.28618833287769,High
31.575782236801178,75.86272574389359,183.69205473670544,High
31.575782236801178,76.5813779711892,164.02392843030253,High
31.575782236801178,77.12036714166092,114.50528739629398,Moderate
31.575782236801178,77.47969325530873,77.39130353579557,Low
31.66561376521313,74.69491587453821,207.63775393187265,High
31.66561376521313,75.05424198818602,209.32061727804336,High
31.66561376521313,75.86272574389359,172.52911919700588,High
31.66561376521313,76.31188338595335,182.9122944114605,High
31.66561376521313,78.01868242578044,47.5537410254882,Low
31.66561376521313,78.73733465307606,53.42974933332452,Low
31.755445293625083,74.87457893136211,199.69394780434516,High
31.755445293625083,75.05424198818602,211.03496045011573,High
31.755445293625083,75.41356810183383,182.27825708445167,High
31.755445293625083,76.31188338595335,186.16978167967724,High
31.755445293625083,76.4017149143653,175.57924477926875,High
31.755445293625083,76.5813779711892,140.7647416545184,High
31.755445293625083,77.03053561324897,122.82674859802795,High
31.755445293625083,77.12036714166092,115.00141370183938,Moderate
31.755445293625083,77.74918784054458,47.793404166972934,Low
31.755445293625083,78.01868242578044,47.261710849313864,Low
31.755445293625083,78.55767159625215,51.342334045101985,Low
31.845276822037036,75.41356810183383,187.36877626800162,High
31.845276822037036,76.31188338595335,151.5141882622939,High
31.845276822037036,76.67120949960116,118.35769297815722,Moderate
31.845276822037036,77.03053561324897,92.5760695653484,Moderate
31.845276822037036,77.12036714166092,91.66508956495733,Moderate
31.845276822037036,77.65935631213263,46.59197584942123,Low
31.93510835044899,75.32373657342187,194.40273526288757,High
31.93510835044899,75.50339963024578,193.39835447262212,High
31.93510835044899,76.2220518575414,154.22282499619604,High
31.93510835044899,77.56952478372068,58.86107618131072,Low
31.93510835044899,78.73733465307606,56.7949763666715,Low
32.02493987886094,74.96441045977407,198.57002767362383,High
32.02493987886094,75.41356810183383,186.58714070297907,High
32.02493987886094,76.31188338595335,142.2902194504992,High
32.02493987886094,76.5813779711892,127.23014173312002,High
32.02493987886094,76.94070408483701,67.44820492568847,Low
32.02493987886094,77.21019867007287,43.653015069702924,Low
32.02493987886094,78.10851395419239,53.948674486397856,Low
32.02493987886094,78.4678400678402,58.45050119739354,Low
32.11477140727289,76.31188338595335,127.96710209411529,High
32.11477140727289,76.49154644277725,102.1427365738316,Moderate
32.11477140727289,76.76104102801311,52.960305366156504,Low
32.11477140727289,77.74918784054458,39.09255407751609,Low
32.11477140727289,78.19834548260434,57.5070896532202,Low
32.204602935684846,76.4017149143653,86.37508462396883,Moderate
32.204602935684846,76.5813779711892,61.232551204200064,Low
32.204602935684846,78.10851395419239,50.44301710433641,Low
32.204602935684846,78.2881770110163,55.28734285117515,Low
32.294434464096796,75.68306268706968,175.90723576676507,High
32.294434464096796,75.77289421548164,186.54430330861075,High
32.294434464096796,76.2220518575414,107.1864258701794,Moderate
32.294434464096796,76.4017149143653,74.10750630564725,Low
32.294434464096796,77.21019867007287,53.392715255028584,Low
32.294434464096796,78.4678400678402,62.341859970704355,Low
32.38426599250875,75.95255727230554,152.8875053178528,High
32.38426599250875,77.03053561324897,45.568909972316916,Low
32.38426599250875,77.30003019848482,44.6371327765948,Low
32.38426599250875,77.65935631213263,46.15921155290649,Low
32.38426599250875,77.83901936895654,50.38176101452885,Low
32.38426599250875,78.2881770110163,46.47868295146863,Low
32.4740975209207,76.04238880071749,123.73563259844298,High
32.4740975209207,76.13222032912944,104.18723356369871,Moderate
32.4740975209207,76.2220518575414,92.26843797168009,Moderate
32.4740975209207,76.31188338595335,88.83692571204273,Moderate
32.4740975209207,76.49154644277725,59.691712616309935,Low
32.4740975209207,78.10851395419239,52.816842042371995,Low
32.56392904933265,76.2220518575414,113.00413189066305,Moderate
32.56392904933265,76.31188338595335,76.7785774731487,Low
32.56392904933265,76.49154644277725,53.4183472567936,Low
32.56392904933265,76.85087255642506,52.44276078140891,Low
32.56392904933265,77.30003019848482,42.44861068503727,Low
32.56392904933265,78.10851395419239,53.652717720908974,Low
32.56392904933265,78.19834548260434,51.71395183477276,Low
32.653760577744606,76.76104102801311,54.07807231915672,Low
32.653760577744606,77.30003019848482,44.46720921673029,Low
32.653760577744606,77.47969325530873,39.95030715666963,Low
32.653760577744606,78.37800853942825,57.084584262056765,Low
32.743592106156555,76.2220518575414,82.31132407777795,Moderate
32.743592106156555,76.67120949960116,53.13740462759109,Low
32.743592106156555,77.56952478372068,46.356387786066605,Low
32.83342363456851,76.13222032912944,56.09687359360435,Low
32.83342363456851,77.12036714166092,39.413552736385085,Low
32.83342363456851,77.21019867007287,39.12405284208751,Low
32.92325516298046,76.85087255642506,39.61311989892645,Low
33.01308669139242,76.49154644277725,54.83456956728635,Low
33.102918219804366,76.76104102801311,37.90119896563876,Low
