country,state,city,station,last_update,latitude,longitude,pollutant_id,pollutant_min,pollutant_max,pollutant_avg
India,"Andhra Pradesh",Vijayawada,"Rajiv Gandhi Park, Vijayawada - APPCB","28-06-2026 02:00:00",16.509717,80.612222,OZONE,19,19,19
India,"Andhra Pradesh",Vijayawada,"Kanuru, Vijayawada - APPCB","28-06-2026 02:00:00",16.486692,80.699436,PM10,64,79,69
India,"Andhra Pradesh",Vijayawada,"Kanuru, Vijayawada - APPCB","28-06-2026 02:00:00",16.486692,80.699436,NH3,4,5,5
India,"Andhra Pradesh",Vijayawada,"Kanuru, Vijayawada - APPCB","28-06-2026 02:00:00",16.486692,80.699436,SO2,9,26,14
India,"Andhra Pradesh",Vijayawada,"HB Colony, Vijayawada - APPCB","28-06-2026 02:00:00",16.536107,80.594233,SO2,NA,NA,NA
India,"Andhra Pradesh",Vijayawada,"Rajiv Nagar, Vijayawada - APPCB","28-06-2026 02:00:00",16.554731,80.64911,OZONE,44,44,44
India,"Andhra Pradesh",Visakhapatnam,"GVM Corporation, Visakhapatnam - APPCB","28-06-2026 02:00:00",17.72,83.3,PM10,NA,NA,NA
India,"Andhra Pradesh",Visakhapatnam,"GVM Corporation, Visakhapatnam - APPCB","28-06-2026 02:00:00",17.72,83.3,NH3,NA,NA,NA
India,"Andhra Pradesh",Visakhapatnam,"GVM Corporation, Visakhapatnam - APPCB","28-06-2026 02:00:00",17.72,83.3,SO2,NA,NA,NA
India,"Arunachal Pradesh",Naharlagun,"Naharlagun, Naharlagun - APSPCB","28-06-2026 02:00:00",27.103358,93.679645,PM2.5,NA,NA,NA
India,"Arunachal Pradesh",Naharlagun,"Naharlagun, Naharlagun - APSPCB","28-06-2026 02:00:00",27.103358,93.679645,SO2,10,11,11
India,"Arunachal Pradesh",Naharlagun,"Naharlagun, Naharlagun - APSPCB","28-06-2026 02:00:00",27.103358,93.679645,OZONE,6,6,6
India,Assam,Byrnihat,"Central Academy for SFS, Byrnihat - PCBA","28-06-2026 02:00:00",26.071318,91.87488,PM2.5,37,311,121
India,Assam,Byrnihat,"Central Academy for SFS, Byrnihat - PCBA","28-06-2026 02:00:00",26.071318,91.87488,NO2,5,14,8
India,Bihar,Gaya,"SFTI Kusdihra, Gaya - BSPCB","28-06-2026 02:00:00",24.762518,84.982348,NO2,19,26,22
India,Bihar,Gaya,"SFTI Kusdihra, Gaya - BSPCB","28-06-2026 02:00:00",24.762518,84.982348,CO,28,34,31
India,Bihar,Gaya,"Kareemganj, Gaya - BSPCB","28-06-2026 02:00:00",24.792403,84.992416,CO,29,30,30
India,Bihar,Hajipur,"Industrial Area, Hajipur - BSPCB","28-06-2026 02:00:00",25.697189,85.2459,PM10,66,108,89
India,Bihar,Hajipur,"Industrial Area, Hajipur - BSPCB","28-06-2026 02:00:00",25.697189,85.2459,NH3,16,23,19
India,Bihar,Katihar,"Mirchaibari, Katihar - BSPCB","28-06-2026 02:00:00",25.560083,87.553265,NO2,2,2,2
India,Bihar,Katihar,"Mirchaibari, Katihar - BSPCB","28-06-2026 02:00:00",25.560083,87.553265,OZONE,6,57,21
India,Bihar,Manguraha,"Forest Rest House, Manguraha - BSPCB","28-06-2026 02:00:00",27.308328,84.531742,SO2,15,17,16
India,Bihar,Motihari,"Gandak Colony, Motihari - BSPCB","28-06-2026 02:00:00",26.63086,84.90051,OZONE,53,55,54
India,"Andhra Pradesh",Chittoor,"Gangineni Cheruvu, Chittoor - APPCB","28-06-2026 02:00:00",13.20488,79.097889,CO,14,16,15
India,"Andhra Pradesh",Guntur,"Rajendra Nagar North, Guntur - APPCB","28-06-2026 02:00:00",16.316553,80.413302,NO2,23,88,40
India,"Andhra Pradesh",Kadapa,"Yerramukkapalli, Kadapa - APPCB","28-06-2026 02:00:00",14.465052,78.824187,PM10,NA,NA,NA
India,"Andhra Pradesh",Kadapa,"Yerramukkapalli, Kadapa - APPCB","28-06-2026 02:00:00",14.465052,78.824187,SO2,NA,NA,NA
India,"Andhra Pradesh",Machilipatnam,"Srinivas Nagar Colony, Machilipatnam - APPCB","28-06-2026 02:00:00",16.186555,81.13219,PM2.5,65,90,75
India,"Andhra Pradesh",Nellore,"Ambedkar Nagar, Nellore - APPCB ","28-06-2026 02:00:00",14.438164,79.966814,NO2,22,25,23
India,"Andhra Pradesh",Nellore,"Ambedkar Nagar, Nellore - APPCB ","28-06-2026 02:00:00",14.438164,79.966814,NH3,7,7,7
India,"Andhra Pradesh",Nellore,"Ambedkar Nagar, Nellore - APPCB ","28-06-2026 02:00:00",14.438164,79.966814,CO,33,33,33
India,Bihar,Begusarai,"Lohiyanagar, Begusarai - BSPCB","28-06-2026 02:00:00",25.42742023,86.13886079,OZONE,31,47,42
India,Bihar,Bettiah,"Kamalnath Nagar, Bettiah - BSPCB","28-06-2026 02:00:00",26.80365,84.51954,PM2.5,NA,NA,NA
India,Bihar,Bhagalpur,"DM Office_Kachari Chowk, Bhagalpur - BSPCB","28-06-2026 02:00:00",25.251013,86.989001,PM2.5,3,363,55
India,Bihar,Buxar,"Charitra Van, Buxar - BSPCB","28-06-2026 02:00:00",25.56752,83.966379,OZONE,58,135,80
India,Bihar,Chhapra,"Darshan Nagar, Chhapra - BSPCB","28-06-2026 02:00:00",25.7808257,84.7446768,OZONE,4,4,4
India,Bihar,Gaya,"Collectorate, Gaya - BSPCB","28-06-2026 02:00:00",24.7955,84.9994,PM10,NA,NA,NA
India,"Andhra Pradesh",Rajamahendravaram,"Anand Kala Kshetram, Rajamahendravaram - APPCB","28-06-2026 02:00:00",16.9872867,81.7363176,NH3,0,1,1
India,"Andhra Pradesh",Tirumala,"Toll Gate, Tirumala - APPCB","28-06-2026 02:00:00",13.67,79.35,SO2,3,8,5
India,"Andhra Pradesh",Tirupati,"Vaikuntapuram, Tirupati - APPCB","28-06-2026 02:00:00",13.615387,79.40923,PM10,65,71,68
India,"Andhra Pradesh",Tirupati,"Vaikuntapuram, Tirupati - APPCB","28-06-2026 02:00:00",13.615387,79.40923,NH3,4,5,4
India,"Andhra Pradesh",Vijayawada,"Rajiv Gandhi Park, Vijayawada - APPCB","28-06-2026 02:00:00",16.509717,80.612222,PM2.5,42,69,57
India,"Andhra Pradesh",Vijayawada,"Rajiv Gandhi Park, Vijayawada - APPCB","28-06-2026 02:00:00",16.509717,80.612222,PM10,45,74,61
India,"Andhra Pradesh",Vijayawada,"Rajiv Gandhi Park, Vijayawada - APPCB","28-06-2026 02:00:00",16.509717,80.612222,NH3,2,7,5
India,Assam,Guwahati,"Railway Colony, Guwahati - PCBA","28-06-2026 02:00:00",26.181742,91.78063,NH3,1,1,1
India,Assam,Guwahati,"Pan Bazaar, Guwahati - PCBA","28-06-2026 02:00:00",26.1875,91.744194,SO2,29,33,31
India,Assam,Nagaon,"Christianpatty, Nagaon - PCBA","28-06-2026 02:00:00",26.349082,92.68449,PM10,48,78,61
India,Assam,Nagaon,"Christianpatty, Nagaon - PCBA","28-06-2026 02:00:00",26.349082,92.68449,OZONE,5,12,10
India,Assam,Silchar,"Tarapur, Silchar - PCBA","28-06-2026 02:00:00",24.82827,92.79525,PM2.5,41,46,43
India,Assam,Silchar,"Tarapur, Silchar - PCBA","28-06-2026 02:00:00",24.82827,92.79525,PM10,50,64,54
India,Assam,Sivasagar,"Girls College, Sivasagar - PCBA","28-06-2026 02:00:00",26.987634,94.636574,PM2.5,14,33,22
India,Bihar,Muzaffarpur,"Buddha Colony, Muzaffarpur - BSPCB","28-06-2026 02:00:00",26.11442,85.39813,NH3,8,13,10
India,Bihar,Muzaffarpur,"Buddha Colony, Muzaffarpur - BSPCB","28-06-2026 02:00:00",26.11442,85.39813,SO2,2,14,7
India,Bihar,Muzaffarpur,"Buddha Colony, Muzaffarpur - BSPCB","28-06-2026 02:00:00",26.11442,85.39813,OZONE,15,42,27
India,Bihar,Muzaffarpur,"MIT-Daudpur Kothi, Muzaffarpur - BSPCB","28-06-2026 02:00:00",26.1403345,85.3650192,PM2.5,40,53,47
India,Bihar,Muzaffarpur,"MIT-Daudpur Kothi, Muzaffarpur - BSPCB","28-06-2026 02:00:00",26.1403345,85.3650192,SO2,4,15,11
India,Bihar,Patna,"Rajbansi Nagar, Patna - BSPCB","28-06-2026 02:00:00",25.599486,85.113666,PM10,61,84,70
India,Bihar,Patna,"IGSC Planetarium Complex, Patna - BSPCB","28-06-2026 02:00:00",25.610369,85.132568,SO2,5,21,12
India,Bihar,Araria,"Kharahiya Basti, Araria - BSPCB","28-06-2026 02:00:00",26.146529,87.454184,CO,14,75,45
India,Bihar,Arrah,"New DM Office, Arrah - BSPCB","28-06-2026 02:00:00",25.5626095,84.663264,PM10,28,110,65
India,Bihar,Aurangabad,"Gurdeo Nagar, Aurangabad - BSPCB","28-06-2026 02:00:00",24.75746,84.366208,NO2,NA,NA,NA
India,Bihar,Begusarai,"Lohiyanagar, Begusarai - BSPCB","28-06-2026 02:00:00",25.42742023,86.13886079,CO,13,20,18
India,Bihar,Munger,"Town Hall, Munger - BSPCB","28-06-2026 02:00:00",25.376776,86.471523,SO2,NA,NA,NA
India,Bihar,Muzaffarpur,"Buddha Colony, Muzaffarpur - BSPCB","28-06-2026 02:00:00",26.11442,85.39813,PM10,56,326,113
India,Bihar,Patna,"Samanpura, Patna - BSPCB","28-06-2026 02:00:00",25.596727,85.085624,CO,23,27,25
India,Bihar,Patna,"Muradpur, Patna - BSPCB","28-06-2026 02:00:00",25.619651,85.147382,CO,46,82,53
India,Bihar,Purnia,"Mariam Nagar, Purnia - BSPCB","28-06-2026 02:00:00",25.366336,87.117468,PM10,42,61,50
India,Bihar,Purnia,"Mariam Nagar, Purnia - BSPCB","28-06-2026 02:00:00",25.366336,87.117468,OZONE,21,41,28
India,Bihar,Rajgir,"Dangi Tola, Rajgir - BSPCB","28-06-2026 02:00:00",25.0328,85.41948,PM10,32,107,65
India,Bihar,Rajgir,"Dangi Tola, Rajgir - BSPCB","28-06-2026 02:00:00",25.0328,85.41948,SO2,2,3,3
India,Bihar,Rajgir,"Dangi Tola, Rajgir - BSPCB","28-06-2026 02:00:00",25.0328,85.41948,CO,35,46,41
India,Bihar,Saharsa,"Police Line, Saharsa - BSPCB","28-06-2026 02:00:00",25.892357,86.590325,NO2,6,10,7
India,Bihar,Samastipur,"DM Office_Kasipur, Samastipur - BSPCB","28-06-2026 02:00:00",25.859655,85.77944,PM10,NA,NA,NA
India,Bihar,Sasaram,"Dada Peer, Sasaram - BSPCB","28-06-2026 02:00:00",24.952822,84.002396,PM10,NA,NA,NA
India,Bihar,Sasaram,"Dada Peer, Sasaram - BSPCB","28-06-2026 02:00:00",24.952822,84.002396,OZONE,4,16,10
India,Chandigarh,Chandigarh,"Sector-53, Chandigarh - CPCC","28-06-2026 02:00:00",30.719859,76.738637,CO,43,102,60
India,Chandigarh,Chandigarh,"Sector 22, Chandigarh - CPCC","28-06-2026 02:00:00",30.735567,76.775714,PM2.5,23,63,38
India,Chandigarh,Chandigarh,"Sector 22, Chandigarh - CPCC","28-06-2026 02:00:00",30.735567,76.775714,SO2,3,31,8
India,Chhattisgarh,Bhilai,"Hathkhoj, Bhilai - CECB","28-06-2026 02:00:00",21.224231,81.40835,SO2,7,8,7
India,Chhattisgarh,Bhilai,"32Bungalows, Bhilai - CECB","28-06-2026 02:00:00",21.194815,81.31477,CO,4,16,10
India,Chhattisgarh,Bilaspur,"Mangala, Bilaspur - NTPC","28-06-2026 02:00:00",22.08815,82.13737,PM2.5,24,71,58
India,Chhattisgarh,Bilaspur,"Mangala, Bilaspur - NTPC","28-06-2026 02:00:00",22.08815,82.13737,PM10,28,78,61
India,Chhattisgarh,Bilaspur,"Mangala, Bilaspur - NTPC","28-06-2026 02:00:00",22.08815,82.13737,SO2,10,18,13
India,Chhattisgarh,Chhal,"Nawapara SECL Colony, Chhal - CECB","28-06-2026 02:00:00",22.118125,83.140608,PM10,33,119,72
India,Chhattisgarh,Chhal,"Nawapara SECL Colony, Chhal - CECB","28-06-2026 02:00:00",22.118125,83.140608,CO,15,32,24
India,Chhattisgarh,Korba,"Urja Nagar, Korba - CECB","28-06-2026 02:00:00",22.348441,82.549611,CO,20,69,43
India,Chhattisgarh,Korba,"Urja Nagar, Korba - CECB","28-06-2026 02:00:00",22.348441,82.549611,OZONE,2,2,2
India,Chhattisgarh,Kunjemura,"OP Jindal School, Kunjemura - CECB","28-06-2026 02:00:00",22.12665,83.483212,PM2.5,20,55,31
India,Chhattisgarh,Kunjemura,"OP Jindal School, Kunjemura - CECB","28-06-2026 02:00:00",22.12665,83.483212,OZONE,6,13,9
India,Chhattisgarh,Raipur,"AIIMS, Raipur - CECB","28-06-2026 02:00:00",21.258815,81.578979,PM10,9,74,28
India,Chhattisgarh,Raipur,"AIIMS, Raipur - CECB","28-06-2026 02:00:00",21.258815,81.578979,NO2,4,11,7
India,Chhattisgarh,Raipur,"Krishak Nagar, Raipur - CECB","28-06-2026 02:00:00",21.237755,81.705301,PM2.5,8,35,19
India,Chhattisgarh,Raipur,"Krishak Nagar, Raipur - CECB","28-06-2026 02:00:00",21.237755,81.705301,NO2,0,4,1
India,Delhi,Delhi,"Okhla Phase-2, Delhi - DPCC","28-06-2026 02:00:00",28.530785,77.271255,OZONE,4,51,22
India,Delhi,Delhi,"Rohini, Delhi - DPCC","28-06-2026 02:00:00",28.732528,77.11992,NO2,10,70,31
India,Delhi,Delhi,"Rohini, Delhi - DPCC","28-06-2026 02:00:00",28.732528,77.11992,CO,36,74,60
India,Delhi,Delhi,"Vivek Vihar, Delhi - DPCC","28-06-2026 02:00:00",28.672342,77.31526,OZONE,5,50,21
India,Delhi,Delhi,"IHBAS, Dilshad Garden, Delhi - CPCB","28-06-2026 02:00:00",28.6811736,77.3025234,PM2.5,84,183,127
India,Delhi,Delhi,"Sri Aurobindo Marg, Delhi - DPCC","28-06-2026 02:00:00",28.531346,77.190156,NO2,13,93,41
India,Delhi,Delhi,"Najafgarh, Delhi - DPCC","28-06-2026 02:00:00",28.570173,76.933762,PM10,75,141,110
India,Delhi,Delhi,"Najafgarh, Delhi - DPCC","28-06-2026 02:00:00",28.570173,76.933762,NO2,17,53,31
India,Delhi,Delhi,"Najafgarh, Delhi - DPCC","28-06-2026 02:00:00",28.570173,76.933762,NH3,4,7,5
India,Delhi,Delhi,"Wazirpur, Delhi - DPCC","28-06-2026 02:00:00",28.699793,77.165453,PM2.5,59,187,99
India,Delhi,Delhi,"Wazirpur, Delhi - DPCC","28-06-2026 02:00:00",28.699793,77.165453,NH3,6,9,7
India,Delhi,Delhi,"Shadipur, Delhi - CPCB","28-06-2026 02:00:00",28.6514781,77.1473105,NO2,32,70,50
India,Delhi,Delhi,"Shadipur, Delhi - CPCB","28-06-2026 02:00:00",28.6514781,77.1473105,SO2,2,19,6
India,Delhi,Delhi,"Shadipur, Delhi - CPCB","28-06-2026 02:00:00",28.6514781,77.1473105,CO,34,83,58
India,Chhattisgarh,Raipur,"Krishak Nagar, Raipur - CECB","28-06-2026 02:00:00",21.237755,81.705301,CO,12,20,15
India,Chhattisgarh,Tumidih,"OP Jindal Industrial Park, Tumidih - CECB","28-06-2026 02:00:00",22.06631475,83.33820077,OZONE,27,27,27
India,Delhi,Delhi,"Pusa, Delhi - IITM","28-06-2026 02:00:00",28.63611,77.173332,PM10,61,193,141
India,Delhi,Delhi,"Pusa, Delhi - IITM","28-06-2026 02:00:00",28.63611,77.173332,NO2,3,182,52
India,Delhi,Delhi,"IGNOU_Maidan Garhi, Delhi - DPCC","28-06-2026 02:00:00",28.493624,77.201159,PM10,63,225,101
India,Delhi,Delhi,"IGNOU_Maidan Garhi, Delhi - DPCC","28-06-2026 02:00:00",28.493624,77.201159,OZONE,16,79,30
India,Delhi,Delhi,"JNU, Delhi - DPCC","28-06-2026 02:00:00",28.540721,77.168544,SO2,1,6,3
India,Delhi,Delhi,"Alipur, Delhi - DPCC","28-06-2026 02:00:00",28.815329,77.15301,PM10,94,235,154
India,Delhi,Delhi,"Alipur, Delhi - DPCC","28-06-2026 02:00:00",28.815329,77.15301,NO2,1,22,10
India,Delhi,Delhi,"Alipur, Delhi - DPCC","28-06-2026 02:00:00",28.815329,77.15301,OZONE,8,30,15
India,Delhi,Delhi,"Narela, Delhi - DPCC","28-06-2026 02:00:00",28.822836,77.101981,NH3,8,15,11
India,Delhi,Delhi,"Narela, Delhi - DPCC","28-06-2026 02:00:00",28.822836,77.101981,OZONE,5,5,5
India,Delhi,Delhi,"Punjabi Bagh, Delhi - DPCC","28-06-2026 02:00:00",28.674045,77.131023,OZONE,28,66,38
India,Delhi,Delhi,"Chandni Chowk, Delhi - IITM","28-06-2026 02:00:00",28.656756,77.227234,CO,109,132,122
India,Delhi,Delhi,"Chandni Chowk, Delhi - IITM","28-06-2026 02:00:00",28.656756,77.227234,OZONE,50,95,66
India,Delhi,Delhi,"Sirifort, Delhi - CPCB","28-06-2026 02:00:00",28.5504249,77.2159377,PM2.5,62,211,96
India,Delhi,Delhi,"Sirifort, Delhi - CPCB","28-06-2026 02:00:00",28.5504249,77.2159377,NO2,11,26,16
India,Delhi,Delhi,"Sirifort, Delhi - CPCB","28-06-2026 02:00:00",28.5504249,77.2159377,CO,8,64,45
India,Delhi,Delhi,"Sirifort, Delhi - CPCB","28-06-2026 02:00:00",28.5504249,77.2159377,OZONE,8,48,20
India,Delhi,Delhi,"DTU, Delhi - CPCB","28-06-2026 02:00:00",28.7500499,77.1112615,PM10,78,180,127
India,Delhi,Delhi,"Dr. Karni Singh Shooting Range, Delhi - DPCC","28-06-2026 02:00:00",28.498571,77.26484,PM10,89,308,160
India,Delhi,Delhi,"Talkatora Garden, Delhi - DPCC","28-06-2026 02:00:00",28.62181,77.1944633,NO2,4,43,20
India,Delhi,Delhi,"Talkatora Garden, Delhi - DPCC","28-06-2026 02:00:00",28.62181,77.1944633,NH3,3,5,4
India,Delhi,Delhi,"Talkatora Garden, Delhi - DPCC","28-06-2026 02:00:00",28.62181,77.1944633,CO,22,67,49
India,Delhi,Delhi,"Cantonment Area, Delhi - DPCC","28-06-2026 02:00:00",28.594169,77.1251,PM2.5,15,146,44
India,Delhi,Delhi,"NSUT Jaffarpur, Delhi - DPCC","28-06-2026 02:00:00",28.594004,76.909423,SO2,0,4,2
India,Delhi,Delhi,"Bawana, Delhi - DPCC","28-06-2026 02:00:00",28.7762,77.051074,NH3,3,17,6
India,Delhi,Delhi,"Bawana, Delhi - DPCC","28-06-2026 02:00:00",28.7762,77.051074,SO2,3,11,7
India,Delhi,Delhi,"Jawaharlal Nehru Stadium, Delhi - DPCC","28-06-2026 02:00:00",28.58028,77.233829,NO2,18,96,43
India,Delhi,Delhi,"Jawaharlal Nehru Stadium, Delhi - DPCC","28-06-2026 02:00:00",28.58028,77.233829,NH3,12,21,16
India,Delhi,Delhi,"Mandir Marg, Delhi - DPCC","28-06-2026 02:00:00",28.636429,77.201067,PM10,57,196,146
India,Delhi,Delhi,"Mandir Marg, Delhi - DPCC","28-06-2026 02:00:00",28.636429,77.201067,SO2,3,61,34
India,Delhi,Delhi,"NSIT Dwarka, Delhi - CPCB","28-06-2026 02:00:00",28.60909,77.0325413,NO2,18,90,46
India,Delhi,Delhi,"Okhla Phase-2, Delhi - DPCC","28-06-2026 02:00:00",28.530785,77.271255,NO2,11,77,36
India,Delhi,Delhi,"Sonia Vihar, Delhi - DPCC","28-06-2026 02:00:00",28.710508,77.249485,PM2.5,57,250,108
India,Delhi,Delhi,"Sonia Vihar, Delhi - DPCC","28-06-2026 02:00:00",28.710508,77.249485,NO2,19,74,43
India,Delhi,Delhi,"Sonia Vihar, Delhi - DPCC","28-06-2026 02:00:00",28.710508,77.249485,CO,51,90,68
India,Delhi,Delhi,"Sonia Vihar, Delhi - DPCC","28-06-2026 02:00:00",28.710508,77.249485,OZONE,3,30,12
India,Delhi,Delhi,"Nehru Nagar, Delhi - DPCC","28-06-2026 02:00:00",28.56789,77.250515,SO2,12,29,19
India,Delhi,Delhi,"Pusa, Delhi - DPCC","28-06-2026 02:00:00",28.639652,77.146275,CO,72,106,81
India,Delhi,Delhi,"Dr. Karni Singh Shooting Range, Delhi - DPCC","28-06-2026 02:00:00",28.498571,77.26484,CO,21,60,42
India,Delhi,Delhi,"Anand Vihar, Delhi - DPCC","28-06-2026 02:00:00",28.647622,77.315809,PM2.5,34,314,128
India,Delhi,Delhi,"Anand Vihar, Delhi - DPCC","28-06-2026 02:00:00",28.647622,77.315809,SO2,5,13,8
India,Delhi,Delhi,"Anand Vihar, Delhi - DPCC","28-06-2026 02:00:00",28.647622,77.315809,OZONE,7,37,18
India,Gujarat,Vatva,"Phase-4 GIDC, Vatva - GPCB","28-06-2026 02:00:00",22.969611,72.6435,NH3,2,2,2
India,Gujarat,Vatva,"Phase-4 GIDC, Vatva - GPCB","28-06-2026 02:00:00",22.969611,72.6435,OZONE,38,38,38
India,Haryana,Ambala,"Patti Mehar, Ambala - HSPCB","28-06-2026 02:00:00",30.379589,76.778328,PM2.5,45,84,65
India,Haryana,Ambala,"Patti Mehar, Ambala - HSPCB","28-06-2026 02:00:00",30.379589,76.778328,NO2,20,51,30
India,Haryana,Ambala,"Patti Mehar, Ambala - HSPCB","28-06-2026 02:00:00",30.379589,76.778328,SO2,15,32,22
India,Haryana,Ballabgarh,"Nathu Colony, Ballabgarh - HSPCB","28-06-2026 02:00:00",28.3419248,77.319699,PM2.5,69,500,196
India,Haryana,Ballabgarh,"Nathu Colony, Ballabgarh - HSPCB","28-06-2026 02:00:00",28.3419248,77.319699,OZONE,13,26,21
India,Haryana,Bhiwani,"H.B. Colony, Bhiwani - HSPCB","28-06-2026 02:00:00",28.806223,76.141105,PM10,98,104,101
India,Haryana,"Charkhi Dadri","Mini Secretariat, Charkhi Dadri - HSPCB","28-06-2026 02:00:00",28.593883,76.270653,PM2.5,66,266,132
India,Haryana,Dharuhera,"Municipal Corporation Office, Dharuhera -  HSPCB","28-06-2026 02:00:00",28.2068,76.7997,NO2,16,55,37
India,Haryana,Dharuhera,"Municipal Corporation Office, Dharuhera -  HSPCB","28-06-2026 02:00:00",28.2068,76.7997,SO2,4,10,7
India,Haryana,Faridabad,"Sector 11, Faridabad - HSPCB","28-06-2026 02:00:00",28.376058,77.315741,PM10,163,285,218
India,Haryana,Faridabad,"Sector 11, Faridabad - HSPCB","28-06-2026 02:00:00",28.376058,77.315741,SO2,3,10,6
India,Haryana,Faridabad,"New Industrial Town, Faridabad - HSPCB","28-06-2026 02:00:00",28.39072,77.30059,PM2.5,70,302,110
India,Gujarat,Ahmedabad,"Maninagar, Ahmedabad - GPCB","28-06-2026 02:00:00",23.002657,72.591912,NH3,NA,NA,NA
India,Gujarat,Ahmedabad,"Maninagar, Ahmedabad - GPCB","28-06-2026 02:00:00",23.002657,72.591912,SO2,0,130,64
India,Gujarat,Ahmedabad,"Gyaspur, Ahmedabad - IITM","28-06-2026 02:00:00",22.977134,72.553024,PM10,58,114,90
India,Gujarat,Ahmedabad,"SVPI Airport Hansol, Ahmedabad - IITM","28-06-2026 02:00:00",23.076793,72.627874,PM10,78,120,99
India,Gujarat,Ahmedabad,"SVPI Airport Hansol, Ahmedabad - IITM","28-06-2026 02:00:00",23.076793,72.627874,CO,16,33,28
India,Gujarat,Ahmedabad,"Raikhad, Ahmedabad - IITM","28-06-2026 02:00:00",23.020509,72.579261,CO,8,28,18
India,Gujarat,Ahmedabad,"Raikhad, Ahmedabad - IITM","28-06-2026 02:00:00",23.020509,72.579261,OZONE,0,31,12
India,Gujarat,Ahmedabad,"Chandkheda, Ahmedabad - IITM","28-06-2026 02:00:00",23.107969,72.574648,SO2,4,8,7
India,Gujarat,Ankleshwar,"GIDC, Ankleshwar - GPCB","28-06-2026 02:00:00",21.613267,73.010555,SO2,23,24,24
India,Gujarat,Bhavnagar,"Vidhyanagar, Bhavnagar - Nexteng Enviro","28-06-2026 02:00:00",21.755417,72.139056,SO2,5,7,6
India,Gujarat,Nandesari,"GIDC, Nandesari - Nandesari Ind. Association","28-06-2026 02:00:00",22.410802,73.097923,SO2,3,25,5
India,Gujarat,Nandesari,"GIDC, Nandesari - Nandesari Ind. Association","28-06-2026 02:00:00",22.410802,73.097923,OZONE,NA,NA,NA
India,Gujarat,Rajkot,"Mavdi, Rajkot - Nexteng Enviro ","28-06-2026 02:00:00",22.248853,70.776774,SO2,9,14,11
India,Gujarat,Surat,"Science Center, Surat - SMC","28-06-2026 02:00:00",21.170046,72.795405,NO2,2,4,3
India,Gujarat,Surat,"Science Center, Surat - SMC","28-06-2026 02:00:00",21.170046,72.795405,NH3,NA,NA,NA
India,Gujarat,Vadodara,"Bapunagar, Vadodara - Nexteng Enviro","28-06-2026 02:00:00",22.320153,73.216285,PM2.5,18,142,55
India,Gujarat,Vadodara,"Bapunagar, Vadodara - Nexteng Enviro","28-06-2026 02:00:00",22.320153,73.216285,SO2,6,7,6
India,Gujarat,Vadodara,"Bapunagar, Vadodara - Nexteng Enviro","28-06-2026 02:00:00",22.320153,73.216285,OZONE,3,5,4
India,Gujarat,Vapi,"Phase-1 GIDC, Vapi - GPCB","28-06-2026 02:00:00",20.362421,72.918013,PM10,66,105,90
India,Haryana,Faridabad,"New Industrial Town, Faridabad - HSPCB","28-06-2026 02:00:00",28.39072,77.30059,OZONE,13,15,14
India,Haryana,Faridabad,"Sector 30, Faridabad - HSPCB","28-06-2026 02:00:00",28.4417,77.3217,OZONE,7,16,10
India,Haryana,Fatehabad,"Huda Sector, Fatehabad - HSPCB","28-06-2026 02:00:00",29.503664,75.467934,PM10,NA,NA,NA
India,Haryana,Fatehabad,"Huda Sector, Fatehabad - HSPCB","28-06-2026 02:00:00",29.503664,75.467934,SO2,NA,NA,NA
India,Haryana,Fatehabad,"Huda Sector, Fatehabad - HSPCB","28-06-2026 02:00:00",29.503664,75.467934,CO,38,49,43
India,Haryana,Gurugram,"NISE Gwal Pahari, Gurugram - IITM","28-06-2026 02:00:00",28.422681,77.148944,NO2,6,8,7
India,Haryana,Gurugram,"Vikas Sadan, Gurugram - HSPCB","28-06-2026 02:00:00",28.4501238,77.0263051,NH3,NA,NA,NA
India,Haryana,Gurugram,"Vikas Sadan, Gurugram - HSPCB","28-06-2026 02:00:00",28.4501238,77.0263051,SO2,NA,NA,NA
India,Haryana,Gurugram,"Vikas Sadan, Gurugram - HSPCB","28-06-2026 02:00:00",28.4501238,77.0263051,OZONE,9,28,19
India,Gujarat,Gandhinagar,"IIPHG Lekawada, Gandhinagar - IITM","28-06-2026 02:00:00",23.243639,72.68994,PM10,82,162,114
India,Gujarat,Gandhinagar,"IIPHG Lekawada, Gandhinagar - IITM","28-06-2026 02:00:00",23.243639,72.68994,NO2,7,15,10
India,Gujarat,Gandhinagar,"IIPHG Lekawada, Gandhinagar - IITM","28-06-2026 02:00:00",23.243639,72.68994,NH3,0,1,1
India,Gujarat,Gandhinagar,"GIFT City, Gandhinagar - IITM","28-06-2026 02:00:00",23.163798,72.677768,PM2.5,19,283,116
India,Gujarat,Gandhinagar,"GIFT City, Gandhinagar - IITM","28-06-2026 02:00:00",23.163798,72.677768,NO2,101,157,135
India,Gujarat,Gandhinagar,"Sector-10, Gandhinagar - GPCB","28-06-2026 02:00:00",23.221714,72.654328,SO2,5,61,12
India,Gujarat,Mehsana,"Sadanand Nagar, Mehsana - Nexteng Enviro","28-06-2026 02:00:00",23.59315,72.372792,PM10,27,100,59
India,Gujarat,Mehsana,"Sadanand Nagar, Mehsana - Nexteng Enviro","28-06-2026 02:00:00",23.59315,72.372792,NH3,0,1,1
India,Gujarat,Mehsana,"Sadanand Nagar, Mehsana - Nexteng Enviro","28-06-2026 02:00:00",23.59315,72.372792,SO2,12,14,13
India,Delhi,Delhi,"IMD Lodhi Road, Delhi - IITM","28-06-2026 02:00:00",28.5918245,77.2273074,NH3,NA,NA,NA
India,Delhi,Delhi,"IMD Lodhi Road, Delhi - IITM","28-06-2026 02:00:00",28.5918245,77.2273074,CO,27,46,40
India,Gujarat,Ahmedabad,"SAC ISRO Bopal, Ahmedabad - IITM","28-06-2026 02:00:00",23.041137,72.456691,PM2.5,37,91,61
India,Gujarat,Ahmedabad,"SAC ISRO Satellite, Ahmedabad - IITM","28-06-2026 02:00:00",23.023389,72.515201,PM10,63,121,83
India,Gujarat,Ahmedabad,"Rakhial, Ahmedabad - IITM","28-06-2026 02:00:00",23.016834,72.625775,PM10,59,114,83
India,Gujarat,Ahmedabad,"Rakhial, Ahmedabad - IITM","28-06-2026 02:00:00",23.016834,72.625775,SO2,13,78,26
India,Gujarat,Ahmedabad,"Rakhial, Ahmedabad - IITM","28-06-2026 02:00:00",23.016834,72.625775,CO,23,30,26
India,Delhi,Delhi,"IIT Delhi, Delhi - IITM","28-06-2026 02:00:00",28.54246,77.191651,PM10,117,287,181
India,Delhi,Delhi,"Aya Nagar, Delhi - IITM","28-06-2026 02:00:00",28.4706914,77.1099364,PM10,60,294,131
India,Delhi,Delhi,"Aya Nagar, Delhi - IITM","28-06-2026 02:00:00",28.4706914,77.1099364,NO2,31,43,37
India,Delhi,Delhi,"North Campus, DU, Delhi - IITM","28-06-2026 02:00:00",28.6573814,77.1585447,NO2,31,255,92
India,Delhi,Delhi,"CRRI Mathura Road, Delhi - IITM","28-06-2026 02:00:00",28.5512005,77.2735737,CO,35,77,60
India,Haryana,Gurugram,"Teri Gram, Gurugram - HSPCB","28-06-2026 02:00:00",28.4275,77.1465,CO,28,48,35
India,Haryana,Gurugram,"Sector-51, Gurugram - HSPCB","28-06-2026 02:00:00",28.4227,77.0667,CO,13,28,22
India,Haryana,Gurugram,"Sector-51, Gurugram - HSPCB","28-06-2026 02:00:00",28.4227,77.0667,OZONE,12,28,17
India,Haryana,Jind,"Police Lines, Jind - HSPCB","28-06-2026 02:00:00",29.307814,76.337619,NH3,13,15,14
India,Haryana,Kaithal,"Rishi Nagar, Kaithal - HSPCB","28-06-2026 02:00:00",29.8006,76.4155,PM10,50,136,114
India,Karnataka,Bengaluru,"Hebbal, Bengaluru - KSPCB","28-06-2026 02:00:00",13.029152,77.585901,CO,NA,NA,NA
India,Karnataka,Bengaluru,"Jigani, Bengaluru - KSPCB","28-06-2026 02:00:00",12.7816279,77.6299145,CO,34,35,35
India,Karnataka,Bengaluru,"BTM Layout, Bengaluru - CPCB","28-06-2026 02:00:00",12.9135218,77.5950804,OZONE,24,25,25
India,Karnataka,Bengaluru,"Silk Board, Bengaluru - KSPCB","28-06-2026 02:00:00",12.917348,77.622813,SO2,3,12,7
India,Karnataka,Bengaluru,"Jayanagar 5th Block, Bengaluru - KSPCB","28-06-2026 02:00:00",12.920984,77.584908,SO2,15,27,21
India,Karnataka,Bengaluru,"Jayanagar 5th Block, Bengaluru - KSPCB","28-06-2026 02:00:00",12.920984,77.584908,CO,5,16,10
India,Karnataka,Bengaluru,"Hombegowda Nagar, Bengaluru - KSPCB","28-06-2026 02:00:00",12.938539,77.5901,PM2.5,21,41,32
India,Karnataka,Bengaluru,"Hombegowda Nagar, Bengaluru - KSPCB","28-06-2026 02:00:00",12.938539,77.5901,NO2,13,39,20
India,Karnataka,Chikkaballapur,"Chikkaballapur Rural, Chikkaballapur - KSPCB","28-06-2026 02:00:00",13.428828,77.731418,NH3,1,1,1
India,Haryana,Mandikhera,"General Hospital, Mandikhera(Nuh) - HSPCB","28-06-2026 02:00:00",27.9002,76.9938,PM10,7,51,27
India,Haryana,Narnaul,"Shastri Nagar, Narnaul - HSPCB","28-06-2026 02:00:00",28.060249,76.113115,NO2,12,21,16
India,Haryana,Narnaul,"Shastri Nagar, Narnaul - HSPCB","28-06-2026 02:00:00",28.060249,76.113115,CO,4,8,6
India,Haryana,Narnaul,"Shastri Nagar, Narnaul - HSPCB","28-06-2026 02:00:00",28.060249,76.113115,OZONE,11,14,13
India,Haryana,Palwal,"Shyam Nagar, Palwal - HSPCB","28-06-2026 02:00:00",28.1485564,77.3320667,SO2,4,79,14
India,Haryana,Panchgaon,"Amity University, Panchgaon - IITM","28-06-2026 02:00:00",28.3153,76.9143,PM2.5,20,107,49
India,Haryana,Panipat,"Sector-18, Panipat - HSPCB","28-06-2026 02:00:00",29.432304,76.972765,CO,12,35,30
India,Haryana,Panipat,"Sector-18, Panipat - HSPCB","28-06-2026 02:00:00",29.432304,76.972765,OZONE,39,40,40
India,Karnataka,Chikkamagaluru,"Kalyana Nagara, Chikkamagaluru - KSPCB","28-06-2026 02:00:00",13.328028,75.797056,OZONE,16,17,16
India,Karnataka,Dharwad,"Kalabhavan, Dharwad - KSPCB","28-06-2026 02:00:00",15.459706,75.008381,PM10,65,104,78
India,Karnataka,Dharwad,"Kalabhavan, Dharwad - KSPCB","28-06-2026 02:00:00",15.459706,75.008381,NO2,23,24,23
India,Karnataka,Dharwad,"Kalabhavan, Dharwad - KSPCB","28-06-2026 02:00:00",15.459706,75.008381,CO,28,43,37
India,Karnataka,Hubballi,"Lingaraj Nagar, Hubballi - KSPCB","28-06-2026 02:00:00",15.3714823,75.1160168,PM10,53,54,53
India,Karnataka,Hubballi,"Lingaraj Nagar, Hubballi - KSPCB","28-06-2026 02:00:00",15.3714823,75.1160168,SO2,2,2,2
India,Karnataka,Kalaburagi,"Mahatma Basaveswar Colony, Kalaburgi - KSPCB","28-06-2026 02:00:00",17.336318,76.847397,SO2,3,7,4
India,Karnataka,Bagalkot,"Vidayagiri, Bagalkot - KSPCB","28-06-2026 02:00:00",16.172806,75.659694,PM2.5,35,36,36
India,Karnataka,Bagalkot,"Vidayagiri, Bagalkot - KSPCB","28-06-2026 02:00:00",16.172806,75.659694,NO2,10,11,10
India,Karnataka,Bengaluru,"Bapuji Nagar, Bengaluru - KSPCB","28-06-2026 02:00:00",12.951913,77.539784,SO2,15,47,30
India,Karnataka,Bengaluru,"Bapuji Nagar, Bengaluru - KSPCB","28-06-2026 02:00:00",12.951913,77.539784,CO,14,58,34
India,Karnataka,Bengaluru,"City Railway Station, Bengaluru - KSPCB","28-06-2026 02:00:00",12.9756843,77.5660749,PM10,102,104,103
India,Karnataka,Bengaluru,"Hebbal, Bengaluru - KSPCB","28-06-2026 02:00:00",13.029152,77.585901,NH3,NA,NA,NA
India,Karnataka,Bengaluru,"Hebbal, Bengaluru - KSPCB","28-06-2026 02:00:00",13.029152,77.585901,SO2,NA,NA,NA
India,"Jammu and Kashmir",Srinagar,"Khunmoh, Srinagar - JKPCC","28-06-2026 02:00:00",34.06313,74.96017,SO2,6,8,7
India,"Jammu and Kashmir",Srinagar,"Khunmoh, Srinagar - JKPCC","28-06-2026 02:00:00",34.06313,74.96017,OZONE,NA,NA,NA
India,Jharkhand,Dhanbad,"Sardar Patel Nagar, Dhanbad - JSPCB","28-06-2026 02:00:00",23.80569,86.44268,NH3,NA,NA,NA
India,Jharkhand,Dhanbad,"Sardar Patel Nagar, Dhanbad - JSPCB","28-06-2026 02:00:00",23.80569,86.44268,SO2,NA,NA,NA
India,Haryana,Karnal,"Sector-12, Karnal - HSPCB","28-06-2026 02:00:00",29.6953,77.0027,OZONE,9,29,18
India,Haryana,Kurukshetra,"Sector-7, Kurukshetra - HSPCB","28-06-2026 02:00:00",29.966942,76.875879,NO2,10,14,12
India,Haryana,Kurukshetra,"Sector-7, Kurukshetra - HSPCB","28-06-2026 02:00:00",29.966942,76.875879,SO2,1,14,7
India,Haryana,Sirsa,"F-Block, Sirsa - HSPCB","28-06-2026 02:00:00",29.5364,75.0158,NH3,12,14,13
India,"Jammu and Kashmir",Srinagar,"Khunmoh, Srinagar - JKPCC","28-06-2026 02:00:00",34.06313,74.96017,PM10,34,76,52
India,Jharkhand,Jorapokhar,"Tata Stadium, Jorapokhar - JSPCB","28-06-2026 02:00:00",23.707909,86.41467,PM10,41,120,76
India,Jharkhand,Jorapokhar,"Tata Stadium, Jorapokhar - JSPCB","28-06-2026 02:00:00",23.707909,86.41467,NO2,8,8,8
India,Haryana,Kaithal,"Rishi Nagar, Kaithal - HSPCB","28-06-2026 02:00:00",29.8006,76.4155,SO2,10,103,80
India,Karnataka,Yadgir,"Collector Office, Yadgir - KSPCB","28-06-2026 02:00:00",16.7602,77.1428,CO,22,27,25
India,Kerala,Kannur,"Thavakkara, Kannur - Kerala PCB","28-06-2026 02:00:00",11.875,75.3732,NO2,NA,NA,NA
India,Kerala,Thiruvananthapuram,"Plammoodu, Thiruvananthapuram - Kerala PCB","28-06-2026 02:00:00",8.5149093,76.9435879,NH3,0,0,0
India,Kerala,Thiruvananthapuram,"Plammoodu, Thiruvananthapuram - Kerala PCB","28-06-2026 02:00:00",8.5149093,76.9435879,CO,3,13,8
India,Kerala,Thiruvananthapuram,"Plammoodu, Thiruvananthapuram - Kerala PCB","28-06-2026 02:00:00",8.5149093,76.9435879,OZONE,8,20,13
India,Kerala,Thiruvananthapuram,"Kariavattom, Thiruvananthapuram - Kerala PCB","28-06-2026 02:00:00",8.5637,76.8865,PM2.5,36,44,40
India,Kerala,Thiruvananthapuram,"Kariavattom, Thiruvananthapuram - Kerala PCB","28-06-2026 02:00:00",8.5637,76.8865,NO2,6,7,6
India,Kerala,Thrissur,"Corporation Ground, Thrissur - Kerala PCB","28-06-2026 02:00:00",10.5324,76.2159,PM10,48,70,60
India,Kerala,Thrissur,"Corporation Ground, Thrissur - Kerala PCB","28-06-2026 02:00:00",10.5324,76.2159,NO2,7,10,9
India,"Madhya Pradesh",Bhopal,"Paryavaran Parisar, Bhopal - MPPCB","28-06-2026 02:00:00",23.210494,77.425409,PM2.5,7,43,25
India,"Madhya Pradesh",Bhopal,"Paryavaran Parisar, Bhopal - MPPCB","28-06-2026 02:00:00",23.210494,77.425409,NH3,5,6,5
India,"Madhya Pradesh",Dewas,"Bhopal Chauraha, Dewas - MPPCB","28-06-2026 02:00:00",22.9682591,76.064118,SO2,9,105,40
India,"Madhya Pradesh",Gwalior,"Deen Dayal Nagar, Gwalior - MPPCB","28-06-2026 02:00:00",26.259242,78.216432,OZONE,47,84,64
India,"Madhya Pradesh",Gwalior,"Maharaj Bada, Gwalior - MPPCB","28-06-2026 02:00:00",26.200388,78.147714,PM2.5,20,60,35
India,"Madhya Pradesh",Gwalior,"City Center, Gwalior - MPPCB","28-06-2026 02:00:00",26.203442,78.193251,PM2.5,16,33,21
India,"Madhya Pradesh",Indore,"Regional Park, Indore - IMC","28-06-2026 02:00:00",22.678,75.8559,PM2.5,12,48,29
India,"Madhya Pradesh",Indore,"Regional Park, Indore - IMC","28-06-2026 02:00:00",22.678,75.8559,NH3,NA,NA,NA
India,"Madhya Pradesh",Indore,"Airport Area, Indore - IMC","28-06-2026 02:00:00",22.7289,75.8076,PM2.5,15,74,52
India,"Madhya Pradesh",Indore,"Airport Area, Indore - IMC","28-06-2026 02:00:00",22.7289,75.8076,NH3,0,2,0
India,"Madhya Pradesh",Indore,"Residency Area, Indore - IMC","28-06-2026 02:00:00",22.7084,75.8815,NH3,0,0,0
India,"Madhya Pradesh",Jabalpur,"Govindh Bhavan Colony, Jabalpur - JMC","28-06-2026 02:00:00",23.163174,79.973061,PM2.5,13,38,25
India,"Madhya Pradesh",Jabalpur,"Marhatal, Jabalpur - MPPCB","28-06-2026 02:00:00",23.168606,79.932247,PM10,27,73,51
India,"Madhya Pradesh",Jabalpur,"Gupteshwar, Jabalpur - JMC","28-06-2026 02:00:00",23.142888,79.916147,PM10,41,161,61
India,"Madhya Pradesh",Jabalpur,"Gupteshwar, Jabalpur - JMC","28-06-2026 02:00:00",23.142888,79.916147,NO2,12,31,19
India,"Madhya Pradesh",Jabalpur,"Gupteshwar, Jabalpur - JMC","28-06-2026 02:00:00",23.142888,79.916147,NH3,2,2,2
India,"Madhya Pradesh",Katni,"Gole Bazar, Katni - MPPCB","28-06-2026 02:00:00",23.50016,80.23284,PM10,28,138,64
India,"Madhya Pradesh",Katni,"Gole Bazar, Katni - MPPCB","28-06-2026 02:00:00",23.50016,80.23284,OZONE,19,70,41
India,"Madhya Pradesh",Maihar,"Sahilara, Maihar - KJS Cements","28-06-2026 02:00:00",24.2613009,80.7231783,PM10,14,57,31
India,"Madhya Pradesh",Maihar,"Sahilara, Maihar - KJS Cements","28-06-2026 02:00:00",24.2613009,80.7231783,NH3,NA,NA,NA
India,"Madhya Pradesh",Mandideep,"Sector-D Industrial Area, Mandideep - MPPCB","28-06-2026 02:00:00",23.10844,77.511428,NH3,7,10,9
India,"Madhya Pradesh",Pithampur,"Sector-2 Industrial Area, Pithampur - MPPCB","28-06-2026 02:00:00",22.624758,75.675238,PM10,33,92,53
India,"Madhya Pradesh",Ratlam,"Shasthri Nagar, Ratlam - IPCA Lab","28-06-2026 02:00:00",23.331731,75.045981,PM2.5,8,251,47
India,"Madhya Pradesh",Sagar,"Civil Lines, Sagar - MPPCB","28-06-2026 02:00:00",23.838586,78.759431,PM10,7,205,63
India,"Madhya Pradesh",Sagar,"Civil Lines, Sagar - MPPCB","28-06-2026 02:00:00",23.838586,78.759431,OZONE,23,71,37
India,"Madhya Pradesh",Singrauli,"Suryakiran Bhawan NCL, Singrauli - MPPCB","28-06-2026 02:00:00",24.10897,82.64558,PM2.5,41,179,69
India,Karnataka,Mysuru,"Hebbal 1st Stage, Mysuru - KSPCB","28-06-2026 02:00:00",12.21041,76.37376,NH3,4,6,4
India,Karnataka,Mysuru,"Hebbal 1st Stage, Mysuru - KSPCB","28-06-2026 02:00:00",12.21041,76.37376,OZONE,13,65,29
India,Karnataka,Shivamogga,"Vinoba Nagara, Shivamogga - KSPCB","28-06-2026 02:00:00",13.94,75.555917,NH3,2,4,3
India,Karnataka,Shivamogga,"Vinoba Nagara, Shivamogga - KSPCB","28-06-2026 02:00:00",13.94,75.555917,SO2,1,6,4
India,Karnataka,Vijayapura,"Ibrahimpur, Vijayapura - KSPCB","28-06-2026 02:00:00",16.802639,75.722694,OZONE,16,16,16
India,Karnataka,Yadgir,"Collector Office, Yadgir - KSPCB","28-06-2026 02:00:00",16.7602,77.1428,NO2,13,23,17
India,Maharashtra,Ambernath,"Chinchpada, Ambernath - MPCB","28-06-2026 02:00:00",19.215784,73.199781,OZONE,2,20,7
India,Maharashtra,Amravati,"Shri Shivaji Science College, Amravati - MPCB","28-06-2026 02:00:00",20.939198,77.765701,NO2,4,17,7
India,Maharashtra,Aurangabad,"More Chowk Waluj, Aurangabad - MPCB","28-06-2026 02:00:00",19.8389439,75.244448,NO2,8,12,10
India,Maharashtra,Aurangabad,"MIDC Chilkalthana, Aurangabad - MPCB","28-06-2026 02:00:00",19.87562,75.38731,SO2,5,9,7
India,Maharashtra,Aurangabad,"MIDC Chilkalthana, Aurangabad - MPCB","28-06-2026 02:00:00",19.87562,75.38731,CO,23,27,25
India,"Madhya Pradesh",Ujjain,"Mahashweta Nagar, Ujjain - MPPCB","28-06-2026 02:00:00",23.1633321,75.800225,PM10,10,118,48
India,Maharashtra,Akola,"Ramdaspeth, Akola - MPCB","28-06-2026 02:00:00",20.719516,77.000253,PM2.5,21,65,35
India,Maharashtra,Akola,"Ramdaspeth, Akola - MPCB","28-06-2026 02:00:00",20.719516,77.000253,SO2,0,5,2
India,Maharashtra,Akola,"Ramdaspeth, Akola - MPCB","28-06-2026 02:00:00",20.719516,77.000253,OZONE,11,18,15
India,Maharashtra,Ambernath,"Chinchpada, Ambernath - MPCB","28-06-2026 02:00:00",19.215784,73.199781,PM10,NA,NA,NA
India,"Madhya Pradesh",Bhopal,"T T Nagar, Bhopal - MPPCB","28-06-2026 02:00:00",23.233584,77.400574,PM10,9,85,51
India,"Madhya Pradesh",Bhopal,"T T Nagar, Bhopal - MPPCB","28-06-2026 02:00:00",23.233584,77.400574,OZONE,43,54,48
India,"Madhya Pradesh",Bhopal,"Idgah Hills, Bhopal - MPPCB","28-06-2026 02:00:00",23.264759,77.381568,PM2.5,20,60,36
India,"Madhya Pradesh",Bhopal,"Idgah Hills, Bhopal - MPPCB","28-06-2026 02:00:00",23.264759,77.381568,NO2,14,20,16
India,"Madhya Pradesh",Bhopal,"Idgah Hills, Bhopal - MPPCB","28-06-2026 02:00:00",23.264759,77.381568,NH3,3,5,4
India,"Madhya Pradesh",Bhopal,"Idgah Hills, Bhopal - MPPCB","28-06-2026 02:00:00",23.264759,77.381568,CO,7,14,12
India,Karnataka,Karwar,"KHB Colony, Karwar - KSPCB","28-06-2026 02:00:00",14.816666,74.141003,NH3,1,34,4
India,Karnataka,Karwar,"KHB Colony, Karwar - KSPCB","28-06-2026 02:00:00",14.816666,74.141003,CO,NA,NA,NA
India,Karnataka,Karwar,"KHB Colony, Karwar - KSPCB","28-06-2026 02:00:00",14.816666,74.141003,OZONE,NA,NA,NA
India,Karnataka,Madikeri,"Stuart Hill, Madikeri - KSPCB","28-06-2026 02:00:00",12.415911,75.73505,PM10,9,33,21
India,Maharashtra,Mumbai,"Mazgaon, Mumbai - IITM","28-06-2026 02:00:00",18.96702,72.84214,NO2,16,30,23
India,Maharashtra,Mumbai,"Powai, Mumbai - MPCB","28-06-2026 02:00:00",19.1375,72.915056,PM2.5,NA,NA,NA
India,Maharashtra,Mumbai,"Powai, Mumbai - MPCB","28-06-2026 02:00:00",19.1375,72.915056,OZONE,NA,NA,NA
India,Maharashtra,Mumbai,"Sewri, Mumbai - BMC","28-06-2026 02:00:00",19.000084,72.85673,PM10,NA,NA,NA
India,Maharashtra,Mumbai,"Sewri, Mumbai - BMC","28-06-2026 02:00:00",19.000084,72.85673,NH3,NA,NA,NA
India,Maharashtra,Mumbai,"Chakala-Andheri East, Mumbai - IITM","28-06-2026 02:00:00",19.11074,72.86084,NH3,8,14,10
India,Maharashtra,Nagpur,"Ram Nagar, Nagpur - MPCB","28-06-2026 02:00:00",21.143383,79.048912,PM10,33,50,41
India,Maharashtra,Nagpur,"Mahal, Nagpur - MPCB","28-06-2026 02:00:00",21.14472,79.107595,PM2.5,11,59,34
India,Maharashtra,Nagpur,"Mahal, Nagpur - MPCB","28-06-2026 02:00:00",21.14472,79.107595,NO2,9,22,14
India,Maharashtra,Nagpur,"Opp GPO Civil Lines, Nagpur - MPCB","28-06-2026 02:00:00",21.152875,79.0517531,PM2.5,10,81,40
India,Maharashtra,Nagpur,"Opp GPO Civil Lines, Nagpur - MPCB","28-06-2026 02:00:00",21.152875,79.0517531,OZONE,8,13,10
India,Maharashtra,Nagpur,"Ambazari, Nagpur - MPCB","28-06-2026 02:00:00",21.121801,79.04952,NH3,1,9,4
India,Maharashtra,Nashik,"Pandav Nagari, Nashik - MPCB","28-06-2026 02:00:00",19.9591346,73.7788008,NO2,4,11,7
India,Maharashtra,Mumbai,"Worli, Mumbai - MPCB","28-06-2026 02:00:00",18.9936162,72.8128113,OZONE,7,9,8
India,Maharashtra,Mumbai,"Bandra Kurla Complex, Mumbai - MPCB","28-06-2026 02:00:00",19.065931,72.862131,PM2.5,13,48,32
India,Maharashtra,Mumbai,"Navy Nagar-Colaba, Mumbai - IITM","28-06-2026 02:00:00",18.897756,72.81332,CO,5,11,8
India,Maharashtra,Mumbai,"Mulund West, Mumbai - MPCB","28-06-2026 02:00:00",19.175,72.9419,NO2,14,16,15
India,Maharashtra,Mumbai,"Mulund West, Mumbai - MPCB","28-06-2026 02:00:00",19.175,72.9419,NH3,4,5,4
India,Maharashtra,Mumbai,"Khindipada-Bhandup West, Mumbai - IITM","28-06-2026 02:00:00",19.1653323,72.922099,NO2,6,24,12
India,Maharashtra,Mumbai,"Khindipada-Bhandup West, Mumbai - IITM","28-06-2026 02:00:00",19.1653323,72.922099,SO2,2,20,10
India,Maharashtra,Mumbai,"Khindipada-Bhandup West, Mumbai - IITM","28-06-2026 02:00:00",19.1653323,72.922099,CO,20,34,26
India,Maharashtra,Mumbai,"Chembur, Mumbai - MPCB","28-06-2026 02:00:00",19.0364585,72.8954371,PM2.5,15,32,23
India,Maharashtra,Mumbai,"Byculla, Mumbai - BMC","28-06-2026 02:00:00",18.9767,72.838,PM2.5,16,40,25
India,Maharashtra,Mumbai,"Byculla, Mumbai - BMC","28-06-2026 02:00:00",18.9767,72.838,CO,1,7,5
India,Maharashtra,Mumbai,"Borivali East, Mumbai - IITM","28-06-2026 02:00:00",19.23241,72.86895,PM10,42,70,53
India,Maharashtra,Dhule,"Deopur, Dhule - MPCB","28-06-2026 02:00:00",20.918946,74.776388,PM2.5,41,94,58
India,Maharashtra,Dhule,"Deopur, Dhule - MPCB","28-06-2026 02:00:00",20.918946,74.776388,PM10,30,96,69
India,Maharashtra,Dhule,"Deopur, Dhule - MPCB","28-06-2026 02:00:00",20.918946,74.776388,NH3,1,2,1
India,Maharashtra,Dhule,"Deopur, Dhule - MPCB","28-06-2026 02:00:00",20.918946,74.776388,OZONE,27,50,35
India,Maharashtra,Dombivli,"Kalu Nagar, Dombivli - MPCB","28-06-2026 02:00:00",19.2268427,73.0788456,PM2.5,3,20,10
India,Maharashtra,Dombivli,"Kalu Nagar, Dombivli - MPCB","28-06-2026 02:00:00",19.2268427,73.0788456,PM10,12,30,22
India,Maharashtra,Jalna,"Old MIDC, Jalna - MPCB","28-06-2026 02:00:00",19.854616,75.905894,PM2.5,6,101,52
India,Maharashtra,Jalna,"Old MIDC, Jalna - MPCB","28-06-2026 02:00:00",19.854616,75.905894,PM10,9,127,72
India,Maharashtra,Jalna,"Old MIDC, Jalna - MPCB","28-06-2026 02:00:00",19.854616,75.905894,CO,3,39,14
India,Maharashtra,Jalna,"Old MIDC, Jalna - MPCB","28-06-2026 02:00:00",19.854616,75.905894,OZONE,16,31,24
India,Maharashtra,Kalyan,"Khadakpada, Kalyan - MPCB","28-06-2026 02:00:00",19.25292,73.142019,CO,NA,NA,NA
India,Maharashtra,Nashik,"Pandav Nagari, Nashik - MPCB","28-06-2026 02:00:00",19.9591346,73.7788008,OZONE,10,26,17
India,Maharashtra,Nashik,"Hirawadi, Nashik - MPCB","28-06-2026 02:00:00",20.021503,73.813844,SO2,1,5,3
India,Maharashtra,Nashik,"Hirawadi, Nashik - MPCB","28-06-2026 02:00:00",20.021503,73.813844,CO,24,28,26
India,Maharashtra,Nashik,"Gangapur Road, Nashik - MPCB","28-06-2026 02:00:00",20.0073285,73.7762427,PM2.5,22,196,48
India,Maharashtra,Nashik,"Gangapur Road, Nashik - MPCB","28-06-2026 02:00:00",20.0073285,73.7762427,NO2,5,5,5
India,Maharashtra,"Navi Mumbai","Kopripada-Vashi, Navi Mumbai - MPCB","28-06-2026 02:00:00",19.090337,73.014232,PM2.5,13,54,28
India,Maharashtra,"Navi Mumbai","Kopripada-Vashi, Navi Mumbai - MPCB","28-06-2026 02:00:00",19.090337,73.014232,SO2,12,18,14
India,Maharashtra,"Navi Mumbai","Kopripada-Vashi, Navi Mumbai - MPCB","28-06-2026 02:00:00",19.090337,73.014232,OZONE,20,20,20
India,Maharashtra,Malegaon,"Mahesh Nagar, Malegaon - MPCB","28-06-2026 02:00:00",20.555712,74.529236,OZONE,9,40,21
India,Maharashtra,Mira-Bhayandar,"Bhayandar West, Mira-Bhayandar - MPCB","28-06-2026 02:00:00",19.296481,72.840923,CO,13,23,15
India,Maharashtra,Mira-Bhayandar,"Bhayandar West, Mira-Bhayandar - MPCB","28-06-2026 02:00:00",19.296481,72.840923,OZONE,2,12,7
India,Maharashtra,Mumbai,"Kandivali West, Mumbai - BMC","28-06-2026 02:00:00",19.215859,72.831718,CO,4,27,15
India,Maharashtra,Mumbai,"Kurla, Mumbai - MPCB","28-06-2026 02:00:00",19.0863,72.8888,NO2,6,7,7
India,Maharashtra,Mumbai,"Kurla, Mumbai - MPCB","28-06-2026 02:00:00",19.0863,72.8888,SO2,29,29,29
India,Maharashtra,Mumbai,"Worli, Mumbai - MPCB","28-06-2026 02:00:00",18.9936162,72.8128113,NH3,3,3,3
India,Maharashtra,Belapur,"CBD Belapur, Belapur - MPCB","28-06-2026 02:00:00",19.0243902,73.0406721,OZONE,6,18,10
India,Maharashtra,Bhiwandi,"Gokul Nagar, Bhiwandi - MPCB","28-06-2026 02:00:00",19.309073,73.057223,PM2.5,32,52,42
India,Maharashtra,Bhiwandi,"Gokul Nagar, Bhiwandi - MPCB","28-06-2026 02:00:00",19.309073,73.057223,SO2,2,12,6
India,Maharashtra,Bhiwandi,"Gokul Nagar, Bhiwandi - MPCB","28-06-2026 02:00:00",19.309073,73.057223,OZONE,13,38,20
India,Maharashtra,Boisar,"Khaira, Boisar - MPCB","28-06-2026 02:00:00",19.786089,72.757971,PM2.5,28,51,40
India,Maharashtra,Boisar,"Khaira, Boisar - MPCB","28-06-2026 02:00:00",19.786089,72.757971,CO,6,28,14
India,Maharashtra,Chandrapur,"MIDC Khutala, Chandrapur - MPCB","28-06-2026 02:00:00",19.9775302,79.2337086,CO,38,40,39
India,Maharashtra,Mumbai,"Borivali East, Mumbai - IITM","28-06-2026 02:00:00",19.23241,72.86895,SO2,NA,NA,NA
India,Maharashtra,Mumbai,"Borivali East, Mumbai - IITM","28-06-2026 02:00:00",19.23241,72.86895,OZONE,36,42,39
India,Maharashtra,Mumbai,"Deonar, Mumbai - IITM","28-06-2026 02:00:00",19.04946,72.923,PM2.5,16,46,31
India,Maharashtra,Mumbai,"Chhatrapati Shivaji Intl. Airport (T2), Mumbai - MPCB","28-06-2026 02:00:00",19.10078,72.87462,NO2,26,26,26
India,Maharashtra,Mumbai,"Siddharth Nagar-Worli, Mumbai - IITM","28-06-2026 02:00:00",19.000083,72.813993,PM10,48,72,60
India,Maharashtra,Mumbai,"Malad West, Mumbai - IITM","28-06-2026 02:00:00",19.19709,72.82204,NO2,12,37,23
India,Maharashtra,Kalyan,"Pimpleshwar Mandir, Kalyan - MPCB","28-06-2026 02:00:00",19.192056,72.9585188,NO2,NA,NA,NA
India,Maharashtra,Kalyan,"Pimpleshwar Mandir, Kalyan - MPCB","28-06-2026 02:00:00",19.192056,72.9585188,CO,NA,NA,NA
India,Maharashtra,Kolhapur,"Sinchan Bhavan, Kolhapur - MPCB","28-06-2026 02:00:00",16.7143745,74.2426398,CO,6,35,12
India,Maharashtra,Latur,"Sawe Wadi, Latur - MPCB","28-06-2026 02:00:00",18.39963,76.57452,NH3,2,13,4
India,Maharashtra,Latur,"Sawe Wadi, Latur - MPCB","28-06-2026 02:00:00",18.39963,76.57452,OZONE,7,19,13
India,Maharashtra,Mahad,"Kamble Tarf Birwadi, Mahad - MPCB","28-06-2026 02:00:00",18.1023399,73.4783687,PM2.5,11,47,25
India,Maharashtra,Mahad,"Kamble Tarf Birwadi, Mahad - MPCB","28-06-2026 02:00:00",18.1023399,73.4783687,CO,44,46,45
India,Maharashtra,Malegaon,"Mahesh Nagar, Malegaon - MPCB","28-06-2026 02:00:00",20.555712,74.529236,NH3,0,3,1
India,Maharashtra,"Navi Mumbai","Nerul, Navi Mumbai - MPCB","28-06-2026 02:00:00",19.008751,73.01662,PM10,NA,NA,NA
India,Maharashtra,"Navi Mumbai","Nerul, Navi Mumbai - MPCB","28-06-2026 02:00:00",19.008751,73.01662,OZONE,NA,NA,NA
India,Maharashtra,"Navi Mumbai","Sector-2E Kalamboli, Navi Mumbai - MPCB","28-06-2026 02:00:00",19.02579,73.10297,PM10,35,46,41
India,Maharashtra,"Navi Mumbai","Sector-2E Kalamboli, Navi Mumbai - MPCB","28-06-2026 02:00:00",19.02579,73.10297,NH3,7,11,9
India,Maharashtra,"Navi Mumbai","Sector-2E Kalamboli, Navi Mumbai - MPCB","28-06-2026 02:00:00",19.02579,73.10297,SO2,3,5,4
India,Maharashtra,"Navi Mumbai","Sector-2E Kalamboli, Navi Mumbai - MPCB","28-06-2026 02:00:00",19.02579,73.10297,CO,13,17,15
India,Maharashtra,"Navi Mumbai","Tondare-Taloja, Navi Mumbai - MPCB","28-06-2026 02:00:00",19.063,73.1209,NO2,4,11,6
India,Maharashtra,"Navi Mumbai","Tondare-Taloja, Navi Mumbai - MPCB","28-06-2026 02:00:00",19.063,73.1209,NH3,7,9,8
India,Maharashtra,"Navi Mumbai","Mahape, Navi Mumbai - MPCB","28-06-2026 02:00:00",19.1135051,73.008978,PM2.5,15,45,33
India,Maharashtra,"Navi Mumbai","Mahape, Navi Mumbai - MPCB","28-06-2026 02:00:00",19.1135051,73.008978,NH3,1,1,1
India,Maharashtra,"Navi Mumbai","Sanpada, Navi Mumbai - MPCB","28-06-2026 02:00:00",19.0575752,73.0151367,PM10,35,63,48
India,Maharashtra,"Navi Mumbai","Sanpada, Navi Mumbai - MPCB","28-06-2026 02:00:00",19.0575752,73.0151367,OZONE,7,10,9
India,Maharashtra,Parbhani,"Masoom Colony, Parbhani - MPCB","28-06-2026 02:00:00",19.265594,76.761463,NO2,26,46,35
India,Maharashtra,Parbhani,"Masoom Colony, Parbhani - MPCB","28-06-2026 02:00:00",19.265594,76.761463,CO,8,14,12
India,Maharashtra,Pimpri-Chinchwad,"Park Street Wakad, Pimpri Chinchwad - MPCB","28-06-2026 02:00:00",18.59051,73.77946,NO2,15,36,21
India,Maharashtra,Pimpri-Chinchwad,"Park Street Wakad, Pimpri Chinchwad - MPCB","28-06-2026 02:00:00",18.59051,73.77946,CO,9,30,17
India,Maharashtra,Pimpri-Chinchwad,"Transport Nagar-Nigdi, Pune - IITM","28-06-2026 02:00:00",18.664282,73.763966,PM2.5,8,37,19
India,Maharashtra,Pimpri-Chinchwad,"Bhosari, Pune - IITM","28-06-2026 02:00:00",18.640051,73.848956,NO2,24,64,35
India,Maharashtra,Pimpri-Chinchwad,"Bhosari, Pune - IITM","28-06-2026 02:00:00",18.640051,73.848956,OZONE,7,12,9
India,Maharashtra,Pimpri-Chinchwad,"Thergaon, Pimpri Chinchwad - MPCB","28-06-2026 02:00:00",18.616318,73.765797,PM10,50,80,63
India,Maharashtra,Pimpri-Chinchwad,"Savta Mali Nagar, Pimpri-Chinchwad - IITM","28-06-2026 02:00:00",18.614767,73.799516,NO2,12,62,24
India,Maharashtra,Pune,"Revenue Colony-Shivajinagar, Pune - IITM","28-06-2026 02:00:00",18.530085,73.849598,PM2.5,14,60,28
India,Maharashtra,Pune,"Revenue Colony-Shivajinagar, Pune - IITM","28-06-2026 02:00:00",18.530085,73.849598,OZONE,7,10,9
India,Maharashtra,Pune,"Savitribai Phule Pune University, Pune - MPCB","28-06-2026 02:00:00",18.547056,73.826908,PM2.5,12,33,18
India,Maharashtra,Pune,"Panchawati_Pashan, Pune - IITM","28-06-2026 02:00:00",18.536457,73.805454,NO2,9,18,12
India,Maharashtra,Pune,"Dhankawadi, Pune - IITM","28-06-2026 02:00:00",18.459883,73.852193,PM2.5,15,49,26
India,Maharashtra,Pune,"Dhankawadi, Pune - IITM","28-06-2026 02:00:00",18.459883,73.852193,OZONE,1,6,4
India,Maharashtra,Thane,"Upvan Fort, Thane - MPCB","28-06-2026 02:00:00",19.222279,72.957979,CO,7,16,11
India,Maharashtra,Thane,"Upvan Fort, Thane - MPCB","28-06-2026 02:00:00",19.222279,72.957979,OZONE,18,27,22
India,Maharashtra,Thane,"Kasarvadavali, Thane - MPCB","28-06-2026 02:00:00",19.26777,72.97182,SO2,1,2,2
India,Maharashtra,Ulhasnagar,"Vithalwadi, Ulhasnagar - MPCB","28-06-2026 02:00:00",19.2307571,73.155192,PM2.5,7,27,15
India,Maharashtra,Ulhasnagar,"Sidhi Vinayak Nagar, Ulhasnagar - MPCB","28-06-2026 02:00:00",19.235581,73.159121,SO2,2,10,6
India,Maharashtra,Ulhasnagar,"Sidhi Vinayak Nagar, Ulhasnagar - MPCB","28-06-2026 02:00:00",19.235581,73.159121,OZONE,8,35,16
India,Meghalaya,Byrnihat,"Tamulikuchi, Byrnihat - Meghalaya PCB","28-06-2026 02:00:00",26.079047,91.875185,OZONE,NA,NA,NA
India,Meghalaya,Shillong,"Lumpyngngad, Shillong - Meghalaya PCB","28-06-2026 02:00:00",25.5586,91.8985,NO2,0,1,0
India,Maharashtra,Sangli,"Vijay Nagar, Sangli - MPCB","28-06-2026 02:00:00",16.5038,74.3623,NO2,7,11,8
India,Maharashtra,Sangli,"Vijay Nagar, Sangli - MPCB","28-06-2026 02:00:00",16.5038,74.3623,CO,14,19,16
India,Maharashtra,Sangli,"Vijay Nagar, Sangli - MPCB","28-06-2026 02:00:00",16.5038,74.3623,OZONE,12,29,22
India,Maharashtra,Satara," Koyana Nagar, Satara - MPCB","28-06-2026 02:00:00",17.696651,74.003387,PM2.5,4,47,17
India,Maharashtra,Satara," Koyana Nagar, Satara - MPCB","28-06-2026 02:00:00",17.696651,74.003387,OZONE,25,35,28
India,Maharashtra,Solapur,"Dnyaneshwar Nagar, Solapur - MPCB","28-06-2026 02:00:00",17.6336264,75.9132495,PM10,21,49,34
India,Maharashtra,Solapur,"Dnyaneshwar Nagar, Solapur - MPCB","28-06-2026 02:00:00",17.6336264,75.9132495,SO2,2,4,4
India,Maharashtra,Solapur,"Dnyaneshwar Nagar, Solapur - MPCB","28-06-2026 02:00:00",17.6336264,75.9132495,OZONE,5,8,6
India,Maharashtra,Solapur,"Ratandeep Housing Society, Solapur - MPCB","28-06-2026 02:00:00",17.65439,75.90649,SO2,1,7,4
India,Maharashtra,Solapur,"Ratandeep Housing Society, Solapur - MPCB","28-06-2026 02:00:00",17.65439,75.90649,CO,14,60,30
India,Odisha,Angul,"Hakimapada, Angul - OSPCB","28-06-2026 02:00:00",20.832874,85.104082,NH3,2,5,3
India,Odisha,Angul,"Hakimapada, Angul - OSPCB","28-06-2026 02:00:00",20.832874,85.104082,SO2,5,24,12
India,Odisha,Balasore,"Kalidaspur, Balasore - OSPCB","28-06-2026 02:00:00",21.51161,86.89088,PM10,29,105,60
India,Odisha,Barbil,"Forest Office, Barbil - OSPCB","28-06-2026 02:00:00",22.1166054,85.3945546,PM10,24,146,84
India,Odisha,Barbil,"Forest Office, Barbil - OSPCB","28-06-2026 02:00:00",22.1166054,85.3945546,OZONE,22,41,32
India,Odisha,Baripada,"Meher Colony, Baripada - OSPCB","28-06-2026 02:00:00",21.941841,86.728318,NO2,3,14,10
India,Odisha,Baripada,"Meher Colony, Baripada - OSPCB","28-06-2026 02:00:00",21.941841,86.728318,SO2,4,13,8
India,Odisha,Bhubaneswar,"Patia, Bhubaneswar - OSPCB","28-06-2026 02:00:00",20.34652,85.8163,NO2,5,8,6
India,Odisha,Bhubaneswar,"Patia, Bhubaneswar - OSPCB","28-06-2026 02:00:00",20.34652,85.8163,SO2,5,9,7
India,Odisha,Rairangpur,"Divisional Forest Office, Rairangpur - OSPCB","28-06-2026 02:00:00",22.265816,86.174829,CO,6,21,14
India,Odisha,Rourkela,"Fertilizer Township, Rourkela - OSPCB","28-06-2026 02:00:00",22.18972222,84.86277778,PM10,68,78,70
India,Odisha,Talcher,"Talcher Coalfields,Talcher - OSPCB","28-06-2026 02:00:00",20.9360711,85.1707021,PM10,3,133,56
India,Odisha,Talcher,"Talcher Coalfields,Talcher - OSPCB","28-06-2026 02:00:00",20.9360711,85.1707021,SO2,32,49,37
India,Odisha,Talcher,"Talcher Coalfields,Talcher - OSPCB","28-06-2026 02:00:00",20.9360711,85.1707021,OZONE,15,18,17
India,Odisha,Tensa,"Barsua Iron Ore Mines, Tensa - OSPCB","28-06-2026 02:00:00",21.869985,85.167016,PM10,33,49,42
India,Odisha,Tensa,"Barsua Iron Ore Mines, Tensa - OSPCB","28-06-2026 02:00:00",21.869985,85.167016,SO2,0,45,20
India,Odisha,Bhubaneswar,"Lingraj Mandir, Bhubaneswar - OSPCB","28-06-2026 02:00:00",20.24079,85.836784,PM10,21,83,54
India,Odisha,Bileipada,"Tata Township, Bileipada - OSPCB","28-06-2026 02:00:00",22.06156703,85.47409613,OZONE,14,15,15
India,Odisha,Brajrajnagar,"GM Office, Brajrajnagar - OSPCB","28-06-2026 02:00:00",21.8004996,83.8396977,PM10,7,109,58
India,Odisha,Brajrajnagar,"GM Office, Brajrajnagar - OSPCB","28-06-2026 02:00:00",21.8004996,83.8396977,SO2,24,25,25
India,Odisha,Byasanagar,"Ferro Chrome Colony, Byasanagar - OSPCB","28-06-2026 02:00:00",20.94185,86.1151,PM2.5,25,66,42
India,Odisha,Byasanagar,"Ferro Chrome Colony, Byasanagar - OSPCB","28-06-2026 02:00:00",20.94185,86.1151,PM10,28,98,62
India,Odisha,Byasanagar,"Ferro Chrome Colony, Byasanagar - OSPCB","28-06-2026 02:00:00",20.94185,86.1151,SO2,6,14,9
India,Odisha,Cuttack,"CDA Area, Cuttack - OSPCB","28-06-2026 02:00:00",20.48891,85.84768,CO,35,59,50
India,Odisha,Rairangpur,"Divisional Forest Office, Rairangpur - OSPCB","28-06-2026 02:00:00",22.265816,86.174829,PM2.5,14,33,22
India,Odisha,Rairangpur,"Divisional Forest Office, Rairangpur - OSPCB","28-06-2026 02:00:00",22.265816,86.174829,PM10,56,80,66
India,Maharashtra,Pune,"Katraj Dairy, Pune - MPCB","28-06-2026 02:00:00",18.45445,73.854155,PM10,23,50,38
India,Maharashtra,Pune,"Katraj Dairy, Pune - MPCB","28-06-2026 02:00:00",18.45445,73.854155,SO2,2,3,3
India,Maharashtra,Pune,"Mhada Colony, Pune - IITM","28-06-2026 02:00:00",18.57304,73.927715,OZONE,8,11,9
India,Rajasthan,Banswara,"Rati Talai, Banswara - RSPCB","28-06-2026 02:00:00",23.55519,74.44001,CO,8,20,15
India,Rajasthan,Baran,"Bamboliya, Baran - RSPCB","28-06-2026 02:00:00",25.106006,76.469948,PM10,16,73,48
India,Rajasthan,Baran,"Bamboliya, Baran - RSPCB","28-06-2026 02:00:00",25.106006,76.469948,OZONE,75,123,92
India,Rajasthan,Bharatpur,"Krishna Nagar, Bharatpur - RSPCB","28-06-2026 02:00:00",27.215415,77.50873,NO2,1,78,14
India,Rajasthan,Bharatpur,"Krishna Nagar, Bharatpur - RSPCB","28-06-2026 02:00:00",27.215415,77.50873,NH3,5,14,8
India,Rajasthan,Bharatpur,"Krishna Nagar, Bharatpur - RSPCB","28-06-2026 02:00:00",27.215415,77.50873,OZONE,26,65,48
India,Rajasthan,Bhiwadi,"RIICO Ind. Area III, Bhiwadi - RSPCB","28-06-2026 02:00:00",28.194909,76.862296,CO,2,28,17
India,Rajasthan,Bhiwadi,"RIICO Ind. Area III, Bhiwadi - RSPCB","28-06-2026 02:00:00",28.194909,76.862296,OZONE,8,16,11
India,Rajasthan,Bhiwadi,"Vasundhara Nagar_UIT, Bhiwadi - RSPCB","28-06-2026 02:00:00",28.207266,76.829265,NO2,4,46,19
India,Rajasthan,Bhiwadi,"Vasundhara Nagar_UIT, Bhiwadi - RSPCB","28-06-2026 02:00:00",28.207266,76.829265,SO2,21,34,27
India,Rajasthan,Bikaner,"MM Ground, Bikaner - RSPCB","28-06-2026 02:00:00",28.018792,73.292658,OZONE,5,70,33
India,Punjab,Jalandhar,"Civil Line, Jalandhar - PPCB","28-06-2026 02:00:00",31.321907,75.578914,NO2,21,27,24
India,Punjab,Ludhiana,"Punjab Agricultural University, Ludhiana - PPCB","28-06-2026 02:00:00",30.9028,75.8086,PM2.5,66,97,81
India,Punjab,Ludhiana,"Punjab Agricultural University, Ludhiana - PPCB","28-06-2026 02:00:00",30.9028,75.8086,CO,18,44,28
India,Punjab,Ludhiana,"Punjab Agricultural University, Ludhiana - PPCB","28-06-2026 02:00:00",30.9028,75.8086,OZONE,48,73,60
India,Punjab,"Mandi Gobindgarh","RIMT University, Mandi Gobindgarh - PPCB","28-06-2026 02:00:00",30.649961,76.331442,PM10,49,54,50
India,Punjab,Patiala,"Model Town, Patiala - PPCB","28-06-2026 02:00:00",30.349388,76.366642,NH3,NA,NA,NA
India,Punjab,Rupnagar,"Ratanpura, Rupnagar - Ambuja Cements","28-06-2026 02:00:00",31.0325454,76.5623046,OZONE,NA,NA,NA
India,Rajasthan,Ajmer,"Civil Lines,  Ajmer - RSPCB","28-06-2026 02:00:00",26.470859,74.646594,PM10,52,111,84
India,Rajasthan,Ajmer,"Civil Lines,  Ajmer - RSPCB","28-06-2026 02:00:00",26.470859,74.646594,OZONE,17,20,18
India,Rajasthan,Dungarpur,"Bhoiwada, Dungarpur - RSPCB","28-06-2026 02:00:00",23.837789,73.714926,SO2,7,9,8
India,Rajasthan,Hanumangarh,"Housing Board, Hanumangarh - RSPCB","28-06-2026 02:00:00",29.61075,74.283608,PM10,57,121,85
India,Rajasthan,Jaipur,"Sector-2 Murlipura, Jaipur - RSPCB","28-06-2026 02:00:00",26.960669,75.771817,PM2.5,34,107,56
India,Rajasthan,Jaipur,"Sector-2 Murlipura, Jaipur - RSPCB","28-06-2026 02:00:00",26.960669,75.771817,PM10,77,192,117
India,Rajasthan,Jaipur,"Police Commissionerate, Jaipur - RSPCB","28-06-2026 02:00:00",26.9164092,75.7994901,PM10,83,155,114
India,Rajasthan,Jaipur,"RIICO Sitapura, Jaipur - RSPCB","28-06-2026 02:00:00",26.786682,75.827928,SO2,1,10,3
India,Rajasthan,Jaipur,"RIICO Sitapura, Jaipur - RSPCB","28-06-2026 02:00:00",26.786682,75.827928,CO,15,99,62
India,Rajasthan,Jaipur,"Mansarovar Sector-12, Jaipur - RSPCB","28-06-2026 02:00:00",26.843698,75.766894,PM2.5,20,68,37
India,Rajasthan,Jodhpur,"Digari Kalan, Jodhpur - RSPCB","28-06-2026 02:00:00",26.29581,73.082283,PM2.5,10,30,18
India,Rajasthan,Jodhpur,"Digari Kalan, Jodhpur - RSPCB","28-06-2026 02:00:00",26.29581,73.082283,PM10,28,101,57
India,Rajasthan,Jodhpur,"Collectorate, Jodhpur - RSPCB","28-06-2026 02:00:00",26.268249,73.0193853,OZONE,17,24,21
India,Rajasthan,Jodhpur,"Jhalamand, Jodhpur - RSPCB","28-06-2026 02:00:00",26.215415,73.070156,SO2,2,5,4
India,Rajasthan,Khairthal,"New Anaj Mandi, Khairthal - RSPCB","28-06-2026 02:00:00",27.8015617,76.6365217,PM10,52,109,83
India,Rajasthan,Khairthal,"New Anaj Mandi, Khairthal - RSPCB","28-06-2026 02:00:00",27.8015617,76.6365217,CO,17,31,23
India,Rajasthan,Kota,"Nayapura, Kota - RSPCB","28-06-2026 02:00:00",25.196024,75.855668,PM2.5,15,53,33
India,Rajasthan,Kota,"Nayapura, Kota - RSPCB","28-06-2026 02:00:00",25.196024,75.855668,NO2,4,47,20
India,Rajasthan,Kota,"Nayapura, Kota - RSPCB","28-06-2026 02:00:00",25.196024,75.855668,NH3,2,3,2
India,Rajasthan,Jaipur,"Mansarovar Sector-12, Jaipur - RSPCB","28-06-2026 02:00:00",26.843698,75.766894,NH3,13,15,14
India,Rajasthan,Jalore,"Mudtra Sili, Jalore - RSPCB","28-06-2026 02:00:00",25.344694,72.626208,PM10,60,126,78
India,Rajasthan,Jalore,"Mudtra Sili, Jalore - RSPCB","28-06-2026 02:00:00",25.344694,72.626208,SO2,3,7,5
India,Rajasthan,Jalore,"Mudtra Sili, Jalore - RSPCB","28-06-2026 02:00:00",25.344694,72.626208,OZONE,28,43,37
India,Rajasthan,Jhalawar,"Rajlaxmi Nagar, Jhalawar - RSPCB","28-06-2026 02:00:00",24.588397,76.172782,PM10,4,75,43
India,Rajasthan,Jhunjhunu,"Indra Nagar, Jhunjhunu - RSPCB","28-06-2026 02:00:00",28.108988,75.386577,OZONE,20,52,35
India,Rajasthan,Jodhpur,"Mandor, Jodhpur - RSPCB","28-06-2026 02:00:00",26.358805,73.047444,SO2,3,5,4
India,Rajasthan,Jodhpur,"Mandor, Jodhpur - RSPCB","28-06-2026 02:00:00",26.358805,73.047444,CO,3,22,9
India,Rajasthan,Dausa,"Khatikan Mohalla, Dausa - RSPCB","28-06-2026 02:00:00",26.895552,76.334753,NO2,14,76,31
India,Rajasthan,Dausa,"Khatikan Mohalla, Dausa - RSPCB","28-06-2026 02:00:00",26.895552,76.334753,CO,16,90,55
India,Rajasthan,Dausa,"Khatikan Mohalla, Dausa - RSPCB","28-06-2026 02:00:00",26.895552,76.334753,OZONE,10,52,24
India,Rajasthan,Dholpur,"Raja Ganj, Dholpur - RSPCB","28-06-2026 02:00:00",26.699557,77.898881,NH3,7,13,9
India,Rajasthan,Dholpur,"Raja Ganj, Dholpur - RSPCB","28-06-2026 02:00:00",26.699557,77.898881,SO2,2,7,5
India,Punjab,Amritsar,"Golden Temple, Amritsar - PPCB","28-06-2026 02:00:00",31.62,74.876512,PM10,75,119,96
India,Punjab,Amritsar,"Golden Temple, Amritsar - PPCB","28-06-2026 02:00:00",31.62,74.876512,NH3,7,9,7
India,Punjab,Amritsar,"Golden Temple, Amritsar - PPCB","28-06-2026 02:00:00",31.62,74.876512,SO2,10,15,12
India,Punjab,Amritsar,"Golden Temple, Amritsar - PPCB","28-06-2026 02:00:00",31.62,74.876512,OZONE,24,72,32
India,Punjab,Bathinda,"Hardev Nagar, Bathinda - PPCB","28-06-2026 02:00:00",30.233011,74.907758,PM2.5,7,27,17
India,Rajasthan,Chittorgarh,"Shastri Nagar, Chittorgarh - RSPCB","28-06-2026 02:00:00",24.892047,74.623527,NO2,6,61,21
India,Rajasthan,Kota,"Dhanmandi, Kota - RSPCB","28-06-2026 02:00:00",25.16409,75.858137,CO,17,32,22
India,Telangana,Hyderabad,"Zoo Park, Hyderabad - TSPCB","28-06-2026 02:00:00",17.349694,78.451437,PM2.5,7,77,34
India,Telangana,Hyderabad,"Zoo Park, Hyderabad - TSPCB","28-06-2026 02:00:00",17.349694,78.451437,NO2,7,8,8
India,Telangana,Hyderabad,"ECIL Kapra, Hyderabad - TSPCB","28-06-2026 02:00:00",17.470431,78.566959,NO2,4,20,13
India,Telangana,Hyderabad,"ECIL Kapra, Hyderabad - TSPCB","28-06-2026 02:00:00",17.470431,78.566959,CO,26,27,26
India,Telangana,Hyderabad,"Nacharam_TSIIC IALA, Hyderabad - TSPCB","28-06-2026 02:00:00",17.429398,78.569354,PM10,54,72,59
India,Telangana,Hyderabad,"IITH Kandi, Hyderabad - TSPCB","28-06-2026 02:00:00",17.585705,78.126199,PM2.5,30,41,34
India,Telangana,Hyderabad,"IITH Kandi, Hyderabad - TSPCB","28-06-2026 02:00:00",17.585705,78.126199,PM10,54,66,59
India,Telangana,Hyderabad,"IITH Kandi, Hyderabad - TSPCB","28-06-2026 02:00:00",17.585705,78.126199,NO2,10,21,12
India,Telangana,Hyderabad,"IITH Kandi, Hyderabad - TSPCB","28-06-2026 02:00:00",17.585705,78.126199,OZONE,15,16,16
India,Telangana,Hyderabad,"Somajiguda, Hyderabad - TSPCB","28-06-2026 02:00:00",17.417094,78.457437,PM10,59,77,65
India,Telangana,Hyderabad,"Somajiguda, Hyderabad - TSPCB","28-06-2026 02:00:00",17.417094,78.457437,NH3,3,4,3
India,Telangana,Hyderabad,"Somajiguda, Hyderabad - TSPCB","28-06-2026 02:00:00",17.417094,78.457437,OZONE,17,23,20
India,Telangana,Hyderabad,"ICRISAT Patancheru, Hyderabad - TSPCB","28-06-2026 02:00:00",17.5184,78.278777,SO2,0,17,9
India,Telangana,Hyderabad,"Kokapet, Hyderabad - TSPCB","28-06-2026 02:00:00",17.393559,78.339194,PM2.5,37,59,49
India,Rajasthan,Pratapgarh,"Pragati Nagar, Pratapgarh - RSPCB","28-06-2026 02:00:00",24.041198,74.780702,SO2,2,6,3
India,Rajasthan,Pratapgarh,"Pragati Nagar, Pratapgarh - RSPCB","28-06-2026 02:00:00",24.041198,74.780702,OZONE,24,37,30
India,Rajasthan,Rajsamand,"Dhoinda, Rajsamand - RSPCB","28-06-2026 02:00:00",25.03636,73.883502,OZONE,9,58,35
India,Rajasthan,"Sawai Madhopur","Sahu Nagar, Sawai Madhopur - RSPCB","28-06-2026 02:00:00",26.031443,76.359327,SO2,2,10,6
India,Rajasthan,Sikar,"Radhakishan Pura, Sikar - RSPCB","28-06-2026 02:00:00",27.608912,75.153302,PM2.5,48,93,66
India,Rajasthan,Sikar,"Radhakishan Pura, Sikar - RSPCB","28-06-2026 02:00:00",27.608912,75.153302,PM10,48,151,103
India,Rajasthan,Sikar,"Radhakishan Pura, Sikar - RSPCB","28-06-2026 02:00:00",27.608912,75.153302,SO2,2,7,6
India,Rajasthan,Sirohi,"Vedhaynath Colony, Sirohi - RSPCB","28-06-2026 02:00:00",24.885261,72.857549,PM10,27,109,58
India,Rajasthan,Sirohi,"Vedhaynath Colony, Sirohi - RSPCB","28-06-2026 02:00:00",24.885261,72.857549,NO2,5,15,9
India,Rajasthan,"Sri Ganganagar","Old City, Sri Ganganagar - RSPCB","28-06-2026 02:00:00",29.931624,73.864511,NH3,2,20,6
India,"Tamil Nadu",Chennai,"Royapuram, Chennai - TNPCB","28-06-2026 02:00:00",13.1036,80.2909,PM2.5,36,45,41
India,"Tamil Nadu",Chennai,"Royapuram, Chennai - TNPCB","28-06-2026 02:00:00",13.1036,80.2909,NH3,4,5,4
India,"Tamil Nadu",Chennai,"Royapuram, Chennai - TNPCB","28-06-2026 02:00:00",13.1036,80.2909,OZONE,28,33,31
India,"Tamil Nadu",Coimbatore,"SIDCO Kurichi, Coimbatore - TNPCB","28-06-2026 02:00:00",10.942451,76.978996,SO2,NA,NA,NA
India,"Tamil Nadu",Gummidipoondi,"Anthoni Pillai Nagar, Gummidipoondi - TNPCB","28-06-2026 02:00:00",13.4127,80.1081,SO2,6,104,34
India,"Tamil Nadu",Thoothukudi,"Meelavittan, Thoothukudi - TNPCB","28-06-2026 02:00:00",8.816428,78.099039,PM2.5,NA,NA,NA
India,"Tamil Nadu",Thoothukudi,"Meelavittan, Thoothukudi - TNPCB","28-06-2026 02:00:00",8.816428,78.099039,SO2,3,18,11
India,"Tamil Nadu",Thoothukudi,"Meelavittan, Thoothukudi - TNPCB","28-06-2026 02:00:00",8.816428,78.099039,CO,23,48,30
India,Telangana,Hyderabad,"New Malakpet, Hyderabad - TSPCB","28-06-2026 02:00:00",17.37206,78.50864,NO2,12,15,14
India,Telangana,Hyderabad,"New Malakpet, Hyderabad - TSPCB","28-06-2026 02:00:00",17.37206,78.50864,NH3,2,3,3
India,"Uttar Pradesh",Agra,"Sanjay Palace, Agra - UPPCB","28-06-2026 02:00:00",27.19865833,78.00598056,OZONE,4,9,6
India,"Uttar Pradesh",Agra,"Shahjahan Garden, Agra - UPPCB","28-06-2026 02:00:00",27.169338,78.03582,PM10,54,118,70
India,"Uttar Pradesh",Agra,"Shahjahan Garden, Agra - UPPCB","28-06-2026 02:00:00",27.169338,78.03582,NO2,15,18,17
India,"Uttar Pradesh",Agra,"Rohta, Agra - UPPCB","28-06-2026 02:00:00",27.106972,78.000111,NO2,16,16,16
India,"Uttar Pradesh",Agra,"Rohta, Agra - UPPCB","28-06-2026 02:00:00",27.106972,78.000111,NH3,6,6,6
India,"Uttar Pradesh",Agra,"Rohta, Agra - UPPCB","28-06-2026 02:00:00",27.106972,78.000111,OZONE,10,11,10
India,"Uttar Pradesh",Agra,"Sector-3B Avas Vikas Colony, Agra - UPPCB","28-06-2026 02:00:00",27.19412,77.96237,PM10,20,174,101
India,"Uttar Pradesh",Bareilly,"Rajendra Nagar, Bareilly - UPPCB","28-06-2026 02:00:00",28.38910936,79.42963708,NO2,8,10,9
India,"Uttar Pradesh",Bareilly,"Rajendra Nagar, Bareilly - UPPCB","28-06-2026 02:00:00",28.38910936,79.42963708,NH3,1,2,1
India,Sikkim,Gangtok,"Zero Point GICI, Gangtok - SSPCB","28-06-2026 02:00:00",27.33853,88.614099,CO,5,9,6
India,"Tamil Nadu",Chennai,"Kodungaiyur, Chennai - TNPCB","28-06-2026 02:00:00",13.1278,80.2642,OZONE,28,34,31
India,"Tamil Nadu",Chennai,"Velachery Res. Area, Chennai - CPCB","28-06-2026 02:00:00",13.0052189,80.2398125,NH3,2,3,2
India,"Tamil Nadu",Chennai,"Perungudi, Chennai - TNPCB","28-06-2026 02:00:00",12.9533,80.2357,NO2,4,8,6
India,"Tamil Nadu",Chennai,"Manali Village, Chennai - TNPCB","28-06-2026 02:00:00",13.1662,80.2584,PM2.5,24,47,33
India,"Tamil Nadu",Chennai,"Manali Village, Chennai - TNPCB","28-06-2026 02:00:00",13.1662,80.2584,CO,30,37,33
India,"Tamil Nadu",Chennai,"Manali, Chennai - CPCB","28-06-2026 02:00:00",13.164544,80.26285,NH3,NA,NA,NA
India,Telangana,Hyderabad,"Kompally Municipal Office, Hyderabad - TSPCB","28-06-2026 02:00:00",17.544899,78.486949,NO2,11,14,13
India,Telangana,Hyderabad,"Kompally Municipal Office, Hyderabad - TSPCB","28-06-2026 02:00:00",17.544899,78.486949,OZONE,10,26,16
India,Telangana,Hyderabad,"Central University, Hyderabad - TSPCB","28-06-2026 02:00:00",17.460103,78.334361,NO2,6,38,20
India,Telangana,Hyderabad,"Central University, Hyderabad - TSPCB","28-06-2026 02:00:00",17.460103,78.334361,NH3,1,6,3
India,Telangana,Hyderabad,"IDA Pashamylaram, Hyderabad - TSPCB","28-06-2026 02:00:00",17.5316895,78.218939,NH3,0,2,1
India,Telangana,Hyderabad,"Ramachandrapuram, Hyderabad - TSPCB","28-06-2026 02:00:00",17.528544,78.286195,CO,33,49,41
India,Telangana,Hyderabad,"Sanathnagar, Hyderabad - TSPCB","28-06-2026 02:00:00",17.4559458,78.4332152,PM2.5,13,105,39
India,Telangana,Hyderabad,"Sanathnagar, Hyderabad - TSPCB","28-06-2026 02:00:00",17.4559458,78.4332152,NH3,NA,NA,NA
India,Telangana,Hyderabad,"Kompally Municipal Office, Hyderabad - TSPCB","28-06-2026 02:00:00",17.544899,78.486949,PM10,65,87,73
India,Rajasthan,Kota,"Shrinath Puram, Kota - RSPCB","28-06-2026 02:00:00",25.14389,75.821256,SO2,10,14,12
India,Rajasthan,Nagaur,"Karni Colony, Nagaur - RSPCB","28-06-2026 02:00:00",27.213494,73.734444,NH3,2,25,8
India,Rajasthan,Nagaur,"Karni Colony, Nagaur - RSPCB","28-06-2026 02:00:00",27.213494,73.734444,SO2,1,8,4
India,Rajasthan,Pali,"Indira Colony Vistar, Pali - RSPCB","28-06-2026 02:00:00",25.771061,73.340227,NH3,0,3,2
India,Rajasthan,"Sri Ganganagar","Old City, Sri Ganganagar - RSPCB","28-06-2026 02:00:00",29.931624,73.864511,OZONE,1,84,23
India,Rajasthan,Tonk,"Shastri Nagar, Tonk - RSPCB","28-06-2026 02:00:00",26.159933,75.780517,CO,4,57,35
India,Sikkim,Gangtok,"Zero Point GICI, Gangtok - SSPCB","28-06-2026 02:00:00",27.33853,88.614099,NH3,1,1,1
India,"Uttar Pradesh",Lucknow,"Talkatora District Industries Center, Lucknow - CPCB","28-06-2026 02:00:00",26.83399722,80.8917361,NO2,28,47,32
India,"Uttar Pradesh",Lucknow,"Talkatora District Industries Center, Lucknow - CPCB","28-06-2026 02:00:00",26.83399722,80.8917361,OZONE,10,81,33
India,"Uttar Pradesh",Lucknow,"Gomti Nagar, Lucknow - UPPCB","28-06-2026 02:00:00",26.86812,81.005119,PM2.5,3,227,58
India,"Uttar Pradesh",Lucknow,"Gomti Nagar, Lucknow - UPPCB","28-06-2026 02:00:00",26.86812,81.005119,CO,40,45,43
India,"Uttar Pradesh",Lucknow,"Gomti Nagar, Lucknow - UPPCB","28-06-2026 02:00:00",26.86812,81.005119,OZONE,43,51,47
India,"Uttar Pradesh",Lucknow,"B R Ambedkar University, Lucknow - UPPCB","28-06-2026 02:00:00",26.766433,80.927299,NO2,11,12,11
India,"Uttar Pradesh",Lucknow,"B R Ambedkar University, Lucknow - UPPCB","28-06-2026 02:00:00",26.766433,80.927299,CO,4,13,7
India,"Uttar Pradesh",Lucknow,"B R Ambedkar University, Lucknow - UPPCB","28-06-2026 02:00:00",26.766433,80.927299,OZONE,18,59,40
India,"Uttar Pradesh",Lucknow,"Kukrail Picnic Spot-1, Lucknow - UPPCB","28-06-2026 02:00:00",26.90723,80.98579,NO2,31,32,32
India,"Uttar Pradesh",Lucknow,"Kukrail Picnic Spot-1, Lucknow - UPPCB","28-06-2026 02:00:00",26.90723,80.98579,NH3,6,6,6
India,"Uttar Pradesh",Lucknow,"Kukrail Picnic Spot-1, Lucknow - UPPCB","28-06-2026 02:00:00",26.90723,80.98579,CO,13,19,15
India,"Uttar Pradesh",Lucknow,"Lalbagh, Lucknow - CPCB","28-06-2026 02:00:00",26.8458805,80.9365541,PM2.5,47,94,67
India,"Uttar Pradesh",Lucknow,"Lalbagh, Lucknow - CPCB","28-06-2026 02:00:00",26.8458805,80.9365541,PM10,55,134,84
India,"Uttar Pradesh",Lucknow,"Lalbagh, Lucknow - CPCB","28-06-2026 02:00:00",26.8458805,80.9365541,SO2,0,17,8
India,"Uttar Pradesh",Lucknow,"Lalbagh, Lucknow - CPCB","28-06-2026 02:00:00",26.8458805,80.9365541,OZONE,7,77,26
India,"Uttar Pradesh",Lucknow,"Kendriya Vidyalaya, Lucknow - CPCB","28-06-2026 02:00:00",26.906111,80.948222,OZONE,27,105,56
India,"Uttar Pradesh",Mathura,"Pali Dungra, Mathura - UPPCB","28-06-2026 02:00:00",27.410954,77.550619,PM10,85,145,117
India,"Uttar Pradesh",Mathura,"Pali Dungra, Mathura - UPPCB","28-06-2026 02:00:00",27.410954,77.550619,NH3,1,2,1
India,"Uttar Pradesh",Meerut,"Pallavpuram Phase 2, Meerut - UPPCB","28-06-2026 02:00:00",29.06351,77.709723,PM2.5,75,254,138
India,"Uttar Pradesh",Meerut,"Ganga Nagar, Meerut - UPPCB","28-06-2026 02:00:00",28.999264,77.7590354,NO2,24,52,38
India,"Uttar Pradesh",Meerut,"Ganga Nagar, Meerut - UPPCB","28-06-2026 02:00:00",28.999264,77.7590354,NH3,11,19,14
India,"Uttar Pradesh",Meerut,"Ganga Nagar, Meerut - UPPCB","28-06-2026 02:00:00",28.999264,77.7590354,SO2,25,52,37
India,Uttarakhand,Kashipur,"Govt. Girls Inter College, Kashipur - UKPCB","28-06-2026 02:00:00",29.2124114,78.9611753,NH3,2,10,4
India,Uttarakhand,Kashipur,"Govt. Girls Inter College, Kashipur - UKPCB","28-06-2026 02:00:00",29.2124114,78.9611753,CO,30,45,37
India,Uttarakhand,Rishikesh,"Shivaji Nagar, Rishikesh - UKPCB","28-06-2026 02:00:00",30.075911,78.2859547,NO2,7,7,7
India,Uttarakhand,Rishikesh,"Shivaji Nagar, Rishikesh - UKPCB","28-06-2026 02:00:00",30.075911,78.2859547,SO2,1,1,1
India,"West Bengal",Asansol,"Evelyn Lodge, Asansol - WBPCB","28-06-2026 02:00:00",23.697936,86.944395,OZONE,12,16,14
India,"West Bengal",Asansol,"Trivenidevi Bhalotia College, Asansol - WBPCB","28-06-2026 02:00:00",23.616515,87.119133,PM10,1,34,24
India,"West Bengal",Asansol,"Trivenidevi Bhalotia College, Asansol - WBPCB","28-06-2026 02:00:00",23.616515,87.119133,NO2,5,12,8
India,"West Bengal",Asansol,"Mahabir Colliery, Asansol - WBPCB","28-06-2026 02:00:00",23.618183,87.105718,PM10,29,62,40
India,"West Bengal",Asansol,"Mahabir Colliery, Asansol - WBPCB","28-06-2026 02:00:00",23.618183,87.105718,CO,17,52,33
India,"West Bengal",Asansol,"Asansol Court Area, Asansol - WBPCB","28-06-2026 02:00:00",23.685297,86.945968,PM10,26,48,38
India,"West Bengal",Barrackpore,"SVSPA Campus, Barrackpore - WBPCB","28-06-2026 02:00:00",22.7605581,88.3617589,PM2.5,18,28,22
India,"West Bengal",Barrackpore,"SVSPA Campus, Barrackpore - WBPCB","28-06-2026 02:00:00",22.7605581,88.3617589,NH3,6,11,8
India,"West Bengal",Barrackpore,"SVSPA Campus, Barrackpore - WBPCB","28-06-2026 02:00:00",22.7605581,88.3617589,CO,26,30,27
India,"West Bengal",Barrackpore,"SVSPA Campus, Barrackpore - WBPCB","28-06-2026 02:00:00",22.7605581,88.3617589,OZONE,6,8,7
India,"Uttar Pradesh",Meerut,"Jai Bhim Nagar, Meerut - UPPCB","28-06-2026 02:00:00",28.9535882,77.7622941,PM2.5,38,142,76
India,"Uttar Pradesh",Meerut,"Jai Bhim Nagar, Meerut - UPPCB","28-06-2026 02:00:00",28.9535882,77.7622941,NH3,4,9,6
India,"Uttar Pradesh",Modinagar,"SRM University, Modinagar - UPPCB","28-06-2026 02:00:00",28.798171,77.540243,PM2.5,155,316,264
India,"Uttar Pradesh",Modinagar,"SRM University, Modinagar - UPPCB","28-06-2026 02:00:00",28.798171,77.540243,NO2,16,59,33
India,"Uttar Pradesh",Moradabad,"Eco Herbal Park, Moradabad - UPPCB","28-06-2026 02:00:00",28.840739,78.697531,NO2,18,45,29
India,"Uttar Pradesh",Moradabad,"Eco Herbal Park, Moradabad - UPPCB","28-06-2026 02:00:00",28.840739,78.697531,NH3,10,11,10
India,"Uttar Pradesh",Moradabad,"Buddhi Vihar, Moradabad - UPPCB","28-06-2026 02:00:00",28.83526,78.7446,PM10,84,155,112
India,"Uttar Pradesh",Moradabad,"Buddhi Vihar, Moradabad - UPPCB","28-06-2026 02:00:00",28.83526,78.7446,SO2,26,27,27
India,"Uttar Pradesh",Moradabad,"Employment Office, Moradabad - UPPCB","28-06-2026 02:00:00",28.88528,78.7388,NO2,23,24,23
India,"Uttar Pradesh",Moradabad,"Employment Office, Moradabad - UPPCB","28-06-2026 02:00:00",28.88528,78.7388,OZONE,9,27,18
India,"Uttar Pradesh",Moradabad,"Kashiram Nagar, Moradabad - UPPCB","28-06-2026 02:00:00",28.849399,78.742362,SO2,92,116,107
India,"Uttar Pradesh",Moradabad,"Transport Nagar, Moradabad - UPPCB","28-06-2026 02:00:00",28.802625,78.753728,PM10,84,131,108
India,"Uttar Pradesh",Moradabad,"Transport Nagar, Moradabad - UPPCB","28-06-2026 02:00:00",28.802625,78.753728,NO2,24,24,24
India,"Uttar Pradesh",Ghaziabad,"Loni, Ghaziabad - UPPCB","28-06-2026 02:00:00",28.757294,77.278792,OZONE,21,85,50
India,"Uttar Pradesh",Ghaziabad,"Vasundhara, Ghaziabad - UPPCB","28-06-2026 02:00:00",28.6603346,77.3572563,NO2,9,66,29
India,"Uttar Pradesh",Ghaziabad,"Vasundhara, Ghaziabad - UPPCB","28-06-2026 02:00:00",28.6603346,77.3572563,SO2,11,32,19
India,"Uttar Pradesh",Ghaziabad,"Vasundhara, Ghaziabad - UPPCB","28-06-2026 02:00:00",28.6603346,77.3572563,CO,43,78,65
India,"Uttar Pradesh",Ghaziabad," Ved Vihar-Loni, Ghaziabad - UPPCB","28-06-2026 02:00:00",28.739153,77.273668,NH3,7,17,10
India,"Uttar Pradesh",Ghaziabad," Ved Vihar-Loni, Ghaziabad - UPPCB","28-06-2026 02:00:00",28.739153,77.273668,CO,104,114,110
India,"Uttar Pradesh",Gorakhpur,"Madan Mohan Malaviya University of Technology, Gorakhpur - UPPCB","28-06-2026 02:00:00",26.730136,83.433859,PM2.5,30,64,49
India,"Uttar Pradesh",Gorakhpur,"Madan Mohan Malaviya University of Technology, Gorakhpur - UPPCB","28-06-2026 02:00:00",26.730136,83.433859,NO2,11,12,11
India,"Uttar Pradesh",Gorakhpur,"Madan Mohan Malaviya University of Technology, Gorakhpur - UPPCB","28-06-2026 02:00:00",26.730136,83.433859,SO2,39,40,40
India,"Uttar Pradesh","Greater Noida","Knowledge Park - V, Greater Noida - UPPCB","28-06-2026 02:00:00",28.557054,77.453663,PM2.5,50,116,73
India,"Uttar Pradesh","Greater Noida","Knowledge Park - V, Greater Noida - UPPCB","28-06-2026 02:00:00",28.557054,77.453663,SO2,6,13,10
India,"Uttar Pradesh",Jhansi,"Shivaji Nagar, Jhansi - UPPCB","28-06-2026 02:00:00",25.4547,78.6039,PM10,19,66,40
India,"Uttar Pradesh",Varanasi,"Ardhali Bazar, Varanasi - UPPCB","28-06-2026 02:00:00",25.3505986,82.9083074,CO,26,26,26
India,"Uttar Pradesh",Varanasi,"Ardhali Bazar, Varanasi - UPPCB","28-06-2026 02:00:00",25.3505986,82.9083074,OZONE,15,32,22
India,"Uttar Pradesh",Varanasi,"IESD Banaras Hindu University, Varanasi - UPPCB","28-06-2026 02:00:00",25.262326,82.995408,CO,3,7,5
India,"Uttar Pradesh",Varanasi,"Bhelupur, Varanasi - UPPCB","28-06-2026 02:00:00",25.301778,82.996789,PM2.5,12,88,32
India,"Uttar Pradesh",Varanasi,"Bhelupur, Varanasi - UPPCB","28-06-2026 02:00:00",25.301778,82.996789,PM10,30,177,74
India,"Uttar Pradesh",Varanasi,"Bhelupur, Varanasi - UPPCB","28-06-2026 02:00:00",25.301778,82.996789,NH3,1,1,1
India,"Uttar Pradesh",Vrindavan,"Omex Eternity, Vrindavan - UPPCB","28-06-2026 02:00:00",27.571409,77.655757,NH3,8,9,8
India,"Uttar Pradesh",Vrindavan,"Omex Eternity, Vrindavan - UPPCB","28-06-2026 02:00:00",27.571409,77.655757,CO,9,13,11
India,Uttarakhand,Dehradun,"Doon University, Dehradun - UKPCB","28-06-2026 02:00:00",30.269444,78.044167,OZONE,24,58,36
India,"Uttar Pradesh",Moradabad,"Transport Nagar, Moradabad - UPPCB","28-06-2026 02:00:00",28.802625,78.753728,NH3,5,5,5
India,"Uttar Pradesh",Noida,"Sector - 125, Noida - UPPCB","28-06-2026 02:00:00",28.5447608,77.3231257,OZONE,8,71,34
India,"Uttar Pradesh",Noida,"Sector - 62, Noida - IITM","28-06-2026 02:00:00",28.6245479,77.3577104,NH3,NA,NA,NA
India,"Uttar Pradesh",Noida,"Sector - 62, Noida - IITM","28-06-2026 02:00:00",28.6245479,77.3577104,OZONE,42,144,89
India,"Uttar Pradesh",Prayagraj,"Motilal Nehru NIT, Prayagraj - UPPCB","28-06-2026 02:00:00",25.494,81.863,NH3,8,8,8
India,"Uttar Pradesh",Prayagraj,"Motilal Nehru NIT, Prayagraj - UPPCB","28-06-2026 02:00:00",25.494,81.863,CO,6,17,11
India,"Uttar Pradesh",Prayagraj,"Nagar Nigam, Prayagraj - UPPCB","28-06-2026 02:00:00",25.44919916,81.82735986,NO2,5,5,5
India,"Uttar Pradesh",Prayagraj,"Nagar Nigam, Prayagraj - UPPCB","28-06-2026 02:00:00",25.44919916,81.82735986,SO2,42,47,43
India,"Uttar Pradesh",Prayagraj,"Jhunsi, Prayagraj - UPPCB","28-06-2026 02:00:00",25.425602,81.917152,SO2,11,34,21
India,"Uttar Pradesh",Bareilly,"Civil Lines, Bareilly - UPPCB","28-06-2026 02:00:00",28.359581,79.414455,OZONE,10,35,20
India,"Uttar Pradesh",Bulandshahr,"Yamunapuram, Bulandshahr - UPPCB","28-06-2026 02:00:00",28.406963,77.849831,SO2,2,47,14
India,"Uttar Pradesh",Firozabad,"Vibhab Nagar, Firozabad - UPPCB","28-06-2026 02:00:00",27.1594,78.3953,NO2,15,15,15
India,"Uttar Pradesh",Ghaziabad,"Sanjay Nagar, Ghaziabad - UPPCB","28-06-2026 02:00:00",28.685382,77.453839,PM10,126,296,181
India,"Uttar Pradesh",Ghaziabad,"Sanjay Nagar, Ghaziabad - UPPCB","28-06-2026 02:00:00",28.685382,77.453839,CO,2,103,63
India,"Uttar Pradesh",Ghaziabad,"Indirapuram, Ghaziabad - UPPCB","28-06-2026 02:00:00",28.646233,77.358075,PM10,95,265,171
India,"Uttar Pradesh",Ghaziabad,"Loni, Ghaziabad - UPPCB","28-06-2026 02:00:00",28.757294,77.278792,NO2,23,68,42
India,"Uttar Pradesh",Jhansi,"Shivaji Nagar, Jhansi - UPPCB","28-06-2026 02:00:00",25.4547,78.6039,NH3,4,4,4
India,"Uttar Pradesh",Jhansi,"Shivaji Nagar, Jhansi - UPPCB","28-06-2026 02:00:00",25.4547,78.6039,SO2,17,27,20
India,"Uttar Pradesh",Kanpur,"Nehru Nagar, Kanpur - UPPCB","28-06-2026 02:00:00",26.4703136,80.3229863,PM2.5,18,155,55
India,"Uttar Pradesh",Kanpur,"Nehru Nagar, Kanpur - UPPCB","28-06-2026 02:00:00",26.4703136,80.3229863,NO2,39,47,43
India,"Uttar Pradesh",Kanpur,"Nehru Nagar, Kanpur - UPPCB","28-06-2026 02:00:00",26.4703136,80.3229863,SO2,8,12,11
India,"Uttar Pradesh",Kanpur,"Nehru Nagar, Kanpur - UPPCB","28-06-2026 02:00:00",26.4703136,80.3229863,CO,37,53,46
India,"Uttar Pradesh",Kanpur,"Nehru Nagar, Kanpur - UPPCB","28-06-2026 02:00:00",26.4703136,80.3229863,OZONE,2,2,2
India,"Uttar Pradesh",Kanpur,"NSI Kalyanpur, Kanpur - UPPCB","28-06-2026 02:00:00",26.509954,80.249612,PM10,38,141,88
India,"Uttar Pradesh",Kanpur,"NSI Kalyanpur, Kanpur - UPPCB","28-06-2026 02:00:00",26.509954,80.249612,CO,23,35,30
India,"Uttar Pradesh",Kanpur,"FTI Kidwai Nagar, Kanpur - UPPCB","28-06-2026 02:00:00",26.428282,80.327067,PM2.5,NA,NA,NA
India,"Uttar Pradesh",Kanpur,"FTI Kidwai Nagar, Kanpur - UPPCB","28-06-2026 02:00:00",26.428282,80.327067,OZONE,13,13,13
India,"West Bengal",Durgapur,"Mahishkapur Road_B-Zone, Durgapur - WBPCB","28-06-2026 02:00:00",23.567923,87.306843,PM2.5,11,50,24
India,"West Bengal",Durgapur,"Womens College_City Center, Durgapur - WBPCB","28-06-2026 02:00:00",23.549395,87.300496,SO2,12,12,12
India,"West Bengal",Haldia,"Priyambada Housing Estate, Haldia - WBPCB","28-06-2026 02:00:00",22.06047,88.109737,OZONE,19,24,21
India,"West Bengal",Howrah,"Ghusuri, Howrah - WBPCB","28-06-2026 02:00:00",22.611968,88.347422,NO2,39,66,52
India,"West Bengal",Howrah,"Ghusuri, Howrah - WBPCB","28-06-2026 02:00:00",22.611968,88.347422,SO2,5,12,9
India,"West Bengal",Howrah,"Botanical Garden, Howrah - WBPCB","28-06-2026 02:00:00",22.554954,88.292568,PM2.5,11,37,27
India,"West Bengal",Kolkata,"Jadavpur, Kolkata - WBPCB","28-06-2026 02:00:00",22.49929,88.36917,PM2.5,36,49,43
India,"West Bengal",Kolkata,"Victoria, Kolkata - WBPCB","28-06-2026 02:00:00",22.5448082,88.3403691,PM10,85,99,92
India,"West Bengal",Kolkata,"Victoria, Kolkata - WBPCB","28-06-2026 02:00:00",22.5448082,88.3403691,CO,18,29,22
India,"West Bengal",Kolkata,"Ballygunge, Kolkata - WBPCB","28-06-2026 02:00:00",22.5367507,88.3638022,PM10,26,52,32
India,"West Bengal",Kolkata,"Ballygunge, Kolkata - WBPCB","28-06-2026 02:00:00",22.5367507,88.3638022,NH3,9,17,12
India,"West Bengal",Kolkata,"Rabindra Sarobar, Kolkata - WBPCB","28-06-2026 02:00:00",22.51106,88.35142,PM2.5,12,23,17
India,"West Bengal",Kolkata,"Bidhannagar, Kolkata - WBPCB","28-06-2026 02:00:00",22.58157048,88.41002457,NH3,5,5,5
India,"West Bengal",Kolkata,"Bidhannagar, Kolkata - WBPCB","28-06-2026 02:00:00",22.58157048,88.41002457,CO,42,45,43
India,"West Bengal",Siliguri,"Ward-32 Bapupara, Siliguri - WBPCB","28-06-2026 02:00:00",26.6879226,88.4152495,PM10,33,62,46
India,"Arunachal Pradesh",Naharlagun,"Naharlagun, Naharlagun - APSPCB","28-06-2026 02:00:00",27.103358,93.679645,NH3,1,1,1
India,Assam,Byrnihat,"Central Academy for SFS, Byrnihat - PCBA","28-06-2026 02:00:00",26.071318,91.87488,OZONE,21,40,25
India,Assam,Guwahati,"LGBI Airport, Guwahati - PCBA","28-06-2026 02:00:00",26.10887,91.589544,PM10,20,65,36
India,Assam,Guwahati,"LGBI Airport, Guwahati - PCBA","28-06-2026 02:00:00",26.10887,91.589544,CO,22,43,34
India,Assam,Guwahati,"LGBI Airport, Guwahati - PCBA","28-06-2026 02:00:00",26.10887,91.589544,OZONE,37,39,38
India,Assam,Guwahati,"Railway Colony, Guwahati - PCBA","28-06-2026 02:00:00",26.181742,91.78063,OZONE,NA,NA,NA
India,Assam,Guwahati,"IITG, Guwahati - PCBA","28-06-2026 02:00:00",26.2028636,91.70046436,NH3,5,5,5
India,Assam,Guwahati,"IITG, Guwahati - PCBA","28-06-2026 02:00:00",26.2028636,91.70046436,SO2,40,44,42
India,Assam,Guwahati,"Pan Bazaar, Guwahati - PCBA","28-06-2026 02:00:00",26.1875,91.744194,PM2.5,45,412,152
India,Assam,Guwahati,"Pan Bazaar, Guwahati - PCBA","28-06-2026 02:00:00",26.1875,91.744194,PM10,48,422,131
India,Assam,Guwahati,"Pan Bazaar, Guwahati - PCBA","28-06-2026 02:00:00",26.1875,91.744194,CO,25,31,28
India,Assam,Nagaon,"Christianpatty, Nagaon - PCBA","28-06-2026 02:00:00",26.349082,92.68449,PM2.5,55,84,68
India,Assam,Nagaon,"Christianpatty, Nagaon - PCBA","28-06-2026 02:00:00",26.349082,92.68449,NH3,1,4,3
India,Assam,Silchar,"Tarapur, Silchar - PCBA","28-06-2026 02:00:00",24.82827,92.79525,NO2,18,21,21
India,Bihar,Buxar,"Charitra Van, Buxar - BSPCB","28-06-2026 02:00:00",25.56752,83.966379,CO,24,27,25
India,Bihar,Gaya,"Collectorate, Gaya - BSPCB","28-06-2026 02:00:00",24.7955,84.9994,NO2,NA,NA,NA
India,Bihar,Gaya,"Collectorate, Gaya - BSPCB","28-06-2026 02:00:00",24.7955,84.9994,NH3,NA,NA,NA
India,Bihar,Gaya,"Collectorate, Gaya - BSPCB","28-06-2026 02:00:00",24.7955,84.9994,SO2,NA,NA,NA
India,Bihar,Gaya,"SFTI Kusdihra, Gaya - BSPCB","28-06-2026 02:00:00",24.762518,84.982348,SO2,6,8,7
India,Bihar,Gaya,"Kareemganj, Gaya - BSPCB","28-06-2026 02:00:00",24.792403,84.992416,PM10,57,122,99
India,Bihar,Gaya,"Kareemganj, Gaya - BSPCB","28-06-2026 02:00:00",24.792403,84.992416,NO2,11,12,12
India,Bihar,Gaya,"Kareemganj, Gaya - BSPCB","28-06-2026 02:00:00",24.792403,84.992416,OZONE,52,87,63
India,Bihar,Hajipur,"Industrial Area, Hajipur - BSPCB","28-06-2026 02:00:00",25.697189,85.2459,PM2.5,83,229,132
India,Bihar,Hajipur,"Industrial Area, Hajipur - BSPCB","28-06-2026 02:00:00",25.697189,85.2459,NO2,12,23,16
India,Bihar,Katihar,"Mirchaibari, Katihar - BSPCB","28-06-2026 02:00:00",25.560083,87.553265,NH3,1,1,1
India,Bihar,Katihar,"Mirchaibari, Katihar - BSPCB","28-06-2026 02:00:00",25.560083,87.553265,CO,69,93,82
India,Bihar,Kishanganj,"SDM Office_Khagra, Kishanganj - BSPCB","28-06-2026 02:00:00",26.0881305,87.93840336,NH3,3,3,3
India,"Andhra Pradesh",Amaravati,"Secretariat, Amaravati - APPCB","28-06-2026 02:00:00",16.5150833,80.5181667,OZONE,2,31,13
India,"Andhra Pradesh",Anantapur,"Gulzarpet, Anantapur - APPCB","28-06-2026 02:00:00",14.675886,77.593027,OZONE,27,27,27
India,"Andhra Pradesh",Eluru,"District Court, Eluru - APPCB","28-06-2026 02:00:00",16.711754,81.092095,PM10,46,58,50
India,"Andhra Pradesh",Guntur,"Rajendra Nagar North, Guntur - APPCB","28-06-2026 02:00:00",16.316553,80.413302,OZONE,16,17,16
India,"Andhra Pradesh",Kadapa,"Yerramukkapalli, Kadapa - APPCB","28-06-2026 02:00:00",14.465052,78.824187,PM2.5,NA,NA,NA
India,"Andhra Pradesh",Kadapa,"Yerramukkapalli, Kadapa - APPCB","28-06-2026 02:00:00",14.465052,78.824187,CO,28,36,34
India,"Andhra Pradesh",Machilipatnam,"Srinivas Nagar Colony, Machilipatnam - APPCB","28-06-2026 02:00:00",16.186555,81.13219,SO2,16,23,20
India,"Andhra Pradesh",Rajamahendravaram,"Anand Kala Kshetram, Rajamahendravaram - APPCB","28-06-2026 02:00:00",16.9872867,81.7363176,SO2,4,6,5
India,"Andhra Pradesh",Rajamahendravaram,"Anand Kala Kshetram, Rajamahendravaram - APPCB","28-06-2026 02:00:00",16.9872867,81.7363176,OZONE,16,25,20
India,"Andhra Pradesh",Tirumala,"Toll Gate, Tirumala - APPCB","28-06-2026 02:00:00",13.67,79.35,PM2.5,19,54,28
India,"Andhra Pradesh",Tirumala,"Toll Gate, Tirumala - APPCB","28-06-2026 02:00:00",13.67,79.35,OZONE,14,57,24
India,"Andhra Pradesh",Tirupati,"Vaikuntapuram, Tirupati - APPCB","28-06-2026 02:00:00",13.615387,79.40923,NO2,37,40,39
India,"Andhra Pradesh",Vijayawada,"Rajiv Gandhi Park, Vijayawada - APPCB","28-06-2026 02:00:00",16.509717,80.612222,SO2,11,17,13
India,"Andhra Pradesh",Vijayawada,"Rajiv Gandhi Park, Vijayawada - APPCB","28-06-2026 02:00:00",16.509717,80.612222,CO,35,46,41
India,"Andhra Pradesh",Vijayawada,"Kanuru, Vijayawada - APPCB","28-06-2026 02:00:00",16.486692,80.699436,NO2,25,38,33
India,"Andhra Pradesh",Vijayawada,"HB Colony, Vijayawada - APPCB","28-06-2026 02:00:00",16.536107,80.594233,NO2,NA,NA,NA
India,"Andhra Pradesh",Vijayawada,"HB Colony, Vijayawada - APPCB","28-06-2026 02:00:00",16.536107,80.594233,NH3,NA,NA,NA
India,"Andhra Pradesh",Vijayawada,"Rajiv Nagar, Vijayawada - APPCB","28-06-2026 02:00:00",16.554731,80.64911,PM2.5,68,83,72
India,"Andhra Pradesh",Vijayawada,"Rajiv Nagar, Vijayawada - APPCB","28-06-2026 02:00:00",16.554731,80.64911,PM10,70,85,74
India,"Andhra Pradesh",Vijayawada,"Rajiv Nagar, Vijayawada - APPCB","28-06-2026 02:00:00",16.554731,80.64911,NO2,14,20,18
India,"Andhra Pradesh",Vijayawada,"Rajiv Nagar, Vijayawada - APPCB","28-06-2026 02:00:00",16.554731,80.64911,NH3,4,5,5
India,Bihar,Muzaffarpur,"Buddha Colony, Muzaffarpur - BSPCB","28-06-2026 02:00:00",26.11442,85.39813,PM2.5,60,199,109
India,Bihar,Muzaffarpur,"Muzaffarpur Collectorate, Muzaffarpur - BSPCB","28-06-2026 02:00:00",26.1209,85.3647,NO2,14,25,19
India,Bihar,Muzaffarpur,"MIT-Daudpur Kothi, Muzaffarpur - BSPCB","28-06-2026 02:00:00",26.1403345,85.3650192,PM10,50,63,55
India,Bihar,Muzaffarpur,"MIT-Daudpur Kothi, Muzaffarpur - BSPCB","28-06-2026 02:00:00",26.1403345,85.3650192,NO2,1,4,3
India,Bihar,Muzaffarpur,"MIT-Daudpur Kothi, Muzaffarpur - BSPCB","28-06-2026 02:00:00",26.1403345,85.3650192,OZONE,35,53,38
India,Bihar,Patna,"DRM Office Danapur, Patna - BSPCB","28-06-2026 02:00:00",25.586562,85.043586,NH3,9,10,9
India,Bihar,Patna,"Rajbansi Nagar, Patna - BSPCB","28-06-2026 02:00:00",25.599486,85.113666,NH3,2,3,3
India,Bihar,Patna,"Govt. High School Shikarpur, Patna - BSPCB","28-06-2026 02:00:00",25.592539,85.227158,PM10,80,108,92
India,Bihar,Patna,"Govt. High School Shikarpur, Patna - BSPCB","28-06-2026 02:00:00",25.592539,85.227158,OZONE,25,70,40
India,Bihar,Arrah,"New DM Office, Arrah - BSPCB","28-06-2026 02:00:00",25.5626095,84.663264,NH3,1,2,2
India,Bihar,Arrah,"New DM Office, Arrah - BSPCB","28-06-2026 02:00:00",25.5626095,84.663264,SO2,5,6,5
India,Bihar,Aurangabad,"Gurdeo Nagar, Aurangabad - BSPCB","28-06-2026 02:00:00",24.75746,84.366208,NH3,NA,NA,NA
India,Bihar,Begusarai,"Lohiyanagar, Begusarai - BSPCB","28-06-2026 02:00:00",25.42742023,86.13886079,PM2.5,28,67,48
India,Bihar,Begusarai,"Lohiyanagar, Begusarai - BSPCB","28-06-2026 02:00:00",25.42742023,86.13886079,NH3,15,16,16
India,Bihar,Bhagalpur,"Mayaganj, Bhagalpur - BSPCB","28-06-2026 02:00:00",25.265194,87.012947,NO2,NA,NA,NA
India,Bihar,Bhagalpur,"Mayaganj, Bhagalpur - BSPCB","28-06-2026 02:00:00",25.265194,87.012947,SO2,7,25,16
India,Bihar,"Bihar Sharif","D M Colony, Bihar Sharif - BSPCB","28-06-2026 02:00:00",25.204762,85.51496,NH3,3,4,3
India,Bihar,Patna,"Muradpur, Patna - BSPCB","28-06-2026 02:00:00",25.619651,85.147382,NH3,4,5,5
India,Bihar,Patna,"Muradpur, Patna - BSPCB","28-06-2026 02:00:00",25.619651,85.147382,OZONE,4,55,23
India,Bihar,Rajgir,"Dangi Tola, Rajgir - BSPCB","28-06-2026 02:00:00",25.0328,85.41948,PM2.5,37,117,67
India,Bihar,Samastipur,"DM Office_Kasipur, Samastipur - BSPCB","28-06-2026 02:00:00",25.859655,85.77944,PM2.5,NA,NA,NA
India,Bihar,Samastipur,"DM Office_Kasipur, Samastipur - BSPCB","28-06-2026 02:00:00",25.859655,85.77944,NH3,1,2,1
India,Bihar,Samastipur,"DM Office_Kasipur, Samastipur - BSPCB","28-06-2026 02:00:00",25.859655,85.77944,CO,NA,NA,NA
India,Chandigarh,Chandigarh,"Sector-53, Chandigarh - CPCC","28-06-2026 02:00:00",30.719859,76.738637,NO2,5,116,49
India,Chandigarh,Chandigarh,"Sector-53, Chandigarh - CPCC","28-06-2026 02:00:00",30.719859,76.738637,NH3,9,43,18
India,Bihar,Kishanganj,"SDM Office_Khagra, Kishanganj - BSPCB","28-06-2026 02:00:00",26.0881305,87.93840336,OZONE,30,34,33
India,Bihar,Manguraha,"Forest Rest House, Manguraha - BSPCB","28-06-2026 02:00:00",27.308328,84.531742,PM10,NA,NA,NA
India,Bihar,Motihari,"Gandak Colony, Motihari - BSPCB","28-06-2026 02:00:00",26.63086,84.90051,PM2.5,NA,NA,NA
India,Bihar,Motihari,"Gandak Colony, Motihari - BSPCB","28-06-2026 02:00:00",26.63086,84.90051,PM10,NA,NA,NA
India,Bihar,Motihari,"Gandak Colony, Motihari - BSPCB","28-06-2026 02:00:00",26.63086,84.90051,NO2,NA,NA,NA
India,Bihar,Motihari,"Gandak Colony, Motihari - BSPCB","28-06-2026 02:00:00",26.63086,84.90051,CO,12,16,14
India,Bihar,Munger,"Town Hall, Munger - BSPCB","28-06-2026 02:00:00",25.376776,86.471523,NH3,3,3,3
India,Bihar,Munger,"Town Hall, Munger - BSPCB","28-06-2026 02:00:00",25.376776,86.471523,OZONE,1,5,3
India,Bihar,Patna,"Samanpura, Patna - BSPCB","28-06-2026 02:00:00",25.596727,85.085624,PM2.5,48,141,76
India,Bihar,Patna,"Samanpura, Patna - BSPCB","28-06-2026 02:00:00",25.596727,85.085624,NO2,13,23,18
India,Bihar,Patna,"Muradpur, Patna - BSPCB","28-06-2026 02:00:00",25.619651,85.147382,PM2.5,70,80,76
India,"Andhra Pradesh",Amaravati,"Secretariat, Amaravati - APPCB","28-06-2026 02:00:00",16.5150833,80.5181667,CO,22,31,26
India,Chandigarh,Chandigarh,"Sector 22, Chandigarh - CPCC","28-06-2026 02:00:00",30.735567,76.775714,CO,61,72,66
India,Chhattisgarh,Bhilai,"Civic Center, Bhilai - Bhilai Steel Plant","28-06-2026 02:00:00",21.185571,81.343175,NO2,15,16,16
India,Chhattisgarh,Bhilai,"32Bungalows, Bhilai - CECB","28-06-2026 02:00:00",21.194815,81.31477,PM2.5,9,64,29
India,Chhattisgarh,Bilaspur,"Mangala, Bilaspur - NTPC","28-06-2026 02:00:00",22.08815,82.13737,NO2,16,20,20
India,Chhattisgarh,Bilaspur,"Mangala, Bilaspur - NTPC","28-06-2026 02:00:00",22.08815,82.13737,OZONE,NA,NA,NA
India,Chhattisgarh,Chhal,"Nawapara SECL Colony, Chhal - CECB","28-06-2026 02:00:00",22.118125,83.140608,NH3,3,3,3
India,Chhattisgarh,Chhal,"Nawapara SECL Colony, Chhal - CECB","28-06-2026 02:00:00",22.118125,83.140608,SO2,1,16,6
India,Chhattisgarh,Korba,"Urja Nagar, Korba - CECB","28-06-2026 02:00:00",22.348441,82.549611,NH3,1,1,1
India,Chhattisgarh,Kunjemura,"OP Jindal School, Kunjemura - CECB","28-06-2026 02:00:00",22.12665,83.483212,PM10,36,101,61
India,Chhattisgarh,Kunjemura,"OP Jindal School, Kunjemura - CECB","28-06-2026 02:00:00",22.12665,83.483212,NO2,9,58,22
India,Chhattisgarh,Kunjemura,"OP Jindal School, Kunjemura - CECB","28-06-2026 02:00:00",22.12665,83.483212,NH3,2,2,2
India,Chhattisgarh,Kunjemura,"OP Jindal School, Kunjemura - CECB","28-06-2026 02:00:00",22.12665,83.483212,SO2,10,17,14
India,Chhattisgarh,Kunjemura,"OP Jindal School, Kunjemura - CECB","28-06-2026 02:00:00",22.12665,83.483212,CO,24,37,30
India,Chhattisgarh,Raipur,"AIIMS, Raipur - CECB","28-06-2026 02:00:00",21.258815,81.578979,CO,17,28,23
India,Chhattisgarh,Raipur,"AIIMS, Raipur - CECB","28-06-2026 02:00:00",21.258815,81.578979,OZONE,10,25,17
India,Chhattisgarh,Raipur,"Siltara Phase-II, Raipur - CECB","28-06-2026 02:00:00",21.371751,81.664929,PM2.5,28,93,55
India,Delhi,Delhi,"Vivek Vihar, Delhi - DPCC","28-06-2026 02:00:00",28.672342,77.31526,PM2.5,47,136,78
India,Delhi,Delhi,"Vivek Vihar, Delhi - DPCC","28-06-2026 02:00:00",28.672342,77.31526,NH3,7,9,8
India,Delhi,Delhi,"Vivek Vihar, Delhi - DPCC","28-06-2026 02:00:00",28.672342,77.31526,SO2,10,15,12
India,Delhi,Delhi,"Jahangirpuri, Delhi - DPCC","28-06-2026 02:00:00",28.73282,77.170633,PM2.5,40,331,173
India,Delhi,Delhi,"Jahangirpuri, Delhi - DPCC","28-06-2026 02:00:00",28.73282,77.170633,PM10,89,195,153
India,Delhi,Delhi,"Jahangirpuri, Delhi - DPCC","28-06-2026 02:00:00",28.73282,77.170633,CO,57,103,86
India,Delhi,Delhi,"Sri Aurobindo Marg, Delhi - DPCC","28-06-2026 02:00:00",28.531346,77.190156,PM2.5,48,213,84
India,Delhi,Delhi,"Sri Aurobindo Marg, Delhi - DPCC","28-06-2026 02:00:00",28.531346,77.190156,NH3,6,8,7
India,Delhi,Delhi,"Sri Aurobindo Marg, Delhi - DPCC","28-06-2026 02:00:00",28.531346,77.190156,SO2,7,13,10
India,Delhi,Delhi,"Najafgarh, Delhi - DPCC","28-06-2026 02:00:00",28.570173,76.933762,OZONE,4,43,18
India,Delhi,Delhi,"Wazirpur, Delhi - DPCC","28-06-2026 02:00:00",28.699793,77.165453,NO2,22,64,40
India,Delhi,Delhi,"Wazirpur, Delhi - DPCC","28-06-2026 02:00:00",28.699793,77.165453,SO2,8,14,11
India,Delhi,Delhi,"Mundka, Delhi - DPCC","28-06-2026 02:00:00",28.684678,77.076574,PM2.5,30,270,103
India,Delhi,Delhi,"R K Puram, Delhi - DPCC","28-06-2026 02:00:00",28.563262,77.186937,PM10,85,221,154
India,Delhi,Delhi,"R K Puram, Delhi - DPCC","28-06-2026 02:00:00",28.563262,77.186937,NH3,5,6,6
India,Delhi,Delhi,"R K Puram, Delhi - DPCC","28-06-2026 02:00:00",28.563262,77.186937,CO,24,60,46
India,Delhi,Delhi,"Dwarka-Sector 8, Delhi - DPCC ","28-06-2026 02:00:00",28.5710274,77.0719006,PM2.5,32,250,97
India,Delhi,Delhi,"ITO, Delhi - CPCB","28-06-2026 02:00:00",28.628624,77.24106,NO2,22,96,58
India,Delhi,Delhi,"ITO, Delhi - CPCB","28-06-2026 02:00:00",28.628624,77.24106,NH3,2,6,4
India,Delhi,Delhi,"ITO, Delhi - CPCB","28-06-2026 02:00:00",28.628624,77.24106,SO2,19,36,27
India,Delhi,Delhi,"ITO, Delhi - CPCB","28-06-2026 02:00:00",28.628624,77.24106,CO,60,104,87
India,Delhi,Delhi,"IGI Airport (T3), Delhi - IITM","28-06-2026 02:00:00",28.5627763,77.1180053,SO2,NA,NA,NA
India,Delhi,Delhi,"IGI Airport (T3), Delhi - IITM","28-06-2026 02:00:00",28.5627763,77.1180053,CO,86,96,91
India,Delhi,Delhi,"Burari Crossing, Delhi - IITM","28-06-2026 02:00:00",28.7256504,77.2011573,PM2.5,45,181,96
India,Chhattisgarh,Raipur,"Siltara Phase-II, Raipur - CECB","28-06-2026 02:00:00",21.371751,81.664929,PM10,33,166,101
India,Chhattisgarh,Tumidih,"OP Jindal Industrial Park, Tumidih - CECB","28-06-2026 02:00:00",22.06631475,83.33820077,SO2,5,8,6
India,Delhi,Delhi,"Pusa, Delhi - IITM","28-06-2026 02:00:00",28.63611,77.173332,NH3,NA,NA,NA
India,Delhi,Delhi,"Pusa, Delhi - IITM","28-06-2026 02:00:00",28.63611,77.173332,SO2,NA,NA,NA
India,Delhi,Delhi,"IGNOU_Maidan Garhi, Delhi - DPCC","28-06-2026 02:00:00",28.493624,77.201159,NH3,0,23,3
India,Delhi,Delhi,"IGNOU_Maidan Garhi, Delhi - DPCC","28-06-2026 02:00:00",28.493624,77.201159,CO,16,62,38
India,Delhi,Delhi,"JNU, Delhi - DPCC","28-06-2026 02:00:00",28.540721,77.168544,PM10,98,181,126
India,Delhi,Delhi,"JNU, Delhi - DPCC","28-06-2026 02:00:00",28.540721,77.168544,OZONE,14,31,21
India,Delhi,Delhi,"Narela, Delhi - DPCC","28-06-2026 02:00:00",28.822836,77.101981,PM10,95,240,161
India,Delhi,Delhi,"Patparganj, Delhi - DPCC","28-06-2026 02:00:00",28.623763,77.287209,PM10,102,394,164
India,Delhi,Delhi,"Patparganj, Delhi - DPCC","28-06-2026 02:00:00",28.623763,77.287209,SO2,0,4,2
India,Delhi,Delhi,"Patparganj, Delhi - DPCC","28-06-2026 02:00:00",28.623763,77.287209,CO,30,67,51
India,Delhi,Delhi,"Jawaharlal Nehru Stadium, Delhi - DPCC","28-06-2026 02:00:00",28.58028,77.233829,SO2,20,31,26
India,Delhi,Delhi,"Jawaharlal Nehru Stadium, Delhi - DPCC","28-06-2026 02:00:00",28.58028,77.233829,CO,54,93,81
India,Delhi,Delhi,"Mandir Marg, Delhi - DPCC","28-06-2026 02:00:00",28.636429,77.201067,PM2.5,2,160,68
India,Delhi,Delhi,"Mandir Marg, Delhi - DPCC","28-06-2026 02:00:00",28.636429,77.201067,OZONE,2,54,19
India,Delhi,Delhi,"NSIT Dwarka, Delhi - CPCB","28-06-2026 02:00:00",28.60909,77.0325413,NH3,6,9,7
India,Delhi,Delhi,"Okhla Phase-2, Delhi - DPCC","28-06-2026 02:00:00",28.530785,77.271255,SO2,8,18,15
India,Delhi,Delhi,"Rohini, Delhi - DPCC","28-06-2026 02:00:00",28.732528,77.11992,PM2.5,50,280,129
India,Delhi,Delhi,"Punjabi Bagh, Delhi - DPCC","28-06-2026 02:00:00",28.674045,77.131023,NO2,13,53,29
India,Delhi,Delhi,"Punjabi Bagh, Delhi - DPCC","28-06-2026 02:00:00",28.674045,77.131023,NH3,3,5,4
India,Delhi,Delhi,"Punjabi Bagh, Delhi - DPCC","28-06-2026 02:00:00",28.674045,77.131023,SO2,24,53,42
India,Delhi,Delhi,"Sirifort, Delhi - CPCB","28-06-2026 02:00:00",28.5504249,77.2159377,PM10,89,234,145
India,Delhi,Delhi,"DTU, Delhi - CPCB","28-06-2026 02:00:00",28.7500499,77.1112615,PM2.5,57,308,121
India,Delhi,Delhi,"DTU, Delhi - CPCB","28-06-2026 02:00:00",28.7500499,77.1112615,OZONE,26,29,28
India,Delhi,Delhi,"Dr. Karni Singh Shooting Range, Delhi - DPCC","28-06-2026 02:00:00",28.498571,77.26484,NH3,4,6,5
India,Delhi,Delhi,"Narela, Delhi - DPCC","28-06-2026 02:00:00",28.822836,77.101981,CO,43,67,54
India,Delhi,Delhi,"Talkatora Garden, Delhi - DPCC","28-06-2026 02:00:00",28.62181,77.1944633,PM10,44,125,79
India,Delhi,Delhi,"Commonwealth Sports Complex, Delhi - DPCC","28-06-2026 02:00:00",28.615828,77.271992,PM2.5,55,174,90
India,Delhi,Delhi,"Commonwealth Sports Complex, Delhi - DPCC","28-06-2026 02:00:00",28.615828,77.271992,OZONE,27,96,57
India,Delhi,Delhi,"Bawana, Delhi - DPCC","28-06-2026 02:00:00",28.7762,77.051074,NO2,7,47,21
India,Delhi,Delhi,"Burari Crossing, Delhi - IITM","28-06-2026 02:00:00",28.7256504,77.2011573,NH3,NA,NA,NA
India,Delhi,Delhi,"Burari Crossing, Delhi - IITM","28-06-2026 02:00:00",28.7256504,77.2011573,SO2,NA,NA,NA
India,Delhi,Delhi,"IIT Delhi, Delhi - IITM","28-06-2026 02:00:00",28.54246,77.191651,NH3,NA,NA,NA
India,Delhi,Delhi,"North Campus, DU, Delhi - IITM","28-06-2026 02:00:00",28.6573814,77.1585447,PM2.5,39,170,94
India,Delhi,Delhi,"North Campus, DU, Delhi - IITM","28-06-2026 02:00:00",28.6573814,77.1585447,PM10,105,251,156
India,Delhi,Delhi,"North Campus, DU, Delhi - IITM","28-06-2026 02:00:00",28.6573814,77.1585447,CO,50,108,89
India,Delhi,Delhi,"Major Dhyan Chand National Stadium, Delhi - DPCC","28-06-2026 02:00:00",28.611281,77.237738,OZONE,2,40,16
India,Delhi,Delhi,"Nehru Nagar, Delhi - DPCC","28-06-2026 02:00:00",28.56789,77.250515,NH3,5,11,8
India,Delhi,Delhi,"Pusa, Delhi - DPCC","28-06-2026 02:00:00",28.639652,77.146275,PM2.5,48,147,84
India,Delhi,Delhi,"Pusa, Delhi - DPCC","28-06-2026 02:00:00",28.639652,77.146275,NH3,9,17,14
India,Gujarat,Rajkot,"Mavdi, Rajkot - Nexteng Enviro ","28-06-2026 02:00:00",22.248853,70.776774,NO2,59,75,66
India,Gujarat,Rajkot,"Mavdi, Rajkot - Nexteng Enviro ","28-06-2026 02:00:00",22.248853,70.776774,NH3,1,2,2
India,Gujarat,Surat,"Katargam, Surat - Nexteng Enviro","28-06-2026 02:00:00",21.217779,72.834787,PM2.5,35,95,55
India,Gujarat,Surat,"Katargam, Surat - Nexteng Enviro","28-06-2026 02:00:00",21.217779,72.834787,PM10,45,118,75
India,Gujarat,Surat,"Katargam, Surat - Nexteng Enviro","28-06-2026 02:00:00",21.217779,72.834787,NO2,15,35,23
India,Gujarat,Surat,"Katargam, Surat - Nexteng Enviro","28-06-2026 02:00:00",21.217779,72.834787,CO,37,43,39
India,Gujarat,Surat,"Science Center, Surat - SMC","28-06-2026 02:00:00",21.170046,72.795405,CO,29,39,36
India,Gujarat,Vadodara,"Bapunagar, Vadodara - Nexteng Enviro","28-06-2026 02:00:00",22.320153,73.216285,NH3,2,4,3
India,Gujarat,Vapi,"Phase-1 GIDC, Vapi - GPCB","28-06-2026 02:00:00",20.362421,72.918013,NO2,6,30,23
India,Gujarat,Vapi,"Phase-1 GIDC, Vapi - GPCB","28-06-2026 02:00:00",20.362421,72.918013,NH3,3,5,4
India,Gujarat,Vatva,"Phase-4 GIDC, Vatva - GPCB","28-06-2026 02:00:00",22.969611,72.6435,PM10,102,142,120
India,Gujarat,Vatva,"Phase-4 GIDC, Vatva - GPCB","28-06-2026 02:00:00",22.969611,72.6435,CO,19,36,25
India,Haryana,Ambala,"Patti Mehar, Ambala - HSPCB","28-06-2026 02:00:00",30.379589,76.778328,PM10,51,256,142
India,Haryana,Ambala,"Patti Mehar, Ambala - HSPCB","28-06-2026 02:00:00",30.379589,76.778328,NH3,2,12,8
India,Gujarat,Ahmedabad,"Raikhad, Ahmedabad - IITM","28-06-2026 02:00:00",23.020509,72.579261,NO2,5,14,7
India,Gujarat,Ahmedabad,"Chandkheda, Ahmedabad - IITM","28-06-2026 02:00:00",23.107969,72.574648,PM10,51,132,83
India,Gujarat,Ahmedabad,"Chandkheda, Ahmedabad - IITM","28-06-2026 02:00:00",23.107969,72.574648,NO2,7,43,16
India,Gujarat,Ahmedabad,"Chandkheda, Ahmedabad - IITM","28-06-2026 02:00:00",23.107969,72.574648,NH3,3,5,4
India,Gujarat,Ahmedabad,"Chandkheda, Ahmedabad - IITM","28-06-2026 02:00:00",23.107969,72.574648,CO,35,64,46
India,Gujarat,Ankleshwar,"GIDC, Ankleshwar - GPCB","28-06-2026 02:00:00",21.613267,73.010555,NH3,7,7,7
India,Gujarat,Bhavnagar,"Vidhyanagar, Bhavnagar - Nexteng Enviro","28-06-2026 02:00:00",21.755417,72.139056,NH3,4,5,4
India,Gujarat,Bhavnagar,"Vidhyanagar, Bhavnagar - Nexteng Enviro","28-06-2026 02:00:00",21.755417,72.139056,OZONE,18,38,27
India,Gujarat,Gandhinagar,"IIPHG Lekawada, Gandhinagar - IITM","28-06-2026 02:00:00",23.243639,72.68994,CO,6,39,18
India,Gujarat,Gandhinagar,"GIFT City, Gandhinagar - IITM","28-06-2026 02:00:00",23.163798,72.677768,SO2,0,5,2
India,Gujarat,Gandhinagar,"Sector-10, Gandhinagar - GPCB","28-06-2026 02:00:00",23.221714,72.654328,NO2,8,15,10
India,Haryana,Palwal,"Shyam Nagar, Palwal - HSPCB","28-06-2026 02:00:00",28.1485564,77.3320667,CO,55,117,82
India,Haryana,Panchgaon,"Amity University, Panchgaon - IITM","28-06-2026 02:00:00",28.3153,76.9143,NO2,19,57,35
India,Haryana,Panchgaon,"Amity University, Panchgaon - IITM","28-06-2026 02:00:00",28.3153,76.9143,NH3,8,18,11
India,Haryana,Panchgaon,"Amity University, Panchgaon - IITM","28-06-2026 02:00:00",28.3153,76.9143,CO,43,80,61
India,Haryana,Panchgaon,"Amity University, Panchgaon - IITM","28-06-2026 02:00:00",28.3153,76.9143,OZONE,7,50,21
India,Haryana,Panipat,"Sector-18, Panipat - HSPCB","28-06-2026 02:00:00",29.432304,76.972765,NH3,5,6,5
India,Haryana,Rohtak,"MD University, Rohtak - HSPCB","28-06-2026 02:00:00",28.52123,76.37138,NH3,NA,NA,NA
India,Haryana,Sirsa,"F-Block, Sirsa - HSPCB","28-06-2026 02:00:00",29.5364,75.0158,CO,64,100,74
India,Haryana,"Yamuna Nagar","Gobind Pura, Yamuna Nagar - HSPCB","28-06-2026 02:00:00",30.1480566,77.2893471,NH3,12,17,14
India,Haryana,"Yamuna Nagar","Gobind Pura, Yamuna Nagar - HSPCB","28-06-2026 02:00:00",30.1480566,77.2893471,OZONE,5,37,24
India,Gujarat,Ahmedabad,"SAC ISRO Satellite, Ahmedabad - IITM","28-06-2026 02:00:00",23.023389,72.515201,SO2,3,7,5
India,Gujarat,Ahmedabad,"SAC ISRO Satellite, Ahmedabad - IITM","28-06-2026 02:00:00",23.023389,72.515201,CO,19,39,28
India,Gujarat,Ahmedabad,"SAC ISRO Satellite, Ahmedabad - IITM","28-06-2026 02:00:00",23.023389,72.515201,OZONE,13,27,19
India,Gujarat,Ahmedabad,"Maninagar, Ahmedabad - GPCB","28-06-2026 02:00:00",23.002657,72.591912,NO2,NA,NA,NA
India,Gujarat,Ahmedabad,"Maninagar, Ahmedabad - GPCB","28-06-2026 02:00:00",23.002657,72.591912,OZONE,45,56,50
India,Gujarat,Ahmedabad,"Gyaspur, Ahmedabad - IITM","28-06-2026 02:00:00",22.977134,72.553024,PM2.5,11,49,33
India,Gujarat,Ahmedabad,"Gyaspur, Ahmedabad - IITM","28-06-2026 02:00:00",22.977134,72.553024,CO,25,42,34
India,Gujarat,Ahmedabad,"SVPI Airport Hansol, Ahmedabad - IITM","28-06-2026 02:00:00",23.076793,72.627874,PM2.5,25,76,43
India,Gujarat,Ahmedabad,"SVPI Airport Hansol, Ahmedabad - IITM","28-06-2026 02:00:00",23.076793,72.627874,NO2,11,59,25
India,Gujarat,Ahmedabad,"SVPI Airport Hansol, Ahmedabad - IITM","28-06-2026 02:00:00",23.076793,72.627874,NH3,1,1,1
India,Gujarat,Ahmedabad,"SVPI Airport Hansol, Ahmedabad - IITM","28-06-2026 02:00:00",23.076793,72.627874,SO2,12,82,23
India,Haryana,Gurugram,"Vikas Sadan, Gurugram - HSPCB","28-06-2026 02:00:00",28.4501238,77.0263051,PM10,NA,NA,NA
India,Haryana,Gurugram,"Vikas Sadan, Gurugram - HSPCB","28-06-2026 02:00:00",28.4501238,77.0263051,CO,62,114,97
India,Haryana,Gurugram,"Teri Gram, Gurugram - HSPCB","28-06-2026 02:00:00",28.4275,77.1465,PM2.5,77,204,114
India,Haryana,Gurugram,"Teri Gram, Gurugram - HSPCB","28-06-2026 02:00:00",28.4275,77.1465,NH3,9,17,13
India,Haryana,Gurugram,"Teri Gram, Gurugram - HSPCB","28-06-2026 02:00:00",28.4275,77.1465,SO2,9,33,22
India,Haryana,Gurugram,"Teri Gram, Gurugram - HSPCB","28-06-2026 02:00:00",28.4275,77.1465,OZONE,8,16,12
India,Haryana,Gurugram,"Sector-51, Gurugram - HSPCB","28-06-2026 02:00:00",28.4227,77.0667,PM2.5,111,345,214
India,Haryana,"Charkhi Dadri","Mini Secretariat, Charkhi Dadri - HSPCB","28-06-2026 02:00:00",28.593883,76.270653,SO2,9,11,10
India,Haryana,Dharuhera,"Municipal Corporation Office, Dharuhera -  HSPCB","28-06-2026 02:00:00",28.2068,76.7997,PM2.5,67,115,90
India,Haryana,Dharuhera,"Municipal Corporation Office, Dharuhera -  HSPCB","28-06-2026 02:00:00",28.2068,76.7997,OZONE,7,24,15
India,Haryana,Faridabad,"Sector 11, Faridabad - HSPCB","28-06-2026 02:00:00",28.376058,77.315741,NO2,29,33,31
India,Haryana,Kurukshetra,"Sector-7, Kurukshetra - HSPCB","28-06-2026 02:00:00",29.966942,76.875879,PM10,134,167,148
India,Haryana,Kurukshetra,"Sector-7, Kurukshetra - HSPCB","28-06-2026 02:00:00",29.966942,76.875879,NH3,11,13,12
India,Haryana,Manesar,"Sector-2 IMT, Manesar - HSPCB","28-06-2026 02:00:00",28.360699,76.93609,NH3,4,14,9
India,Haryana,Manesar,"Sector-2 IMT, Manesar - HSPCB","28-06-2026 02:00:00",28.360699,76.93609,SO2,3,21,8
India,Haryana,Manesar,"Sector-2 IMT, Manesar - HSPCB","28-06-2026 02:00:00",28.360699,76.93609,OZONE,6,13,8
India,Gujarat,Gandhinagar,"Sector-10, Gandhinagar - GPCB","28-06-2026 02:00:00",23.221714,72.654328,OZONE,12,28,20
India,Gujarat,Mehsana,"Sadanand Nagar, Mehsana - Nexteng Enviro","28-06-2026 02:00:00",23.59315,72.372792,NO2,7,9,8
India,Gujarat,Mehsana,"Sadanand Nagar, Mehsana - Nexteng Enviro","28-06-2026 02:00:00",23.59315,72.372792,CO,66,69,67
India,Gujarat,Mehsana,"Sadanand Nagar, Mehsana - Nexteng Enviro","28-06-2026 02:00:00",23.59315,72.372792,OZONE,12,16,14
India,Haryana,Kaithal,"Rishi Nagar, Kaithal - HSPCB","28-06-2026 02:00:00",29.8006,76.4155,NO2,23,44,40
India,Karnataka,Bengaluru,"Hebbal, Bengaluru - KSPCB","28-06-2026 02:00:00",13.029152,77.585901,OZONE,NA,NA,NA
India,Karnataka,Bengaluru,"BTM Layout, Bengaluru - CPCB","28-06-2026 02:00:00",12.9135218,77.5950804,PM2.5,25,33,29
India,Karnataka,Bengaluru,"Silk Board, Bengaluru - KSPCB","28-06-2026 02:00:00",12.917348,77.622813,PM10,52,127,95
India,Karnataka,Bengaluru,"Silk Board, Bengaluru - KSPCB","28-06-2026 02:00:00",12.917348,77.622813,NO2,7,18,12
India,Karnataka,Bengaluru,"Silk Board, Bengaluru - KSPCB","28-06-2026 02:00:00",12.917348,77.622813,CO,NA,NA,NA
India,Karnataka,Bengaluru,"Hombegowda Nagar, Bengaluru - KSPCB","28-06-2026 02:00:00",12.938539,77.5901,SO2,2,10,6
India,Karnataka,Bengaluru,"Hombegowda Nagar, Bengaluru - KSPCB","28-06-2026 02:00:00",12.938539,77.5901,OZONE,27,41,31
India,Karnataka,Chamarajanagar,"Urban, Chamarajanagar - KSPCB","28-06-2026 02:00:00",11.55358,76.55521,OZONE,20,27,25
India,Karnataka,Chikkaballapur,"Chikkaballapur Rural, Chikkaballapur - KSPCB","28-06-2026 02:00:00",13.428828,77.731418,PM2.5,15,46,28
India,"Himachal Pradesh",Baddi,"HIMUDA Complex Phase-1, Baddi - HPPCB","28-06-2026 02:00:00",30.943887,76.801991,PM10,36,187,118
India,"Himachal Pradesh",Baddi,"HIMUDA Complex Phase-1, Baddi - HPPCB","28-06-2026 02:00:00",30.943887,76.801991,SO2,14,29,17
India,"Jammu and Kashmir",Pampore,"Khrew, Pampore - JKPCC","28-06-2026 02:00:00",34.031606,75.009712,SO2,4,5,4
India,"Jammu and Kashmir",Srinagar,"Rajbagh, Srinagar - JKPCC","28-06-2026 02:00:00",34.066206,74.81982,SO2,3,4,3
India,"Jammu and Kashmir",Srinagar,"Rajbagh, Srinagar - JKPCC","28-06-2026 02:00:00",34.066206,74.81982,CO,12,16,14
India,"Jammu and Kashmir",Srinagar,"Rajbagh, Srinagar - JKPCC","28-06-2026 02:00:00",34.066206,74.81982,OZONE,0,1,1
India,Karnataka,Chikkamagaluru,"Kalyana Nagara, Chikkamagaluru - KSPCB","28-06-2026 02:00:00",13.328028,75.797056,SO2,NA,NA,NA
India,Karnataka,Dharwad,"Kalabhavan, Dharwad - KSPCB","28-06-2026 02:00:00",15.459706,75.008381,SO2,7,8,8
India,Karnataka,Gadag,"Panchal Nagar, Gadag - KSPCB","28-06-2026 02:00:00",15.411456,75.638133,PM2.5,15,33,22
India,Karnataka,Gadag,"Panchal Nagar, Gadag - KSPCB","28-06-2026 02:00:00",15.411456,75.638133,CO,4,12,10
India,Karnataka,Kalaburagi,"Mahatma Basaveswar Colony, Kalaburgi - KSPCB","28-06-2026 02:00:00",17.336318,76.847397,NO2,11,17,14
India,Karnataka,Mysuru,"Hebbal 1st Stage, Mysuru - KSPCB","28-06-2026 02:00:00",12.21041,76.37376,NO2,14,26,18
India,Karnataka,Mysuru,"Hebbal 1st Stage, Mysuru - KSPCB","28-06-2026 02:00:00",12.21041,76.37376,CO,7,31,19
India,Karnataka,Shivamogga,"Vinoba Nagara, Shivamogga - KSPCB","28-06-2026 02:00:00",13.94,75.555917,PM10,30,53,45
India,Karnataka,Shivamogga,"Vinoba Nagara, Shivamogga - KSPCB","28-06-2026 02:00:00",13.94,75.555917,NO2,18,28,24
India,Karnataka,Vijayapura,"Ibrahimpur, Vijayapura - KSPCB","28-06-2026 02:00:00",16.802639,75.722694,NO2,11,12,11
India,Karnataka,Vijayapura,"Ibrahimpur, Vijayapura - KSPCB","28-06-2026 02:00:00",16.802639,75.722694,CO,13,28,21
India,"Madhya Pradesh",Bhopal,"Paryavaran Parisar, Bhopal - MPPCB","28-06-2026 02:00:00",23.210494,77.425409,OZONE,29,44,32
India,"Madhya Pradesh",Bhopal,"T T Nagar, Bhopal - MPPCB","28-06-2026 02:00:00",23.233584,77.400574,NH3,5,5,5
India,"Madhya Pradesh",Damoh,"Shrivastav Colony, Damoh - MPPCB","28-06-2026 02:00:00",23.81748678,79.446246,NH3,NA,NA,NA
India,"Madhya Pradesh",Damoh,"Shrivastav Colony, Damoh - MPPCB","28-06-2026 02:00:00",23.81748678,79.446246,CO,3,9,6
India,Kerala,Thiruvananthapuram,"Kariavattom, Thiruvananthapuram - Kerala PCB","28-06-2026 02:00:00",8.5637,76.8865,CO,6,24,18
India,Kerala,Thrissur,"Corporation Ground, Thrissur - Kerala PCB","28-06-2026 02:00:00",10.5324,76.2159,NH3,0,0,0
India,Kerala,Thrissur,"Corporation Ground, Thrissur - Kerala PCB","28-06-2026 02:00:00",10.5324,76.2159,SO2,0,1,1
India,Kerala,Thrissur,"Corporation Ground, Thrissur - Kerala PCB","28-06-2026 02:00:00",10.5324,76.2159,CO,7,13,10
India,Karnataka,Madikeri,"Stuart Hill, Madikeri - KSPCB","28-06-2026 02:00:00",12.415911,75.73505,NH3,NA,NA,NA
India,Karnataka,Mangalore,"Kadri, Mangalore - KSPCB","28-06-2026 02:00:00",12.88925,74.853,PM2.5,32,75,47
India,Karnataka,Mangalore,"Kadri, Mangalore - KSPCB","28-06-2026 02:00:00",12.88925,74.853,NH3,0,4,2
India,Karnataka,Bagalkot,"Vidayagiri, Bagalkot - KSPCB","28-06-2026 02:00:00",16.172806,75.659694,OZONE,18,18,18
India,Karnataka,Bengaluru,"Bapuji Nagar, Bengaluru - KSPCB","28-06-2026 02:00:00",12.951913,77.539784,PM2.5,7,71,33
India,Jharkhand,Dhanbad,"Sardar Patel Nagar, Dhanbad - JSPCB","28-06-2026 02:00:00",23.80569,86.44268,PM10,33,500,188
India,Jharkhand,Dhanbad,"Sardar Patel Nagar, Dhanbad - JSPCB","28-06-2026 02:00:00",23.80569,86.44268,OZONE,25,51,40
India,"Madhya Pradesh",Jabalpur,"Govindh Bhavan Colony, Jabalpur - JMC","28-06-2026 02:00:00",23.163174,79.973061,SO2,2,4,3
India,"Madhya Pradesh",Jabalpur,"Govindh Bhavan Colony, Jabalpur - JMC","28-06-2026 02:00:00",23.163174,79.973061,OZONE,2,10,3
India,"Madhya Pradesh",Jabalpur,"Marhatal, Jabalpur - MPPCB","28-06-2026 02:00:00",23.168606,79.932247,NH3,1,2,1
India,"Madhya Pradesh",Jabalpur,"Gupteshwar, Jabalpur - JMC","28-06-2026 02:00:00",23.142888,79.916147,SO2,7,9,8
India,"Madhya Pradesh",Jabalpur,"Gupteshwar, Jabalpur - JMC","28-06-2026 02:00:00",23.142888,79.916147,CO,27,40,33
India,"Madhya Pradesh",Jabalpur,"Suhagi, Jabalpur - JMC","28-06-2026 02:00:00",23.218135,79.95777,NH3,3,3,3
India,"Madhya Pradesh",Katni,"Gole Bazar, Katni - MPPCB","28-06-2026 02:00:00",23.50016,80.23284,PM2.5,21,56,37
India,"Madhya Pradesh",Katni,"Gole Bazar, Katni - MPPCB","28-06-2026 02:00:00",23.50016,80.23284,NH3,3,3,3
India,"Madhya Pradesh",Katni,"Gole Bazar, Katni - MPPCB","28-06-2026 02:00:00",23.50016,80.23284,SO2,10,87,46
India,"Madhya Pradesh",Maihar,"Sahilara, Maihar - KJS Cements","28-06-2026 02:00:00",24.2613009,80.7231783,NO2,29,85,61
India,"Madhya Pradesh",Maihar,"Sahilara, Maihar - KJS Cements","28-06-2026 02:00:00",24.2613009,80.7231783,CO,14,23,20
India,"Madhya Pradesh",Mandideep,"Sector-D Industrial Area, Mandideep - MPPCB","28-06-2026 02:00:00",23.10844,77.511428,SO2,4,45,16
India,"Madhya Pradesh",Pithampur,"Sector-2 Industrial Area, Pithampur - MPPCB","28-06-2026 02:00:00",22.624758,75.675238,NH3,3,6,5
India,"Madhya Pradesh",Dewas,"Bhopal Chauraha, Dewas - MPPCB","28-06-2026 02:00:00",22.9682591,76.064118,CO,15,50,30
India,"Madhya Pradesh",Gwalior,"Deen Dayal Nagar, Gwalior - MPPCB","28-06-2026 02:00:00",26.259242,78.216432,NO2,8,25,20
India,"Madhya Pradesh",Gwalior,"Deen Dayal Nagar, Gwalior - MPPCB","28-06-2026 02:00:00",26.259242,78.216432,CO,5,31,21
India,"Madhya Pradesh",Gwalior,"Maharaj Bada, Gwalior - MPPCB","28-06-2026 02:00:00",26.200388,78.147714,SO2,2,21,11
India,"Madhya Pradesh",Gwalior,"City Center, Gwalior - MPPCB","28-06-2026 02:00:00",26.203442,78.193251,NO2,6,23,11
India,"Madhya Pradesh",Gwalior,"City Center, Gwalior - MPPCB","28-06-2026 02:00:00",26.203442,78.193251,CO,21,55,35
India,"Madhya Pradesh",Gwalior,"City Center, Gwalior - MPPCB","28-06-2026 02:00:00",26.203442,78.193251,OZONE,44,65,54
India,"Madhya Pradesh",Indore,"Airport Area, Indore - IMC","28-06-2026 02:00:00",22.7289,75.8076,NO2,57,151,71
India,"Madhya Pradesh",Indore,"Residency Area, Indore - IMC","28-06-2026 02:00:00",22.7084,75.8815,CO,16,30,24
India,"Madhya Pradesh",Indore,"Residency Area, Indore - IMC","28-06-2026 02:00:00",22.7084,75.8815,OZONE,6,7,6
India,"Madhya Pradesh",Jabalpur,"Govindh Bhavan Colony, Jabalpur - JMC","28-06-2026 02:00:00",23.163174,79.973061,PM10,21,42,30
India,Maharashtra,Chandrapur,"Chauhan Colony, Chandrapur - MPCB","28-06-2026 02:00:00",19.9629,79.298714,SO2,6,57,23
India,Maharashtra,Chandrapur,"Chauhan Colony, Chandrapur - MPCB","28-06-2026 02:00:00",19.9629,79.298714,OZONE,15,65,35
India,Maharashtra,Chandrapur,"MIDC Khutala, Chandrapur - MPCB","28-06-2026 02:00:00",19.9775302,79.2337086,SO2,0,30,6
India,Maharashtra,Dhule,"Deopur, Dhule - MPCB","28-06-2026 02:00:00",20.918946,74.776388,NO2,8,16,10
India,Maharashtra,Dhule,"Deopur, Dhule - MPCB","28-06-2026 02:00:00",20.918946,74.776388,SO2,1,8,3
India,Maharashtra,Dombivli,"Kalu Nagar, Dombivli - MPCB","28-06-2026 02:00:00",19.2268427,73.0788456,NO2,11,24,17
India,Maharashtra,Dombivli,"Kalu Nagar, Dombivli - MPCB","28-06-2026 02:00:00",19.2268427,73.0788456,NH3,2,2,2
India,Maharashtra,Jalgaon,"Prabhat Colony, Jalgaon - MPCB","28-06-2026 02:00:00",21.001264,75.565602,NH3,3,10,5
India,Maharashtra,Jalgaon,"Prabhat Colony, Jalgaon - MPCB","28-06-2026 02:00:00",21.001264,75.565602,CO,17,39,27
India,Maharashtra,Amravati,"Shri Shivaji Science College, Amravati - MPCB","28-06-2026 02:00:00",20.939198,77.765701,PM10,19,55,35
India,Maharashtra,Amravati,"Shri Shivaji Science College, Amravati - MPCB","28-06-2026 02:00:00",20.939198,77.765701,SO2,6,8,7
India,Maharashtra,Aurangabad,"Rachnakar Colony, Aurangabad - MPCB","28-06-2026 02:00:00",19.863756,75.321188,NO2,8,38,15
India,Maharashtra,Badlapur,"Katrap, Badlapur - MPCB","28-06-2026 02:00:00",19.16485,73.23409,PM10,54,139,72
India,Maharashtra,Beed,"Bir, Beed - MPCB","28-06-2026 02:00:00",18.988474,75.753873,PM2.5,9,158,57
India,Maharashtra,Beed,"Bir, Beed - MPCB","28-06-2026 02:00:00",18.988474,75.753873,NH3,4,6,4
India,Maharashtra,Belapur,"CBD Belapur, Belapur - MPCB","28-06-2026 02:00:00",19.0243902,73.0406721,NO2,21,46,31
India,Maharashtra,Belapur,"CBD Belapur, Belapur - MPCB","28-06-2026 02:00:00",19.0243902,73.0406721,CO,14,18,16
India,Maharashtra,Kalyan,"Khadakpada, Kalyan - MPCB","28-06-2026 02:00:00",19.25292,73.142019,SO2,NA,NA,NA
India,Maharashtra,Kalyan,"Pimpleshwar Mandir, Kalyan - MPCB","28-06-2026 02:00:00",19.192056,72.9585188,NH3,NA,NA,NA
India,Maharashtra,Kalyan,"Pimpleshwar Mandir, Kalyan - MPCB","28-06-2026 02:00:00",19.192056,72.9585188,OZONE,11,19,14
India,Maharashtra,Kolhapur,"Sinchan Bhavan, Kolhapur - MPCB","28-06-2026 02:00:00",16.7143745,74.2426398,NO2,15,22,16
India,Maharashtra,Kolhapur,"Sinchan Bhavan, Kolhapur - MPCB","28-06-2026 02:00:00",16.7143745,74.2426398,OZONE,13,16,15
India,Maharashtra,Kolhapur,"Shivaji University, Kolhapur - MPCB","28-06-2026 02:00:00",16.6870449,74.2505872,PM2.5,6,26,15
India,Maharashtra,Kolhapur,"Shivaji University, Kolhapur - MPCB","28-06-2026 02:00:00",16.6870449,74.2505872,PM10,24,43,33
India,Maharashtra,Kolhapur,"Shivaji University, Kolhapur - MPCB","28-06-2026 02:00:00",16.6870449,74.2505872,SO2,2,3,2
India,"Madhya Pradesh",Pithampur,"Sector-2 Industrial Area, Pithampur - MPPCB","28-06-2026 02:00:00",22.624758,75.675238,SO2,9,19,12
India,"Madhya Pradesh",Pithampur,"Sector-2 Industrial Area, Pithampur - MPPCB","28-06-2026 02:00:00",22.624758,75.675238,OZONE,42,59,53
India,"Madhya Pradesh",Ratlam,"Shasthri Nagar, Ratlam - IPCA Lab","28-06-2026 02:00:00",23.331731,75.045981,SO2,3,5,4
India,"Madhya Pradesh",Sagar,"Civil Lines, Sagar - MPPCB","28-06-2026 02:00:00",23.838586,78.759431,NO2,5,32,12
India,"Madhya Pradesh",Sagar,"Civil Lines, Sagar - MPPCB","28-06-2026 02:00:00",23.838586,78.759431,NH3,6,6,6
India,"Madhya Pradesh",Sagar,"Civil Lines, Sagar - MPPCB","28-06-2026 02:00:00",23.838586,78.759431,CO,33,47,39
India,"Madhya Pradesh",Singrauli,"Suryakiran Bhawan NCL, Singrauli - MPPCB","28-06-2026 02:00:00",24.10897,82.64558,CO,11,62,26
India,"Madhya Pradesh",Ujjain,"Mahashweta Nagar, Ujjain - MPPCB","28-06-2026 02:00:00",23.1633321,75.800225,PM2.5,3,79,31
India,Maharashtra,Ambernath,"Chinchpada, Ambernath - MPCB","28-06-2026 02:00:00",19.215784,73.199781,CO,6,14,9
India,Maharashtra,Mira-Bhayandar,"Bhayandar West, Mira-Bhayandar - MPCB","28-06-2026 02:00:00",19.296481,72.840923,PM2.5,11,36,21
India,Maharashtra,Mira-Bhayandar,"Bhayandar West, Mira-Bhayandar - MPCB","28-06-2026 02:00:00",19.296481,72.840923,NH3,4,4,4
India,Maharashtra,Mira-Bhayandar,"Bhayandar West, Mira-Bhayandar - MPCB","28-06-2026 02:00:00",19.296481,72.840923,SO2,3,7,4
India,Maharashtra,Mumbai,"Ghatkopar, Mumbai - BMC","28-06-2026 02:00:00",19.083694,72.920967,PM2.5,0,124,46
India,Maharashtra,Latur,"Sawe Wadi, Latur - MPCB","28-06-2026 02:00:00",18.39963,76.57452,PM2.5,25,44,34
India,Maharashtra,Latur,"Sawe Wadi, Latur - MPCB","28-06-2026 02:00:00",18.39963,76.57452,NO2,7,44,14
India,Maharashtra,Mahad,"Kamble Tarf Birwadi, Mahad - MPCB","28-06-2026 02:00:00",18.1023399,73.4783687,OZONE,39,42,41
India,Maharashtra,Pimpri-Chinchwad,"Bhosari, Pune - IITM","28-06-2026 02:00:00",18.640051,73.848956,SO2,NA,NA,NA
India,Maharashtra,Pimpri-Chinchwad,"Thergaon, Pimpri Chinchwad - MPCB","28-06-2026 02:00:00",18.616318,73.765797,CO,12,69,33
India,Maharashtra,Pimpri-Chinchwad,"Savta Mali Nagar, Pimpri-Chinchwad - IITM","28-06-2026 02:00:00",18.614767,73.799516,PM10,22,64,46
India,Maharashtra,Pimpri-Chinchwad,"Savta Mali Nagar, Pimpri-Chinchwad - IITM","28-06-2026 02:00:00",18.614767,73.799516,NH3,NA,NA,NA
India,Maharashtra,Pimpri-Chinchwad,"Savta Mali Nagar, Pimpri-Chinchwad - IITM","28-06-2026 02:00:00",18.614767,73.799516,CO,26,47,37
India,Maharashtra,Pimpri-Chinchwad,"Savta Mali Nagar, Pimpri-Chinchwad - IITM","28-06-2026 02:00:00",18.614767,73.799516,OZONE,7,13,9
India,Maharashtra,Pune,"Revenue Colony-Shivajinagar, Pune - IITM","28-06-2026 02:00:00",18.530085,73.849598,CO,17,47,32
India,Maharashtra,Pune,"Panchawati_Pashan, Pune - IITM","28-06-2026 02:00:00",18.536457,73.805454,PM2.5,19,49,31
India,Maharashtra,Pune,"Panchawati_Pashan, Pune - IITM","28-06-2026 02:00:00",18.536457,73.805454,CO,27,38,33
India,Maharashtra,Pune,"Dhankawadi, Pune - IITM","28-06-2026 02:00:00",18.459883,73.852193,SO2,NA,NA,NA
India,Maharashtra,Pune,"Katraj Dairy, Pune - MPCB","28-06-2026 02:00:00",18.45445,73.854155,PM2.5,13,28,22
India,Maharashtra,Pune,"Katraj Dairy, Pune - MPCB","28-06-2026 02:00:00",18.45445,73.854155,OZONE,2,6,4
India,Maharashtra,Pune,"Hadapsar, Pune - IITM","28-06-2026 02:00:00",18.501793,73.927532,PM2.5,15,63,35
India,Maharashtra,Pune,"Hadapsar, Pune - IITM","28-06-2026 02:00:00",18.501793,73.927532,PM10,26,104,49
India,Maharashtra,"Navi Mumbai","Nerul, Navi Mumbai - MPCB","28-06-2026 02:00:00",19.008751,73.01662,NH3,11,12,12
India,Maharashtra,"Navi Mumbai","Nerul, Navi Mumbai - MPCB","28-06-2026 02:00:00",19.008751,73.01662,SO2,NA,NA,NA
India,Maharashtra,"Navi Mumbai","Nerul, Navi Mumbai - MPCB","28-06-2026 02:00:00",19.008751,73.01662,CO,NA,NA,NA
India,Maharashtra,"Navi Mumbai","Sector-2E Kalamboli, Navi Mumbai - MPCB","28-06-2026 02:00:00",19.02579,73.10297,OZONE,3,26,13
India,Maharashtra,"Navi Mumbai","Tondare-Taloja, Navi Mumbai - MPCB","28-06-2026 02:00:00",19.063,73.1209,OZONE,10,11,11
India,Maharashtra,"Navi Mumbai","Mahape, Navi Mumbai - MPCB","28-06-2026 02:00:00",19.1135051,73.008978,OZONE,7,10,8
India,Maharashtra,"Navi Mumbai","Sanpada, Navi Mumbai - MPCB","28-06-2026 02:00:00",19.0575752,73.0151367,NO2,3,8,5
India,Maharashtra,Parbhani,"Masoom Colony, Parbhani - MPCB","28-06-2026 02:00:00",19.265594,76.761463,PM10,35,78,58
India,Maharashtra,Parbhani,"Masoom Colony, Parbhani - MPCB","28-06-2026 02:00:00",19.265594,76.761463,SO2,2,6,5
India,Maharashtra,Pimpri-Chinchwad,"Park Street Wakad, Pimpri Chinchwad - MPCB","28-06-2026 02:00:00",18.59051,73.77946,PM2.5,21,67,39
India,Maharashtra,Pimpri-Chinchwad,"Park Street Wakad, Pimpri Chinchwad - MPCB","28-06-2026 02:00:00",18.59051,73.77946,NH3,2,2,2
India,Maharashtra,Pimpri-Chinchwad,"Transport Nagar-Nigdi, Pune - IITM","28-06-2026 02:00:00",18.664282,73.763966,NO2,14,35,19
India,Maharashtra,Mumbai,"Powai, Mumbai - MPCB","28-06-2026 02:00:00",19.1375,72.915056,PM10,NA,NA,NA
India,Maharashtra,Mumbai,"Powai, Mumbai - MPCB","28-06-2026 02:00:00",19.1375,72.915056,NO2,NA,NA,NA
India,Maharashtra,Mumbai,"Powai, Mumbai - MPCB","28-06-2026 02:00:00",19.1375,72.915056,NH3,NA,NA,NA
India,Maharashtra,Mumbai,"Sewri, Mumbai - BMC","28-06-2026 02:00:00",19.000084,72.85673,PM2.5,NA,NA,NA
India,Maharashtra,Mumbai,"Sewri, Mumbai - BMC","28-06-2026 02:00:00",19.000084,72.85673,NO2,NA,NA,NA
India,Maharashtra,Mumbai,"Sewri, Mumbai - BMC","28-06-2026 02:00:00",19.000084,72.85673,CO,20,25,22
India,Maharashtra,Mumbai,"Chakala-Andheri East, Mumbai - IITM","28-06-2026 02:00:00",19.11074,72.86084,PM2.5,8,28,16
India,Maharashtra,Mumbai,"Chakala-Andheri East, Mumbai - IITM","28-06-2026 02:00:00",19.11074,72.86084,PM10,14,60,35
India,Maharashtra,Mumbai,"Chakala-Andheri East, Mumbai - IITM","28-06-2026 02:00:00",19.11074,72.86084,NO2,9,28,16
India,Maharashtra,Nagpur,"Ram Nagar, Nagpur - MPCB","28-06-2026 02:00:00",21.143383,79.048912,NH3,5,7,6
India,Maharashtra,Nagpur,"Mahal, Nagpur - MPCB","28-06-2026 02:00:00",21.14472,79.107595,CO,16,63,41
India,Maharashtra,Nagpur,"Opp GPO Civil Lines, Nagpur - MPCB","28-06-2026 02:00:00",21.152875,79.0517531,PM10,13,82,43
India,Maharashtra,Nagpur,"Opp GPO Civil Lines, Nagpur - MPCB","28-06-2026 02:00:00",21.152875,79.0517531,SO2,4,11,8
India,Maharashtra,Nagpur,"Ambazari, Nagpur - MPCB","28-06-2026 02:00:00",21.121801,79.04952,NO2,1,31,14
India,Maharashtra,Nagpur,"Ambazari, Nagpur - MPCB","28-06-2026 02:00:00",21.121801,79.04952,CO,8,56,32
India,Maharashtra,Mumbai,"Borivali East, Mumbai - IITM","28-06-2026 02:00:00",19.23241,72.86895,CO,52,52,52
India,Maharashtra,Mumbai,"Bandra Kurla Complex, Mumbai - IITM","28-06-2026 02:00:00",19.053536,72.84643,NH3,2,8,3
India,Maharashtra,Mumbai,"Deonar, Mumbai - IITM","28-06-2026 02:00:00",19.04946,72.923,PM10,51,93,76
India,Maharashtra,Mumbai,"Chhatrapati Shivaji Intl. Airport (T2), Mumbai - MPCB","28-06-2026 02:00:00",19.10078,72.87462,CO,NA,NA,NA
India,Maharashtra,Mumbai,"Chhatrapati Shivaji Intl. Airport (T2), Mumbai - MPCB","28-06-2026 02:00:00",19.10078,72.87462,OZONE,NA,NA,NA
India,Maharashtra,Mumbai,"Sion, Mumbai - MPCB","28-06-2026 02:00:00",19.047,72.8746,PM2.5,NA,NA,NA
India,Maharashtra,Mumbai,"Sion, Mumbai - MPCB","28-06-2026 02:00:00",19.047,72.8746,PM10,NA,NA,NA
India,Maharashtra,Mumbai,"Sion, Mumbai - MPCB","28-06-2026 02:00:00",19.047,72.8746,NO2,36,41,38
India,Maharashtra,Mumbai,"Sion, Mumbai - MPCB","28-06-2026 02:00:00",19.047,72.8746,OZONE,NA,NA,NA
India,Maharashtra,Mumbai,"Siddharth Nagar-Worli, Mumbai - IITM","28-06-2026 02:00:00",19.000083,72.813993,NO2,3,6,4
India,Maharashtra,Mumbai,"Siddharth Nagar-Worli, Mumbai - IITM","28-06-2026 02:00:00",19.000083,72.813993,SO2,NA,NA,NA
India,Maharashtra,Mumbai,"Malad West, Mumbai - IITM","28-06-2026 02:00:00",19.19709,72.82204,CO,15,50,31
India,Maharashtra,Thane,"Upvan Fort, Thane - MPCB","28-06-2026 02:00:00",19.222279,72.957979,PM2.5,24,58,39
India,Maharashtra,Thane,"Kasarvadavali, Thane - MPCB","28-06-2026 02:00:00",19.26777,72.97182,NH3,2,4,2
India,Maharashtra,Ulhasnagar,"Vithalwadi, Ulhasnagar - MPCB","28-06-2026 02:00:00",19.2307571,73.155192,SO2,4,14,7
India,Maharashtra,Ulhasnagar,"Sidhi Vinayak Nagar, Ulhasnagar - MPCB","28-06-2026 02:00:00",19.235581,73.159121,PM2.5,35,68,51
India,Maharashtra,Ulhasnagar,"Sidhi Vinayak Nagar, Ulhasnagar - MPCB","28-06-2026 02:00:00",19.235581,73.159121,PM10,46,90,67
India,Maharashtra,Ulhasnagar,"Sidhi Vinayak Nagar, Ulhasnagar - MPCB","28-06-2026 02:00:00",19.235581,73.159121,NO2,15,29,22
India,Meghalaya,Byrnihat,"Tamulikuchi, Byrnihat - Meghalaya PCB","28-06-2026 02:00:00",26.079047,91.875185,NH3,0,1,0
India,Meghalaya,Shillong,"Lumpyngngad, Shillong - Meghalaya PCB","28-06-2026 02:00:00",25.5586,91.8985,PM2.5,NA,NA,NA
India,Meghalaya,Shillong,"Lumpyngngad, Shillong - Meghalaya PCB","28-06-2026 02:00:00",25.5586,91.8985,NH3,0,0,0
India,Maharashtra,Mumbai,"Bandra Kurla Complex, Mumbai - MPCB","28-06-2026 02:00:00",19.065931,72.862131,NH3,8,8,8
India,Maharashtra,Mumbai,"Navy Nagar-Colaba, Mumbai - IITM","28-06-2026 02:00:00",18.897756,72.81332,PM10,21,55,36
India,Maharashtra,Mumbai,"Navy Nagar-Colaba, Mumbai - IITM","28-06-2026 02:00:00",18.897756,72.81332,OZONE,26,30,28
India,Maharashtra,Mumbai,"Mulund West, Mumbai - MPCB","28-06-2026 02:00:00",19.175,72.9419,PM10,NA,NA,NA
India,Maharashtra,Mumbai,"Mulund West, Mumbai - MPCB","28-06-2026 02:00:00",19.175,72.9419,SO2,NA,NA,NA
India,Maharashtra,Mumbai,"Chembur, Mumbai - MPCB","28-06-2026 02:00:00",19.0364585,72.8954371,NH3,4,6,5
India,Maharashtra,Mumbai,"Chembur, Mumbai - MPCB","28-06-2026 02:00:00",19.0364585,72.8954371,SO2,1,44,11
India,Maharashtra,Mumbai,"Byculla, Mumbai - BMC","28-06-2026 02:00:00",18.9767,72.838,OZONE,7,15,10
India,Maharashtra,Pune,"Mhada Colony, Pune - IITM","28-06-2026 02:00:00",18.57304,73.927715,PM2.5,15,58,31
India,Maharashtra,Sangli,"Vijay Nagar, Sangli - MPCB","28-06-2026 02:00:00",16.5038,74.3623,PM2.5,7,17,13
India,Maharashtra,Sangli,"Vijay Nagar, Sangli - MPCB","28-06-2026 02:00:00",16.5038,74.3623,NH3,2,3,2
India,Maharashtra,Satara," Koyana Nagar, Satara - MPCB","28-06-2026 02:00:00",17.696651,74.003387,PM10,5,84,30
India,Maharashtra,Solapur,"Dnyaneshwar Nagar, Solapur - MPCB","28-06-2026 02:00:00",17.6336264,75.9132495,PM2.5,13,37,25
India,Maharashtra,Solapur,"Ratandeep Housing Society, Solapur - MPCB","28-06-2026 02:00:00",17.65439,75.90649,PM2.5,15,62,40
India,Maharashtra,Solapur,"Ratandeep Housing Society, Solapur - MPCB","28-06-2026 02:00:00",17.65439,75.90649,NO2,14,74,30
India,Maharashtra,Nashik,"MIDC Ambad, Nashik - MPCB","28-06-2026 02:00:00",19.95022,73.73148,PM10,40,82,57
India,Maharashtra,Nashik,"MIDC Ambad, Nashik - MPCB","28-06-2026 02:00:00",19.95022,73.73148,NH3,1,4,2
India,Maharashtra,Nashik,"Hirawadi, Nashik - MPCB","28-06-2026 02:00:00",20.021503,73.813844,PM2.5,14,38,24
India,Maharashtra,Nashik,"Hirawadi, Nashik - MPCB","28-06-2026 02:00:00",20.021503,73.813844,NO2,1,3,2
India,Maharashtra,Nashik,"Gangapur Road, Nashik - MPCB","28-06-2026 02:00:00",20.0073285,73.7762427,PM10,23,134,47
India,Maharashtra,Nashik,"Gangapur Road, Nashik - MPCB","28-06-2026 02:00:00",20.0073285,73.7762427,SO2,1,5,3
India,Maharashtra,"Navi Mumbai","Kopripada-Vashi, Navi Mumbai - MPCB","28-06-2026 02:00:00",19.090337,73.014232,PM10,45,69,55
India,Maharashtra,Mumbai,"Ghatkopar, Mumbai - BMC","28-06-2026 02:00:00",19.083694,72.920967,SO2,0,2,1
India,Punjab,Bathinda,"Hardev Nagar, Bathinda - PPCB","28-06-2026 02:00:00",30.233011,74.907758,OZONE,NA,NA,NA
India,Punjab,Jalandhar,"Civil Line, Jalandhar - PPCB","28-06-2026 02:00:00",31.321907,75.578914,PM10,66,110,90
India,Punjab,Jalandhar,"Civil Line, Jalandhar - PPCB","28-06-2026 02:00:00",31.321907,75.578914,SO2,16,17,17
India,Punjab,Jalandhar,"Civil Line, Jalandhar - PPCB","28-06-2026 02:00:00",31.321907,75.578914,CO,37,41,40
India,Punjab,Khanna,"Kalal Majra, Khanna - PPCB","28-06-2026 02:00:00",30.736056,76.209694,CO,51,54,53
India,Punjab,Ludhiana,"Punjab Agricultural University, Ludhiana - PPCB","28-06-2026 02:00:00",30.9028,75.8086,SO2,6,26,15
India,Punjab,"Mandi Gobindgarh","RIMT University, Mandi Gobindgarh - PPCB","28-06-2026 02:00:00",30.649961,76.331442,NO2,25,25,25
India,Punjab,"Mandi Gobindgarh","RIMT University, Mandi Gobindgarh - PPCB","28-06-2026 02:00:00",30.649961,76.331442,OZONE,38,38,38
India,Punjab,Patiala,"Model Town, Patiala - PPCB","28-06-2026 02:00:00",30.349388,76.366642,PM2.5,NA,NA,NA
India,Punjab,Rupnagar,"Ratanpura, Rupnagar - Ambuja Cements","28-06-2026 02:00:00",31.0325454,76.5623046,PM10,29,74,48
India,Punjab,Rupnagar,"Ratanpura, Rupnagar - Ambuja Cements","28-06-2026 02:00:00",31.0325454,76.5623046,CO,46,55,51
India,Rajasthan,Alwar,"Moti Doongri, Alwar - RSPCB","28-06-2026 02:00:00",27.554793,76.611536,PM2.5,44,84,56
India,Rajasthan,Alwar,"Moti Doongri, Alwar - RSPCB","28-06-2026 02:00:00",27.554793,76.611536,PM10,62,99,85
India,Rajasthan,Alwar,"Moti Doongri, Alwar - RSPCB","28-06-2026 02:00:00",27.554793,76.611536,NO2,36,111,72
India,Rajasthan,Alwar,"Moti Doongri, Alwar - RSPCB","28-06-2026 02:00:00",27.554793,76.611536,SO2,29,53,41
India,Rajasthan,Baran,"Bamboliya, Baran - RSPCB","28-06-2026 02:00:00",25.106006,76.469948,NO2,20,29,24
India,Rajasthan,Barmer,"Railway Colony, Barmer - RSPCB","28-06-2026 02:00:00",25.747299,71.393989,NO2,1,15,6
India,Rajasthan,Barmer,"Railway Colony, Barmer - RSPCB","28-06-2026 02:00:00",25.747299,71.393989,OZONE,29,62,43
India,Rajasthan,Bharatpur,"Krishna Nagar, Bharatpur - RSPCB","28-06-2026 02:00:00",27.215415,77.50873,SO2,2,5,3
India,Rajasthan,Bharatpur,"Krishna Nagar, Bharatpur - RSPCB","28-06-2026 02:00:00",27.215415,77.50873,CO,10,48,20
India,Rajasthan,Bhilwara,"Pratap Nagar, Bhilwara - RSPCB","28-06-2026 02:00:00",25.339605,74.618883,PM2.5,12,67,38
India,Rajasthan,Bhilwara,"Pratap Nagar, Bhilwara - RSPCB","28-06-2026 02:00:00",25.339605,74.618883,PM10,54,147,93
India,Rajasthan,Bhilwara,"Pratap Nagar, Bhilwara - RSPCB","28-06-2026 02:00:00",25.339605,74.618883,NO2,8,30,17
India,Rajasthan,Bhilwara,"Pratap Nagar, Bhilwara - RSPCB","28-06-2026 02:00:00",25.339605,74.618883,NH3,4,8,6
India,Rajasthan,Bhiwadi,"RIICO Ind. Area III, Bhiwadi - RSPCB","28-06-2026 02:00:00",28.194909,76.862296,PM10,88,165,121
India,Rajasthan,Bhiwadi,"RIICO Ind. Area III, Bhiwadi - RSPCB","28-06-2026 02:00:00",28.194909,76.862296,SO2,1,20,12
India,Rajasthan,Bhiwadi,"Vasundhara Nagar_UIT, Bhiwadi - RSPCB","28-06-2026 02:00:00",28.207266,76.829265,PM10,26,187,123
India,Rajasthan,Bikaner,"MM Ground, Bikaner - RSPCB","28-06-2026 02:00:00",28.018792,73.292658,NO2,6,61,15
India,Rajasthan,Bundi,"New Colony, Bundi - RSPCB","28-06-2026 02:00:00",25.435774,75.644272,PM10,24,85,52
India,Mizoram,Aizawl,"Sikulpuikawn, Aizawl - Mizoram PCB","28-06-2026 02:00:00",23.7176342,92.7192841,PM10,4,50,26
India,Mizoram,Aizawl,"Sikulpuikawn, Aizawl - Mizoram PCB","28-06-2026 02:00:00",23.7176342,92.7192841,NO2,1,4,1
India,Mizoram,Aizawl,"Sikulpuikawn, Aizawl - Mizoram PCB","28-06-2026 02:00:00",23.7176342,92.7192841,CO,3,3,3
India,Nagaland,Kohima,"PWD Junction, Kohima - NPCB","28-06-2026 02:00:00",25.6635413,94.0989878,NH3,0,1,1
India,Odisha,Angul,"Hakimapada, Angul - OSPCB","28-06-2026 02:00:00",20.832874,85.104082,PM2.5,7,287,52
India,Odisha,Balasore,"Kalidaspur, Balasore - OSPCB","28-06-2026 02:00:00",21.51161,86.89088,OZONE,15,15,15
India,Odisha,Barbil,"Forest Office, Barbil - OSPCB","28-06-2026 02:00:00",22.1166054,85.3945546,NH3,1,1,1
India,Odisha,Barbil,"Forest Office, Barbil - OSPCB","28-06-2026 02:00:00",22.1166054,85.3945546,CO,10,21,15
India,Odisha,Bhubaneswar,"Patia, Bhubaneswar - OSPCB","28-06-2026 02:00:00",20.34652,85.8163,PM10,26,89,59
India,Odisha,Bhubaneswar,"Patia, Bhubaneswar - OSPCB","28-06-2026 02:00:00",20.34652,85.8163,CO,7,19,14
India,Odisha,Bhubaneswar,"Lingraj Mandir, Bhubaneswar - OSPCB","28-06-2026 02:00:00",20.24079,85.836784,PM2.5,27,107,52
India,Rajasthan,Churu,"Subash Chowk, Churu - RSPCB","28-06-2026 02:00:00",28.296139,74.961696,NH3,6,7,6
India,Rajasthan,Churu,"Subash Chowk, Churu - RSPCB","28-06-2026 02:00:00",28.296139,74.961696,CO,22,35,27
India,Rajasthan,Dungarpur,"Bhoiwada, Dungarpur - RSPCB","28-06-2026 02:00:00",23.837789,73.714926,PM2.5,18,47,31
India,Rajasthan,Dungarpur,"Bhoiwada, Dungarpur - RSPCB","28-06-2026 02:00:00",23.837789,73.714926,NO2,0,10,4
India,Rajasthan,Dungarpur,"Bhoiwada, Dungarpur - RSPCB","28-06-2026 02:00:00",23.837789,73.714926,OZONE,20,30,26
India,Rajasthan,Hanumangarh,"Housing Board, Hanumangarh - RSPCB","28-06-2026 02:00:00",29.61075,74.283608,PM2.5,14,63,31
India,Rajasthan,Hanumangarh,"Housing Board, Hanumangarh - RSPCB","28-06-2026 02:00:00",29.61075,74.283608,SO2,1,4,3
India,Rajasthan,Jaipur,"Shastri Nagar, Jaipur - RSPCB","28-06-2026 02:00:00",26.9502929,75.730943,SO2,5,25,12
India,Rajasthan,Jaipur,"Shastri Nagar, Jaipur - RSPCB","28-06-2026 02:00:00",26.9502929,75.730943,OZONE,19,60,36
India,Odisha,Rairangpur,"Divisional Forest Office, Rairangpur - OSPCB","28-06-2026 02:00:00",22.265816,86.174829,OZONE,8,15,12
India,Odisha,Suakati,"OMC Colony, Suakati - OSPCB","28-06-2026 02:00:00",21.606865,85.510538,PM10,32,73,52
India,Odisha,Talcher,"Talcher Coalfields,Talcher - OSPCB","28-06-2026 02:00:00",20.9360711,85.1707021,CO,110,111,111
India,Odisha,Tensa,"Barsua Iron Ore Mines, Tensa - OSPCB","28-06-2026 02:00:00",21.869985,85.167016,NO2,NA,NA,NA
India,Odisha,Tensa,"Barsua Iron Ore Mines, Tensa - OSPCB","28-06-2026 02:00:00",21.869985,85.167016,CO,15,38,20
India,Odisha,Cuttack,"CDA Area, Cuttack - OSPCB","28-06-2026 02:00:00",20.48891,85.84768,NO2,10,52,24
India,Odisha,Cuttack,"CDA Area, Cuttack - OSPCB","28-06-2026 02:00:00",20.48891,85.84768,SO2,6,11,9
India,Odisha,Cuttack,"CDA Area, Cuttack - OSPCB","28-06-2026 02:00:00",20.48891,85.84768,OZONE,24,76,45
India,Odisha,Keonjhar,"Jagamohanpur, Keonjhar - OSPCB","28-06-2026 02:00:00",21.6439,85.599355,PM10,30,37,33
India,Odisha,Keonjhar,"Jagamohanpur, Keonjhar - OSPCB","28-06-2026 02:00:00",21.6439,85.599355,NH3,2,3,2
India,Odisha,Keonjhar,"Jagamohanpur, Keonjhar - OSPCB","28-06-2026 02:00:00",21.6439,85.599355,SO2,5,39,12
India,Odisha,Tensa,"Barsua Iron Ore Mines, Tensa - OSPCB","28-06-2026 02:00:00",21.869985,85.167016,OZONE,0,2,1
India,Puducherry,Puducherry,"Jawahar Nagar, Puducherry - PPCC","28-06-2026 02:00:00",11.9309,79.8027,NO2,4,20,10
India,Odisha,Bileipada,"Tata Township, Bileipada - OSPCB","28-06-2026 02:00:00",22.06156703,85.47409613,NO2,14,15,14
India,Odisha,Byasanagar,"Ferro Chrome Colony, Byasanagar - OSPCB","28-06-2026 02:00:00",20.94185,86.1151,NH3,1,2,1
India,Rajasthan,Chittorgarh,"Shastri Nagar, Chittorgarh - RSPCB","28-06-2026 02:00:00",24.892047,74.623527,NH3,8,12,10
India,Rajasthan,Chittorgarh,"Shastri Nagar, Chittorgarh - RSPCB","28-06-2026 02:00:00",24.892047,74.623527,CO,14,22,19
India,Rajasthan,Chittorgarh,"Shastri Nagar, Chittorgarh - RSPCB","28-06-2026 02:00:00",24.892047,74.623527,OZONE,30,61,46
India,Rajasthan,Pratapgarh,"Pragati Nagar, Pratapgarh - RSPCB","28-06-2026 02:00:00",24.041198,74.780702,NO2,6,19,13
India,Rajasthan,Pratapgarh,"Pragati Nagar, Pratapgarh - RSPCB","28-06-2026 02:00:00",24.041198,74.780702,CO,14,28,21
India,Rajasthan,"Sawai Madhopur","Sahu Nagar, Sawai Madhopur - RSPCB","28-06-2026 02:00:00",26.031443,76.359327,PM10,29,159,83
India,Rajasthan,Sikar,"Radhakishan Pura, Sikar - RSPCB","28-06-2026 02:00:00",27.608912,75.153302,NO2,6,34,14
India,Rajasthan,Sirohi,"Vedhaynath Colony, Sirohi - RSPCB","28-06-2026 02:00:00",24.885261,72.857549,OZONE,13,32,21
India,Rajasthan,"Sri Ganganagar","Old City, Sri Ganganagar - RSPCB","28-06-2026 02:00:00",29.931624,73.864511,PM2.5,30,130,53
India,Rajasthan,"Sri Ganganagar","Old City, Sri Ganganagar - RSPCB","28-06-2026 02:00:00",29.931624,73.864511,PM10,62,201,95
India,Rajasthan,"Sri Ganganagar","Old City, Sri Ganganagar - RSPCB","28-06-2026 02:00:00",29.931624,73.864511,SO2,2,8,4
India,Rajasthan,Tonk,"Shastri Nagar, Tonk - RSPCB","28-06-2026 02:00:00",26.159933,75.780517,NO2,4,27,12
India,Rajasthan,Tonk,"Shastri Nagar, Tonk - RSPCB","28-06-2026 02:00:00",26.159933,75.780517,NH3,2,6,5
India,Rajasthan,Tonk,"Shastri Nagar, Tonk - RSPCB","28-06-2026 02:00:00",26.159933,75.780517,OZONE,17,79,52
India,Rajasthan,Udaipur,"Ashok Nagar, Udaipur - RSPCB","28-06-2026 02:00:00",24.5886166,73.6321397,NO2,15,60,30
India,Rajasthan,Udaipur,"Ashok Nagar, Udaipur - RSPCB","28-06-2026 02:00:00",24.5886166,73.6321397,CO,16,51,37
India,Rajasthan,Udaipur,"Ashok Nagar, Udaipur - RSPCB","28-06-2026 02:00:00",24.5886166,73.6321397,OZONE,3,25,14
India,Sikkim,Gangtok,"Zero Point GICI, Gangtok - SSPCB","28-06-2026 02:00:00",27.33853,88.614099,PM10,13,46,31
India,Sikkim,Gangtok,"Zero Point GICI, Gangtok - SSPCB","28-06-2026 02:00:00",27.33853,88.614099,NO2,7,8,8
India,"Tamil Nadu",Chennai,"Kodungaiyur, Chennai - TNPCB","28-06-2026 02:00:00",13.1278,80.2642,SO2,5,7,6
India,"Tamil Nadu",Chennai,"Velachery Res. Area, Chennai - CPCB","28-06-2026 02:00:00",13.0052189,80.2398125,NO2,11,12,11
India,"Tamil Nadu",Chennai,"Arumbakkam, Chennai - TNPCB","28-06-2026 02:00:00",13.0664,80.2112,NH3,3,4,4
India,"Tamil Nadu",Chennai,"Arumbakkam, Chennai - TNPCB","28-06-2026 02:00:00",13.0664,80.2112,CO,NA,NA,NA
India,"Tamil Nadu",Chennai,"Manali Village, Chennai - TNPCB","28-06-2026 02:00:00",13.1662,80.2584,NO2,0,11,6
India,"Tamil Nadu",Chennai,"Manali, Chennai - CPCB","28-06-2026 02:00:00",13.164544,80.26285,PM10,NA,NA,NA
India,"Tamil Nadu",Chennai,"Manali, Chennai - CPCB","28-06-2026 02:00:00",13.164544,80.26285,OZONE,7,9,8
India,"Tamil Nadu",Chennai,"Royapuram, Chennai - TNPCB","28-06-2026 02:00:00",13.1036,80.2909,CO,50,56,53
India,"Tamil Nadu",Cuddalore,"Semmandalam, Cuddalore - TNPCB","28-06-2026 02:00:00",11.7637683,79.7499835,NO2,NA,NA,NA
India,"Tamil Nadu",Gummidipoondi,"Anthoni Pillai Nagar, Gummidipoondi - TNPCB","28-06-2026 02:00:00",13.4127,80.1081,PM2.5,20,305,83
India,Rajasthan,Jaipur,"Sector-2 Murlipura, Jaipur - RSPCB","28-06-2026 02:00:00",26.960669,75.771817,NO2,12,78,31
India,Rajasthan,Jaipur,"Sector-2 Murlipura, Jaipur - RSPCB","28-06-2026 02:00:00",26.960669,75.771817,OZONE,3,45,22
India,Rajasthan,Jaipur,"Police Commissionerate, Jaipur - RSPCB","28-06-2026 02:00:00",26.9164092,75.7994901,PM2.5,60,149,85
India,Rajasthan,Jaipur,"Police Commissionerate, Jaipur - RSPCB","28-06-2026 02:00:00",26.9164092,75.7994901,CO,22,82,52
India,Rajasthan,Jaipur,"Adarsh Nagar, Jaipur - RSPCB","28-06-2026 02:00:00",26.902909,75.836858,PM2.5,28,81,50
India,Rajasthan,Jaipur,"Adarsh Nagar, Jaipur - RSPCB","28-06-2026 02:00:00",26.902909,75.836858,OZONE,22,63,39
India,Rajasthan,Jaipur,"RIICO Sitapura, Jaipur - RSPCB","28-06-2026 02:00:00",26.786682,75.827928,NH3,2,3,2
India,Rajasthan,Jaipur,"RIICO Sitapura, Jaipur - RSPCB","28-06-2026 02:00:00",26.786682,75.827928,OZONE,2,45,13
India,Rajasthan,Jaipur,"Mansarovar Sector-12, Jaipur - RSPCB","28-06-2026 02:00:00",26.843698,75.766894,PM10,51,180,105
India,Rajasthan,Jaipur,"Mansarovar Sector-12, Jaipur - RSPCB","28-06-2026 02:00:00",26.843698,75.766894,NO2,8,69,25
India,Rajasthan,Jaisalmer,"Sadar Bazar, Jaisalmer - RSPCB","28-06-2026 02:00:00",26.912329,70.909168,NH3,5,11,8
India,Rajasthan,Jaisalmer,"Sadar Bazar, Jaisalmer - RSPCB","28-06-2026 02:00:00",26.912329,70.909168,CO,8,21,13
India,Rajasthan,Jaisalmer,"Sadar Bazar, Jaisalmer - RSPCB","28-06-2026 02:00:00",26.912329,70.909168,OZONE,24,52,43
India,Rajasthan,Jalore,"Mudtra Sili, Jalore - RSPCB","28-06-2026 02:00:00",25.344694,72.626208,NH3,4,6,5
India,Rajasthan,Jhalawar,"Rajlaxmi Nagar, Jhalawar - RSPCB","28-06-2026 02:00:00",24.588397,76.172782,NH3,3,10,6
India,Rajasthan,Jhalawar,"Rajlaxmi Nagar, Jhalawar - RSPCB","28-06-2026 02:00:00",24.588397,76.172782,CO,51,57,55
India,Rajasthan,Jodhpur,"Mandor, Jodhpur - RSPCB","28-06-2026 02:00:00",26.358805,73.047444,PM2.5,12,62,24
India,Rajasthan,Jodhpur,"Mandor, Jodhpur - RSPCB","28-06-2026 02:00:00",26.358805,73.047444,OZONE,39,65,52
India,Rajasthan,Jodhpur,"Digari Kalan, Jodhpur - RSPCB","28-06-2026 02:00:00",26.29581,73.082283,NO2,11,19,14
India,Rajasthan,Jodhpur,"Collectorate, Jodhpur - RSPCB","28-06-2026 02:00:00",26.268249,73.0193853,NH3,2,10,7
India,Rajasthan,Jodhpur,"Jhalamand, Jodhpur - RSPCB","28-06-2026 02:00:00",26.215415,73.070156,CO,11,17,14
India,Rajasthan,Karauli,"Satyawati Vihar, Karauli - RSPCB","28-06-2026 02:00:00",26.506177,77.025989,NO2,21,57,36
India,Rajasthan,Khairthal,"New Anaj Mandi, Khairthal - RSPCB","28-06-2026 02:00:00",27.8015617,76.6365217,PM2.5,53,112,70
India,Rajasthan,Kota,"Nayapura, Kota - RSPCB","28-06-2026 02:00:00",25.196024,75.855668,SO2,4,14,7
India,Rajasthan,Kota,"Shrinath Puram, Kota - RSPCB","28-06-2026 02:00:00",25.14389,75.821256,CO,17,40,29
India,Rajasthan,Nagaur,"Karni Colony, Nagaur - RSPCB","28-06-2026 02:00:00",27.213494,73.734444,PM10,21,91,57
India,Rajasthan,Nagaur,"Karni Colony, Nagaur - RSPCB","28-06-2026 02:00:00",27.213494,73.734444,NO2,2,33,8
India,Rajasthan,Pali,"Indira Colony Vistar, Pali - RSPCB","28-06-2026 02:00:00",25.771061,73.340227,PM2.5,10,87,60
India,Rajasthan,Pali,"Indira Colony Vistar, Pali - RSPCB","28-06-2026 02:00:00",25.771061,73.340227,NO2,25,27,26
India,Rajasthan,Pali,"Indira Colony Vistar, Pali - RSPCB","28-06-2026 02:00:00",25.771061,73.340227,OZONE,3,10,5
India,Rajasthan,Kota,"Nayapura, Kota - RSPCB","28-06-2026 02:00:00",25.196024,75.855668,OZONE,30,62,42
India,Rajasthan,Kota,"Dhanmandi, Kota - RSPCB","28-06-2026 02:00:00",25.16409,75.858137,NO2,21,45,31
India,Rajasthan,Kota,"Dhanmandi, Kota - RSPCB","28-06-2026 02:00:00",25.16409,75.858137,NH3,3,4,3
India,Rajasthan,Kota,"Dhanmandi, Kota - RSPCB","28-06-2026 02:00:00",25.16409,75.858137,OZONE,41,58,50
India,Sikkim,Gangtok,"Zero Point GICI, Gangtok - SSPCB","28-06-2026 02:00:00",27.33853,88.614099,SO2,1,1,1
India,Sikkim,Gangtok,"Zero Point GICI, Gangtok - SSPCB","28-06-2026 02:00:00",27.33853,88.614099,OZONE,24,27,25
India,"Tamil Nadu",Chennai,"Kodungaiyur, Chennai - TNPCB","28-06-2026 02:00:00",13.1278,80.2642,PM2.5,24,73,48
India,"Tamil Nadu",Thoothukudi,"Meelavittan, Thoothukudi - TNPCB","28-06-2026 02:00:00",8.816428,78.099039,PM10,35,114,66
India,Telangana,Hyderabad,"New Malakpet, Hyderabad - TSPCB","28-06-2026 02:00:00",17.37206,78.50864,OZONE,15,24,20
India,Telangana,Hyderabad,"Zoo Park, Hyderabad - TSPCB","28-06-2026 02:00:00",17.349694,78.451437,CO,1,11,3
India,Telangana,Hyderabad,"ECIL Kapra, Hyderabad - TSPCB","28-06-2026 02:00:00",17.470431,78.566959,PM10,58,78,63
India,Telangana,Hyderabad,"ECIL Kapra, Hyderabad - TSPCB","28-06-2026 02:00:00",17.470431,78.566959,SO2,0,49,14
India,Telangana,Hyderabad,"ECIL Kapra, Hyderabad - TSPCB","28-06-2026 02:00:00",17.470431,78.566959,OZONE,31,49,35
India,Telangana,Hyderabad,"Nacharam_TSIIC IALA, Hyderabad - TSPCB","28-06-2026 02:00:00",17.429398,78.569354,NH3,4,6,5
India,Telangana,Hyderabad,"Nacharam_TSIIC IALA, Hyderabad - TSPCB","28-06-2026 02:00:00",17.429398,78.569354,CO,41,42,41
India,Telangana,Hyderabad,"ICRISAT Patancheru, Hyderabad - TSPCB","28-06-2026 02:00:00",17.5184,78.278777,PM2.5,20,77,40
India,Telangana,Hyderabad,"ICRISAT Patancheru, Hyderabad - TSPCB","28-06-2026 02:00:00",17.5184,78.278777,NH3,1,2,2
India,Telangana,Hyderabad,"ICRISAT Patancheru, Hyderabad - TSPCB","28-06-2026 02:00:00",17.5184,78.278777,CO,13,26,21
India,Telangana,Hyderabad,"ICRISAT Patancheru, Hyderabad - TSPCB","28-06-2026 02:00:00",17.5184,78.278777,OZONE,13,33,17
India,Telangana,Hyderabad,"Kokapet, Hyderabad - TSPCB","28-06-2026 02:00:00",17.393559,78.339194,PM10,48,76,62
India,Telangana,Hyderabad,"Kokapet, Hyderabad - TSPCB","28-06-2026 02:00:00",17.393559,78.339194,NO2,11,14,13
India,Tripura,Agartala,"Bardowali, Agartala - Tripura SPCB","28-06-2026 02:00:00",23.8175497,91.2726974,NH3,2,6,4
India,Tripura,Agartala,"Bardowali, Agartala - Tripura SPCB","28-06-2026 02:00:00",23.8175497,91.2726974,CO,25,33,30
India,"Uttar Pradesh",Agra,"Shastripuram, Agra - UPPCB","28-06-2026 02:00:00",27.19862,77.92066,NO2,24,25,24
India,"Uttar Pradesh",Agra,"Shastripuram, Agra - UPPCB","28-06-2026 02:00:00",27.19862,77.92066,CO,17,42,29
India,"Uttar Pradesh",Agra,"Shastripuram, Agra - UPPCB","28-06-2026 02:00:00",27.19862,77.92066,OZONE,10,32,24
India,"Uttar Pradesh",Agra,"Manoharpur, Agra - UPPCB","28-06-2026 02:00:00",27.23711,78.01936,PM2.5,89,163,132
India,"Uttar Pradesh",Agra,"Manoharpur, Agra - UPPCB","28-06-2026 02:00:00",27.23711,78.01936,NO2,31,35,31
India,"Uttar Pradesh",Agra,"Manoharpur, Agra - UPPCB","28-06-2026 02:00:00",27.23711,78.01936,SO2,38,49,39
India,"Uttar Pradesh",Agra,"Sanjay Palace, Agra - UPPCB","28-06-2026 02:00:00",27.19865833,78.00598056,NO2,10,15,11
India,"Uttar Pradesh",Agra,"Sanjay Palace, Agra - UPPCB","28-06-2026 02:00:00",27.19865833,78.00598056,NH3,NA,NA,NA
India,"Uttar Pradesh",Agra,"Sanjay Palace, Agra - UPPCB","28-06-2026 02:00:00",27.19865833,78.00598056,CO,27,30,28
India,"Uttar Pradesh",Agra,"Shahjahan Garden, Agra - UPPCB","28-06-2026 02:00:00",27.169338,78.03582,PM2.5,65,202,89
India,"Uttar Pradesh",Agra,"Shahjahan Garden, Agra - UPPCB","28-06-2026 02:00:00",27.169338,78.03582,CO,20,20,20
India,"Uttar Pradesh",Agra,"Sector-3B Avas Vikas Colony, Agra - UPPCB","28-06-2026 02:00:00",27.19412,77.96237,SO2,13,14,14
India,"Uttar Pradesh",Baghpat,"Sardar Patel Inter College, Baghpat - UPPCB","28-06-2026 02:00:00",28.964949,77.278761,NO2,14,62,28
India,"Uttar Pradesh",Baghpat,"Sardar Patel Inter College, Baghpat - UPPCB","28-06-2026 02:00:00",28.964949,77.278761,NH3,2,6,3
India,"Uttar Pradesh",Baghpat,"Sardar Patel Inter College, Baghpat - UPPCB","28-06-2026 02:00:00",28.964949,77.278761,OZONE,30,78,52
India,"Uttar Pradesh",Bareilly,"Rajendra Nagar, Bareilly - UPPCB","28-06-2026 02:00:00",28.38910936,79.42963708,PM10,59,98,74
India,"Uttar Pradesh",Bareilly,"Civil Lines, Bareilly - UPPCB","28-06-2026 02:00:00",28.359581,79.414455,NO2,8,8,8
India,"Uttar Pradesh",Bareilly,"Civil Lines, Bareilly - UPPCB","28-06-2026 02:00:00",28.359581,79.414455,NH3,1,4,2
India,"Uttar Pradesh",Bulandshahr,"Yamunapuram, Bulandshahr - UPPCB","28-06-2026 02:00:00",28.406963,77.849831,PM2.5,44,163,93
India,"Uttar Pradesh",Bulandshahr,"Yamunapuram, Bulandshahr - UPPCB","28-06-2026 02:00:00",28.406963,77.849831,NH3,8,19,12
India,"Uttar Pradesh",Firozabad,"Vibhab Nagar, Firozabad - UPPCB","28-06-2026 02:00:00",27.1594,78.3953,CO,14,18,16
India,"Uttar Pradesh",Modinagar,"SRM University, Modinagar - UPPCB","28-06-2026 02:00:00",28.798171,77.540243,PM10,105,164,138
India,"Uttar Pradesh",Moradabad,"Eco Herbal Park, Moradabad - UPPCB","28-06-2026 02:00:00",28.840739,78.697531,PM2.5,54,243,115
India,"Uttar Pradesh",Moradabad,"Eco Herbal Park, Moradabad - UPPCB","28-06-2026 02:00:00",28.840739,78.697531,SO2,11,17,14
India,"Uttar Pradesh",Moradabad,"Eco Herbal Park, Moradabad - UPPCB","28-06-2026 02:00:00",28.840739,78.697531,OZONE,5,95,41
India,"Uttar Pradesh",Moradabad,"Buddhi Vihar, Moradabad - UPPCB","28-06-2026 02:00:00",28.83526,78.7446,NH3,5,5,5
India,"Uttar Pradesh",Moradabad,"Buddhi Vihar, Moradabad - UPPCB","28-06-2026 02:00:00",28.83526,78.7446,CO,31,45,37
India,"Uttar Pradesh",Moradabad,"Employment Office, Moradabad - UPPCB","28-06-2026 02:00:00",28.88528,78.7388,PM2.5,61,173,85
India,"Uttar Pradesh",Moradabad,"Employment Office, Moradabad - UPPCB","28-06-2026 02:00:00",28.88528,78.7388,CO,22,31,26
India,"Uttar Pradesh",Moradabad,"Kashiram Nagar, Moradabad - UPPCB","28-06-2026 02:00:00",28.849399,78.742362,OZONE,0,1,0
India,"Uttar Pradesh",Moradabad,"Transport Nagar, Moradabad - UPPCB","28-06-2026 02:00:00",28.802625,78.753728,SO2,18,19,18
India,"Uttar Pradesh",Muzaffarnagar,"New Mandi, Muzaffarnagar - UPPCB","28-06-2026 02:00:00",29.4723508,77.7194031,PM2.5,45,323,147
India,"Uttar Pradesh",Noida,"Sector-116, Noida - UPPCB","28-06-2026 02:00:00",28.56923,77.393848,PM10,102,339,183
India,"Uttar Pradesh",Noida,"Sector-116, Noida - UPPCB","28-06-2026 02:00:00",28.56923,77.393848,SO2,11,33,28
India,"Uttar Pradesh",Noida,"Sector-116, Noida - UPPCB","28-06-2026 02:00:00",28.56923,77.393848,CO,46,97,70
India,"Uttar Pradesh",Lucknow,"Kukrail Picnic Spot-1, Lucknow - UPPCB","28-06-2026 02:00:00",26.90723,80.98579,PM10,25,160,79
India,"Uttar Pradesh",Lucknow,"Kukrail Picnic Spot-1, Lucknow - UPPCB","28-06-2026 02:00:00",26.90723,80.98579,SO2,4,6,5
India,"Uttar Pradesh",Lucknow,"Lalbagh, Lucknow - CPCB","28-06-2026 02:00:00",26.8458805,80.9365541,CO,21,104,64
India,"Uttar Pradesh",Lucknow,"Kendriya Vidyalaya, Lucknow - CPCB","28-06-2026 02:00:00",26.906111,80.948222,PM2.5,63,143,100
India,"Uttar Pradesh",Lucknow,"Kendriya Vidyalaya, Lucknow - CPCB","28-06-2026 02:00:00",26.906111,80.948222,SO2,1,11,8
India,"Uttar Pradesh",Mathura,"Pali Dungra, Mathura - UPPCB","28-06-2026 02:00:00",27.410954,77.550619,PM2.5,43,82,64
India,"Uttar Pradesh",Mathura,"Pali Dungra, Mathura - UPPCB","28-06-2026 02:00:00",27.410954,77.550619,NO2,1,11,5
India,"Uttar Pradesh",Mathura,"Pali Dungra, Mathura - UPPCB","28-06-2026 02:00:00",27.410954,77.550619,OZONE,19,60,41
India,"Uttar Pradesh",Meerut,"Pallavpuram Phase 2, Meerut - UPPCB","28-06-2026 02:00:00",29.06351,77.709723,PM10,105,240,174
India,"Uttar Pradesh",Meerut,"Pallavpuram Phase 2, Meerut - UPPCB","28-06-2026 02:00:00",29.06351,77.709723,SO2,2,39,18
India,"Uttar Pradesh",Meerut,"Ganga Nagar, Meerut - UPPCB","28-06-2026 02:00:00",28.999264,77.7590354,PM10,98,264,177
India,"Uttar Pradesh",Meerut,"Jai Bhim Nagar, Meerut - UPPCB","28-06-2026 02:00:00",28.9535882,77.7622941,OZONE,23,84,42
India,"Uttar Pradesh",Meerut,"MIET College, Meerut - UPPCB","28-06-2026 02:00:00",28.972677,77.641018,PM2.5,237,391,324
India,"Uttar Pradesh",Meerut,"MIET College, Meerut - UPPCB","28-06-2026 02:00:00",28.972677,77.641018,NO2,19,57,30
India,"Uttar Pradesh",Firozabad,"Nagla Bhau, Firozabad - UPPCB","28-06-2026 02:00:00",27.168897,78.37696,CO,18,61,29
India,"Uttar Pradesh",Ghaziabad,"Sanjay Nagar, Ghaziabad - UPPCB","28-06-2026 02:00:00",28.685382,77.453839,NO2,13,44,24
India,"Uttar Pradesh",Ghaziabad,"Indirapuram, Ghaziabad - UPPCB","28-06-2026 02:00:00",28.646233,77.358075,PM2.5,33,235,98
India,"Uttar Pradesh",Ghaziabad,"Loni, Ghaziabad - UPPCB","28-06-2026 02:00:00",28.757294,77.278792,PM2.5,56,286,133
India,"Uttar Pradesh",Ghaziabad,"Loni, Ghaziabad - UPPCB","28-06-2026 02:00:00",28.757294,77.278792,PM10,115,445,211
India,"Uttar Pradesh",Ghaziabad,"Loni, Ghaziabad - UPPCB","28-06-2026 02:00:00",28.757294,77.278792,NH3,2,6,4
India,"Uttar Pradesh",Ghaziabad," Ved Vihar-Loni, Ghaziabad - UPPCB","28-06-2026 02:00:00",28.739153,77.273668,PM2.5,81,312,175
India,"Uttar Pradesh",Ghaziabad," Ved Vihar-Loni, Ghaziabad - UPPCB","28-06-2026 02:00:00",28.739153,77.273668,PM10,97,221,145
India,"Uttar Pradesh",Gorakhpur,"Madan Mohan Malaviya University of Technology, Gorakhpur - UPPCB","28-06-2026 02:00:00",26.730136,83.433859,PM10,32,125,80
India,"Uttar Pradesh",Gorakhpur,"Madan Mohan Malaviya University of Technology, Gorakhpur - UPPCB","28-06-2026 02:00:00",26.730136,83.433859,CO,5,5,5
India,"Uttar Pradesh","Greater Noida","Knowledge Park - V, Greater Noida - UPPCB","28-06-2026 02:00:00",28.557054,77.453663,NO2,21,60,34
India,"Uttar Pradesh",Khora,"Prashant Garden, Khora - UPPCB","28-06-2026 02:00:00",28.61119,77.34206,NO2,25,61,37
India,"Uttar Pradesh",Khora,"Prashant Garden, Khora - UPPCB","28-06-2026 02:00:00",28.61119,77.34206,SO2,9,11,9
India,"Uttar Pradesh",Khurja,"Kalindi Kunj, Khurja - UPPCB","28-06-2026 02:00:00",28.2348927,77.8683002,NO2,12,13,12
India,"Uttar Pradesh",Khurja,"Kalindi Kunj, Khurja - UPPCB","28-06-2026 02:00:00",28.2348927,77.8683002,CO,19,31,25
India,"Uttar Pradesh",Lucknow,"Talkatora District Industries Center, Lucknow - CPCB","28-06-2026 02:00:00",26.83399722,80.8917361,PM10,81,147,105
India,"Uttar Pradesh",Lucknow,"Gomti Nagar, Lucknow - UPPCB","28-06-2026 02:00:00",26.86812,81.005119,PM10,5,121,47
India,"Uttar Pradesh","Greater Noida","Knowledge Park - V, Greater Noida - UPPCB","28-06-2026 02:00:00",28.557054,77.453663,OZONE,6,163,62
India,"Uttar Pradesh","Greater Noida","Knowledge Park - III, Greater Noida - UPPCB","28-06-2026 02:00:00",28.47272,77.482,PM10,74,282,173
India,"Uttar Pradesh","Greater Noida","Knowledge Park - III, Greater Noida - UPPCB","28-06-2026 02:00:00",28.47272,77.482,OZONE,7,86,31
India,"Uttar Pradesh",Jhansi,"Shivaji Nagar, Jhansi - UPPCB","28-06-2026 02:00:00",25.4547,78.6039,CO,7,11,9
India,"Uttar Pradesh",Kanpur,"Nehru Nagar, Kanpur - UPPCB","28-06-2026 02:00:00",26.4703136,80.3229863,PM10,17,110,47
India,Telangana,Hyderabad,"Central University, Hyderabad - TSPCB","28-06-2026 02:00:00",17.460103,78.334361,PM10,NA,NA,NA
India,Telangana,Hyderabad,"Central University, Hyderabad - TSPCB","28-06-2026 02:00:00",17.460103,78.334361,SO2,2,13,7
India,Telangana,Hyderabad,"IDA Pashamylaram, Hyderabad - TSPCB","28-06-2026 02:00:00",17.5316895,78.218939,PM10,51,114,87
India,Telangana,Hyderabad,"Zoo Park, Hyderabad - TSPCB","28-06-2026 02:00:00",17.349694,78.451437,NH3,2,2,2
India,Telangana,Hyderabad,"Sanathnagar, Hyderabad - TSPCB","28-06-2026 02:00:00",17.4559458,78.4332152,PM10,NA,NA,NA
India,Telangana,Hyderabad,"Sanathnagar, Hyderabad - TSPCB","28-06-2026 02:00:00",17.4559458,78.4332152,OZONE,16,20,18
India,"Uttar Pradesh",Noida,"Sector - 125, Noida - UPPCB","28-06-2026 02:00:00",28.5447608,77.3231257,NH3,2,9,7
India,"Uttar Pradesh",Noida,"Sector - 125, Noida - UPPCB","28-06-2026 02:00:00",28.5447608,77.3231257,SO2,2,9,7
India,"Uttar Pradesh",Noida,"Sector - 62, Noida - IITM","28-06-2026 02:00:00",28.6245479,77.3577104,PM2.5,46,246,108
India,"Uttar Pradesh",Noida,"Sector-1, Noida - UPPCB","28-06-2026 02:00:00",28.5898,77.3101,CO,31,50,41
India,"Uttar Pradesh",Prayagraj,"Motilal Nehru NIT, Prayagraj - UPPCB","28-06-2026 02:00:00",25.494,81.863,SO2,28,32,29
India,"Uttar Pradesh",Prayagraj,"Nagar Nigam, Prayagraj - UPPCB","28-06-2026 02:00:00",25.44919916,81.82735986,PM10,9,99,37
India,"Uttar Pradesh",Prayagraj,"Nagar Nigam, Prayagraj - UPPCB","28-06-2026 02:00:00",25.44919916,81.82735986,NH3,7,9,9
India,"Uttar Pradesh",Prayagraj,"Jhunsi, Prayagraj - UPPCB","28-06-2026 02:00:00",25.425602,81.917152,PM10,15,61,35
India,"Uttar Pradesh",Raebareli," Indira Nagar, Raebareli - NTPC Unchahar","28-06-2026 02:00:00",26.207781,81.245571,PM10,NA,NA,NA
India,"Uttar Pradesh",Varanasi,"Maldahiya, Varanasi - UPPCB","28-06-2026 02:00:00",25.32393,82.99687,SO2,35,41,38
India,"Uttar Pradesh",Varanasi,"Maldahiya, Varanasi - UPPCB","28-06-2026 02:00:00",25.32393,82.99687,CO,13,33,25
India,"Uttar Pradesh",Varanasi,"Ardhali Bazar, Varanasi - UPPCB","28-06-2026 02:00:00",25.3505986,82.9083074,PM10,28,500,113
India,"Uttar Pradesh",Varanasi,"Ardhali Bazar, Varanasi - UPPCB","28-06-2026 02:00:00",25.3505986,82.9083074,SO2,12,16,14
India,"Uttar Pradesh",Varanasi,"IESD Banaras Hindu University, Varanasi - UPPCB","28-06-2026 02:00:00",25.262326,82.995408,PM10,NA,NA,NA
India,"Uttar Pradesh",Varanasi,"IESD Banaras Hindu University, Varanasi - UPPCB","28-06-2026 02:00:00",25.262326,82.995408,SO2,30,38,33
India,"Uttar Pradesh",Varanasi,"IESD Banaras Hindu University, Varanasi - UPPCB","28-06-2026 02:00:00",25.262326,82.995408,OZONE,4,5,4
India,"Uttar Pradesh",Varanasi,"Bhelupur, Varanasi - UPPCB","28-06-2026 02:00:00",25.301778,82.996789,CO,12,25,20
India,"Uttar Pradesh",Vrindavan,"Omex Eternity, Vrindavan - UPPCB","28-06-2026 02:00:00",27.571409,77.655757,NO2,27,27,27
India,Uttarakhand,Dehradun,"Doon University, Dehradun - UKPCB","28-06-2026 02:00:00",30.269444,78.044167,PM10,25,121,93
India,Uttarakhand,Dehradun,"Doon University, Dehradun - UKPCB","28-06-2026 02:00:00",30.269444,78.044167,NO2,1,9,4
India,Uttarakhand,Kashipur,"Govt. Girls Inter College, Kashipur - UKPCB","28-06-2026 02:00:00",29.2124114,78.9611753,NO2,10,45,18
India,Uttarakhand,Rishikesh,"Shivaji Nagar, Rishikesh - UKPCB","28-06-2026 02:00:00",30.075911,78.2859547,PM10,27,27,27
India,"West Bengal",Asansol,"Evelyn Lodge, Asansol - WBPCB","28-06-2026 02:00:00",23.697936,86.944395,CO,13,34,25
India,"West Bengal",Asansol,"Mahabir Colliery, Asansol - WBPCB","28-06-2026 02:00:00",23.618183,87.105718,NO2,2,2,2
India,"West Bengal",Asansol,"Mahabir Colliery, Asansol - WBPCB","28-06-2026 02:00:00",23.618183,87.105718,SO2,6,7,6
India,"West Bengal",Asansol,"Asansol Court Area, Asansol - WBPCB","28-06-2026 02:00:00",23.685297,86.945968,PM2.5,17,56,34
India,"West Bengal",Asansol,"Asansol Court Area, Asansol - WBPCB","28-06-2026 02:00:00",23.685297,86.945968,NO2,27,34,30
India,"West Bengal",Asansol,"Asansol Court Area, Asansol - WBPCB","28-06-2026 02:00:00",23.685297,86.945968,NH3,1,4,3
India,"West Bengal",Asansol,"Asansol Court Area, Asansol - WBPCB","28-06-2026 02:00:00",23.685297,86.945968,CO,11,36,24
India,"West Bengal",Barrackpore,"SVSPA Campus, Barrackpore - WBPCB","28-06-2026 02:00:00",22.7605581,88.3617589,SO2,9,10,10
India,"West Bengal",Durgapur,"PCBL Residential Complex, Durgapur - WBPCB","28-06-2026 02:00:00",23.508764,87.35444,SO2,10,14,10
India,"West Bengal",Durgapur,"Mahishkapur Road_B-Zone, Durgapur - WBPCB","28-06-2026 02:00:00",23.567923,87.306843,NO2,5,29,11
India,"West Bengal",Durgapur,"Womens College_City Center, Durgapur - WBPCB","28-06-2026 02:00:00",23.549395,87.300496,NO2,35,43,38
India,"West Bengal",Haldia,"Priyambada Housing Estate, Haldia - WBPCB","28-06-2026 02:00:00",22.06047,88.109737,NO2,6,17,8
India,"West Bengal",Howrah,"Dasnagar, Howrah - WBPCB","28-06-2026 02:00:00",22.6025571,88.3105664,PM10,13,67,29
India,"West Bengal",Howrah,"Belur Math, Howrah - WBPCB","28-06-2026 02:00:00",22.629801,88.352017,PM10,27,63,47
India,"West Bengal",Howrah,"Belur Math, Howrah - WBPCB","28-06-2026 02:00:00",22.629801,88.352017,NH3,3,5,4
India,"West Bengal",Howrah,"Belur Math, Howrah - WBPCB","28-06-2026 02:00:00",22.629801,88.352017,OZONE,8,9,8
India,"West Bengal",Howrah,"Padmapukur, Howrah - WBPCB","28-06-2026 02:00:00",22.5687319,88.2797276,NO2,20,42,30
India,"West Bengal",Howrah,"Padmapukur, Howrah - WBPCB","28-06-2026 02:00:00",22.5687319,88.2797276,CO,36,50,44
India,"West Bengal",Howrah,"Padmapukur, Howrah - WBPCB","28-06-2026 02:00:00",22.5687319,88.2797276,OZONE,20,24,22
India,"West Bengal",Howrah,"Ghusuri, Howrah - WBPCB","28-06-2026 02:00:00",22.611968,88.347422,PM10,10,65,42
India,"West Bengal",Kolkata,"Jadavpur, Kolkata - WBPCB","28-06-2026 02:00:00",22.49929,88.36917,SO2,5,6,5
India,"West Bengal",Kolkata,"Fort William, Kolkata - WBPCB","28-06-2026 02:00:00",22.55664,88.342674,PM2.5,11,34,21
India,"West Bengal",Kolkata,"Fort William, Kolkata - WBPCB","28-06-2026 02:00:00",22.55664,88.342674,SO2,5,6,5
India,"West Bengal",Kolkata,"Victoria, Kolkata - WBPCB","28-06-2026 02:00:00",22.5448082,88.3403691,PM2.5,71,82,77
India,"West Bengal",Kolkata,"Rabindra Bharati University, Kolkata - WBPCB","28-06-2026 02:00:00",22.627847,88.380669,PM2.5,10,25,17
India,"West Bengal",Kolkata,"Rabindra Bharati University, Kolkata - WBPCB","28-06-2026 02:00:00",22.627847,88.380669,NH3,5,7,6
India,"West Bengal",Kolkata,"Rabindra Bharati University, Kolkata - WBPCB","28-06-2026 02:00:00",22.627847,88.380669,CO,38,45,42
India,"West Bengal",Kolkata,"Ballygunge, Kolkata - WBPCB","28-06-2026 02:00:00",22.5367507,88.3638022,PM2.5,14,35,21
India,"West Bengal",Kolkata,"Rabindra Sarobar, Kolkata - WBPCB","28-06-2026 02:00:00",22.51106,88.35142,NH3,5,7,6
India,"West Bengal",Siliguri,"Ward-32 Bapupara, Siliguri - WBPCB","28-06-2026 02:00:00",26.6879226,88.4152495,NO2,154,192,176
India,"Andhra Pradesh",Anantapur,"Gulzarpet, Anantapur - APPCB","28-06-2026 02:00:00",14.675886,77.593027,NH3,1,5,3
India,"Andhra Pradesh",Anantapur,"Gulzarpet, Anantapur - APPCB","28-06-2026 02:00:00",14.675886,77.593027,SO2,6,17,12
India,"Andhra Pradesh",Anantapur,"Gulzarpet, Anantapur - APPCB","28-06-2026 02:00:00",14.675886,77.593027,CO,16,37,23
India,"Andhra Pradesh",Chittoor,"Gangineni Cheruvu, Chittoor - APPCB","28-06-2026 02:00:00",13.20488,79.097889,PM2.5,58,146,70
India,"Andhra Pradesh",Chittoor,"Gangineni Cheruvu, Chittoor - APPCB","28-06-2026 02:00:00",13.20488,79.097889,NO2,23,26,24
India,"Andhra Pradesh",Chittoor,"Gangineni Cheruvu, Chittoor - APPCB","28-06-2026 02:00:00",13.20488,79.097889,SO2,18,20,19
India,"Andhra Pradesh",Eluru,"District Court, Eluru - APPCB","28-06-2026 02:00:00",16.711754,81.092095,PM2.5,44,55,48
India,"Andhra Pradesh",Eluru,"District Court, Eluru - APPCB","28-06-2026 02:00:00",16.711754,81.092095,NO2,14,42,22
India,"Andhra Pradesh",Guntur,"Rajendra Nagar North, Guntur - APPCB","28-06-2026 02:00:00",16.316553,80.413302,SO2,12,24,16
India,"Andhra Pradesh",Guntur,"Rajendra Nagar North, Guntur - APPCB","28-06-2026 02:00:00",16.316553,80.413302,CO,25,79,42
India,"Andhra Pradesh",Kadapa,"Yerramukkapalli, Kadapa - APPCB","28-06-2026 02:00:00",14.465052,78.824187,NH3,NA,NA,NA
India,"Andhra Pradesh",Machilipatnam,"Srinivas Nagar Colony, Machilipatnam - APPCB","28-06-2026 02:00:00",16.186555,81.13219,NH3,3,5,4
India,"Andhra Pradesh",Machilipatnam,"Srinivas Nagar Colony, Machilipatnam - APPCB","28-06-2026 02:00:00",16.186555,81.13219,CO,20,99,47
India,"Andhra Pradesh",Nellore,"Ambedkar Nagar, Nellore - APPCB ","28-06-2026 02:00:00",14.438164,79.966814,SO2,18,23,20
India,"Andhra Pradesh",Rajamahendravaram,"Anand Kala Kshetram, Rajamahendravaram - APPCB","28-06-2026 02:00:00",16.9872867,81.7363176,PM2.5,22,65,44
India,"Andhra Pradesh",Rajamahendravaram,"Anand Kala Kshetram, Rajamahendravaram - APPCB","28-06-2026 02:00:00",16.9872867,81.7363176,PM10,24,77,55
India,Bihar,Gaya,"Collectorate, Gaya - BSPCB","28-06-2026 02:00:00",24.7955,84.9994,CO,11,12,11
India,Bihar,Gaya,"Collectorate, Gaya - BSPCB","28-06-2026 02:00:00",24.7955,84.9994,OZONE,27,28,28
India,Bihar,Gaya,"SFTI Kusdihra, Gaya - BSPCB","28-06-2026 02:00:00",24.762518,84.982348,PM10,36,61,49
India,Bihar,Gaya,"SFTI Kusdihra, Gaya - BSPCB","28-06-2026 02:00:00",24.762518,84.982348,NH3,4,6,5
India,Bihar,Gaya,"SFTI Kusdihra, Gaya - BSPCB","28-06-2026 02:00:00",24.762518,84.982348,OZONE,22,57,36
India,Bihar,Gaya,"Kareemganj, Gaya - BSPCB","28-06-2026 02:00:00",24.792403,84.992416,PM2.5,32,75,58
India,Bihar,Hajipur,"Industrial Area, Hajipur - BSPCB","28-06-2026 02:00:00",25.697189,85.2459,CO,6,17,13
India,Bihar,Katihar,"Mirchaibari, Katihar - BSPCB","28-06-2026 02:00:00",25.560083,87.553265,PM10,8,35,19
India,Bihar,Kishanganj,"SDM Office_Khagra, Kishanganj - BSPCB","28-06-2026 02:00:00",26.0881305,87.93840336,PM10,NA,NA,NA
India,Bihar,Kishanganj,"SDM Office_Khagra, Kishanganj - BSPCB","28-06-2026 02:00:00",26.0881305,87.93840336,NO2,7,8,7
India,Bihar,Manguraha,"Forest Rest House, Manguraha - BSPCB","28-06-2026 02:00:00",27.308328,84.531742,NO2,3,7,5
India,Bihar,Manguraha,"Forest Rest House, Manguraha - BSPCB","28-06-2026 02:00:00",27.308328,84.531742,NH3,1,1,1
India,Bihar,Manguraha,"Forest Rest House, Manguraha - BSPCB","28-06-2026 02:00:00",27.308328,84.531742,CO,16,33,30
India,Bihar,Motihari,"Gandak Colony, Motihari - BSPCB","28-06-2026 02:00:00",26.63086,84.90051,SO2,NA,NA,NA
India,Bihar,Munger,"Town Hall, Munger - BSPCB","28-06-2026 02:00:00",25.376776,86.471523,PM2.5,17,88,48
India,Bihar,Munger,"Town Hall, Munger - BSPCB","28-06-2026 02:00:00",25.376776,86.471523,NO2,NA,NA,NA
India,Bihar,Muzaffarpur,"Muzaffarpur Collectorate, Muzaffarpur - BSPCB","28-06-2026 02:00:00",26.1209,85.3647,PM10,NA,NA,NA
India,Bihar,Patna,"DRM Office Danapur, Patna - BSPCB","28-06-2026 02:00:00",25.586562,85.043586,PM2.5,48,57,52
India,Bihar,Patna,"DRM Office Danapur, Patna - BSPCB","28-06-2026 02:00:00",25.586562,85.043586,CO,33,45,40
India,Bihar,Patna,"Rajbansi Nagar, Patna - BSPCB","28-06-2026 02:00:00",25.599486,85.113666,PM2.5,30,57,44
India,Bihar,Patna,"Rajbansi Nagar, Patna - BSPCB","28-06-2026 02:00:00",25.599486,85.113666,CO,26,75,45
India,Bihar,Patna,"Govt. High School Shikarpur, Patna - BSPCB","28-06-2026 02:00:00",25.592539,85.227158,PM2.5,39,86,67
India,Bihar,Patna,"Govt. High School Shikarpur, Patna - BSPCB","28-06-2026 02:00:00",25.592539,85.227158,SO2,7,9,9
India,Bihar,Patna,"Govt. High School Shikarpur, Patna - BSPCB","28-06-2026 02:00:00",25.592539,85.227158,CO,14,21,19
India,Bihar,Patna,"IGSC Planetarium Complex, Patna - BSPCB","28-06-2026 02:00:00",25.610369,85.132568,PM2.5,42,109,76
India,Bihar,Patna,"IGSC Planetarium Complex, Patna - BSPCB","28-06-2026 02:00:00",25.610369,85.132568,NO2,1,2,2
India,Bihar,Patna,"IGSC Planetarium Complex, Patna - BSPCB","28-06-2026 02:00:00",25.610369,85.132568,NH3,NA,NA,NA
India,Bihar,Patna,"IGSC Planetarium Complex, Patna - BSPCB","28-06-2026 02:00:00",25.610369,85.132568,CO,17,28,23
India,Bihar,Bhagalpur,"Mayaganj, Bhagalpur - BSPCB","28-06-2026 02:00:00",25.265194,87.012947,CO,7,32,20
India,Bihar,Bhagalpur,"Mayaganj, Bhagalpur - BSPCB","28-06-2026 02:00:00",25.265194,87.012947,OZONE,11,56,24
India,Bihar,Bhagalpur,"DM Office_Kachari Chowk, Bhagalpur - BSPCB","28-06-2026 02:00:00",25.251013,86.989001,PM10,18,476,87
India,Bihar,Bhagalpur,"DM Office_Kachari Chowk, Bhagalpur - BSPCB","28-06-2026 02:00:00",25.251013,86.989001,OZONE,17,20,18
India,Bihar,"Bihar Sharif","D M Colony, Bihar Sharif - BSPCB","28-06-2026 02:00:00",25.204762,85.51496,PM2.5,28,82,50
India,Bihar,"Bihar Sharif","D M Colony, Bihar Sharif - BSPCB","28-06-2026 02:00:00",25.204762,85.51496,PM10,21,62,38
India,Bihar,"Bihar Sharif","D M Colony, Bihar Sharif - BSPCB","28-06-2026 02:00:00",25.204762,85.51496,SO2,NA,NA,NA
India,Bihar,"Bihar Sharif","D M Colony, Bihar Sharif - BSPCB","28-06-2026 02:00:00",25.204762,85.51496,CO,49,67,58
India,Bihar,Buxar,"Charitra Van, Buxar - BSPCB","28-06-2026 02:00:00",25.56752,83.966379,NO2,9,10,9
India,Bihar,Buxar,"Charitra Van, Buxar - BSPCB","28-06-2026 02:00:00",25.56752,83.966379,NH3,3,3,3
India,Bihar,Buxar,"Charitra Van, Buxar - BSPCB","28-06-2026 02:00:00",25.56752,83.966379,SO2,30,39,35
India,Assam,Guwahati,"Railway Colony, Guwahati - PCBA","28-06-2026 02:00:00",26.181742,91.78063,PM10,68,68,68
India,Assam,Guwahati,"Railway Colony, Guwahati - PCBA","28-06-2026 02:00:00",26.181742,91.78063,CO,NA,NA,NA
India,Assam,Guwahati,"IITG, Guwahati - PCBA","28-06-2026 02:00:00",26.2028636,91.70046436,OZONE,1,14,5
India,Assam,Guwahati,"Pan Bazaar, Guwahati - PCBA","28-06-2026 02:00:00",26.1875,91.744194,NO2,0,0,0
India,Assam,Guwahati,"Pan Bazaar, Guwahati - PCBA","28-06-2026 02:00:00",26.1875,91.744194,NH3,1,1,1
India,Assam,Sivasagar,"Girls College, Sivasagar - PCBA","28-06-2026 02:00:00",26.987634,94.636574,NO2,8,12,10
India,Assam,Sivasagar,"Girls College, Sivasagar - PCBA","28-06-2026 02:00:00",26.987634,94.636574,NH3,5,9,6
India,Assam,Sivasagar,"Girls College, Sivasagar - PCBA","28-06-2026 02:00:00",26.987634,94.636574,SO2,8,11,10
India,Assam,Sivasagar,"Girls College, Sivasagar - PCBA","28-06-2026 02:00:00",26.987634,94.636574,CO,18,23,21
India,Bihar,Araria,"Kharahiya Basti, Araria - BSPCB","28-06-2026 02:00:00",26.146529,87.454184,NO2,8,24,14
India,Bihar,Araria,"Kharahiya Basti, Araria - BSPCB","28-06-2026 02:00:00",26.146529,87.454184,NH3,4,6,4
India,"Andhra Pradesh",Vijayawada,"Kanuru, Vijayawada - APPCB","28-06-2026 02:00:00",16.486692,80.699436,OZONE,40,40,40
India,"Andhra Pradesh",Vijayawada,"HB Colony, Vijayawada - APPCB","28-06-2026 02:00:00",16.536107,80.594233,CO,38,38,38
India,"Andhra Pradesh",Visakhapatnam,"GVM Corporation, Visakhapatnam - APPCB","28-06-2026 02:00:00",17.72,83.3,OZONE,7,27,15
India,"Arunachal Pradesh",Naharlagun,"Naharlagun, Naharlagun - APSPCB","28-06-2026 02:00:00",27.103358,93.679645,CO,9,13,11
India,Assam,Byrnihat,"Central Academy for SFS, Byrnihat - PCBA","28-06-2026 02:00:00",26.071318,91.87488,SO2,4,33,30
India,Assam,Guwahati,"LGBI Airport, Guwahati - PCBA","28-06-2026 02:00:00",26.10887,91.589544,PM2.5,27,80,47
India,Bihar,Araria,"Kharahiya Basti, Araria - BSPCB","28-06-2026 02:00:00",26.146529,87.454184,SO2,36,60,47
India,Bihar,Aurangabad,"Gurdeo Nagar, Aurangabad - BSPCB","28-06-2026 02:00:00",24.75746,84.366208,PM2.5,NA,NA,NA
India,Bihar,Aurangabad,"Gurdeo Nagar, Aurangabad - BSPCB","28-06-2026 02:00:00",24.75746,84.366208,CO,101,103,102
India,Bihar,Begusarai,"Lohiyanagar, Begusarai - BSPCB","28-06-2026 02:00:00",25.42742023,86.13886079,PM10,26,143,68
India,Bihar,Patna,"Samanpura, Patna - BSPCB","28-06-2026 02:00:00",25.596727,85.085624,OZONE,19,31,22
India,Bihar,Patna,"Muradpur, Patna - BSPCB","28-06-2026 02:00:00",25.619651,85.147382,PM10,87,124,108
India,Bihar,Patna,"Muradpur, Patna - BSPCB","28-06-2026 02:00:00",25.619651,85.147382,NO2,3,4,3
India,Bihar,Purnia,"Mariam Nagar, Purnia - BSPCB","28-06-2026 02:00:00",25.366336,87.117468,PM2.5,52,80,64
India,"Andhra Pradesh",Amaravati,"Secretariat, Amaravati - APPCB","28-06-2026 02:00:00",16.5150833,80.5181667,PM2.5,25,46,37
India,"Andhra Pradesh",Amaravati,"Secretariat, Amaravati - APPCB","28-06-2026 02:00:00",16.5150833,80.5181667,NO2,14,51,28
India,"Andhra Pradesh",Amaravati,"Secretariat, Amaravati - APPCB","28-06-2026 02:00:00",16.5150833,80.5181667,NH3,2,4,3
India,"Andhra Pradesh",Tirumala,"Toll Gate, Tirumala - APPCB","28-06-2026 02:00:00",13.67,79.35,NO2,24,64,49
India,"Andhra Pradesh",Vijayawada,"Kanuru, Vijayawada - APPCB","28-06-2026 02:00:00",16.486692,80.699436,PM2.5,65,80,70
India,Bihar,Purnia,"Mariam Nagar, Purnia - BSPCB","28-06-2026 02:00:00",25.366336,87.117468,CO,56,58,57
India,Bihar,Rajgir,"Dangi Tola, Rajgir - BSPCB","28-06-2026 02:00:00",25.0328,85.41948,NO2,13,15,14
India,Bihar,Rajgir,"Dangi Tola, Rajgir - BSPCB","28-06-2026 02:00:00",25.0328,85.41948,NH3,3,3,3
India,Bihar,Rajgir,"Dangi Tola, Rajgir - BSPCB","28-06-2026 02:00:00",25.0328,85.41948,OZONE,9,41,27
India,Bihar,Saharsa,"Police Line, Saharsa - BSPCB","28-06-2026 02:00:00",25.892357,86.590325,PM2.5,15,107,52
India,Bihar,Saharsa,"Police Line, Saharsa - BSPCB","28-06-2026 02:00:00",25.892357,86.590325,SO2,17,19,17
India,Bihar,Samastipur,"DM Office_Kasipur, Samastipur - BSPCB","28-06-2026 02:00:00",25.859655,85.77944,NO2,8,9,8
India,Bihar,Sasaram,"Dada Peer, Sasaram - BSPCB","28-06-2026 02:00:00",24.952822,84.002396,NO2,NA,NA,NA
India,Bihar,Sasaram,"Dada Peer, Sasaram - BSPCB","28-06-2026 02:00:00",24.952822,84.002396,SO2,NA,NA,NA
India,Chandigarh,Chandigarh,"Sector-53, Chandigarh - CPCC","28-06-2026 02:00:00",30.719859,76.738637,PM2.5,12,58,34
India,Chandigarh,Chandigarh,"Sector-53, Chandigarh - CPCC","28-06-2026 02:00:00",30.719859,76.738637,PM10,23,62,43
India,Chandigarh,Chandigarh,"Sector 22, Chandigarh - CPCC","28-06-2026 02:00:00",30.735567,76.775714,NO2,8,18,12
India,Chhattisgarh,Bhilai,"Hathkhoj, Bhilai - CECB","28-06-2026 02:00:00",21.224231,81.40835,PM2.5,16,59,32
India,Chhattisgarh,Bhilai,"Hathkhoj, Bhilai - CECB","28-06-2026 02:00:00",21.224231,81.40835,PM10,45,83,64
India,Chhattisgarh,Bhilai,"Hathkhoj, Bhilai - CECB","28-06-2026 02:00:00",21.224231,81.40835,NO2,11,49,26
India,Chhattisgarh,Bhilai,"Hathkhoj, Bhilai - CECB","28-06-2026 02:00:00",21.224231,81.40835,NH3,4,5,5
India,Chhattisgarh,Bhilai,"Civic Center, Bhilai - Bhilai Steel Plant","28-06-2026 02:00:00",21.185571,81.343175,NH3,1,2,1
India,Chhattisgarh,Bhilai,"32Bungalows, Bhilai - CECB","28-06-2026 02:00:00",21.194815,81.31477,OZONE,16,34,20
India,Chhattisgarh,Bilaspur,"Mangala, Bilaspur - NTPC","28-06-2026 02:00:00",22.08815,82.13737,CO,20,30,25
India,Chhattisgarh,Chhal,"Nawapara SECL Colony, Chhal - CECB","28-06-2026 02:00:00",22.118125,83.140608,PM2.5,25,68,45
India,Chhattisgarh,Chhal,"Nawapara SECL Colony, Chhal - CECB","28-06-2026 02:00:00",22.118125,83.140608,NO2,6,18,11
India,Chhattisgarh,Chhal,"Nawapara SECL Colony, Chhal - CECB","28-06-2026 02:00:00",22.118125,83.140608,OZONE,18,34,28
India,Chhattisgarh,Korba,"Urja Nagar, Korba - CECB","28-06-2026 02:00:00",22.348441,82.549611,PM2.5,14,102,49
India,Chhattisgarh,Raipur,"AIIMS, Raipur - CECB","28-06-2026 02:00:00",21.258815,81.578979,SO2,4,14,6
India,Chhattisgarh,Raipur,"Siltara Phase-II, Raipur - CECB","28-06-2026 02:00:00",21.371751,81.664929,NO2,NA,NA,NA
India,Chhattisgarh,Raipur,"Siltara Phase-II, Raipur - CECB","28-06-2026 02:00:00",21.371751,81.664929,NH3,2,2,2
India,Chhattisgarh,Raipur,"Siltara Phase-II, Raipur - CECB","28-06-2026 02:00:00",21.371751,81.664929,OZONE,3,17,6
India,Chhattisgarh,Raipur,"Krishak Nagar, Raipur - CECB","28-06-2026 02:00:00",21.237755,81.705301,PM10,11,39,22
India,Delhi,Delhi,"Talkatora Garden, Delhi - DPCC","28-06-2026 02:00:00",28.62181,77.1944633,SO2,3,7,5
India,Delhi,Delhi,"Talkatora Garden, Delhi - DPCC","28-06-2026 02:00:00",28.62181,77.1944633,OZONE,8,88,31
India,Delhi,Delhi,"Commonwealth Sports Complex, Delhi - DPCC","28-06-2026 02:00:00",28.615828,77.271992,PM10,79,186,132
India,Delhi,Delhi,"Commonwealth Sports Complex, Delhi - DPCC","28-06-2026 02:00:00",28.615828,77.271992,NO2,NA,NA,NA
India,Delhi,Delhi,"Commonwealth Sports Complex, Delhi - DPCC","28-06-2026 02:00:00",28.615828,77.271992,SO2,3,6,4
India,Delhi,Delhi,"Commonwealth Sports Complex, Delhi - DPCC","28-06-2026 02:00:00",28.615828,77.271992,CO,82,106,98
India,Delhi,Delhi,"Cantonment Area, Delhi - DPCC","28-06-2026 02:00:00",28.594169,77.1251,OZONE,17,38,25
India,Delhi,Delhi,"NSUT Jaffarpur, Delhi - DPCC","28-06-2026 02:00:00",28.594004,76.909423,NO2,5,59,26
India,Delhi,Delhi,"NSUT Jaffarpur, Delhi - DPCC","28-06-2026 02:00:00",28.594004,76.909423,NH3,0,10,3
India,Delhi,Delhi,"NSUT Jaffarpur, Delhi - DPCC","28-06-2026 02:00:00",28.594004,76.909423,OZONE,5,77,31
India,Delhi,Delhi,"Bawana, Delhi - DPCC","28-06-2026 02:00:00",28.7762,77.051074,OZONE,3,9,5
India,Delhi,Delhi,"Major Dhyan Chand National Stadium, Delhi - DPCC","28-06-2026 02:00:00",28.611281,77.237738,SO2,6,15,10
India,Chhattisgarh,Raipur,"Bhatagaon New ISBT, Raipur - CECB","28-06-2026 02:00:00",21.219665,81.630094,OZONE,3,6,5
India,Chhattisgarh,Tumidih,"OP Jindal Industrial Park, Tumidih - CECB","28-06-2026 02:00:00",22.06631475,83.33820077,PM10,42,93,65
India,Delhi,Delhi,"Pusa, Delhi - IITM","28-06-2026 02:00:00",28.63611,77.173332,OZONE,9,269,72
India,Delhi,Delhi,"IGNOU_Maidan Garhi, Delhi - DPCC","28-06-2026 02:00:00",28.493624,77.201159,SO2,3,6,4
India,Delhi,Delhi,"JNU, Delhi - DPCC","28-06-2026 02:00:00",28.540721,77.168544,PM2.5,29,225,81
India,Delhi,Delhi,"JNU, Delhi - DPCC","28-06-2026 02:00:00",28.540721,77.168544,NH3,0,6,2
India,Delhi,Delhi,"Alipur, Delhi - DPCC","28-06-2026 02:00:00",28.815329,77.15301,NH3,10,12,11
India,Delhi,Delhi,"Alipur, Delhi - DPCC","28-06-2026 02:00:00",28.815329,77.15301,CO,27,48,40
India,Delhi,Delhi,"Narela, Delhi - DPCC","28-06-2026 02:00:00",28.822836,77.101981,PM2.5,58,200,117
India,Delhi,Delhi,"Vivek Vihar, Delhi - DPCC","28-06-2026 02:00:00",28.672342,77.31526,NO2,25,78,41
India,Delhi,Delhi,"Jahangirpuri, Delhi - DPCC","28-06-2026 02:00:00",28.73282,77.170633,NO2,23,94,44
India,Delhi,Delhi,"Jahangirpuri, Delhi - DPCC","28-06-2026 02:00:00",28.73282,77.170633,NH3,5,9,8
India,Delhi,Delhi,"IHBAS, Dilshad Garden, Delhi - CPCB","28-06-2026 02:00:00",28.6811736,77.3025234,PM10,88,132,110
India,Delhi,Delhi,"IHBAS, Dilshad Garden, Delhi - CPCB","28-06-2026 02:00:00",28.6811736,77.3025234,OZONE,21,65,36
India,Delhi,Delhi,"Sri Aurobindo Marg, Delhi - DPCC","28-06-2026 02:00:00",28.531346,77.190156,OZONE,5,62,22
India,Delhi,Delhi,"Najafgarh, Delhi - DPCC","28-06-2026 02:00:00",28.570173,76.933762,CO,28,52,38
India,Delhi,Delhi,"Wazirpur, Delhi - DPCC","28-06-2026 02:00:00",28.699793,77.165453,PM10,129,285,187
India,Delhi,Delhi,"Shadipur, Delhi - CPCB","28-06-2026 02:00:00",28.6514781,77.1473105,PM10,75,349,145
India,Delhi,Delhi,"Shadipur, Delhi - CPCB","28-06-2026 02:00:00",28.6514781,77.1473105,OZONE,25,40,32
India,Delhi,Delhi,"Dr. Karni Singh Shooting Range, Delhi - DPCC","28-06-2026 02:00:00",28.498571,77.26484,SO2,3,11,6
India,Delhi,Delhi,"Dr. Karni Singh Shooting Range, Delhi - DPCC","28-06-2026 02:00:00",28.498571,77.26484,OZONE,7,53,26
India,Delhi,Delhi,"Anand Vihar, Delhi - DPCC","28-06-2026 02:00:00",28.647622,77.315809,NO2,29,143,56
India,Delhi,Delhi,"Ashok Vihar, Delhi - DPCC","28-06-2026 02:00:00",28.695381,77.181665,PM2.5,44,145,78
India,Delhi,Delhi,"Ashok Vihar, Delhi - DPCC","28-06-2026 02:00:00",28.695381,77.181665,PM10,102,217,151
India,Delhi,Delhi,"R K Puram, Delhi - DPCC","28-06-2026 02:00:00",28.563262,77.186937,PM2.5,42,250,97
India,Delhi,Delhi,"R K Puram, Delhi - DPCC","28-06-2026 02:00:00",28.563262,77.186937,NO2,11,120,49
India,Delhi,Delhi,"R K Puram, Delhi - DPCC","28-06-2026 02:00:00",28.563262,77.186937,SO2,5,34,22
India,Delhi,Delhi,"R K Puram, Delhi - DPCC","28-06-2026 02:00:00",28.563262,77.186937,OZONE,6,52,20
India,Delhi,Delhi,"Pusa, Delhi - DPCC","28-06-2026 02:00:00",28.639652,77.146275,OZONE,3,28,10
India,Delhi,Delhi,"Patparganj, Delhi - DPCC","28-06-2026 02:00:00",28.623763,77.287209,NO2,8,64,29
India,Delhi,Delhi,"Patparganj, Delhi - DPCC","28-06-2026 02:00:00",28.623763,77.287209,OZONE,11,58,27
India,Delhi,Delhi,"Mandir Marg, Delhi - DPCC","28-06-2026 02:00:00",28.636429,77.201067,NH3,5,6,6
India,Delhi,Delhi,"Mandir Marg, Delhi - DPCC","28-06-2026 02:00:00",28.636429,77.201067,CO,46,90,75
India,Delhi,Delhi,"Okhla Phase-2, Delhi - DPCC","28-06-2026 02:00:00",28.530785,77.271255,PM10,78,304,162
India,Delhi,Delhi,"Okhla Phase-2, Delhi - DPCC","28-06-2026 02:00:00",28.530785,77.271255,CO,27,66,51
India,Delhi,Delhi,"Mundka, Delhi - DPCC","28-06-2026 02:00:00",28.684678,77.076574,NH3,6,10,8
India,Delhi,Delhi,"Punjabi Bagh, Delhi - DPCC","28-06-2026 02:00:00",28.674045,77.131023,PM2.5,47,220,107
India,Delhi,Delhi,"Punjabi Bagh, Delhi - DPCC","28-06-2026 02:00:00",28.674045,77.131023,PM10,107,237,161
India,Delhi,Delhi,"Chandni Chowk, Delhi - IITM","28-06-2026 02:00:00",28.656756,77.227234,PM10,94,195,130
India,Delhi,Delhi,"Chandni Chowk, Delhi - IITM","28-06-2026 02:00:00",28.656756,77.227234,NH3,7,10,8
India,Delhi,Delhi,"Sirifort, Delhi - CPCB","28-06-2026 02:00:00",28.5504249,77.2159377,NH3,10,14,12
India,Delhi,Delhi,"Sonia Vihar, Delhi - DPCC","28-06-2026 02:00:00",28.710508,77.249485,NH3,12,18,16
India,Delhi,Delhi,"Sonia Vihar, Delhi - DPCC","28-06-2026 02:00:00",28.710508,77.249485,SO2,10,23,18
India,Delhi,Delhi,"Nehru Nagar, Delhi - DPCC","28-06-2026 02:00:00",28.56789,77.250515,PM2.5,2,267,65
India,Delhi,Delhi,"Pusa, Delhi - DPCC","28-06-2026 02:00:00",28.639652,77.146275,PM10,101,243,157
India,Delhi,Delhi,"Pusa, Delhi - DPCC","28-06-2026 02:00:00",28.639652,77.146275,NO2,26,94,53
India,Delhi,Delhi,"Pusa, Delhi - DPCC","28-06-2026 02:00:00",28.639652,77.146275,SO2,11,20,15
India,Gujarat,Vapi,"Phase-1 GIDC, Vapi - GPCB","28-06-2026 02:00:00",20.362421,72.918013,OZONE,6,15,9
India,Gujarat,Vatva,"Phase-4 GIDC, Vatva - GPCB","28-06-2026 02:00:00",22.969611,72.6435,PM2.5,74,203,123
India,Gujarat,Vatva,"Phase-4 GIDC, Vatva - GPCB","28-06-2026 02:00:00",22.969611,72.6435,NO2,19,79,49
India,Gujarat,Vatva,"Phase-4 GIDC, Vatva - GPCB","28-06-2026 02:00:00",22.969611,72.6435,SO2,28,41,32
India,Haryana,Ambala,"Patti Mehar, Ambala - HSPCB","28-06-2026 02:00:00",30.379589,76.778328,CO,10,12,11
India,Haryana,Ambala,"Patti Mehar, Ambala - HSPCB","28-06-2026 02:00:00",30.379589,76.778328,OZONE,12,15,13
India,Haryana,Bahadurgarh,"Arya Nagar, Bahadurgarh - HSPCB","28-06-2026 02:00:00",28.6701,76.9254,PM10,68,415,119
India,Haryana,Ballabgarh,"Nathu Colony, Ballabgarh - HSPCB","28-06-2026 02:00:00",28.3419248,77.319699,PM10,69,413,211
India,Haryana,Ballabgarh,"Nathu Colony, Ballabgarh - HSPCB","28-06-2026 02:00:00",28.3419248,77.319699,SO2,3,5,4
India,Haryana,Bhiwani,"H.B. Colony, Bhiwani - HSPCB","28-06-2026 02:00:00",28.806223,76.141105,PM2.5,161,181,169
India,Haryana,Bhiwani,"H.B. Colony, Bhiwani - HSPCB","28-06-2026 02:00:00",28.806223,76.141105,SO2,12,13,13
India,Haryana,Bhiwani,"H.B. Colony, Bhiwani - HSPCB","28-06-2026 02:00:00",28.806223,76.141105,CO,12,26,20
India,Haryana,"Charkhi Dadri","Mini Secretariat, Charkhi Dadri - HSPCB","28-06-2026 02:00:00",28.593883,76.270653,PM10,44,115,75
India,Haryana,"Charkhi Dadri","Mini Secretariat, Charkhi Dadri - HSPCB","28-06-2026 02:00:00",28.593883,76.270653,OZONE,17,35,23
India,Haryana,Dharuhera,"Municipal Corporation Office, Dharuhera -  HSPCB","28-06-2026 02:00:00",28.2068,76.7997,NH3,6,20,11
India,Haryana,Faridabad,"Sector 11, Faridabad - HSPCB","28-06-2026 02:00:00",28.376058,77.315741,NH3,5,10,7
India,Haryana,Faridabad,"New Industrial Town, Faridabad - HSPCB","28-06-2026 02:00:00",28.39072,77.30059,PM10,80,209,110
India,Haryana,Faridabad,"New Industrial Town, Faridabad - HSPCB","28-06-2026 02:00:00",28.39072,77.30059,NH3,11,12,11
India,Haryana,Faridabad,"New Industrial Town, Faridabad - HSPCB","28-06-2026 02:00:00",28.39072,77.30059,CO,27,43,35
India,Delhi,Delhi,"ITO, Delhi - CPCB","28-06-2026 02:00:00",28.628624,77.24106,OZONE,18,58,25
India,Delhi,Delhi,"Burari Crossing, Delhi - IITM","28-06-2026 02:00:00",28.7256504,77.2011573,CO,53,91,70
India,Delhi,Delhi,"Burari Crossing, Delhi - IITM","28-06-2026 02:00:00",28.7256504,77.2011573,OZONE,6,171,71
India,Delhi,Delhi,"IIT Delhi, Delhi - IITM","28-06-2026 02:00:00",28.54246,77.191651,SO2,NA,NA,NA
India,Delhi,Delhi,"IIT Delhi, Delhi - IITM","28-06-2026 02:00:00",28.54246,77.191651,OZONE,16,46,27
India,Delhi,Delhi,"Aya Nagar, Delhi - IITM","28-06-2026 02:00:00",28.4706914,77.1099364,NH3,NA,NA,NA
India,Delhi,Delhi,"Aya Nagar, Delhi - IITM","28-06-2026 02:00:00",28.4706914,77.1099364,OZONE,27,61,40
India,Delhi,Delhi,"North Campus, DU, Delhi - IITM","28-06-2026 02:00:00",28.6573814,77.1585447,SO2,NA,NA,NA
India,Delhi,Delhi,"CRRI Mathura Road, Delhi - IITM","28-06-2026 02:00:00",28.5512005,77.2735737,PM2.5,38,156,90
India,Delhi,Delhi,"CRRI Mathura Road, Delhi - IITM","28-06-2026 02:00:00",28.5512005,77.2735737,NO2,18,33,25
India,Delhi,Delhi,"CRRI Mathura Road, Delhi - IITM","28-06-2026 02:00:00",28.5512005,77.2735737,SO2,NA,NA,NA
India,Gujarat,Rajkot,"Mavdi, Rajkot - Nexteng Enviro ","28-06-2026 02:00:00",22.248853,70.776774,PM10,33,90,58
India,Gujarat,Rajkot,"Mavdi, Rajkot - Nexteng Enviro ","28-06-2026 02:00:00",22.248853,70.776774,CO,80,83,82
India,Gujarat,Rajkot,"Mavdi, Rajkot - Nexteng Enviro ","28-06-2026 02:00:00",22.248853,70.776774,OZONE,6,7,6
India,Gujarat,Surat,"Katargam, Surat - Nexteng Enviro","28-06-2026 02:00:00",21.217779,72.834787,SO2,6,9,7
India,Gujarat,Surat,"Science Center, Surat - SMC","28-06-2026 02:00:00",21.170046,72.795405,PM2.5,18,38,30
India,Gujarat,Surat,"Science Center, Surat - SMC","28-06-2026 02:00:00",21.170046,72.795405,OZONE,NA,NA,NA
India,Gujarat,Vadodara,"Bapunagar, Vadodara - Nexteng Enviro","28-06-2026 02:00:00",22.320153,73.216285,NO2,11,13,12
India,Gujarat,Vapi,"Phase-1 GIDC, Vapi - GPCB","28-06-2026 02:00:00",20.362421,72.918013,PM2.5,45,102,70
India,Gujarat,Vapi,"Phase-1 GIDC, Vapi - GPCB","28-06-2026 02:00:00",20.362421,72.918013,SO2,16,31,19
India,Haryana,Faridabad,"Sector 30, Faridabad - HSPCB","28-06-2026 02:00:00",28.4417,77.3217,PM2.5,65,311,108
India,Haryana,Faridabad,"Sector 30, Faridabad - HSPCB","28-06-2026 02:00:00",28.4417,77.3217,PM10,83,237,118
India,Haryana,Faridabad,"Sector 30, Faridabad - HSPCB","28-06-2026 02:00:00",28.4417,77.3217,NO2,36,38,37
India,Haryana,Faridabad,"Sector 30, Faridabad - HSPCB","28-06-2026 02:00:00",28.4417,77.3217,SO2,4,6,5
India,Haryana,Fatehabad,"Huda Sector, Fatehabad - HSPCB","28-06-2026 02:00:00",29.503664,75.467934,OZONE,21,36,29
India,Haryana,Gurugram,"NISE Gwal Pahari, Gurugram - IITM","28-06-2026 02:00:00",28.422681,77.148944,PM2.5,22,329,95
India,Haryana,Gurugram,"Vikas Sadan, Gurugram - HSPCB","28-06-2026 02:00:00",28.4501238,77.0263051,PM2.5,NA,NA,NA
India,Haryana,Gurugram,"Teri Gram, Gurugram - HSPCB","28-06-2026 02:00:00",28.4275,77.1465,PM10,71,117,90
India,Gujarat,Gandhinagar,"IIPHG Lekawada, Gandhinagar - IITM","28-06-2026 02:00:00",23.243639,72.68994,SO2,3,10,5
India,Gujarat,Gandhinagar,"IIPHG Lekawada, Gandhinagar - IITM","28-06-2026 02:00:00",23.243639,72.68994,OZONE,2,14,7
India,Gujarat,Gandhinagar,"GIFT City, Gandhinagar - IITM","28-06-2026 02:00:00",23.163798,72.677768,OZONE,9,34,20
India,Gujarat,Gandhinagar,"Sector-10, Gandhinagar - GPCB","28-06-2026 02:00:00",23.221714,72.654328,PM2.5,28,94,48
India,Gujarat,Gandhinagar,"Sector-10, Gandhinagar - GPCB","28-06-2026 02:00:00",23.221714,72.654328,PM10,49,104,67
India,Gujarat,Gandhinagar,"Sector-10, Gandhinagar - GPCB","28-06-2026 02:00:00",23.221714,72.654328,NH3,1,2,1
India,Gujarat,Gandhinagar,"Sector-10, Gandhinagar - GPCB","28-06-2026 02:00:00",23.221714,72.654328,CO,24,38,29
India,Gujarat,Nandesari,"GIDC, Nandesari - Nandesari Ind. Association","28-06-2026 02:00:00",22.410802,73.097923,NO2,NA,NA,NA
India,Gujarat,Ahmedabad,"Maninagar, Ahmedabad - GPCB","28-06-2026 02:00:00",23.002657,72.591912,CO,20,60,37
India,Gujarat,Ahmedabad,"Gyaspur, Ahmedabad - IITM","28-06-2026 02:00:00",22.977134,72.553024,NO2,13,33,21
India,Gujarat,Ahmedabad,"Gyaspur, Ahmedabad - IITM","28-06-2026 02:00:00",22.977134,72.553024,OZONE,10,24,15
India,Gujarat,Ahmedabad,"SVPI Airport Hansol, Ahmedabad - IITM","28-06-2026 02:00:00",23.076793,72.627874,OZONE,4,23,11
India,Gujarat,Ahmedabad,"Chandkheda, Ahmedabad - IITM","28-06-2026 02:00:00",23.107969,72.574648,PM2.5,30,88,53
India,Gujarat,Ahmedabad,"Chandkheda, Ahmedabad - IITM","28-06-2026 02:00:00",23.107969,72.574648,OZONE,5,23,11
India,Gujarat,Ankleshwar,"GIDC, Ankleshwar - GPCB","28-06-2026 02:00:00",21.613267,73.010555,PM2.5,35,75,51
India,Delhi,Delhi,"IMD Lodhi Road, Delhi - IITM","28-06-2026 02:00:00",28.5918245,77.2273074,PM10,82,182,138
India,Delhi,Delhi,"IMD Lodhi Road, Delhi - IITM","28-06-2026 02:00:00",28.5918245,77.2273074,NO2,7,41,18
India,Gujarat,Ahmedabad,"SAC ISRO Bopal, Ahmedabad - IITM","28-06-2026 02:00:00",23.041137,72.456691,PM10,43,103,69
India,Gujarat,Ahmedabad,"SAC ISRO Bopal, Ahmedabad - IITM","28-06-2026 02:00:00",23.041137,72.456691,CO,18,28,24
India,Haryana,Gurugram,"Sector-51, Gurugram - HSPCB","28-06-2026 02:00:00",28.4227,77.0667,PM10,91,205,130
India,Haryana,Jind,"Police Lines, Jind - HSPCB","28-06-2026 02:00:00",29.307814,76.337619,SO2,1,137,9
India,Haryana,Kaithal,"Rishi Nagar, Kaithal - HSPCB","28-06-2026 02:00:00",29.8006,76.4155,NH3,3,6,5
India,Haryana,Sirsa,"F-Block, Sirsa - HSPCB","28-06-2026 02:00:00",29.5364,75.0158,OZONE,29,115,71
India,Haryana,"Yamuna Nagar","Gobind Pura, Yamuna Nagar - HSPCB","28-06-2026 02:00:00",30.1480566,77.2893471,PM2.5,57,113,77
India,Haryana,"Yamuna Nagar","Gobind Pura, Yamuna Nagar - HSPCB","28-06-2026 02:00:00",30.1480566,77.2893471,PM10,57,104,80
India,Haryana,"Yamuna Nagar","Gobind Pura, Yamuna Nagar - HSPCB","28-06-2026 02:00:00",30.1480566,77.2893471,NO2,42,68,53
India,Haryana,"Yamuna Nagar","Gobind Pura, Yamuna Nagar - HSPCB","28-06-2026 02:00:00",30.1480566,77.2893471,SO2,9,15,12
India,"Himachal Pradesh",Baddi,"HIMUDA Complex Phase-1, Baddi - HPPCB","28-06-2026 02:00:00",30.943887,76.801991,NH3,4,6,4
India,"Jammu and Kashmir",Pampore,"Khrew, Pampore - JKPCC","28-06-2026 02:00:00",34.031606,75.009712,PM10,19,104,48
India,"Jammu and Kashmir",Pampore,"Khrew, Pampore - JKPCC","28-06-2026 02:00:00",34.031606,75.009712,NH3,NA,NA,NA
India,"Jammu and Kashmir",Pampore,"Khrew, Pampore - JKPCC","28-06-2026 02:00:00",34.031606,75.009712,CO,NA,NA,NA
India,"Jammu and Kashmir",Pampore,"Khrew, Pampore - JKPCC","28-06-2026 02:00:00",34.031606,75.009712,OZONE,NA,NA,NA
India,"Jammu and Kashmir",Srinagar,"Rajbagh, Srinagar - JKPCC","28-06-2026 02:00:00",34.066206,74.81982,PM2.5,15,34,24
India,"Jammu and Kashmir",Srinagar,"Khunmoh, Srinagar - JKPCC","28-06-2026 02:00:00",34.06313,74.96017,PM2.5,4,27,14
India,"Jammu and Kashmir",Srinagar,"Khunmoh, Srinagar - JKPCC","28-06-2026 02:00:00",34.06313,74.96017,NO2,25,25,25
India,Karnataka,Bengaluru,"BTM Layout, Bengaluru - CPCB","28-06-2026 02:00:00",12.9135218,77.5950804,PM10,44,73,57
India,Karnataka,Bengaluru,"BTM Layout, Bengaluru - CPCB","28-06-2026 02:00:00",12.9135218,77.5950804,CO,45,48,47
India,Karnataka,Bengaluru,"Silk Board, Bengaluru - KSPCB","28-06-2026 02:00:00",12.917348,77.622813,OZONE,14,26,20
India,Karnataka,Bengaluru,"Jayanagar 5th Block, Bengaluru - KSPCB","28-06-2026 02:00:00",12.920984,77.584908,NO2,4,14,8
India,Karnataka,Bengaluru,"Hombegowda Nagar, Bengaluru - KSPCB","28-06-2026 02:00:00",12.938539,77.5901,PM10,29,60,46
India,Karnataka,Bengaluru,"Hombegowda Nagar, Bengaluru - KSPCB","28-06-2026 02:00:00",12.938539,77.5901,CO,5,20,11
India,Karnataka,Chamarajanagar,"Urban, Chamarajanagar - KSPCB","28-06-2026 02:00:00",11.55358,76.55521,SO2,4,4,4
India,Karnataka,Chikkaballapur,"Chikkaballapur Rural, Chikkaballapur - KSPCB","28-06-2026 02:00:00",13.428828,77.731418,PM10,21,105,48
India,Karnataka,Chikkaballapur,"Chikkaballapur Rural, Chikkaballapur - KSPCB","28-06-2026 02:00:00",13.428828,77.731418,SO2,12,20,17
India,Karnataka,Chikkaballapur,"Chikkaballapur Rural, Chikkaballapur - KSPCB","28-06-2026 02:00:00",13.428828,77.731418,CO,26,43,37
India,Karnataka,Chikkamagaluru,"Kalyana Nagara, Chikkamagaluru - KSPCB","28-06-2026 02:00:00",13.328028,75.797056,PM2.5,NA,NA,NA
India,Haryana,Mandikhera,"General Hospital, Mandikhera(Nuh) - HSPCB","28-06-2026 02:00:00",27.9002,76.9938,PM2.5,6,43,23
India,Haryana,Mandikhera,"General Hospital, Mandikhera(Nuh) - HSPCB","28-06-2026 02:00:00",27.9002,76.9938,NO2,19,23,22
India,Haryana,Mandikhera,"General Hospital, Mandikhera(Nuh) - HSPCB","28-06-2026 02:00:00",27.9002,76.9938,SO2,25,27,26
India,Haryana,Manesar,"Sector-2 IMT, Manesar - HSPCB","28-06-2026 02:00:00",28.360699,76.93609,PM2.5,78,234,124
India,Haryana,Manesar,"Sector-2 IMT, Manesar - HSPCB","28-06-2026 02:00:00",28.360699,76.93609,CO,11,31,23
India,Haryana,Narnaul,"Shastri Nagar, Narnaul - HSPCB","28-06-2026 02:00:00",28.060249,76.113115,PM2.5,58,145,95
India,Haryana,Narnaul,"Shastri Nagar, Narnaul - HSPCB","28-06-2026 02:00:00",28.060249,76.113115,SO2,5,18,7
India,Haryana,Palwal,"Shyam Nagar, Palwal - HSPCB","28-06-2026 02:00:00",28.1485564,77.3320667,PM2.5,50,408,85
India,Haryana,Panchgaon,"Amity University, Panchgaon - IITM","28-06-2026 02:00:00",28.3153,76.9143,SO2,9,25,14
India,Haryana,Sirsa,"F-Block, Sirsa - HSPCB","28-06-2026 02:00:00",29.5364,75.0158,PM2.5,52,102,80
India,Haryana,Sirsa,"F-Block, Sirsa - HSPCB","28-06-2026 02:00:00",29.5364,75.0158,NO2,17,21,19
India,Karnataka,Dharwad,"Kalabhavan, Dharwad - KSPCB","28-06-2026 02:00:00",15.459706,75.008381,PM2.5,48,80,58
India,Karnataka,Gadag,"Panchal Nagar, Gadag - KSPCB","28-06-2026 02:00:00",15.411456,75.638133,NH3,2,3,2
India,Karnataka,Gadag,"Panchal Nagar, Gadag - KSPCB","28-06-2026 02:00:00",15.411456,75.638133,SO2,5,19,8
India,Karnataka,Gadag,"Panchal Nagar, Gadag - KSPCB","28-06-2026 02:00:00",15.411456,75.638133,OZONE,3,16,7
India,Karnataka,Hubballi,"Lingaraj Nagar, Hubballi - KSPCB","28-06-2026 02:00:00",15.3714823,75.1160168,PM2.5,40,40,40
India,Karnataka,Hubballi,"Lingaraj Nagar, Hubballi - KSPCB","28-06-2026 02:00:00",15.3714823,75.1160168,NH3,2,2,2
India,Karnataka,Hubballi,"Lingaraj Nagar, Hubballi - KSPCB","28-06-2026 02:00:00",15.3714823,75.1160168,CO,12,20,15
India,Karnataka,Kalaburagi,"Mahatma Basaveswar Colony, Kalaburgi - KSPCB","28-06-2026 02:00:00",17.336318,76.847397,NH3,2,3,2
India,Karnataka,Kalaburagi,"Mahatma Basaveswar Colony, Kalaburgi - KSPCB","28-06-2026 02:00:00",17.336318,76.847397,OZONE,13,14,13
India,Karnataka,Karwar,"KHB Colony, Karwar - KSPCB","28-06-2026 02:00:00",14.816666,74.141003,PM2.5,NA,NA,NA
India,Karnataka,Karwar,"KHB Colony, Karwar - KSPCB","28-06-2026 02:00:00",14.816666,74.141003,NO2,10,55,14
India,Karnataka,Mysuru,"Hebbal 1st Stage, Mysuru - KSPCB","28-06-2026 02:00:00",12.21041,76.37376,PM2.5,9,24,19
India,Karnataka,Ramanagara,"Vijay Nagar, Ramanagara - KSPCB","28-06-2026 02:00:00",12.733409,77.298051,NO2,NA,NA,NA
India,Karnataka,Ramanagara,"Vijay Nagar, Ramanagara - KSPCB","28-06-2026 02:00:00",12.733409,77.298051,NH3,NA,NA,NA
India,Karnataka,Ramanagara,"Vijay Nagar, Ramanagara - KSPCB","28-06-2026 02:00:00",12.733409,77.298051,CO,18,38,27
India,Karnataka,Vijayapura,"Ibrahimpur, Vijayapura - KSPCB","28-06-2026 02:00:00",16.802639,75.722694,NH3,3,4,4
India,Karnataka,Vijayapura,"Ibrahimpur, Vijayapura - KSPCB","28-06-2026 02:00:00",16.802639,75.722694,SO2,3,6,3
India,Karnataka,Yadgir,"Collector Office, Yadgir - KSPCB","28-06-2026 02:00:00",16.7602,77.1428,PM10,22,65,35
India,Karnataka,Bengaluru,"Bapuji Nagar, Bengaluru - KSPCB","28-06-2026 02:00:00",12.951913,77.539784,NH3,4,4,4
India,Karnataka,Bengaluru,"Bapuji Nagar, Bengaluru - KSPCB","28-06-2026 02:00:00",12.951913,77.539784,OZONE,10,32,22
India,Karnataka,Bengaluru,"City Railway Station, Bengaluru - KSPCB","28-06-2026 02:00:00",12.9756843,77.5660749,NO2,29,37,33
India,Karnataka,Bengaluru,"City Railway Station, Bengaluru - KSPCB","28-06-2026 02:00:00",12.9756843,77.5660749,OZONE,NA,NA,NA
India,Karnataka,Bengaluru,"Hebbal, Bengaluru - KSPCB","28-06-2026 02:00:00",13.029152,77.585901,PM2.5,2,34,16
India,Karnataka,Bengaluru,"Hebbal, Bengaluru - KSPCB","28-06-2026 02:00:00",13.029152,77.585901,PM10,29,47,39
India,Karnataka,Madikeri,"Stuart Hill, Madikeri - KSPCB","28-06-2026 02:00:00",12.415911,75.73505,CO,11,17,14
India,Karnataka,Madikeri,"Stuart Hill, Madikeri - KSPCB","28-06-2026 02:00:00",12.415911,75.73505,OZONE,2,4,3
India,Karnataka,Mangalore,"Kadri, Mangalore - KSPCB","28-06-2026 02:00:00",12.88925,74.853,SO2,NA,NA,NA
India,Karnataka,Mangalore,"Kadri, Mangalore - KSPCB","28-06-2026 02:00:00",12.88925,74.853,CO,NA,NA,NA
India,Karnataka,Mangalore,"Kadri, Mangalore - KSPCB","28-06-2026 02:00:00",12.88925,74.853,OZONE,37,37,37
India,Haryana,Karnal,"Sector-12, Karnal - HSPCB","28-06-2026 02:00:00",29.6953,77.0027,PM2.5,113,324,170
India,Haryana,Karnal,"Sector-12, Karnal - HSPCB","28-06-2026 02:00:00",29.6953,77.0027,NO2,9,10,9
India,Haryana,Karnal,"Sector-12, Karnal - HSPCB","28-06-2026 02:00:00",29.6953,77.0027,NH3,6,7,6
India,Haryana,Kurukshetra,"Sector-7, Kurukshetra - HSPCB","28-06-2026 02:00:00",29.966942,76.875879,PM2.5,97,160,116
India,"Jammu and Kashmir",Srinagar,"Khunmoh, Srinagar - JKPCC","28-06-2026 02:00:00",34.06313,74.96017,CO,NA,NA,NA
India,Maharashtra,Amravati,"Shivneri Colony, Amravati - MPCB","28-06-2026 02:00:00",20.9402359,77.7895248,PM10,6,58,32
India,Maharashtra,Aurangabad,"Rachnakar Colony, Aurangabad - MPCB","28-06-2026 02:00:00",19.863756,75.321188,PM2.5,30,67,52
India,Maharashtra,Aurangabad,"Rachnakar Colony, Aurangabad - MPCB","28-06-2026 02:00:00",19.863756,75.321188,SO2,7,29,16
India,Maharashtra,Aurangabad,"Rachnakar Colony, Aurangabad - MPCB","28-06-2026 02:00:00",19.863756,75.321188,CO,18,45,24
India,Maharashtra,Aurangabad,"More Chowk Waluj, Aurangabad - MPCB","28-06-2026 02:00:00",19.8389439,75.244448,PM2.5,45,54,50
India,Maharashtra,Aurangabad,"More Chowk Waluj, Aurangabad - MPCB","28-06-2026 02:00:00",19.8389439,75.244448,SO2,27,32,28
India,Maharashtra,Aurangabad,"MIDC Chilkalthana, Aurangabad - MPCB","28-06-2026 02:00:00",19.87562,75.38731,PM2.5,19,176,66
India,Maharashtra,Aurangabad,"MIDC Chilkalthana, Aurangabad - MPCB","28-06-2026 02:00:00",19.87562,75.38731,NO2,6,16,10
India,Maharashtra,Badlapur,"Katrap, Badlapur - MPCB","28-06-2026 02:00:00",19.16485,73.23409,PM2.5,41,141,56
India,Maharashtra,Badlapur,"Katrap, Badlapur - MPCB","28-06-2026 02:00:00",19.16485,73.23409,NO2,21,42,30
India,Maharashtra,Badlapur,"Katrap, Badlapur - MPCB","28-06-2026 02:00:00",19.16485,73.23409,NH3,3,7,5
India,Maharashtra,Badlapur,"Katrap, Badlapur - MPCB","28-06-2026 02:00:00",19.16485,73.23409,SO2,2,10,6
India,Maharashtra,Badlapur,"Katrap, Badlapur - MPCB","28-06-2026 02:00:00",19.16485,73.23409,CO,26,31,28
India,Maharashtra,Beed,"Bir, Beed - MPCB","28-06-2026 02:00:00",18.988474,75.753873,PM10,16,188,92
India,Karnataka,Yadgir,"Collector Office, Yadgir - KSPCB","28-06-2026 02:00:00",16.7602,77.1428,SO2,12,16,14
India,Karnataka,Yadgir,"Collector Office, Yadgir - KSPCB","28-06-2026 02:00:00",16.7602,77.1428,OZONE,14,27,21
India,Kerala,Kannur,"Thavakkara, Kannur - Kerala PCB","28-06-2026 02:00:00",11.875,75.3732,PM2.5,NA,NA,NA
India,Kerala,Kannur,"Thavakkara, Kannur - Kerala PCB","28-06-2026 02:00:00",11.875,75.3732,SO2,NA,NA,NA
India,Kerala,Kannur,"Thavakkara, Kannur - Kerala PCB","28-06-2026 02:00:00",11.875,75.3732,CO,11,12,12
India,Kerala,Thiruvananthapuram,"Plammoodu, Thiruvananthapuram - Kerala PCB","28-06-2026 02:00:00",8.5149093,76.9435879,PM10,13,50,30
India,Kerala,Thiruvananthapuram,"Plammoodu, Thiruvananthapuram - Kerala PCB","28-06-2026 02:00:00",8.5149093,76.9435879,NO2,NA,NA,NA
India,Kerala,Thiruvananthapuram,"Kariavattom, Thiruvananthapuram - Kerala PCB","28-06-2026 02:00:00",8.5637,76.8865,PM10,33,111,58
India,Kerala,Thiruvananthapuram,"Kariavattom, Thiruvananthapuram - Kerala PCB","28-06-2026 02:00:00",8.5637,76.8865,SO2,4,5,4
India,Kerala,Thrissur,"Corporation Ground, Thrissur - Kerala PCB","28-06-2026 02:00:00",10.5324,76.2159,OZONE,28,29,29
India,"Madhya Pradesh",Bhopal,"Paryavaran Parisar, Bhopal - MPPCB","28-06-2026 02:00:00",23.210494,77.425409,NO2,12,20,15
India,"Madhya Pradesh",Gwalior,"Deen Dayal Nagar, Gwalior - MPPCB","28-06-2026 02:00:00",26.259242,78.216432,SO2,4,26,12
India,"Madhya Pradesh",Gwalior,"Maharaj Bada, Gwalior - MPPCB","28-06-2026 02:00:00",26.200388,78.147714,NO2,23,113,68
India,"Madhya Pradesh",Gwalior,"City Center, Gwalior - MPPCB","28-06-2026 02:00:00",26.203442,78.193251,NH3,2,4,2
India,"Madhya Pradesh",Indore,"Chhoti Gwaltoli, Indore - MPPCB","28-06-2026 02:00:00",22.431,75.5213,NH3,4,8,6
India,"Madhya Pradesh",Indore,"Chhoti Gwaltoli, Indore - MPPCB","28-06-2026 02:00:00",22.431,75.5213,SO2,12,19,14
India,"Madhya Pradesh",Indore,"Chhoti Gwaltoli, Indore - MPPCB","28-06-2026 02:00:00",22.431,75.5213,OZONE,4,27,17
India,"Madhya Pradesh",Indore,"Airport Area, Indore - IMC","28-06-2026 02:00:00",22.7289,75.8076,PM10,9,56,38
India,"Madhya Pradesh",Indore,"Airport Area, Indore - IMC","28-06-2026 02:00:00",22.7289,75.8076,SO2,5,8,7
India,"Madhya Pradesh",Indore,"Airport Area, Indore - IMC","28-06-2026 02:00:00",22.7289,75.8076,CO,42,116,53
India,"Madhya Pradesh",Indore,"Airport Area, Indore - IMC","28-06-2026 02:00:00",22.7289,75.8076,OZONE,4,6,5
India,"Madhya Pradesh",Indore,"Residency Area, Indore - IMC","28-06-2026 02:00:00",22.7084,75.8815,PM2.5,10,47,34
India,"Madhya Pradesh",Indore,"Residency Area, Indore - IMC","28-06-2026 02:00:00",22.7084,75.8815,PM10,10,56,37
India,Maharashtra,Dhule,"Deopur, Dhule - MPCB","28-06-2026 02:00:00",20.918946,74.776388,CO,19,29,26
India,Maharashtra,Dombivli,"Kalu Nagar, Dombivli - MPCB","28-06-2026 02:00:00",19.2268427,73.0788456,SO2,1,13,6
India,Maharashtra,Hingoli,"Ashta Vinayak Nagar, Hingoli - MPCB","28-06-2026 02:00:00",19.710842,77.151824,PM2.5,NA,NA,NA
India,Maharashtra,Hingoli,"Ashta Vinayak Nagar, Hingoli - MPCB","28-06-2026 02:00:00",19.710842,77.151824,PM10,NA,NA,NA
India,Maharashtra,Hingoli,"Ashta Vinayak Nagar, Hingoli - MPCB","28-06-2026 02:00:00",19.710842,77.151824,OZONE,20,46,35
India,Maharashtra,Jalgaon,"Prabhat Colony, Jalgaon - MPCB","28-06-2026 02:00:00",21.001264,75.565602,PM2.5,15,49,30
India,Maharashtra,Jalgaon,"Prabhat Colony, Jalgaon - MPCB","28-06-2026 02:00:00",21.001264,75.565602,PM10,25,66,45
India,Maharashtra,Jalgaon,"Prabhat Colony, Jalgaon - MPCB","28-06-2026 02:00:00",21.001264,75.565602,SO2,2,4,4
India,Maharashtra,Kalyan,"Khadakpada, Kalyan - MPCB","28-06-2026 02:00:00",19.25292,73.142019,PM10,NA,NA,NA
India,Maharashtra,Kalyan,"Khadakpada, Kalyan - MPCB","28-06-2026 02:00:00",19.25292,73.142019,NO2,36,36,36
India,"Madhya Pradesh",Jabalpur,"Govindh Bhavan Colony, Jabalpur - JMC","28-06-2026 02:00:00",23.163174,79.973061,NH3,2,3,3
India,"Madhya Pradesh",Jabalpur,"Govindh Bhavan Colony, Jabalpur - JMC","28-06-2026 02:00:00",23.163174,79.973061,CO,12,19,16
India,"Madhya Pradesh",Jabalpur,"Marhatal, Jabalpur - MPPCB","28-06-2026 02:00:00",23.168606,79.932247,NO2,11,37,23
India,"Madhya Pradesh",Jabalpur,"Marhatal, Jabalpur - MPPCB","28-06-2026 02:00:00",23.168606,79.932247,CO,39,66,54
India,"Madhya Pradesh",Jabalpur,"Suhagi, Jabalpur - JMC","28-06-2026 02:00:00",23.218135,79.95777,PM2.5,2,39,22
India,"Madhya Pradesh",Jabalpur,"Suhagi, Jabalpur - JMC","28-06-2026 02:00:00",23.218135,79.95777,PM10,13,146,33
India,"Madhya Pradesh",Maihar,"Sahilara, Maihar - KJS Cements","28-06-2026 02:00:00",24.2613009,80.7231783,SO2,6,7,6
India,"Madhya Pradesh",Pithampur,"Sector-2 Industrial Area, Pithampur - MPPCB","28-06-2026 02:00:00",22.624758,75.675238,PM2.5,31,93,53
India,"Madhya Pradesh",Ratlam,"Shasthri Nagar, Ratlam - IPCA Lab","28-06-2026 02:00:00",23.331731,75.045981,PM10,22,178,76
India,"Madhya Pradesh",Ratlam,"Shasthri Nagar, Ratlam - IPCA Lab","28-06-2026 02:00:00",23.331731,75.045981,NH3,NA,NA,NA
India,"Madhya Pradesh",Ratlam,"Shasthri Nagar, Ratlam - IPCA Lab","28-06-2026 02:00:00",23.331731,75.045981,CO,NA,NA,NA
India,"Madhya Pradesh",Sagar,"Civil Lines, Sagar - MPPCB","28-06-2026 02:00:00",23.838586,78.759431,SO2,6,9,8
India,"Madhya Pradesh",Satna,"Bandhavgar Colony, Satna - Birla Cement","28-06-2026 02:00:00",24.58434363,80.8549414,SO2,17,18,18
India,"Madhya Pradesh",Satna,"Bandhavgar Colony, Satna - Birla Cement","28-06-2026 02:00:00",24.58434363,80.8549414,CO,13,30,19
India,"Madhya Pradesh",Singrauli,"Suryakiran Bhawan NCL, Singrauli - MPPCB","28-06-2026 02:00:00",24.10897,82.64558,NO2,43,62,52
India,"Madhya Pradesh",Singrauli,"Suryakiran Bhawan NCL, Singrauli - MPPCB","28-06-2026 02:00:00",24.10897,82.64558,OZONE,9,34,20
India,"Madhya Pradesh",Ujjain,"Mahashweta Nagar, Ujjain - MPPCB","28-06-2026 02:00:00",23.1633321,75.800225,SO2,2,6,4
India,"Madhya Pradesh",Ujjain,"Mahashweta Nagar, Ujjain - MPPCB","28-06-2026 02:00:00",23.1633321,75.800225,CO,19,27,23
India,Maharashtra,Akola,"Ramdaspeth, Akola - MPCB","28-06-2026 02:00:00",20.719516,77.000253,PM10,22,69,38
India,Maharashtra,Akola,"Ramdaspeth, Akola - MPCB","28-06-2026 02:00:00",20.719516,77.000253,CO,25,28,27
India,Maharashtra,Ambernath,"Chinchpada, Ambernath - MPCB","28-06-2026 02:00:00",19.215784,73.199781,PM2.5,2,23,11
India,Maharashtra,Ambernath,"Chinchpada, Ambernath - MPCB","28-06-2026 02:00:00",19.215784,73.199781,SO2,0,5,3
India,Maharashtra,Beed,"Bir, Beed - MPCB","28-06-2026 02:00:00",18.988474,75.753873,OZONE,15,26,22
India,Maharashtra,Belapur,"CBD Belapur, Belapur - MPCB","28-06-2026 02:00:00",19.0243902,73.0406721,PM2.5,24,46,33
India,Maharashtra,Belapur,"CBD Belapur, Belapur - MPCB","28-06-2026 02:00:00",19.0243902,73.0406721,NH3,NA,NA,NA
India,Maharashtra,Belapur,"CBD Belapur, Belapur - MPCB","28-06-2026 02:00:00",19.0243902,73.0406721,SO2,1,5,2
India,Maharashtra,Bhiwandi,"Gokul Nagar, Bhiwandi - MPCB","28-06-2026 02:00:00",19.309073,73.057223,NO2,21,35,25
India,Maharashtra,Boisar,"Khaira, Boisar - MPCB","28-06-2026 02:00:00",19.786089,72.757971,NH3,NA,NA,NA
India,Maharashtra,Chandrapur,"MIDC Khutala, Chandrapur - MPCB","28-06-2026 02:00:00",19.9775302,79.2337086,OZONE,11,55,24
India,"Madhya Pradesh",Bhopal,"Paryavaran Parisar, Bhopal - MPPCB","28-06-2026 02:00:00",23.210494,77.425409,SO2,15,23,19
India,"Madhya Pradesh",Bhopal,"T T Nagar, Bhopal - MPPCB","28-06-2026 02:00:00",23.233584,77.400574,PM2.5,12,56,33
India,"Madhya Pradesh",Bhopal,"T T Nagar, Bhopal - MPPCB","28-06-2026 02:00:00",23.233584,77.400574,SO2,14,30,24
India,"Madhya Pradesh",Damoh,"Shrivastav Colony, Damoh - MPPCB","28-06-2026 02:00:00",23.81748678,79.446246,NO2,NA,NA,NA
India,"Madhya Pradesh",Damoh,"Shrivastav Colony, Damoh - MPPCB","28-06-2026 02:00:00",23.81748678,79.446246,OZONE,NA,NA,NA
India,"Madhya Pradesh",Dewas,"Bhopal Chauraha, Dewas - MPPCB","28-06-2026 02:00:00",22.9682591,76.064118,PM2.5,2,90,44
India,Maharashtra,Mumbai,"Worli, Mumbai - MPCB","28-06-2026 02:00:00",18.9936162,72.8128113,SO2,1,8,4
India,Maharashtra,Mumbai,"Worli, Mumbai - MPCB","28-06-2026 02:00:00",18.9936162,72.8128113,CO,30,38,34
India,Maharashtra,Mumbai,"Bandra Kurla Complex, Mumbai - MPCB","28-06-2026 02:00:00",19.065931,72.862131,PM10,33,58,45
India,Maharashtra,Mumbai,"Bandra Kurla Complex, Mumbai - MPCB","28-06-2026 02:00:00",19.065931,72.862131,CO,14,21,18
India,Maharashtra,Mumbai,"Navy Nagar-Colaba, Mumbai - IITM","28-06-2026 02:00:00",18.897756,72.81332,NO2,45,63,50
India,Maharashtra,Mumbai,"Navy Nagar-Colaba, Mumbai - IITM","28-06-2026 02:00:00",18.897756,72.81332,NH3,4,5,4
India,Maharashtra,Mumbai,"Mulund West, Mumbai - MPCB","28-06-2026 02:00:00",19.175,72.9419,CO,10,10,10
India,Maharashtra,Mumbai,"Mulund West, Mumbai - MPCB","28-06-2026 02:00:00",19.175,72.9419,OZONE,NA,NA,NA
India,Maharashtra,Mumbai,"Khindipada-Bhandup West, Mumbai - IITM","28-06-2026 02:00:00",19.1653323,72.922099,PM2.5,5,31,15
India,Maharashtra,Mumbai,"Khindipada-Bhandup West, Mumbai - IITM","28-06-2026 02:00:00",19.1653323,72.922099,NH3,2,3,2
India,Maharashtra,Mumbai,"Chembur, Mumbai - MPCB","28-06-2026 02:00:00",19.0364585,72.8954371,PM10,40,67,59
India,Maharashtra,Mumbai,"Kherwadi_Bandra East, Mumbai - MPCB","28-06-2026 02:00:00",19.0632143,72.8456324,NH3,4,4,4
India,Maharashtra,Mumbai,"Kherwadi_Bandra East, Mumbai - MPCB","28-06-2026 02:00:00",19.0632143,72.8456324,SO2,3,4,3
India,Maharashtra,Mumbai,"Kherwadi_Bandra East, Mumbai - MPCB","28-06-2026 02:00:00",19.0632143,72.8456324,CO,14,17,16
India,Maharashtra,Mumbai,"Byculla, Mumbai - BMC","28-06-2026 02:00:00",18.9767,72.838,NO2,10,35,20
India,Maharashtra,Mumbai,"Mazgaon, Mumbai - IITM","28-06-2026 02:00:00",18.96702,72.84214,OZONE,26,39,32
India,Maharashtra,Mumbai,"Powai, Mumbai - MPCB","28-06-2026 02:00:00",19.1375,72.915056,CO,NA,NA,NA
India,Maharashtra,Mumbai,"Sewri, Mumbai - BMC","28-06-2026 02:00:00",19.000084,72.85673,OZONE,5,10,8
India,Maharashtra,Mumbai,"Chakala-Andheri East, Mumbai - IITM","28-06-2026 02:00:00",19.11074,72.86084,CO,3,11,7
India,Maharashtra,Nagpur,"Ram Nagar, Nagpur - MPCB","28-06-2026 02:00:00",21.143383,79.048912,PM2.5,5,69,38
India,Maharashtra,Nagpur,"Ram Nagar, Nagpur - MPCB","28-06-2026 02:00:00",21.143383,79.048912,CO,11,26,18
India,Maharashtra,Nagpur,"Ram Nagar, Nagpur - MPCB","28-06-2026 02:00:00",21.143383,79.048912,OZONE,7,12,9
India,Maharashtra,Nagpur,"Mahal, Nagpur - MPCB","28-06-2026 02:00:00",21.14472,79.107595,PM10,16,60,41
India,Maharashtra,Nagpur,"Mahal, Nagpur - MPCB","28-06-2026 02:00:00",21.14472,79.107595,OZONE,11,15,13
India,Maharashtra,Nagpur,"Opp GPO Civil Lines, Nagpur - MPCB","28-06-2026 02:00:00",21.152875,79.0517531,NH3,5,5,5
India,Maharashtra,Nagpur,"Ambazari, Nagpur - MPCB","28-06-2026 02:00:00",21.121801,79.04952,OZONE,2,16,7
India,Maharashtra,Nanded,"Sneh Nagar, Nanded - MPCB","28-06-2026 02:00:00",19.173852,77.296291,CO,19,27,23
India,Maharashtra,Nashik,"Pandav Nagari, Nashik - MPCB","28-06-2026 02:00:00",19.9591346,73.7788008,CO,10,19,15
India,Maharashtra,Mumbai,"Borivali East, Mumbai - IITM","28-06-2026 02:00:00",19.23241,72.86895,NH3,2,9,5
India,Maharashtra,Mumbai,"Mindspace-Malad West, Mumbai - MPCB","28-06-2026 02:00:00",19.1878657,72.8304069,PM2.5,11,28,22
India,Maharashtra,Mumbai,"Mindspace-Malad West, Mumbai - MPCB","28-06-2026 02:00:00",19.1878657,72.8304069,PM10,26,55,45
India,Maharashtra,Mumbai,"Mindspace-Malad West, Mumbai - MPCB","28-06-2026 02:00:00",19.1878657,72.8304069,NO2,12,14,13
India,Maharashtra,Mumbai,"Mindspace-Malad West, Mumbai - MPCB","28-06-2026 02:00:00",19.1878657,72.8304069,OZONE,29,42,36
India,Maharashtra,Mumbai,"Bandra Kurla Complex, Mumbai - IITM","28-06-2026 02:00:00",19.053536,72.84643,NO2,1,3,3
India,Maharashtra,Mumbai,"Bandra Kurla Complex, Mumbai - IITM","28-06-2026 02:00:00",19.053536,72.84643,SO2,0,3,1
India,Maharashtra,Mumbai,"Chhatrapati Shivaji Intl. Airport (T2), Mumbai - MPCB","28-06-2026 02:00:00",19.10078,72.87462,PM2.5,NA,NA,NA
India,Maharashtra,Mumbai,"Chhatrapati Shivaji Intl. Airport (T2), Mumbai - MPCB","28-06-2026 02:00:00",19.10078,72.87462,SO2,7,8,7
India,Maharashtra,Mumbai,"Mazgaon, Mumbai - IITM","28-06-2026 02:00:00",18.96702,72.84214,NH3,5,10,7
India,Maharashtra,"Navi Mumbai","Tondare-Taloja, Navi Mumbai - MPCB","28-06-2026 02:00:00",19.063,73.1209,PM10,39,79,55
India,Maharashtra,"Navi Mumbai","Mahape, Navi Mumbai - MPCB","28-06-2026 02:00:00",19.1135051,73.008978,NO2,43,44,43
India,Maharashtra,"Navi Mumbai","Sanpada, Navi Mumbai - MPCB","28-06-2026 02:00:00",19.0575752,73.0151367,NH3,1,4,2
India,Maharashtra,"Navi Mumbai","Sanpada, Navi Mumbai - MPCB","28-06-2026 02:00:00",19.0575752,73.0151367,SO2,1,5,2
India,Maharashtra,Parbhani,"Masoom Colony, Parbhani - MPCB","28-06-2026 02:00:00",19.265594,76.761463,OZONE,6,8,7
India,Maharashtra,Pimpri-Chinchwad,"Park Street Wakad, Pimpri Chinchwad - MPCB","28-06-2026 02:00:00",18.59051,73.77946,PM10,36,109,66
India,Maharashtra,Pimpri-Chinchwad,"Transport Nagar-Nigdi, Pune - IITM","28-06-2026 02:00:00",18.664282,73.763966,PM10,19,57,40
India,Maharashtra,Pimpri-Chinchwad,"Transport Nagar-Nigdi, Pune - IITM","28-06-2026 02:00:00",18.664282,73.763966,NH3,NA,NA,NA
India,Maharashtra,Pimpri-Chinchwad,"Bhosari, Pune - IITM","28-06-2026 02:00:00",18.640051,73.848956,NH3,NA,NA,NA
India,Maharashtra,Pimpri-Chinchwad,"Thergaon, Pimpri Chinchwad - MPCB","28-06-2026 02:00:00",18.616318,73.765797,SO2,1,2,2
India,Maharashtra,Pimpri-Chinchwad,"Savta Mali Nagar, Pimpri-Chinchwad - IITM","28-06-2026 02:00:00",18.614767,73.799516,SO2,NA,NA,NA
India,Maharashtra,Pune,"Revenue Colony-Shivajinagar, Pune - IITM","28-06-2026 02:00:00",18.530085,73.849598,NH3,NA,NA,NA
India,Maharashtra,Pune,"Savitribai Phule Pune University, Pune - MPCB","28-06-2026 02:00:00",18.547056,73.826908,NO2,7,13,10
India,Maharashtra,Pune,"Savitribai Phule Pune University, Pune - MPCB","28-06-2026 02:00:00",18.547056,73.826908,OZONE,3,12,8
India,Maharashtra,Pune,"Katraj Dairy, Pune - MPCB","28-06-2026 02:00:00",18.45445,73.854155,NH3,0,3,2
India,Maharashtra,Kolhapur,"Shivaji University, Kolhapur - MPCB","28-06-2026 02:00:00",16.6870449,74.2505872,CO,9,21,15
India,Maharashtra,Kolhapur,"Shivaji University, Kolhapur - MPCB","28-06-2026 02:00:00",16.6870449,74.2505872,OZONE,16,23,18
India,Maharashtra,Latur,"Sawe Wadi, Latur - MPCB","28-06-2026 02:00:00",18.39963,76.57452,PM10,28,50,37
India,Maharashtra,Latur,"Sawe Wadi, Latur - MPCB","28-06-2026 02:00:00",18.39963,76.57452,CO,3,35,20
India,Maharashtra,Mahad,"Kamble Tarf Birwadi, Mahad - MPCB","28-06-2026 02:00:00",18.1023399,73.4783687,NO2,9,40,20
India,Maharashtra,Mahad,"Kamble Tarf Birwadi, Mahad - MPCB","28-06-2026 02:00:00",18.1023399,73.4783687,NH3,4,6,5
India,Maharashtra,Malegaon,"Mahesh Nagar, Malegaon - MPCB","28-06-2026 02:00:00",20.555712,74.529236,PM2.5,31,92,47
India,Maharashtra,Mira-Bhayandar,"Bhayandar West, Mira-Bhayandar - MPCB","28-06-2026 02:00:00",19.296481,72.840923,PM10,20,51,33
India,Maharashtra,Mumbai,"Ghatkopar, Mumbai - BMC","28-06-2026 02:00:00",19.083694,72.920967,PM10,NA,NA,NA
India,Maharashtra,Mumbai,"Ghatkopar, Mumbai - BMC","28-06-2026 02:00:00",19.083694,72.920967,NO2,20,69,27
India,Maharashtra,Mumbai,"Worli, Mumbai - MPCB","28-06-2026 02:00:00",18.9936162,72.8128113,PM10,20,92,56
India,Maharashtra,Mumbai,"Worli, Mumbai - MPCB","28-06-2026 02:00:00",18.9936162,72.8128113,NO2,10,24,15
India,Maharashtra,Nashik,"MIDC Ambad, Nashik - MPCB","28-06-2026 02:00:00",19.95022,73.73148,PM2.5,8,57,36
India,Maharashtra,Nashik,"Gangapur Road, Nashik - MPCB","28-06-2026 02:00:00",20.0073285,73.7762427,CO,21,22,22
India,Maharashtra,"Navi Mumbai","Nerul, Navi Mumbai - MPCB","28-06-2026 02:00:00",19.008751,73.01662,PM2.5,0,28,8
India,Maharashtra,Malegaon,"Mahesh Nagar, Malegaon - MPCB","28-06-2026 02:00:00",20.555712,74.529236,NO2,12,50,22
India,Maharashtra,Malegaon,"Mahesh Nagar, Malegaon - MPCB","28-06-2026 02:00:00",20.555712,74.529236,CO,6,91,42
India,Punjab,Khanna,"Kalal Majra, Khanna - PPCB","28-06-2026 02:00:00",30.736056,76.209694,PM2.5,43,47,44
India,Punjab,Ludhiana,"Punjab Agricultural University, Ludhiana - PPCB","28-06-2026 02:00:00",30.9028,75.8086,NO2,47,52,49
India,Punjab,"Mandi Gobindgarh","RIMT University, Mandi Gobindgarh - PPCB","28-06-2026 02:00:00",30.649961,76.331442,PM2.5,24,27,27
India,Punjab,"Mandi Gobindgarh","RIMT University, Mandi Gobindgarh - PPCB","28-06-2026 02:00:00",30.649961,76.331442,NH3,5,5,5
India,Punjab,"Mandi Gobindgarh","RIMT University, Mandi Gobindgarh - PPCB","28-06-2026 02:00:00",30.649961,76.331442,CO,NA,NA,NA
India,Punjab,Patiala,"Model Town, Patiala - PPCB","28-06-2026 02:00:00",30.349388,76.366642,PM10,NA,NA,NA
India,Punjab,Patiala,"Model Town, Patiala - PPCB","28-06-2026 02:00:00",30.349388,76.366642,SO2,NA,NA,NA
India,Punjab,Patiala,"Model Town, Patiala - PPCB","28-06-2026 02:00:00",30.349388,76.366642,CO,22,43,35
India,Punjab,Rupnagar,"Ratanpura, Rupnagar - Ambuja Cements","28-06-2026 02:00:00",31.0325454,76.5623046,NH3,NA,NA,NA
India,Rajasthan,Ajmer,"Civil Lines,  Ajmer - RSPCB","28-06-2026 02:00:00",26.470859,74.646594,PM2.5,27,168,68
India,Rajasthan,Ajmer,"Civil Lines,  Ajmer - RSPCB","28-06-2026 02:00:00",26.470859,74.646594,NO2,31,38,35
India,Rajasthan,Ajmer,"Civil Lines,  Ajmer - RSPCB","28-06-2026 02:00:00",26.470859,74.646594,NH3,6,8,7
India,Rajasthan,Ajmer,"Civil Lines,  Ajmer - RSPCB","28-06-2026 02:00:00",26.470859,74.646594,SO2,18,27,23
India,Rajasthan,Ajmer,"Civil Lines,  Ajmer - RSPCB","28-06-2026 02:00:00",26.470859,74.646594,CO,11,48,26
India,Rajasthan,Alwar,"Moti Doongri, Alwar - RSPCB","28-06-2026 02:00:00",27.554793,76.611536,CO,45,70,57
India,Nagaland,Kohima,"PWD Junction, Kohima - NPCB","28-06-2026 02:00:00",25.6635413,94.0989878,CO,4,7,6
India,Odisha,Angul,"Hakimapada, Angul - OSPCB","28-06-2026 02:00:00",20.832874,85.104082,PM10,37,186,102
India,Odisha,Balasore,"Kalidaspur, Balasore - OSPCB","28-06-2026 02:00:00",21.51161,86.89088,CO,17,35,22
India,Odisha,Barbil,"Forest Office, Barbil - OSPCB","28-06-2026 02:00:00",22.1166054,85.3945546,NO2,3,15,8
India,Odisha,Baripada,"Meher Colony, Baripada - OSPCB","28-06-2026 02:00:00",21.941841,86.728318,PM10,47,69,60
India,Odisha,Baripada,"Meher Colony, Baripada - OSPCB","28-06-2026 02:00:00",21.941841,86.728318,NH3,0,2,1
India,Odisha,Bhubaneswar,"Patia, Bhubaneswar - OSPCB","28-06-2026 02:00:00",20.34652,85.8163,PM2.5,10,107,43
India,Odisha,Bhubaneswar,"Patia, Bhubaneswar - OSPCB","28-06-2026 02:00:00",20.34652,85.8163,OZONE,28,44,37
India,Maharashtra,Satara," Koyana Nagar, Satara - MPCB","28-06-2026 02:00:00",17.696651,74.003387,NO2,2,16,8
India,Maharashtra,Satara," Koyana Nagar, Satara - MPCB","28-06-2026 02:00:00",17.696651,74.003387,SO2,0,3,2
India,Maharashtra,Solapur,"Dnyaneshwar Nagar, Solapur - MPCB","28-06-2026 02:00:00",17.6336264,75.9132495,NH3,8,16,11
India,Maharashtra,Solapur,"Ratandeep Housing Society, Solapur - MPCB","28-06-2026 02:00:00",17.65439,75.90649,PM10,39,74,50
India,Maharashtra,Solapur,"Ratandeep Housing Society, Solapur - MPCB","28-06-2026 02:00:00",17.65439,75.90649,OZONE,14,28,18
India,Maharashtra,Thane,"Upvan Fort, Thane - MPCB","28-06-2026 02:00:00",19.222279,72.957979,PM10,49,68,58
India,Maharashtra,Thane,"Upvan Fort, Thane - MPCB","28-06-2026 02:00:00",19.222279,72.957979,SO2,4,10,5
India,Odisha,Rourkela,"Fertilizer Township, Rourkela - OSPCB","28-06-2026 02:00:00",22.18972222,84.86277778,PM2.5,62,91,72
India,Odisha,Rourkela,"Fertilizer Township, Rourkela - OSPCB","28-06-2026 02:00:00",22.18972222,84.86277778,NO2,11,11,11
India,Odisha,Rourkela,"Fertilizer Township, Rourkela - OSPCB","28-06-2026 02:00:00",22.18972222,84.86277778,CO,15,19,17
India,Odisha,Suakati,"OMC Colony, Suakati - OSPCB","28-06-2026 02:00:00",21.606865,85.510538,SO2,5,16,9
India,Odisha,Suakati,"OMC Colony, Suakati - OSPCB","28-06-2026 02:00:00",21.606865,85.510538,OZONE,46,193,77
India,Odisha,Talcher,"Talcher Coalfields,Talcher - OSPCB","28-06-2026 02:00:00",20.9360711,85.1707021,PM2.5,NA,NA,NA
India,Odisha,Talcher,"Talcher Coalfields,Talcher - OSPCB","28-06-2026 02:00:00",20.9360711,85.1707021,NO2,22,37,27
India,Maharashtra,Thane,"Kasarvadavali, Thane - MPCB","28-06-2026 02:00:00",19.26777,72.97182,OZONE,21,77,39
India,Maharashtra,Ulhasnagar,"Sidhi Vinayak Nagar, Ulhasnagar - MPCB","28-06-2026 02:00:00",19.235581,73.159121,CO,18,27,22
India,Meghalaya,Shillong,"Lumpyngngad, Shillong - Meghalaya PCB","28-06-2026 02:00:00",25.5586,91.8985,PM10,NA,NA,NA
India,Meghalaya,Shillong,"Lumpyngngad, Shillong - Meghalaya PCB","28-06-2026 02:00:00",25.5586,91.8985,OZONE,47,55,51
India,Mizoram,Aizawl,"Sikulpuikawn, Aizawl - Mizoram PCB","28-06-2026 02:00:00",23.7176342,92.7192841,PM2.5,NA,NA,NA
India,Puducherry,Puducherry,"Jawahar Nagar, Puducherry - PPCC","28-06-2026 02:00:00",11.9309,79.8027,PM2.5,10,55,23
India,Puducherry,Puducherry,"Jawahar Nagar, Puducherry - PPCC","28-06-2026 02:00:00",11.9309,79.8027,PM10,23,70,40
India,Puducherry,Puducherry,"Jawahar Nagar, Puducherry - PPCC","28-06-2026 02:00:00",11.9309,79.8027,CO,13,19,16
India,Punjab,Amritsar,"Golden Temple, Amritsar - PPCB","28-06-2026 02:00:00",31.62,74.876512,PM2.5,64,119,84
India,Punjab,Bathinda,"Hardev Nagar, Bathinda - PPCB","28-06-2026 02:00:00",30.233011,74.907758,PM10,19,67,44
India,Punjab,Bathinda,"Hardev Nagar, Bathinda - PPCB","28-06-2026 02:00:00",30.233011,74.907758,SO2,12,12,12
India,Maharashtra,Pune,"Hadapsar, Pune - IITM","28-06-2026 02:00:00",18.501793,73.927532,NO2,8,53,31
India,Maharashtra,Pune,"Hadapsar, Pune - IITM","28-06-2026 02:00:00",18.501793,73.927532,SO2,NA,NA,NA
India,Maharashtra,Pune,"Hadapsar, Pune - IITM","28-06-2026 02:00:00",18.501793,73.927532,CO,45,108,74
India,Maharashtra,Pune,"Hadapsar, Pune - IITM","28-06-2026 02:00:00",18.501793,73.927532,OZONE,5,11,7
India,Maharashtra,Pune,"Mhada Colony, Pune - IITM","28-06-2026 02:00:00",18.57304,73.927715,PM10,43,82,60
India,Maharashtra,Pune,"Mhada Colony, Pune - IITM","28-06-2026 02:00:00",18.57304,73.927715,NO2,31,96,45
India,Maharashtra,Pune,"Mhada Colony, Pune - IITM","28-06-2026 02:00:00",18.57304,73.927715,NH3,NA,NA,NA
India,Maharashtra,Pune,"Mhada Colony, Pune - IITM","28-06-2026 02:00:00",18.57304,73.927715,SO2,NA,NA,NA
India,Odisha,Bhubaneswar,"Lingraj Mandir, Bhubaneswar - OSPCB","28-06-2026 02:00:00",20.24079,85.836784,NO2,11,35,19
India,Odisha,Bhubaneswar,"Lingraj Mandir, Bhubaneswar - OSPCB","28-06-2026 02:00:00",20.24079,85.836784,NH3,3,6,4
India,Odisha,Bhubaneswar,"Lingraj Mandir, Bhubaneswar - OSPCB","28-06-2026 02:00:00",20.24079,85.836784,OZONE,21,37,27
India,Odisha,Brajrajnagar,"GM Office, Brajrajnagar - OSPCB","28-06-2026 02:00:00",21.8004996,83.8396977,NH3,4,5,5
India,Odisha,Cuttack,"CDA Area, Cuttack - OSPCB","28-06-2026 02:00:00",20.48891,85.84768,PM10,47,115,72
India,Odisha,Cuttack,"CDA Area, Cuttack - OSPCB","28-06-2026 02:00:00",20.48891,85.84768,NH3,1,2,2
India,Rajasthan,Banswara,"Rati Talai, Banswara - RSPCB","28-06-2026 02:00:00",23.55519,74.44001,NH3,NA,NA,NA
India,Rajasthan,Banswara,"Rati Talai, Banswara - RSPCB","28-06-2026 02:00:00",23.55519,74.44001,OZONE,22,33,27
India,Rajasthan,Baran,"Bamboliya, Baran - RSPCB","28-06-2026 02:00:00",25.106006,76.469948,PM2.5,NA,NA,NA
India,Rajasthan,Bhiwadi,"RIICO Ind. Area III, Bhiwadi - RSPCB","28-06-2026 02:00:00",28.194909,76.862296,PM2.5,70,168,110
India,Rajasthan,Bhiwadi,"RIICO Ind. Area III, Bhiwadi - RSPCB","28-06-2026 02:00:00",28.194909,76.862296,NH3,7,26,14
India,Rajasthan,Bhiwadi,"Vasundhara Nagar_UIT, Bhiwadi - RSPCB","28-06-2026 02:00:00",28.207266,76.829265,PM2.5,12,187,94
India,Rajasthan,Bhiwadi,"Vasundhara Nagar_UIT, Bhiwadi - RSPCB","28-06-2026 02:00:00",28.207266,76.829265,OZONE,19,64,29
India,Rajasthan,Bikaner,"MM Ground, Bikaner - RSPCB","28-06-2026 02:00:00",28.018792,73.292658,CO,33,107,55
India,Rajasthan,Bundi,"New Colony, Bundi - RSPCB","28-06-2026 02:00:00",25.435774,75.644272,NH3,4,8,6
India,Rajasthan,Jaipur,"Mansarovar Sector-12, Jaipur - RSPCB","28-06-2026 02:00:00",26.843698,75.766894,OZONE,13,109,58
India,Rajasthan,Jalore,"Mudtra Sili, Jalore - RSPCB","28-06-2026 02:00:00",25.344694,72.626208,PM2.5,5,58,35
India,Rajasthan,Jhalawar,"Rajlaxmi Nagar, Jhalawar - RSPCB","28-06-2026 02:00:00",24.588397,76.172782,PM2.5,5,52,27
India,Rajasthan,Jhalawar,"Rajlaxmi Nagar, Jhalawar - RSPCB","28-06-2026 02:00:00",24.588397,76.172782,SO2,5,15,10
India,Rajasthan,Jhalawar,"Rajlaxmi Nagar, Jhalawar - RSPCB","28-06-2026 02:00:00",24.588397,76.172782,OZONE,70,88,76
India,Rajasthan,Jhunjhunu,"Indra Nagar, Jhunjhunu - RSPCB","28-06-2026 02:00:00",28.108988,75.386577,PM2.5,8,48,26
India,Rajasthan,Jhunjhunu,"Indra Nagar, Jhunjhunu - RSPCB","28-06-2026 02:00:00",28.108988,75.386577,NH3,8,13,10
India,Rajasthan,Jhunjhunu,"Indra Nagar, Jhunjhunu - RSPCB","28-06-2026 02:00:00",28.108988,75.386577,SO2,3,4,3
India,Rajasthan,Jodhpur,"Mandor, Jodhpur - RSPCB","28-06-2026 02:00:00",26.358805,73.047444,NO2,3,24,10
India,Rajasthan,Jodhpur,"Samrat Ashok Udhyan, Jodhpur - RSPCB","28-06-2026 02:00:00",26.253384,72.976571,NO2,1,17,6
India,Rajasthan,Jodhpur,"Samrat Ashok Udhyan, Jodhpur - RSPCB","28-06-2026 02:00:00",26.253384,72.976571,OZONE,25,65,40
India,Rajasthan,Jodhpur,"Digari Kalan, Jodhpur - RSPCB","28-06-2026 02:00:00",26.29581,73.082283,NH3,3,4,4
India,Rajasthan,Jodhpur,"Collectorate, Jodhpur - RSPCB","28-06-2026 02:00:00",26.268249,73.0193853,CO,16,107,83
India,Rajasthan,Jodhpur,"Jhalamand, Jodhpur - RSPCB","28-06-2026 02:00:00",26.215415,73.070156,PM10,33,179,66
India,Rajasthan,Jodhpur,"Jhalamand, Jodhpur - RSPCB","28-06-2026 02:00:00",26.215415,73.070156,NH3,NA,NA,NA
India,Rajasthan,Karauli,"Satyawati Vihar, Karauli - RSPCB","28-06-2026 02:00:00",26.506177,77.025989,SO2,3,12,8
India,Rajasthan,Karauli,"Satyawati Vihar, Karauli - RSPCB","28-06-2026 02:00:00",26.506177,77.025989,CO,3,24,11
India,Rajasthan,Dungarpur,"Bhoiwada, Dungarpur - RSPCB","28-06-2026 02:00:00",23.837789,73.714926,NH3,10,13,12
India,Rajasthan,Hanumangarh,"Housing Board, Hanumangarh - RSPCB","28-06-2026 02:00:00",29.61075,74.283608,OZONE,15,69,34
India,Rajasthan,Jaipur,"Shastri Nagar, Jaipur - RSPCB","28-06-2026 02:00:00",26.9502929,75.730943,PM2.5,55,152,85
India,Rajasthan,Jaipur,"Shastri Nagar, Jaipur - RSPCB","28-06-2026 02:00:00",26.9502929,75.730943,NO2,26,62,39
India,Rajasthan,Jaipur,"Shastri Nagar, Jaipur - RSPCB","28-06-2026 02:00:00",26.9502929,75.730943,CO,16,118,58
India,Rajasthan,Jaipur,"Sector-2 Murlipura, Jaipur - RSPCB","28-06-2026 02:00:00",26.960669,75.771817,NH3,1,8,4
India,Rajasthan,Jaipur,"RIICO Sitapura, Jaipur - RSPCB","28-06-2026 02:00:00",26.786682,75.827928,NO2,11,104,35
India,Rajasthan,Pratapgarh,"Pragati Nagar, Pratapgarh - RSPCB","28-06-2026 02:00:00",24.041198,74.780702,PM10,8,92,45
India,Rajasthan,Pratapgarh,"Pragati Nagar, Pratapgarh - RSPCB","28-06-2026 02:00:00",24.041198,74.780702,NH3,2,12,4
India,Rajasthan,Rajsamand,"Dhoinda, Rajsamand - RSPCB","28-06-2026 02:00:00",25.03636,73.883502,PM10,36,124,65
India,Rajasthan,Sikar,"Radhakishan Pura, Sikar - RSPCB","28-06-2026 02:00:00",27.608912,75.153302,CO,11,33,21
India,Rajasthan,"Sri Ganganagar","Old City, Sri Ganganagar - RSPCB","28-06-2026 02:00:00",29.931624,73.864511,CO,44,132,86
India,Rajasthan,Churu,"Subash Chowk, Churu - RSPCB","28-06-2026 02:00:00",28.296139,74.961696,NO2,2,16,7
India,Rajasthan,Churu,"Subash Chowk, Churu - RSPCB","28-06-2026 02:00:00",28.296139,74.961696,SO2,2,6,3
India,Rajasthan,Churu,"Subash Chowk, Churu - RSPCB","28-06-2026 02:00:00",28.296139,74.961696,OZONE,35,72,57
India,Rajasthan,Dausa,"Khatikan Mohalla, Dausa - RSPCB","28-06-2026 02:00:00",26.895552,76.334753,SO2,2,5,3
India,Rajasthan,Dholpur,"Raja Ganj, Dholpur - RSPCB","28-06-2026 02:00:00",26.699557,77.898881,NO2,5,17,10
India,Rajasthan,Dholpur,"Raja Ganj, Dholpur - RSPCB","28-06-2026 02:00:00",26.699557,77.898881,CO,10,28,20
India,Rajasthan,Nagaur,"Karni Colony, Nagaur - RSPCB","28-06-2026 02:00:00",27.213494,73.734444,OZONE,34,48,40
India,Rajasthan,Pali,"Indira Colony Vistar, Pali - RSPCB","28-06-2026 02:00:00",25.771061,73.340227,CO,6,22,12
India,Rajasthan,Pratapgarh,"Pragati Nagar, Pratapgarh - RSPCB","28-06-2026 02:00:00",24.041198,74.780702,PM2.5,2,40,23
India,Rajasthan,Kota,"Nayapura, Kota - RSPCB","28-06-2026 02:00:00",25.196024,75.855668,CO,9,55,20
India,Rajasthan,Kota,"Dhanmandi, Kota - RSPCB","28-06-2026 02:00:00",25.16409,75.858137,SO2,8,24,11
India,Rajasthan,Chittorgarh,"Shastri Nagar, Chittorgarh - RSPCB","28-06-2026 02:00:00",24.892047,74.623527,PM2.5,18,73,40
India,"Tamil Nadu",Chennai,"Kodungaiyur, Chennai - TNPCB","28-06-2026 02:00:00",13.1278,80.2642,PM10,25,70,55
India,"Tamil Nadu",Chennai,"Velachery Res. Area, Chennai - CPCB","28-06-2026 02:00:00",13.0052189,80.2398125,PM2.5,43,43,43
India,"Tamil Nadu",Chennai,"Perungudi, Chennai - TNPCB","28-06-2026 02:00:00",12.9533,80.2357,PM2.5,10,83,35
India,"Tamil Nadu",Chennai,"Perungudi, Chennai - TNPCB","28-06-2026 02:00:00",12.9533,80.2357,PM10,16,363,269
India,"Tamil Nadu",Chennai,"Perungudi, Chennai - TNPCB","28-06-2026 02:00:00",12.9533,80.2357,NH3,0,1,0
India,"Tamil Nadu",Chennai,"Arumbakkam, Chennai - TNPCB","28-06-2026 02:00:00",13.0664,80.2112,PM10,63,113,83
India,"Tamil Nadu",Chennai,"Arumbakkam, Chennai - TNPCB","28-06-2026 02:00:00",13.0664,80.2112,NO2,9,23,16
India,"Tamil Nadu",Chennai,"Manali Village, Chennai - TNPCB","28-06-2026 02:00:00",13.1662,80.2584,PM10,27,73,44
India,"Tamil Nadu",Chennai,"Manali, Chennai - CPCB","28-06-2026 02:00:00",13.164544,80.26285,PM2.5,NA,NA,NA
India,"Tamil Nadu",Chennai,"Manali, Chennai - CPCB","28-06-2026 02:00:00",13.164544,80.26285,SO2,4,34,7
India,"Tamil Nadu",Chennai,"Manali, Chennai - CPCB","28-06-2026 02:00:00",13.164544,80.26285,CO,11,81,29
India,"Tamil Nadu",Chennai,"Royapuram, Chennai - TNPCB","28-06-2026 02:00:00",13.1036,80.2909,PM10,47,59,54
India,Tripura,Agartala,"Bardowali, Agartala - Tripura SPCB","28-06-2026 02:00:00",23.8175497,91.2726974,NO2,17,19,18
India,Tripura,Agartala,"Bardowali, Agartala - Tripura SPCB","28-06-2026 02:00:00",23.8175497,91.2726974,SO2,7,9,8
India,"Uttar Pradesh",Agra,"Shastripuram, Agra - UPPCB","28-06-2026 02:00:00",27.19862,77.92066,PM10,NA,NA,NA
India,"Uttar Pradesh",Agra,"Manoharpur, Agra - UPPCB","28-06-2026 02:00:00",27.23711,78.01936,OZONE,6,22,8
India,"Uttar Pradesh",Agra,"Shahjahan Garden, Agra - UPPCB","28-06-2026 02:00:00",27.169338,78.03582,NH3,1,1,1
India,"Uttar Pradesh",Agra,"Shahjahan Garden, Agra - UPPCB","28-06-2026 02:00:00",27.169338,78.03582,SO2,44,52,48
India,"Uttar Pradesh",Agra,"Sector-3B Avas Vikas Colony, Agra - UPPCB","28-06-2026 02:00:00",27.19412,77.96237,CO,9,34,21
India,"Uttar Pradesh",Baghpat,"Sardar Patel Inter College, Baghpat - UPPCB","28-06-2026 02:00:00",28.964949,77.278761,SO2,9,23,15
India,"Uttar Pradesh",Bareilly,"Civil Lines, Bareilly - UPPCB","28-06-2026 02:00:00",28.359581,79.414455,PM10,29,64,49
India,Telangana,Hyderabad,"ECIL Kapra, Hyderabad - TSPCB","28-06-2026 02:00:00",17.470431,78.566959,PM2.5,33,56,43
India,Telangana,Hyderabad,"Nacharam_TSIIC IALA, Hyderabad - TSPCB","28-06-2026 02:00:00",17.429398,78.569354,NO2,11,17,13
India,Telangana,Hyderabad,"Nacharam_TSIIC IALA, Hyderabad - TSPCB","28-06-2026 02:00:00",17.429398,78.569354,SO2,9,14,12
India,Telangana,Hyderabad,"IITH Kandi, Hyderabad - TSPCB","28-06-2026 02:00:00",17.585705,78.126199,NH3,4,7,4
India,Telangana,Hyderabad,"IITH Kandi, Hyderabad - TSPCB","28-06-2026 02:00:00",17.585705,78.126199,SO2,10,16,12
India,Telangana,Hyderabad,"IITH Kandi, Hyderabad - TSPCB","28-06-2026 02:00:00",17.585705,78.126199,CO,21,22,22
India,Telangana,Hyderabad,"Somajiguda, Hyderabad - TSPCB","28-06-2026 02:00:00",17.417094,78.457437,CO,44,89,66
India,Telangana,Hyderabad,"Kokapet, Hyderabad - TSPCB","28-06-2026 02:00:00",17.393559,78.339194,NH3,1,2,2
India,Telangana,Hyderabad,"Kokapet, Hyderabad - TSPCB","28-06-2026 02:00:00",17.393559,78.339194,CO,19,37,32
India,Tripura,Agartala,"Bardowali, Agartala - Tripura SPCB","28-06-2026 02:00:00",23.8175497,91.2726974,PM10,66,120,89
India,"Tamil Nadu",Chennai,"Royapuram, Chennai - TNPCB","28-06-2026 02:00:00",13.1036,80.2909,SO2,4,6,5
India,"Tamil Nadu",Cuddalore,"Semmandalam, Cuddalore - TNPCB","28-06-2026 02:00:00",11.7637683,79.7499835,PM10,NA,NA,NA
India,"Tamil Nadu",Cuddalore,"Semmandalam, Cuddalore - TNPCB","28-06-2026 02:00:00",11.7637683,79.7499835,CO,NA,NA,NA
India,"Tamil Nadu",Gummidipoondi,"Anthoni Pillai Nagar, Gummidipoondi - TNPCB","28-06-2026 02:00:00",13.4127,80.1081,NO2,14,29,21
India,"Tamil Nadu",Gummidipoondi,"Anthoni Pillai Nagar, Gummidipoondi - TNPCB","28-06-2026 02:00:00",13.4127,80.1081,NH3,0,1,1
India,"Tamil Nadu",Thoothukudi,"Meelavittan, Thoothukudi - TNPCB","28-06-2026 02:00:00",8.816428,78.099039,OZONE,29,34,32
India,Telangana,Hyderabad,"New Malakpet, Hyderabad - TSPCB","28-06-2026 02:00:00",17.37206,78.50864,PM2.5,19,74,41
India,Telangana,Hyderabad,"New Malakpet, Hyderabad - TSPCB","28-06-2026 02:00:00",17.37206,78.50864,CO,21,40,35
India,"Uttar Pradesh",Bulandshahr,"Yamunapuram, Bulandshahr - UPPCB","28-06-2026 02:00:00",28.406963,77.849831,PM10,112,231,157
India,"Uttar Pradesh",Firozabad,"Vibhab Nagar, Firozabad - UPPCB","28-06-2026 02:00:00",27.1594,78.3953,NH3,6,7,7
India,"Uttar Pradesh",Firozabad,"Vibhab Nagar, Firozabad - UPPCB","28-06-2026 02:00:00",27.1594,78.3953,OZONE,0,0,0
India,"Uttar Pradesh",Firozabad,"Nagla Bhau, Firozabad - UPPCB","28-06-2026 02:00:00",27.168897,78.37696,PM10,41,91,58
India,"Uttar Pradesh",Firozabad,"Nagla Bhau, Firozabad - UPPCB","28-06-2026 02:00:00",27.168897,78.37696,NO2,17,17,17
India,"Uttar Pradesh",Firozabad,"Nagla Bhau, Firozabad - UPPCB","28-06-2026 02:00:00",27.168897,78.37696,OZONE,7,25,12
India,"Uttar Pradesh",Ghaziabad,"Indirapuram, Ghaziabad - UPPCB","28-06-2026 02:00:00",28.646233,77.358075,NO2,9,33,17
India,"Uttar Pradesh",Ghaziabad,"Indirapuram, Ghaziabad - UPPCB","28-06-2026 02:00:00",28.646233,77.358075,CO,57,65,61
India,"Uttar Pradesh",Ghaziabad,"Loni, Ghaziabad - UPPCB","28-06-2026 02:00:00",28.757294,77.278792,SO2,6,55,18
India,"Uttar Pradesh",Ghaziabad,"Vasundhara, Ghaziabad - UPPCB","28-06-2026 02:00:00",28.6603346,77.3572563,PM10,112,241,163
India,"Uttar Pradesh","Greater Noida","Knowledge Park - V, Greater Noida - UPPCB","28-06-2026 02:00:00",28.557054,77.453663,PM10,103,319,187
India,"Uttar Pradesh","Greater Noida","Knowledge Park - III, Greater Noida - UPPCB","28-06-2026 02:00:00",28.47272,77.482,PM2.5,35,188,86
India,"Uttar Pradesh","Greater Noida","Knowledge Park - III, Greater Noida - UPPCB","28-06-2026 02:00:00",28.47272,77.482,NO2,14,114,42
India,"Uttar Pradesh","Greater Noida","Knowledge Park - III, Greater Noida - UPPCB","28-06-2026 02:00:00",28.47272,77.482,CO,31,36,34
India,Rajasthan,Tonk,"Shastri Nagar, Tonk - RSPCB","28-06-2026 02:00:00",26.159933,75.780517,PM2.5,25,63,45
India,Rajasthan,Tonk,"Shastri Nagar, Tonk - RSPCB","28-06-2026 02:00:00",26.159933,75.780517,PM10,41,131,84
India,Rajasthan,Udaipur,"Ashok Nagar, Udaipur - RSPCB","28-06-2026 02:00:00",24.5886166,73.6321397,NH3,1,11,3
India,Rajasthan,Udaipur,"Ashok Nagar, Udaipur - RSPCB","28-06-2026 02:00:00",24.5886166,73.6321397,SO2,3,14,8
India,Telangana,Hyderabad,"Kompally Municipal Office, Hyderabad - TSPCB","28-06-2026 02:00:00",17.544899,78.486949,SO2,3,13,7
India,Telangana,Hyderabad,"Central University, Hyderabad - TSPCB","28-06-2026 02:00:00",17.460103,78.334361,OZONE,7,12,10
India,Telangana,Hyderabad,"IDA Pashamylaram, Hyderabad - TSPCB","28-06-2026 02:00:00",17.5316895,78.218939,NO2,8,31,20
India,Telangana,Hyderabad,"Ramachandrapuram, Hyderabad - TSPCB","28-06-2026 02:00:00",17.528544,78.286195,OZONE,21,25,22
India,Telangana,Hyderabad,"Sanathnagar, Hyderabad - TSPCB","28-06-2026 02:00:00",17.4559458,78.4332152,SO2,NA,NA,NA
India,Telangana,Hyderabad,"Kompally Municipal Office, Hyderabad - TSPCB","28-06-2026 02:00:00",17.544899,78.486949,PM2.5,34,54,43
India,"Uttar Pradesh",Moradabad,"Transport Nagar, Moradabad - UPPCB","28-06-2026 02:00:00",28.802625,78.753728,CO,25,31,28
India,"Uttar Pradesh",Muzaffarnagar,"New Mandi, Muzaffarnagar - UPPCB","28-06-2026 02:00:00",29.4723508,77.7194031,NO2,17,72,32
India,"Uttar Pradesh",Muzaffarnagar,"New Mandi, Muzaffarnagar - UPPCB","28-06-2026 02:00:00",29.4723508,77.7194031,NH3,2,6,3
India,"Uttar Pradesh",Muzaffarnagar,"New Mandi, Muzaffarnagar - UPPCB","28-06-2026 02:00:00",29.4723508,77.7194031,OZONE,23,86,51
India,"Uttar Pradesh",Noida,"Sector-116, Noida - UPPCB","28-06-2026 02:00:00",28.56923,77.393848,NO2,34,106,56
India,"Uttar Pradesh",Noida,"Sector-116, Noida - UPPCB","28-06-2026 02:00:00",28.56923,77.393848,NH3,11,18,15
India,"Uttar Pradesh",Noida,"Sector - 125, Noida - UPPCB","28-06-2026 02:00:00",28.5447608,77.3231257,CO,42,60,50
India,"Uttar Pradesh",Noida,"Sector - 62, Noida - IITM","28-06-2026 02:00:00",28.6245479,77.3577104,NO2,5,37,14
India,"Uttar Pradesh",Noida,"Sector-1, Noida - UPPCB","28-06-2026 02:00:00",28.5898,77.3101,PM2.5,52,138,84
India,"Uttar Pradesh",Noida,"Sector-1, Noida - UPPCB","28-06-2026 02:00:00",28.5898,77.3101,NO2,27,81,47
India,"Uttar Pradesh",Noida,"Sector-1, Noida - UPPCB","28-06-2026 02:00:00",28.5898,77.3101,OZONE,67,132,93
India,"Uttar Pradesh",Prayagraj,"Motilal Nehru NIT, Prayagraj - UPPCB","28-06-2026 02:00:00",25.494,81.863,OZONE,20,49,32
India,"Uttar Pradesh",Prayagraj,"Nagar Nigam, Prayagraj - UPPCB","28-06-2026 02:00:00",25.44919916,81.82735986,CO,14,25,20
India,"Uttar Pradesh",Prayagraj,"Jhunsi, Prayagraj - UPPCB","28-06-2026 02:00:00",25.425602,81.917152,NH3,6,6,6
India,"Uttar Pradesh",Prayagraj,"Jhunsi, Prayagraj - UPPCB","28-06-2026 02:00:00",25.425602,81.917152,OZONE,32,66,44
India,Uttarakhand,Kashipur,"Govt. Girls Inter College, Kashipur - UKPCB","28-06-2026 02:00:00",29.2124114,78.9611753,SO2,NA,NA,NA
India,Uttarakhand,Rishikesh,"Shivaji Nagar, Rishikesh - UKPCB","28-06-2026 02:00:00",30.075911,78.2859547,NH3,25,25,25
India,Uttarakhand,Rishikesh,"Shivaji Nagar, Rishikesh - UKPCB","28-06-2026 02:00:00",30.075911,78.2859547,OZONE,45,45,45
India,"West Bengal",Asansol,"Evelyn Lodge, Asansol - WBPCB","28-06-2026 02:00:00",23.697936,86.944395,NH3,7,10,8
India,"West Bengal",Asansol,"Trivenidevi Bhalotia College, Asansol - WBPCB","28-06-2026 02:00:00",23.616515,87.119133,PM2.5,10,41,25
India,"West Bengal",Asansol,"Trivenidevi Bhalotia College, Asansol - WBPCB","28-06-2026 02:00:00",23.616515,87.119133,SO2,26,47,34
India,"West Bengal",Asansol,"Mahabir Colliery, Asansol - WBPCB","28-06-2026 02:00:00",23.618183,87.105718,PM2.5,2,53,22
India,"West Bengal",Asansol,"Mahabir Colliery, Asansol - WBPCB","28-06-2026 02:00:00",23.618183,87.105718,NH3,0,1,0
India,"West Bengal",Barrackpore,"SVSPA Campus, Barrackpore - WBPCB","28-06-2026 02:00:00",22.7605581,88.3617589,NO2,11,25,17
India,"West Bengal",Durgapur,"PCBL Residential Complex, Durgapur - WBPCB","28-06-2026 02:00:00",23.508764,87.35444,PM2.5,22,56,33
India,"West Bengal",Durgapur,"PCBL Residential Complex, Durgapur - WBPCB","28-06-2026 02:00:00",23.508764,87.35444,PM10,28,77,40
India,"West Bengal",Durgapur,"PCBL Residential Complex, Durgapur - WBPCB","28-06-2026 02:00:00",23.508764,87.35444,NO2,52,61,55
India,"West Bengal",Durgapur,"Womens College_City Center, Durgapur - WBPCB","28-06-2026 02:00:00",23.549395,87.300496,PM2.5,25,51,39
India,"West Bengal",Durgapur,"Womens College_City Center, Durgapur - WBPCB","28-06-2026 02:00:00",23.549395,87.300496,NH3,2,3,2
India,"West Bengal",Durgapur,"Womens College_City Center, Durgapur - WBPCB","28-06-2026 02:00:00",23.549395,87.300496,CO,21,38,26
India,"West Bengal",Haldia,"Priyambada Housing Estate, Haldia - WBPCB","28-06-2026 02:00:00",22.06047,88.109737,PM2.5,16,20,18
India,"West Bengal",Howrah,"Dasnagar, Howrah - WBPCB","28-06-2026 02:00:00",22.6025571,88.3105664,PM2.5,1,67,23
India,"West Bengal",Howrah,"Dasnagar, Howrah - WBPCB","28-06-2026 02:00:00",22.6025571,88.3105664,NO2,4,10,7
India,"West Bengal",Howrah,"Dasnagar, Howrah - WBPCB","28-06-2026 02:00:00",22.6025571,88.3105664,NH3,1,2,2
India,"West Bengal",Howrah,"Dasnagar, Howrah - WBPCB","28-06-2026 02:00:00",22.6025571,88.3105664,CO,23,34,28
India,"West Bengal",Howrah,"Dasnagar, Howrah - WBPCB","28-06-2026 02:00:00",22.6025571,88.3105664,OZONE,32,37,35
India,"West Bengal",Howrah,"Belur Math, Howrah - WBPCB","28-06-2026 02:00:00",22.629801,88.352017,PM2.5,18,37,30
India,"Uttar Pradesh",Raebareli," Indira Nagar, Raebareli - NTPC Unchahar","28-06-2026 02:00:00",26.207781,81.245571,CO,46,53,49
India,"Uttar Pradesh",Varanasi,"Maldahiya, Varanasi - UPPCB","28-06-2026 02:00:00",25.32393,82.99687,PM2.5,26,70,45
India,"Uttar Pradesh",Varanasi,"Maldahiya, Varanasi - UPPCB","28-06-2026 02:00:00",25.32393,82.99687,NH3,0,0,0
India,"Uttar Pradesh",Varanasi,"Ardhali Bazar, Varanasi - UPPCB","28-06-2026 02:00:00",25.3505986,82.9083074,NH3,NA,NA,NA
India,"Uttar Pradesh",Varanasi,"Bhelupur, Varanasi - UPPCB","28-06-2026 02:00:00",25.301778,82.996789,NO2,7,8,8
India,"Uttar Pradesh",Varanasi,"Bhelupur, Varanasi - UPPCB","28-06-2026 02:00:00",25.301778,82.996789,SO2,26,28,27
India,"Uttar Pradesh",Vrindavan,"Omex Eternity, Vrindavan - UPPCB","28-06-2026 02:00:00",27.571409,77.655757,PM2.5,19,68,34
India,"Uttar Pradesh",Vrindavan,"Omex Eternity, Vrindavan - UPPCB","28-06-2026 02:00:00",27.571409,77.655757,PM10,39,131,74
India,Uttarakhand,Dehradun,"Doon University, Dehradun - UKPCB","28-06-2026 02:00:00",30.269444,78.044167,NH3,NA,NA,NA
India,"Uttar Pradesh",Lucknow,"Talkatora District Industries Center, Lucknow - CPCB","28-06-2026 02:00:00",26.83399722,80.8917361,NH3,5,14,10
India,"Uttar Pradesh",Lucknow,"B R Ambedkar University, Lucknow - UPPCB","28-06-2026 02:00:00",26.766433,80.927299,PM10,38,111,65
India,"Uttar Pradesh",Lucknow,"Kukrail Picnic Spot-1, Lucknow - UPPCB","28-06-2026 02:00:00",26.90723,80.98579,OZONE,27,38,33
India,"Uttar Pradesh",Lucknow,"Lalbagh, Lucknow - CPCB","28-06-2026 02:00:00",26.8458805,80.9365541,NO2,22,39,28
India,"Uttar Pradesh",Lucknow,"Kendriya Vidyalaya, Lucknow - CPCB","28-06-2026 02:00:00",26.906111,80.948222,PM10,51,164,97
India,"Uttar Pradesh",Meerut,"Ganga Nagar, Meerut - UPPCB","28-06-2026 02:00:00",28.999264,77.7590354,PM2.5,60,186,106
India,"Uttar Pradesh",Meerut,"Jai Bhim Nagar, Meerut - UPPCB","28-06-2026 02:00:00",28.9535882,77.7622941,NO2,12,36,21
India,"Uttar Pradesh",Meerut,"MIET College, Meerut - UPPCB","28-06-2026 02:00:00",28.972677,77.641018,PM10,140,322,204
India,"Uttar Pradesh",Meerut,"MIET College, Meerut - UPPCB","28-06-2026 02:00:00",28.972677,77.641018,NH3,4,9,5
India,"Uttar Pradesh",Moradabad,"Eco Herbal Park, Moradabad - UPPCB","28-06-2026 02:00:00",28.840739,78.697531,PM10,97,258,157
India,"Uttar Pradesh",Moradabad,"Employment Office, Moradabad - UPPCB","28-06-2026 02:00:00",28.88528,78.7388,PM10,91,139,113
India,"Uttar Pradesh",Moradabad,"Employment Office, Moradabad - UPPCB","28-06-2026 02:00:00",28.88528,78.7388,NH3,3,3,3
India,"West Bengal",Howrah,"Belur Math, Howrah - WBPCB","28-06-2026 02:00:00",22.629801,88.352017,NO2,17,69,30
India,"West Bengal",Howrah,"Belur Math, Howrah - WBPCB","28-06-2026 02:00:00",22.629801,88.352017,CO,12,21,17
India,"West Bengal",Howrah,"Padmapukur, Howrah - WBPCB","28-06-2026 02:00:00",22.5687319,88.2797276,NH3,10,11,11
India,"West Bengal",Howrah,"Padmapukur, Howrah - WBPCB","28-06-2026 02:00:00",22.5687319,88.2797276,SO2,4,8,6
India,"West Bengal",Howrah,"Ghusuri, Howrah - WBPCB","28-06-2026 02:00:00",22.611968,88.347422,NH3,2,4,2
India,"West Bengal",Howrah,"Botanical Garden, Howrah - WBPCB","28-06-2026 02:00:00",22.554954,88.292568,NO2,11,20,15
India,"Uttar Pradesh",Kanpur,"NSI Kalyanpur, Kanpur - UPPCB","28-06-2026 02:00:00",26.509954,80.249612,OZONE,18,19,19
India,"Uttar Pradesh",Kanpur,"FTI Kidwai Nagar, Kanpur - UPPCB","28-06-2026 02:00:00",26.428282,80.327067,NH3,3,3,3
India,"Uttar Pradesh",Khora,"Prashant Garden, Khora - UPPCB","28-06-2026 02:00:00",28.61119,77.34206,OZONE,80,214,117
India,"Uttar Pradesh",Khurja,"Kalindi Kunj, Khurja - UPPCB","28-06-2026 02:00:00",28.2348927,77.8683002,NH3,1,1,1
India,"Uttar Pradesh",Jhansi,"Shivaji Nagar, Jhansi - UPPCB","28-06-2026 02:00:00",25.4547,78.6039,NO2,6,6,6
India,"Uttar Pradesh",Jhansi,"Shivaji Nagar, Jhansi - UPPCB","28-06-2026 02:00:00",25.4547,78.6039,OZONE,6,7,6
India,"West Bengal",Kolkata,"Jadavpur, Kolkata - WBPCB","28-06-2026 02:00:00",22.49929,88.36917,PM10,36,52,45
India,"West Bengal",Kolkata,"Jadavpur, Kolkata - WBPCB","28-06-2026 02:00:00",22.49929,88.36917,NO2,12,58,26
India,"West Bengal",Kolkata,"Jadavpur, Kolkata - WBPCB","28-06-2026 02:00:00",22.49929,88.36917,NH3,12,22,14
India,"West Bengal",Kolkata,"Jadavpur, Kolkata - WBPCB","28-06-2026 02:00:00",22.49929,88.36917,OZONE,7,11,9
India,"West Bengal",Kolkata,"Victoria, Kolkata - WBPCB","28-06-2026 02:00:00",22.5448082,88.3403691,SO2,4,17,10
India,"West Bengal",Kolkata,"Rabindra Bharati University, Kolkata - WBPCB","28-06-2026 02:00:00",22.627847,88.380669,NO2,19,55,31
India,"West Bengal",Kolkata,"Ballygunge, Kolkata - WBPCB","28-06-2026 02:00:00",22.5367507,88.3638022,CO,12,20,15
India,"West Bengal",Kolkata,"Rabindra Sarobar, Kolkata - WBPCB","28-06-2026 02:00:00",22.51106,88.35142,SO2,7,8,7
India,"West Bengal",Kolkata,"Rabindra Sarobar, Kolkata - WBPCB","28-06-2026 02:00:00",22.51106,88.35142,OZONE,4,8,7
India,"West Bengal",Kolkata,"Bidhannagar, Kolkata - WBPCB","28-06-2026 02:00:00",22.58157048,88.41002457,PM2.5,11,27,19
India,"West Bengal",Kolkata,"Bidhannagar, Kolkata - WBPCB","28-06-2026 02:00:00",22.58157048,88.41002457,OZONE,17,23,20
India,"West Bengal",Siliguri,"Ward-32 Bapupara, Siliguri - WBPCB","28-06-2026 02:00:00",26.6879226,88.4152495,SO2,12,14,13
India,"Andhra Pradesh",Chittoor,"Gangineni Cheruvu, Chittoor - APPCB","28-06-2026 02:00:00",13.20488,79.097889,OZONE,59,59,59
India,"Andhra Pradesh",Eluru,"District Court, Eluru - APPCB","28-06-2026 02:00:00",16.711754,81.092095,SO2,11,13,12
India,"Andhra Pradesh",Eluru,"District Court, Eluru - APPCB","28-06-2026 02:00:00",16.711754,81.092095,CO,14,52,33
India,"Andhra Pradesh",Eluru,"District Court, Eluru - APPCB","28-06-2026 02:00:00",16.711754,81.092095,OZONE,2,15,7
India,"Andhra Pradesh",Guntur,"Rajendra Nagar North, Guntur - APPCB","28-06-2026 02:00:00",16.316553,80.413302,PM2.5,63,89,73
India,"Andhra Pradesh",Guntur,"Rajendra Nagar North, Guntur - APPCB","28-06-2026 02:00:00",16.316553,80.413302,NH3,5,15,8
India,"Andhra Pradesh",Kadapa,"Yerramukkapalli, Kadapa - APPCB","28-06-2026 02:00:00",14.465052,78.824187,NO2,NA,NA,NA
India,"Andhra Pradesh",Kadapa,"Yerramukkapalli, Kadapa - APPCB","28-06-2026 02:00:00",14.465052,78.824187,OZONE,42,43,43
India,"Andhra Pradesh",Machilipatnam,"Srinivas Nagar Colony, Machilipatnam - APPCB","28-06-2026 02:00:00",16.186555,81.13219,PM10,65,91,75
India,"Andhra Pradesh",Machilipatnam,"Srinivas Nagar Colony, Machilipatnam - APPCB","28-06-2026 02:00:00",16.186555,81.13219,NO2,15,41,22
India,"Andhra Pradesh",Machilipatnam,"Srinivas Nagar Colony, Machilipatnam - APPCB","28-06-2026 02:00:00",16.186555,81.13219,OZONE,47,47,47
India,"Andhra Pradesh",Nellore,"Ambedkar Nagar, Nellore - APPCB ","28-06-2026 02:00:00",14.438164,79.966814,PM10,NA,NA,NA
India,"Andhra Pradesh",Nellore,"Ambedkar Nagar, Nellore - APPCB ","28-06-2026 02:00:00",14.438164,79.966814,OZONE,32,40,36
India,"Andhra Pradesh",Rajamahendravaram,"Anand Kala Kshetram, Rajamahendravaram - APPCB","28-06-2026 02:00:00",16.9872867,81.7363176,CO,11,27,20
India,Assam,Guwahati,"LGBI Airport, Guwahati - PCBA","28-06-2026 02:00:00",26.10887,91.589544,NH3,3,6,4
India,Assam,Guwahati,"LGBI Airport, Guwahati - PCBA","28-06-2026 02:00:00",26.10887,91.589544,SO2,6,17,12
India,Assam,Guwahati,"Railway Colony, Guwahati - PCBA","28-06-2026 02:00:00",26.181742,91.78063,PM2.5,57,120,83
India,Assam,Guwahati,"Railway Colony, Guwahati - PCBA","28-06-2026 02:00:00",26.181742,91.78063,NO2,NA,NA,NA
India,Assam,Guwahati,"IITG, Guwahati - PCBA","28-06-2026 02:00:00",26.2028636,91.70046436,PM2.5,NA,NA,NA
India,Assam,Guwahati,"IITG, Guwahati - PCBA","28-06-2026 02:00:00",26.2028636,91.70046436,PM10,17,51,32
India,Assam,Guwahati,"IITG, Guwahati - PCBA","28-06-2026 02:00:00",26.2028636,91.70046436,CO,6,8,7
India,Assam,Nagaon,"Christianpatty, Nagaon - PCBA","28-06-2026 02:00:00",26.349082,92.68449,CO,5,24,18
India,Assam,Silchar,"Tarapur, Silchar - PCBA","28-06-2026 02:00:00",24.82827,92.79525,SO2,4,5,4
India,Assam,Silchar,"Tarapur, Silchar - PCBA","28-06-2026 02:00:00",24.82827,92.79525,CO,34,36,34
India,Assam,Sivasagar,"Girls College, Sivasagar - PCBA","28-06-2026 02:00:00",26.987634,94.636574,PM10,25,35,28
India,Bihar,Araria,"Kharahiya Basti, Araria - BSPCB","28-06-2026 02:00:00",26.146529,87.454184,PM10,43,122,74
India,"Andhra Pradesh",Vijayawada,"HB Colony, Vijayawada - APPCB","28-06-2026 02:00:00",16.536107,80.594233,OZONE,45,45,45
India,"Andhra Pradesh",Vijayawada,"Rajiv Nagar, Vijayawada - APPCB","28-06-2026 02:00:00",16.554731,80.64911,SO2,13,26,18
India,"Andhra Pradesh",Vijayawada,"Rajiv Nagar, Vijayawada - APPCB","28-06-2026 02:00:00",16.554731,80.64911,CO,26,34,32
India,"Andhra Pradesh",Visakhapatnam,"GVM Corporation, Visakhapatnam - APPCB","28-06-2026 02:00:00",17.72,83.3,PM2.5,NA,NA,NA
India,"Arunachal Pradesh",Naharlagun,"Naharlagun, Naharlagun - APSPCB","28-06-2026 02:00:00",27.103358,93.679645,PM10,NA,NA,NA
India,"Arunachal Pradesh",Naharlagun,"Naharlagun, Naharlagun - APSPCB","28-06-2026 02:00:00",27.103358,93.679645,NO2,7,8,8
India,Assam,Byrnihat,"Central Academy for SFS, Byrnihat - PCBA","28-06-2026 02:00:00",26.071318,91.87488,NH3,4,4,4
India,Bihar,Muzaffarpur,"Buddha Colony, Muzaffarpur - BSPCB","28-06-2026 02:00:00",26.11442,85.39813,CO,14,34,26
India,Bihar,Muzaffarpur,"Muzaffarpur Collectorate, Muzaffarpur - BSPCB","28-06-2026 02:00:00",26.1209,85.3647,NH3,NA,NA,NA
India,Bihar,Muzaffarpur,"Muzaffarpur Collectorate, Muzaffarpur - BSPCB","28-06-2026 02:00:00",26.1209,85.3647,SO2,4,7,5
India,Bihar,Muzaffarpur,"Muzaffarpur Collectorate, Muzaffarpur - BSPCB","28-06-2026 02:00:00",26.1209,85.3647,OZONE,13,23,14
India,Bihar,Patna,"DRM Office Danapur, Patna - BSPCB","28-06-2026 02:00:00",25.586562,85.043586,PM10,63,83,72
India,Bihar,Patna,"DRM Office Danapur, Patna - BSPCB","28-06-2026 02:00:00",25.586562,85.043586,SO2,4,8,6
India,Bihar,Patna,"DRM Office Danapur, Patna - BSPCB","28-06-2026 02:00:00",25.586562,85.043586,OZONE,28,30,29
India,Bihar,Patna,"Rajbansi Nagar, Patna - BSPCB","28-06-2026 02:00:00",25.599486,85.113666,NO2,29,34,31
India,Bihar,Patna,"Rajbansi Nagar, Patna - BSPCB","28-06-2026 02:00:00",25.599486,85.113666,OZONE,23,32,29
India,Bihar,Begusarai,"Lohiyanagar, Begusarai - BSPCB","28-06-2026 02:00:00",25.42742023,86.13886079,NO2,10,15,13
India,Bihar,Bettiah,"Kamalnath Nagar, Bettiah - BSPCB","28-06-2026 02:00:00",26.80365,84.51954,CO,33,55,45
India,Bihar,Bhagalpur,"Mayaganj, Bhagalpur - BSPCB","28-06-2026 02:00:00",25.265194,87.012947,PM2.5,13,117,48
India,Bihar,Bhagalpur,"DM Office_Kachari Chowk, Bhagalpur - BSPCB","28-06-2026 02:00:00",25.251013,86.989001,SO2,17,38,27
India,Bihar,"Bihar Sharif","D M Colony, Bihar Sharif - BSPCB","28-06-2026 02:00:00",25.204762,85.51496,NO2,9,10,10
India,Bihar,"Bihar Sharif","D M Colony, Bihar Sharif - BSPCB","28-06-2026 02:00:00",25.204762,85.51496,OZONE,2,2,2
India,Bihar,Gaya,"Collectorate, Gaya - BSPCB","28-06-2026 02:00:00",24.7955,84.9994,PM2.5,NA,NA,NA
India,Bihar,Gaya,"SFTI Kusdihra, Gaya - BSPCB","28-06-2026 02:00:00",24.762518,84.982348,PM2.5,33,55,45
India,Bihar,Gaya,"Kareemganj, Gaya - BSPCB","28-06-2026 02:00:00",24.792403,84.992416,SO2,42,44,43
India,Bihar,Kishanganj,"SDM Office_Khagra, Kishanganj - BSPCB","28-06-2026 02:00:00",26.0881305,87.93840336,PM2.5,NA,NA,NA
India,Bihar,Kishanganj,"SDM Office_Khagra, Kishanganj - BSPCB","28-06-2026 02:00:00",26.0881305,87.93840336,SO2,3,11,8
India,Bihar,Manguraha,"Forest Rest House, Manguraha - BSPCB","28-06-2026 02:00:00",27.308328,84.531742,PM2.5,NA,NA,NA
India,Bihar,Arrah,"New DM Office, Arrah - BSPCB","28-06-2026 02:00:00",25.5626095,84.663264,PM2.5,20,137,63
India,Bihar,Arrah,"New DM Office, Arrah - BSPCB","28-06-2026 02:00:00",25.5626095,84.663264,NO2,6,8,7
India,Bihar,Arrah,"New DM Office, Arrah - BSPCB","28-06-2026 02:00:00",25.5626095,84.663264,CO,43,57,51
India,Bihar,Arrah,"New DM Office, Arrah - BSPCB","28-06-2026 02:00:00",25.5626095,84.663264,OZONE,8,20,12
India,Bihar,Aurangabad,"Gurdeo Nagar, Aurangabad - BSPCB","28-06-2026 02:00:00",24.75746,84.366208,PM10,NA,NA,NA
India,"Andhra Pradesh",Tirumala,"Toll Gate, Tirumala - APPCB","28-06-2026 02:00:00",13.67,79.35,NH3,2,3,2
India,"Andhra Pradesh",Tirupati,"Vaikuntapuram, Tirupati - APPCB","28-06-2026 02:00:00",13.615387,79.40923,SO2,8,10,9
India,"Andhra Pradesh",Tirupati,"Vaikuntapuram, Tirupati - APPCB","28-06-2026 02:00:00",13.615387,79.40923,CO,26,30,27
India,"Andhra Pradesh",Tirupati,"Vaikuntapuram, Tirupati - APPCB","28-06-2026 02:00:00",13.615387,79.40923,OZONE,47,48,48
India,"Andhra Pradesh",Amaravati,"Secretariat, Amaravati - APPCB","28-06-2026 02:00:00",16.5150833,80.5181667,SO2,9,23,16
India,"Andhra Pradesh",Anantapur,"Gulzarpet, Anantapur - APPCB","28-06-2026 02:00:00",14.675886,77.593027,PM2.5,55,217,77
India,"Andhra Pradesh",Anantapur,"Gulzarpet, Anantapur - APPCB","28-06-2026 02:00:00",14.675886,77.593027,NO2,17,25,19
India,Bihar,Manguraha,"Forest Rest House, Manguraha - BSPCB","28-06-2026 02:00:00",27.308328,84.531742,OZONE,29,31,30
India,Delhi,Delhi,"Pusa, Delhi - IITM","28-06-2026 02:00:00",28.63611,77.173332,CO,30,69,57
India,Delhi,Delhi,"IGNOU_Maidan Garhi, Delhi - DPCC","28-06-2026 02:00:00",28.493624,77.201159,PM2.5,25,132,49
India,Delhi,Delhi,"IGNOU_Maidan Garhi, Delhi - DPCC","28-06-2026 02:00:00",28.493624,77.201159,NO2,8,45,20
India,Delhi,Delhi,"JNU, Delhi - DPCC","28-06-2026 02:00:00",28.540721,77.168544,CO,19,62,49
India,Delhi,Delhi,"Alipur, Delhi - DPCC","28-06-2026 02:00:00",28.815329,77.15301,SO2,6,15,9
India,Delhi,Delhi,"Narela, Delhi - DPCC","28-06-2026 02:00:00",28.822836,77.101981,NO2,13,70,26
India,Delhi,Delhi,"Talkatora Garden, Delhi - DPCC","28-06-2026 02:00:00",28.62181,77.1944633,PM2.5,44,136,82
India,Delhi,Delhi,"Commonwealth Sports Complex, Delhi - DPCC","28-06-2026 02:00:00",28.615828,77.271992,NH3,NA,NA,NA
India,Delhi,Delhi,"Cantonment Area, Delhi - DPCC","28-06-2026 02:00:00",28.594169,77.1251,PM10,68,212,133
India,Delhi,Delhi,"Cantonment Area, Delhi - DPCC","28-06-2026 02:00:00",28.594169,77.1251,NO2,8,80,33
India,Delhi,Delhi,"Cantonment Area, Delhi - DPCC","28-06-2026 02:00:00",28.594169,77.1251,NH3,0,16,3
India,Delhi,Delhi,"NSUT Jaffarpur, Delhi - DPCC","28-06-2026 02:00:00",28.594004,76.909423,PM2.5,44,159,90
India,Delhi,Delhi,"NSUT Jaffarpur, Delhi - DPCC","28-06-2026 02:00:00",28.594004,76.909423,PM10,108,172,128
India,Delhi,Delhi,"NSUT Jaffarpur, Delhi - DPCC","28-06-2026 02:00:00",28.594004,76.909423,CO,29,68,44
India,Delhi,Delhi,"Jahangirpuri, Delhi - DPCC","28-06-2026 02:00:00",28.73282,77.170633,SO2,6,16,11
India,Delhi,Delhi,"Jahangirpuri, Delhi - DPCC","28-06-2026 02:00:00",28.73282,77.170633,OZONE,11,20,14
India,Delhi,Delhi,"IHBAS, Dilshad Garden, Delhi - CPCB","28-06-2026 02:00:00",28.6811736,77.3025234,NO2,50,72,60
India,Delhi,Delhi,"IHBAS, Dilshad Garden, Delhi - CPCB","28-06-2026 02:00:00",28.6811736,77.3025234,SO2,5,29,17
India,Delhi,Delhi,"IHBAS, Dilshad Garden, Delhi - CPCB","28-06-2026 02:00:00",28.6811736,77.3025234,CO,26,34,29
India,Delhi,Delhi,"Sri Aurobindo Marg, Delhi - DPCC","28-06-2026 02:00:00",28.531346,77.190156,PM10,73,183,128
India,Delhi,Delhi,"Najafgarh, Delhi - DPCC","28-06-2026 02:00:00",28.570173,76.933762,PM2.5,28,123,63
India,Delhi,Delhi,"Najafgarh, Delhi - DPCC","28-06-2026 02:00:00",28.570173,76.933762,SO2,17,37,23
India,Delhi,Delhi,"Wazirpur, Delhi - DPCC","28-06-2026 02:00:00",28.699793,77.165453,OZONE,19,34,22
India,Delhi,Delhi,"Shadipur, Delhi - CPCB","28-06-2026 02:00:00",28.6514781,77.1473105,NH3,7,9,8
India,Delhi,Delhi,"Mundka, Delhi - DPCC","28-06-2026 02:00:00",28.684678,77.076574,NO2,117,155,130
India,Delhi,Delhi,"Mundka, Delhi - DPCC","28-06-2026 02:00:00",28.684678,77.076574,CO,37,68,57
India,Chandigarh,Chandigarh,"Sector-53, Chandigarh - CPCC","28-06-2026 02:00:00",30.719859,76.738637,OZONE,20,53,36
India,Chandigarh,Chandigarh,"Sector 22, Chandigarh - CPCC","28-06-2026 02:00:00",30.735567,76.775714,NH3,8,28,13
India,Chandigarh,Chandigarh,"Sector 22, Chandigarh - CPCC","28-06-2026 02:00:00",30.735567,76.775714,OZONE,22,47,32
India,Chhattisgarh,Bhilai,"Civic Center, Bhilai - Bhilai Steel Plant","28-06-2026 02:00:00",21.185571,81.343175,PM2.5,5,84,26
India,Chhattisgarh,Bhilai,"Civic Center, Bhilai - Bhilai Steel Plant","28-06-2026 02:00:00",21.185571,81.343175,PM10,10,139,37
India,Chhattisgarh,Bhilai,"Civic Center, Bhilai - Bhilai Steel Plant","28-06-2026 02:00:00",21.185571,81.343175,CO,20,28,25
India,Chhattisgarh,Bhilai,"Civic Center, Bhilai - Bhilai Steel Plant","28-06-2026 02:00:00",21.185571,81.343175,OZONE,10,12,11
India,Chhattisgarh,Bhilai,"32Bungalows, Bhilai - CECB","28-06-2026 02:00:00",21.194815,81.31477,PM10,11,75,32
India,Chhattisgarh,Bhilai,"32Bungalows, Bhilai - CECB","28-06-2026 02:00:00",21.194815,81.31477,NH3,3,4,3
India,Chhattisgarh,Bilaspur,"Mangala, Bilaspur - NTPC","28-06-2026 02:00:00",22.08815,82.13737,NH3,NA,NA,NA
India,Chhattisgarh,Korba,"Urja Nagar, Korba - CECB","28-06-2026 02:00:00",22.348441,82.549611,SO2,3,20,8
India,Delhi,Delhi,"Chandni Chowk, Delhi - IITM","28-06-2026 02:00:00",28.656756,77.227234,PM2.5,61,173,94
India,Delhi,Delhi,"Sirifort, Delhi - CPCB","28-06-2026 02:00:00",28.5504249,77.2159377,SO2,33,38,35
India,Delhi,Delhi,"DTU, Delhi - CPCB","28-06-2026 02:00:00",28.7500499,77.1112615,NO2,12,25,20
India,Delhi,Delhi,"DTU, Delhi - CPCB","28-06-2026 02:00:00",28.7500499,77.1112615,NH3,4,12,7
India,Delhi,Delhi,"DTU, Delhi - CPCB","28-06-2026 02:00:00",28.7500499,77.1112615,SO2,32,35,34
India,Delhi,Delhi,"DTU, Delhi - CPCB","28-06-2026 02:00:00",28.7500499,77.1112615,CO,23,55,42
India,Delhi,Delhi,"Dr. Karni Singh Shooting Range, Delhi - DPCC","28-06-2026 02:00:00",28.498571,77.26484,NO2,11,64,27
India,Delhi,Delhi,"Anand Vihar, Delhi - DPCC","28-06-2026 02:00:00",28.647622,77.315809,NH3,6,13,9
India,Delhi,Delhi,"Anand Vihar, Delhi - DPCC","28-06-2026 02:00:00",28.647622,77.315809,CO,58,107,94
India,Delhi,Delhi,"Patparganj, Delhi - DPCC","28-06-2026 02:00:00",28.623763,77.287209,PM2.5,48,183,93
India,Delhi,Delhi,"Jawaharlal Nehru Stadium, Delhi - DPCC","28-06-2026 02:00:00",28.58028,77.233829,PM10,90,191,137
India,Delhi,Delhi,"NSIT Dwarka, Delhi - CPCB","28-06-2026 02:00:00",28.60909,77.0325413,PM2.5,103,331,214
India,Delhi,Delhi,"NSIT Dwarka, Delhi - CPCB","28-06-2026 02:00:00",28.60909,77.0325413,SO2,12,16,13
India,Delhi,Delhi,"NSIT Dwarka, Delhi - CPCB","28-06-2026 02:00:00",28.60909,77.0325413,OZONE,15,21,19
India,Delhi,Delhi,"Rohini, Delhi - DPCC","28-06-2026 02:00:00",28.732528,77.11992,OZONE,4,15,6
India,Delhi,Delhi,"Vivek Vihar, Delhi - DPCC","28-06-2026 02:00:00",28.672342,77.31526,CO,25,52,38
India,Bihar,Purnia,"Mariam Nagar, Purnia - BSPCB","28-06-2026 02:00:00",25.366336,87.117468,NH3,2,2,2
India,Bihar,Purnia,"Mariam Nagar, Purnia - BSPCB","28-06-2026 02:00:00",25.366336,87.117468,SO2,16,17,16
India,Bihar,Saharsa,"Police Line, Saharsa - BSPCB","28-06-2026 02:00:00",25.892357,86.590325,PM10,10,416,111
India,Bihar,Saharsa,"Police Line, Saharsa - BSPCB","28-06-2026 02:00:00",25.892357,86.590325,CO,39,41,40
India,Bihar,Samastipur,"DM Office_Kasipur, Samastipur - BSPCB","28-06-2026 02:00:00",25.859655,85.77944,SO2,14,20,17
India,Bihar,Samastipur,"DM Office_Kasipur, Samastipur - BSPCB","28-06-2026 02:00:00",25.859655,85.77944,OZONE,7,8,8
India,Bihar,Sasaram,"Dada Peer, Sasaram - BSPCB","28-06-2026 02:00:00",24.952822,84.002396,PM2.5,NA,NA,NA
India,Chhattisgarh,Raipur,"AIIMS, Raipur - CECB","28-06-2026 02:00:00",21.258815,81.578979,NH3,4,4,4
India,Chhattisgarh,Raipur,"Siltara Phase-II, Raipur - CECB","28-06-2026 02:00:00",21.371751,81.664929,CO,17,17,17
India,Chhattisgarh,Raipur,"Krishak Nagar, Raipur - CECB","28-06-2026 02:00:00",21.237755,81.705301,SO2,3,16,7
India,Chhattisgarh,Raipur,"Bhatagaon New ISBT, Raipur - CECB","28-06-2026 02:00:00",21.219665,81.630094,PM2.5,2,40,13
India,Chhattisgarh,Raipur,"Bhatagaon New ISBT, Raipur - CECB","28-06-2026 02:00:00",21.219665,81.630094,NH3,2,2,2
India,Chhattisgarh,Tumidih,"OP Jindal Industrial Park, Tumidih - CECB","28-06-2026 02:00:00",22.06631475,83.33820077,CO,12,89,53
India,Delhi,Delhi,"Bawana, Delhi - DPCC","28-06-2026 02:00:00",28.7762,77.051074,CO,53,87,75
India,Delhi,Delhi,"Major Dhyan Chand National Stadium, Delhi - DPCC","28-06-2026 02:00:00",28.611281,77.237738,NH3,5,10,8
India,Delhi,Delhi,"Major Dhyan Chand National Stadium, Delhi - DPCC","28-06-2026 02:00:00",28.611281,77.237738,CO,24,73,48
India,Bihar,Patna,"Samanpura, Patna - BSPCB","28-06-2026 02:00:00",25.596727,85.085624,NH3,4,5,5
India,Bihar,Patna,"Samanpura, Patna - BSPCB","28-06-2026 02:00:00",25.596727,85.085624,SO2,5,6,5
India,Delhi,Delhi,"IMD Lodhi Road, Delhi - IITM","28-06-2026 02:00:00",28.5918245,77.2273074,OZONE,35,122,63
India,Gujarat,Ahmedabad,"SAC ISRO Bopal, Ahmedabad - IITM","28-06-2026 02:00:00",23.041137,72.456691,NO2,2,11,5
India,Gujarat,Ahmedabad,"SAC ISRO Bopal, Ahmedabad - IITM","28-06-2026 02:00:00",23.041137,72.456691,NH3,1,2,1
India,Gujarat,Ahmedabad,"SAC ISRO Bopal, Ahmedabad - IITM","28-06-2026 02:00:00",23.041137,72.456691,SO2,0,2,1
India,Gujarat,Ahmedabad,"SAC ISRO Bopal, Ahmedabad - IITM","28-06-2026 02:00:00",23.041137,72.456691,OZONE,10,54,27
India,Gujarat,Ahmedabad,"SAC ISRO Satellite, Ahmedabad - IITM","28-06-2026 02:00:00",23.023389,72.515201,NO2,25,42,29
India,Gujarat,Ahmedabad,"SAC ISRO Satellite, Ahmedabad - IITM","28-06-2026 02:00:00",23.023389,72.515201,NH3,1,1,1
India,Gujarat,Ahmedabad,"Rakhial, Ahmedabad - IITM","28-06-2026 02:00:00",23.016834,72.625775,PM2.5,36,63,47
India,Gujarat,Ahmedabad,"Rakhial, Ahmedabad - IITM","28-06-2026 02:00:00",23.016834,72.625775,NO2,10,51,18
India,Gujarat,Ahmedabad,"Maninagar, Ahmedabad - GPCB","28-06-2026 02:00:00",23.002657,72.591912,PM2.5,27,154,70
India,Gujarat,Ahmedabad,"Maninagar, Ahmedabad - GPCB","28-06-2026 02:00:00",23.002657,72.591912,PM10,59,137,88
India,Gujarat,Ahmedabad,"Gyaspur, Ahmedabad - IITM","28-06-2026 02:00:00",22.977134,72.553024,SO2,12,32,21
India,Gujarat,Ahmedabad,"Raikhad, Ahmedabad - IITM","28-06-2026 02:00:00",23.020509,72.579261,PM2.5,21,51,33
India,Gujarat,Ahmedabad,"Raikhad, Ahmedabad - IITM","28-06-2026 02:00:00",23.020509,72.579261,SO2,4,8,6
India,Delhi,Delhi,"Ashok Vihar, Delhi - DPCC","28-06-2026 02:00:00",28.695381,77.181665,NO2,11,81,30
India,Delhi,Delhi,"Ashok Vihar, Delhi - DPCC","28-06-2026 02:00:00",28.695381,77.181665,NH3,6,13,9
India,Delhi,Delhi,"Ashok Vihar, Delhi - DPCC","28-06-2026 02:00:00",28.695381,77.181665,SO2,9,17,13
India,Delhi,Delhi,"Ashok Vihar, Delhi - DPCC","28-06-2026 02:00:00",28.695381,77.181665,OZONE,7,31,15
India,Delhi,Delhi,"Dwarka-Sector 8, Delhi - DPCC ","28-06-2026 02:00:00",28.5710274,77.0719006,NO2,13,119,41
India,Delhi,Delhi,"Dwarka-Sector 8, Delhi - DPCC ","28-06-2026 02:00:00",28.5710274,77.0719006,SO2,3,24,17
India,Delhi,Delhi,"Dwarka-Sector 8, Delhi - DPCC ","28-06-2026 02:00:00",28.5710274,77.0719006,CO,44,107,72
India,Delhi,Delhi,"ITO, Delhi - CPCB","28-06-2026 02:00:00",28.628624,77.24106,PM2.5,62,163,87
India,Delhi,Delhi,"ITO, Delhi - CPCB","28-06-2026 02:00:00",28.628624,77.24106,PM10,83,193,130
India,Delhi,Delhi,"IGI Airport (T3), Delhi - IITM","28-06-2026 02:00:00",28.5627763,77.1180053,PM10,79,245,145
India,Delhi,Delhi,"IGI Airport (T3), Delhi - IITM","28-06-2026 02:00:00",28.5627763,77.1180053,NO2,54,156,88
India,Delhi,Delhi,"IGI Airport (T3), Delhi - IITM","28-06-2026 02:00:00",28.5627763,77.1180053,NH3,NA,NA,NA
India,Delhi,Delhi,"IGI Airport (T3), Delhi - IITM","28-06-2026 02:00:00",28.5627763,77.1180053,OZONE,41,140,87
India,Delhi,Delhi,"Burari Crossing, Delhi - IITM","28-06-2026 02:00:00",28.7256504,77.2011573,PM10,90,179,140
India,Delhi,Delhi,"Burari Crossing, Delhi - IITM","28-06-2026 02:00:00",28.7256504,77.2011573,NO2,10,64,33
India,Haryana,Ballabgarh,"Nathu Colony, Ballabgarh - HSPCB","28-06-2026 02:00:00",28.3419248,77.319699,NO2,19,21,20
India,Haryana,Ballabgarh,"Nathu Colony, Ballabgarh - HSPCB","28-06-2026 02:00:00",28.3419248,77.319699,NH3,4,5,5
India,Haryana,Bhiwani,"H.B. Colony, Bhiwani - HSPCB","28-06-2026 02:00:00",28.806223,76.141105,NO2,7,11,9
India,Haryana,Bhiwani,"H.B. Colony, Bhiwani - HSPCB","28-06-2026 02:00:00",28.806223,76.141105,NH3,1,3,2
India,Haryana,Bhiwani,"H.B. Colony, Bhiwani - HSPCB","28-06-2026 02:00:00",28.806223,76.141105,OZONE,7,20,13
India,Haryana,Faridabad,"Sector 11, Faridabad - HSPCB","28-06-2026 02:00:00",28.376058,77.315741,PM2.5,194,452,311
India,Haryana,Faridabad,"Sector 30, Faridabad - HSPCB","28-06-2026 02:00:00",28.4417,77.3217,CO,59,107,86
India,Haryana,Gurugram,"NISE Gwal Pahari, Gurugram - IITM","28-06-2026 02:00:00",28.422681,77.148944,NH3,NA,NA,NA
India,Haryana,Gurugram,"NISE Gwal Pahari, Gurugram - IITM","28-06-2026 02:00:00",28.422681,77.148944,SO2,NA,NA,NA
India,Haryana,Gurugram,"NISE Gwal Pahari, Gurugram - IITM","28-06-2026 02:00:00",28.422681,77.148944,CO,54,100,75
India,Haryana,Gurugram,"NISE Gwal Pahari, Gurugram - IITM","28-06-2026 02:00:00",28.422681,77.148944,OZONE,30,87,50
India,Gujarat,Nandesari,"GIDC, Nandesari - Nandesari Ind. Association","28-06-2026 02:00:00",22.410802,73.097923,CO,24,33,29
India,Gujarat,Rajkot,"Mavdi, Rajkot - Nexteng Enviro ","28-06-2026 02:00:00",22.248853,70.776774,PM2.5,25,50,37
India,Gujarat,Surat,"Katargam, Surat - Nexteng Enviro","28-06-2026 02:00:00",21.217779,72.834787,OZONE,5,6,6
India,Gujarat,Surat,"Science Center, Surat - SMC","28-06-2026 02:00:00",21.170046,72.795405,SO2,14,16,15
India,Gujarat,Vadodara,"Bapunagar, Vadodara - Nexteng Enviro","28-06-2026 02:00:00",22.320153,73.216285,PM10,48,116,74
India,Gujarat,Vadodara,"Bapunagar, Vadodara - Nexteng Enviro","28-06-2026 02:00:00",22.320153,73.216285,CO,86,94,92
India,Haryana,Bahadurgarh,"Arya Nagar, Bahadurgarh - HSPCB","28-06-2026 02:00:00",28.6701,76.9254,NO2,3,22,15
India,Haryana,Bahadurgarh,"Arya Nagar, Bahadurgarh - HSPCB","28-06-2026 02:00:00",28.6701,76.9254,SO2,5,7,6
India,Delhi,Delhi,"IIT Delhi, Delhi - IITM","28-06-2026 02:00:00",28.54246,77.191651,NO2,8,30,17
India,Delhi,Delhi,"IIT Delhi, Delhi - IITM","28-06-2026 02:00:00",28.54246,77.191651,CO,26,68,54
India,Delhi,Delhi,"Aya Nagar, Delhi - IITM","28-06-2026 02:00:00",28.4706914,77.1099364,PM2.5,23,321,93
India,Delhi,Delhi,"North Campus, DU, Delhi - IITM","28-06-2026 02:00:00",28.6573814,77.1585447,NH3,NA,NA,NA
India,Delhi,Delhi,"North Campus, DU, Delhi - IITM","28-06-2026 02:00:00",28.6573814,77.1585447,OZONE,9,148,41
India,Delhi,Delhi,"CRRI Mathura Road, Delhi - IITM","28-06-2026 02:00:00",28.5512005,77.2735737,NH3,NA,NA,NA
India,Delhi,Delhi,"CRRI Mathura Road, Delhi - IITM","28-06-2026 02:00:00",28.5512005,77.2735737,OZONE,14,110,43
India,Delhi,Delhi,"IMD Lodhi Road, Delhi - IITM","28-06-2026 02:00:00",28.5918245,77.2273074,PM2.5,49,167,86
India,Gujarat,Ankleshwar,"GIDC, Ankleshwar - GPCB","28-06-2026 02:00:00",21.613267,73.010555,NO2,27,28,27
India,Gujarat,Ankleshwar,"GIDC, Ankleshwar - GPCB","28-06-2026 02:00:00",21.613267,73.010555,OZONE,18,32,24
India,Gujarat,Bhavnagar,"Vidhyanagar, Bhavnagar - Nexteng Enviro","28-06-2026 02:00:00",21.755417,72.139056,PM2.5,13,39,22
India,Gujarat,Gandhinagar,"GIFT City, Gandhinagar - IITM","28-06-2026 02:00:00",23.163798,72.677768,NH3,21,35,30
India,Gujarat,Gandhinagar,"GIFT City, Gandhinagar - IITM","28-06-2026 02:00:00",23.163798,72.677768,CO,40,54,48
India,Gujarat,Mehsana,"Sadanand Nagar, Mehsana - Nexteng Enviro","28-06-2026 02:00:00",23.59315,72.372792,PM2.5,9,95,45
India,Haryana,Gurugram,"Sector-51, Gurugram - HSPCB","28-06-2026 02:00:00",28.4227,77.0667,NO2,23,68,40
India,Haryana,Gurugram,"Sector-51, Gurugram - HSPCB","28-06-2026 02:00:00",28.4227,77.0667,NH3,8,21,13
India,Haryana,Gurugram,"Sector-51, Gurugram - HSPCB","28-06-2026 02:00:00",28.4227,77.0667,SO2,7,8,7
India,Haryana,Jind,"Police Lines, Jind - HSPCB","28-06-2026 02:00:00",29.307814,76.337619,PM10,93,119,107
India,Haryana,Jind,"Police Lines, Jind - HSPCB","28-06-2026 02:00:00",29.307814,76.337619,NO2,9,23,17
India,Gujarat,Nandesari,"GIDC, Nandesari - Nandesari Ind. Association","28-06-2026 02:00:00",22.410802,73.097923,PM2.5,28,61,43
India,Gujarat,Nandesari,"GIDC, Nandesari - Nandesari Ind. Association","28-06-2026 02:00:00",22.410802,73.097923,PM10,43,81,58
India,Gujarat,Nandesari,"GIDC, Nandesari - Nandesari Ind. Association","28-06-2026 02:00:00",22.410802,73.097923,NH3,NA,NA,NA
India,Haryana,Kaithal,"Rishi Nagar, Kaithal - HSPCB","28-06-2026 02:00:00",29.8006,76.4155,OZONE,12,34,18
India,Haryana,Narnaul,"Shastri Nagar, Narnaul - HSPCB","28-06-2026 02:00:00",28.060249,76.113115,PM10,61,120,94
India,Haryana,Panchgaon,"Amity University, Panchgaon - IITM","28-06-2026 02:00:00",28.3153,76.9143,PM10,17,89,42
India,Haryana,Panipat,"Sector-18, Panipat - HSPCB","28-06-2026 02:00:00",29.432304,76.972765,PM10,44,427,226
India,Haryana,Panipat,"Sector-18, Panipat - HSPCB","28-06-2026 02:00:00",29.432304,76.972765,SO2,27,29,28
India,Haryana,Rohtak,"MD University, Rohtak - HSPCB","28-06-2026 02:00:00",28.52123,76.37138,PM10,56,142,111
India,Haryana,Rohtak,"MD University, Rohtak - HSPCB","28-06-2026 02:00:00",28.52123,76.37138,SO2,8,11,9
India,Haryana,Sirsa,"F-Block, Sirsa - HSPCB","28-06-2026 02:00:00",29.5364,75.0158,SO2,2,70,13
India,Haryana,Sonipat,"Murthal, Sonipat - HSPCB","28-06-2026 02:00:00",29.0272,77.0621,PM2.5,44,422,134
India,Haryana,Sonipat,"Murthal, Sonipat - HSPCB","28-06-2026 02:00:00",29.0272,77.0621,NH3,8,9,9
India,Haryana,Sonipat,"Murthal, Sonipat - HSPCB","28-06-2026 02:00:00",29.0272,77.0621,SO2,38,40,38
India,Haryana,Sonipat,"Murthal, Sonipat - HSPCB","28-06-2026 02:00:00",29.0272,77.0621,CO,10,27,19
India,Karnataka,Mysuru,"Hebbal 1st Stage, Mysuru - KSPCB","28-06-2026 02:00:00",12.21041,76.37376,PM10,29,66,48
India,Karnataka,Mysuru,"Hebbal 1st Stage, Mysuru - KSPCB","28-06-2026 02:00:00",12.21041,76.37376,SO2,1,5,3
India,Karnataka,Ramanagara,"Vijay Nagar, Ramanagara - KSPCB","28-06-2026 02:00:00",12.733409,77.298051,PM2.5,20,73,31
India,Karnataka,Ramanagara,"Vijay Nagar, Ramanagara - KSPCB","28-06-2026 02:00:00",12.733409,77.298051,PM10,25,101,40
India,Karnataka,Shivamogga,"Vinoba Nagara, Shivamogga - KSPCB","28-06-2026 02:00:00",13.94,75.555917,PM2.5,20,37,31
India,Karnataka,Shivamogga,"Vinoba Nagara, Shivamogga - KSPCB","28-06-2026 02:00:00",13.94,75.555917,CO,20,35,31
India,Karnataka,Shivamogga,"Vinoba Nagara, Shivamogga - KSPCB","28-06-2026 02:00:00",13.94,75.555917,OZONE,43,53,46
India,Karnataka,Vijayapura,"Ibrahimpur, Vijayapura - KSPCB","28-06-2026 02:00:00",16.802639,75.722694,PM2.5,30,31,30
India,Karnataka,Vijayapura,"Ibrahimpur, Vijayapura - KSPCB","28-06-2026 02:00:00",16.802639,75.722694,PM10,38,39,39
India,Karnataka,Yadgir,"Collector Office, Yadgir - KSPCB","28-06-2026 02:00:00",16.7602,77.1428,PM2.5,3,19,8
India,Karnataka,Bengaluru,"Bapuji Nagar, Bengaluru - KSPCB","28-06-2026 02:00:00",12.951913,77.539784,NO2,23,24,24
India,Karnataka,Bengaluru,"City Railway Station, Bengaluru - KSPCB","28-06-2026 02:00:00",12.9756843,77.5660749,PM2.5,NA,NA,NA
India,Karnataka,Bengaluru,"City Railway Station, Bengaluru - KSPCB","28-06-2026 02:00:00",12.9756843,77.5660749,NH3,NA,NA,NA
India,Karnataka,Bengaluru,"City Railway Station, Bengaluru - KSPCB","28-06-2026 02:00:00",12.9756843,77.5660749,CO,54,63,60
India,Karnataka,Bengaluru,"Jigani, Bengaluru - KSPCB","28-06-2026 02:00:00",12.7816279,77.6299145,PM2.5,34,57,43
India,Karnataka,Bengaluru,"Jigani, Bengaluru - KSPCB","28-06-2026 02:00:00",12.7816279,77.6299145,NO2,19,20,19
India,Karnataka,Bengaluru,"Jigani, Bengaluru - KSPCB","28-06-2026 02:00:00",12.7816279,77.6299145,NH3,3,3,3
India,Karnataka,Bengaluru,"Jigani, Bengaluru - KSPCB","28-06-2026 02:00:00",12.7816279,77.6299145,SO2,21,21,21
India,Karnataka,Bengaluru,"Jigani, Bengaluru - KSPCB","28-06-2026 02:00:00",12.7816279,77.6299145,OZONE,25,26,25
India,Karnataka,Bengaluru,"BTM Layout, Bengaluru - CPCB","28-06-2026 02:00:00",12.9135218,77.5950804,NH3,4,4,4
India,Karnataka,Bengaluru,"Jayanagar 5th Block, Bengaluru - KSPCB","28-06-2026 02:00:00",12.920984,77.584908,PM10,19,67,39
India,Karnataka,Bengaluru,"Jayanagar 5th Block, Bengaluru - KSPCB","28-06-2026 02:00:00",12.920984,77.584908,OZONE,35,54,47
India,Karnataka,Bengaluru,"Hombegowda Nagar, Bengaluru - KSPCB","28-06-2026 02:00:00",12.938539,77.5901,NH3,2,2,2
India,Karnataka,Chamarajanagar,"Urban, Chamarajanagar - KSPCB","28-06-2026 02:00:00",11.55358,76.55521,NH3,2,2,2
India,Karnataka,Chikkaballapur,"Chikkaballapur Rural, Chikkaballapur - KSPCB","28-06-2026 02:00:00",13.428828,77.731418,NO2,3,4,4
India,Karnataka,Chikkaballapur,"Chikkaballapur Rural, Chikkaballapur - KSPCB","28-06-2026 02:00:00",13.428828,77.731418,OZONE,38,39,38
India,Karnataka,Chikkamagaluru,"Kalyana Nagara, Chikkamagaluru - KSPCB","28-06-2026 02:00:00",13.328028,75.797056,CO,11,34,14
India,Haryana,"Yamuna Nagar","Gobind Pura, Yamuna Nagar - HSPCB","28-06-2026 02:00:00",30.1480566,77.2893471,CO,13,29,22
India,"Himachal Pradesh",Baddi,"HIMUDA Complex Phase-1, Baddi - HPPCB","28-06-2026 02:00:00",30.943887,76.801991,PM2.5,25,207,98
India,"Himachal Pradesh",Baddi,"HIMUDA Complex Phase-1, Baddi - HPPCB","28-06-2026 02:00:00",30.943887,76.801991,CO,49,61,55
India,"Himachal Pradesh",Baddi,"HIMUDA Complex Phase-1, Baddi - HPPCB","28-06-2026 02:00:00",30.943887,76.801991,OZONE,38,92,56
India,"Jammu and Kashmir",Pampore,"Khrew, Pampore - JKPCC","28-06-2026 02:00:00",34.031606,75.009712,PM2.5,13,75,34
India,"Jammu and Kashmir",Srinagar,"Rajbagh, Srinagar - JKPCC","28-06-2026 02:00:00",34.066206,74.81982,NO2,19,20,19
India,Karnataka,Dharwad,"Kalabhavan, Dharwad - KSPCB","28-06-2026 02:00:00",15.459706,75.008381,OZONE,27,27,27
India,Karnataka,Gadag,"Panchal Nagar, Gadag - KSPCB","28-06-2026 02:00:00",15.411456,75.638133,PM10,13,28,19
India,Karnataka,Gadag,"Panchal Nagar, Gadag - KSPCB","28-06-2026 02:00:00",15.411456,75.638133,NO2,0,17,15
India,Karnataka,Hubballi,"Lingaraj Nagar, Hubballi - KSPCB","28-06-2026 02:00:00",15.3714823,75.1160168,NO2,11,11,11
India,Karnataka,Kalaburagi,"Mahatma Basaveswar Colony, Kalaburgi - KSPCB","28-06-2026 02:00:00",17.336318,76.847397,PM10,14,48,24
India,Karnataka,Madikeri,"Stuart Hill, Madikeri - KSPCB","28-06-2026 02:00:00",12.415911,75.73505,NO2,NA,NA,NA
India,Haryana,Karnal,"Sector-12, Karnal - HSPCB","28-06-2026 02:00:00",29.6953,77.0027,CO,13,19,15
India,Haryana,Kurukshetra,"Sector-7, Kurukshetra - HSPCB","28-06-2026 02:00:00",29.966942,76.875879,OZONE,52,77,63
India,Haryana,Mandikhera,"General Hospital, Mandikhera(Nuh) - HSPCB","28-06-2026 02:00:00",27.9002,76.9938,NH3,9,10,10
India,Haryana,Mandikhera,"General Hospital, Mandikhera(Nuh) - HSPCB","28-06-2026 02:00:00",27.9002,76.9938,OZONE,54,57,56
India,Haryana,Manesar,"Sector-2 IMT, Manesar - HSPCB","28-06-2026 02:00:00",28.360699,76.93609,NO2,11,72,26
India,Jharkhand,Jorapokhar,"Tata Stadium, Jorapokhar - JSPCB","28-06-2026 02:00:00",23.707909,86.41467,SO2,4,4,4
India,Jharkhand,Jorapokhar,"Tata Stadium, Jorapokhar - JSPCB","28-06-2026 02:00:00",23.707909,86.41467,OZONE,2,4,3
India,Karnataka,Bagalkot,"Vidayagiri, Bagalkot - KSPCB","28-06-2026 02:00:00",16.172806,75.659694,NH3,1,1,1
India,Jharkhand,Dhanbad,"Sardar Patel Nagar, Dhanbad - JSPCB","28-06-2026 02:00:00",23.80569,86.44268,PM2.5,NA,NA,NA
India,Jharkhand,Jorapokhar,"Tata Stadium, Jorapokhar - JSPCB","28-06-2026 02:00:00",23.707909,86.41467,NH3,3,3,3
India,"Madhya Pradesh",Gwalior,"Maharaj Bada, Gwalior - MPPCB","28-06-2026 02:00:00",26.200388,78.147714,PM10,31,149,81
India,"Madhya Pradesh",Gwalior,"Maharaj Bada, Gwalior - MPPCB","28-06-2026 02:00:00",26.200388,78.147714,NH3,5,6,6
India,"Madhya Pradesh",Gwalior,"Maharaj Bada, Gwalior - MPPCB","28-06-2026 02:00:00",26.200388,78.147714,CO,13,69,41
India,"Madhya Pradesh",Gwalior,"City Center, Gwalior - MPPCB","28-06-2026 02:00:00",26.203442,78.193251,PM10,17,73,33
India,"Madhya Pradesh",Indore,"Regional Park, Indore - IMC","28-06-2026 02:00:00",22.678,75.8559,PM10,11,44,27
India,"Madhya Pradesh",Indore,"Regional Park, Indore - IMC","28-06-2026 02:00:00",22.678,75.8559,SO2,26,30,29
India,"Madhya Pradesh",Indore,"Regional Park, Indore - IMC","28-06-2026 02:00:00",22.678,75.8559,CO,94,102,100
India,"Madhya Pradesh",Indore,"Chhoti Gwaltoli, Indore - MPPCB","28-06-2026 02:00:00",22.431,75.5213,PM2.5,12,58,39
India,"Madhya Pradesh",Indore,"Chhoti Gwaltoli, Indore - MPPCB","28-06-2026 02:00:00",22.431,75.5213,PM10,12,261,80
India,"Madhya Pradesh",Indore,"Chhoti Gwaltoli, Indore - MPPCB","28-06-2026 02:00:00",22.431,75.5213,NO2,47,97,68
India,"Madhya Pradesh",Indore,"Chhoti Gwaltoli, Indore - MPPCB","28-06-2026 02:00:00",22.431,75.5213,CO,26,91,55
India,"Madhya Pradesh",Indore,"Residency Area, Indore - IMC","28-06-2026 02:00:00",22.7084,75.8815,NO2,2,11,6
India,"Madhya Pradesh",Indore,"Residency Area, Indore - IMC","28-06-2026 02:00:00",22.7084,75.8815,SO2,3,4,3
India,"Madhya Pradesh",Jabalpur,"Govindh Bhavan Colony, Jabalpur - JMC","28-06-2026 02:00:00",23.163174,79.973061,NO2,8,11,10
India,"Madhya Pradesh",Jabalpur,"Marhatal, Jabalpur - MPPCB","28-06-2026 02:00:00",23.168606,79.932247,PM2.5,16,37,27
India,"Madhya Pradesh",Jabalpur,"Marhatal, Jabalpur - MPPCB","28-06-2026 02:00:00",23.168606,79.932247,SO2,5,9,7
India,Maharashtra,Amravati,"Shri Shivaji Science College, Amravati - MPCB","28-06-2026 02:00:00",20.939198,77.765701,PM2.5,12,34,24
India,Maharashtra,Amravati,"Shri Shivaji Science College, Amravati - MPCB","28-06-2026 02:00:00",20.939198,77.765701,NH3,3,5,4
India,Maharashtra,Amravati,"Shri Shivaji Science College, Amravati - MPCB","28-06-2026 02:00:00",20.939198,77.765701,CO,26,42,31
India,Maharashtra,Aurangabad,"Rachnakar Colony, Aurangabad - MPCB","28-06-2026 02:00:00",19.863756,75.321188,OZONE,8,9,8
India,Maharashtra,Aurangabad,"More Chowk Waluj, Aurangabad - MPCB","28-06-2026 02:00:00",19.8389439,75.244448,PM10,45,56,51
India,Maharashtra,Aurangabad,"More Chowk Waluj, Aurangabad - MPCB","28-06-2026 02:00:00",19.8389439,75.244448,CO,3,110,55
India,Maharashtra,Aurangabad,"MIDC Chilkalthana, Aurangabad - MPCB","28-06-2026 02:00:00",19.87562,75.38731,PM10,37,117,72
India,Maharashtra,Aurangabad,"MIDC Chilkalthana, Aurangabad - MPCB","28-06-2026 02:00:00",19.87562,75.38731,NH3,1,3,2
India,Maharashtra,Aurangabad,"MIDC Chilkalthana, Aurangabad - MPCB","28-06-2026 02:00:00",19.87562,75.38731,OZONE,12,32,20
India,Maharashtra,Beed,"Bir, Beed - MPCB","28-06-2026 02:00:00",18.988474,75.753873,SO2,1,4,3
India,Maharashtra,Bhiwandi,"Gokul Nagar, Bhiwandi - MPCB","28-06-2026 02:00:00",19.309073,73.057223,PM10,44,71,58
India,Maharashtra,Bhiwandi,"Gokul Nagar, Bhiwandi - MPCB","28-06-2026 02:00:00",19.309073,73.057223,NH3,5,8,6
India,Maharashtra,Boisar,"Khaira, Boisar - MPCB","28-06-2026 02:00:00",19.786089,72.757971,OZONE,19,196,76
India,Maharashtra,Chandrapur,"Chauhan Colony, Chandrapur - MPCB","28-06-2026 02:00:00",19.9629,79.298714,PM2.5,2,303,53
India,Maharashtra,Chandrapur,"Chauhan Colony, Chandrapur - MPCB","28-06-2026 02:00:00",19.9629,79.298714,NO2,33,194,90
India,Maharashtra,Chandrapur,"MIDC Khutala, Chandrapur - MPCB","28-06-2026 02:00:00",19.9775302,79.2337086,PM10,25,90,46
India,Maharashtra,Chandrapur,"MIDC Khutala, Chandrapur - MPCB","28-06-2026 02:00:00",19.9775302,79.2337086,NO2,12,15,14
India,Maharashtra,Chandrapur,"MIDC Khutala, Chandrapur - MPCB","28-06-2026 02:00:00",19.9775302,79.2337086,NH3,4,5,5
India,Maharashtra,Dombivli,"Kalu Nagar, Dombivli - MPCB","28-06-2026 02:00:00",19.2268427,73.0788456,CO,13,20,16
India,Maharashtra,Hingoli,"Ashta Vinayak Nagar, Hingoli - MPCB","28-06-2026 02:00:00",19.710842,77.151824,NH3,1,6,2
India,Maharashtra,Jalgaon,"Prabhat Colony, Jalgaon - MPCB","28-06-2026 02:00:00",21.001264,75.565602,NO2,10,31,17
India,Maharashtra,Jalgaon,"Prabhat Colony, Jalgaon - MPCB","28-06-2026 02:00:00",21.001264,75.565602,OZONE,41,51,46
India,Maharashtra,Kalyan,"Khadakpada, Kalyan - MPCB","28-06-2026 02:00:00",19.25292,73.142019,NH3,1,1,1
India,Maharashtra,Kalyan,"Pimpleshwar Mandir, Kalyan - MPCB","28-06-2026 02:00:00",19.192056,72.9585188,PM2.5,5,76,28
India,Maharashtra,Kalyan,"Pimpleshwar Mandir, Kalyan - MPCB","28-06-2026 02:00:00",19.192056,72.9585188,PM10,40,88,78
India,Maharashtra,Kalyan,"Pimpleshwar Mandir, Kalyan - MPCB","28-06-2026 02:00:00",19.192056,72.9585188,SO2,NA,NA,NA
India,Maharashtra,Kolhapur,"Sinchan Bhavan, Kolhapur - MPCB","28-06-2026 02:00:00",16.7143745,74.2426398,PM2.5,10,29,18
India,Maharashtra,Kolhapur,"Sinchan Bhavan, Kolhapur - MPCB","28-06-2026 02:00:00",16.7143745,74.2426398,PM10,17,40,29
India,Maharashtra,Kolhapur,"Shivaji University, Kolhapur - MPCB","28-06-2026 02:00:00",16.6870449,74.2505872,NO2,6,18,12
India,"Madhya Pradesh",Bhopal,"Paryavaran Parisar, Bhopal - MPPCB","28-06-2026 02:00:00",23.210494,77.425409,CO,13,18,15
India,"Madhya Pradesh",Bhopal,"T T Nagar, Bhopal - MPPCB","28-06-2026 02:00:00",23.233584,77.400574,NO2,11,20,16
India,"Madhya Pradesh",Bhopal,"T T Nagar, Bhopal - MPPCB","28-06-2026 02:00:00",23.233584,77.400574,CO,19,35,28
India,"Madhya Pradesh",Damoh,"Shrivastav Colony, Damoh - MPPCB","28-06-2026 02:00:00",23.81748678,79.446246,PM2.5,11,45,31
India,"Madhya Pradesh",Damoh,"Shrivastav Colony, Damoh - MPPCB","28-06-2026 02:00:00",23.81748678,79.446246,SO2,41,57,50
India,"Madhya Pradesh",Dewas,"Bhopal Chauraha, Dewas - MPPCB","28-06-2026 02:00:00",22.9682591,76.064118,NO2,74,111,88
India,"Madhya Pradesh",Dewas,"Bhopal Chauraha, Dewas - MPPCB","28-06-2026 02:00:00",22.9682591,76.064118,OZONE,13,17,16
India,"Madhya Pradesh",Gwalior,"Deen Dayal Nagar, Gwalior - MPPCB","28-06-2026 02:00:00",26.259242,78.216432,PM2.5,24,88,45
India,"Madhya Pradesh",Gwalior,"Deen Dayal Nagar, Gwalior - MPPCB","28-06-2026 02:00:00",26.259242,78.216432,PM10,35,179,87
India,"Madhya Pradesh",Jabalpur,"Marhatal, Jabalpur - MPPCB","28-06-2026 02:00:00",23.168606,79.932247,OZONE,25,51,36
India,"Madhya Pradesh",Jabalpur,"Gupteshwar, Jabalpur - JMC","28-06-2026 02:00:00",23.142888,79.916147,OZONE,2,4,3
India,"Madhya Pradesh",Jabalpur,"Suhagi, Jabalpur - JMC","28-06-2026 02:00:00",23.218135,79.95777,CO,55,83,66
India,"Madhya Pradesh",Jabalpur,"Suhagi, Jabalpur - JMC","28-06-2026 02:00:00",23.218135,79.95777,OZONE,12,63,33
India,"Madhya Pradesh",Katni,"Gole Bazar, Katni - MPPCB","28-06-2026 02:00:00",23.50016,80.23284,CO,26,38,33
India,"Madhya Pradesh",Mandideep,"Sector-D Industrial Area, Mandideep - MPPCB","28-06-2026 02:00:00",23.10844,77.511428,PM10,14,166,77
India,"Madhya Pradesh",Mandideep,"Sector-D Industrial Area, Mandideep - MPPCB","28-06-2026 02:00:00",23.10844,77.511428,OZONE,21,65,38
India,"Madhya Pradesh",Ratlam,"Shasthri Nagar, Ratlam - IPCA Lab","28-06-2026 02:00:00",23.331731,75.045981,OZONE,NA,NA,NA
India,Maharashtra,Ahmednagar,"Tarakpur, Ahmednagar - MPCB","28-06-2026 02:00:00",19.10122,74.73339,PM2.5,3,289,33
India,Maharashtra,Ahmednagar,"Tarakpur, Ahmednagar - MPCB","28-06-2026 02:00:00",19.10122,74.73339,PM10,23,84,47
India,Maharashtra,Ahmednagar,"Tarakpur, Ahmednagar - MPCB","28-06-2026 02:00:00",19.10122,74.73339,NO2,8,57,24
India,Maharashtra,Akola,"Ramdaspeth, Akola - MPCB","28-06-2026 02:00:00",20.719516,77.000253,NO2,7,19,10
India,Maharashtra,Akola,"Ramdaspeth, Akola - MPCB","28-06-2026 02:00:00",20.719516,77.000253,NH3,6,8,7
India,Maharashtra,Ambernath,"Chinchpada, Ambernath - MPCB","28-06-2026 02:00:00",19.215784,73.199781,NO2,14,32,21
India,Maharashtra,Amravati,"Shivneri Colony, Amravati - MPCB","28-06-2026 02:00:00",20.9402359,77.7895248,PM2.5,3,39,20
India,Karnataka,Yadgir,"Collector Office, Yadgir - KSPCB","28-06-2026 02:00:00",16.7602,77.1428,NH3,1,1,1
India,Kerala,Kannur,"Thavakkara, Kannur - Kerala PCB","28-06-2026 02:00:00",11.875,75.3732,PM10,NA,NA,NA
India,Kerala,Kannur,"Thavakkara, Kannur - Kerala PCB","28-06-2026 02:00:00",11.875,75.3732,NH3,NA,NA,NA
India,Kerala,Thiruvananthapuram,"Plammoodu, Thiruvananthapuram - Kerala PCB","28-06-2026 02:00:00",8.5149093,76.9435879,PM2.5,9,33,20
India,Kerala,Thiruvananthapuram,"Plammoodu, Thiruvananthapuram - Kerala PCB","28-06-2026 02:00:00",8.5149093,76.9435879,SO2,4,22,15
India,"Madhya Pradesh",Satna,"Bandhavgar Colony, Satna - Birla Cement","28-06-2026 02:00:00",24.58434363,80.8549414,PM10,69,71,70
India,"Madhya Pradesh",Satna,"Bandhavgar Colony, Satna - Birla Cement","28-06-2026 02:00:00",24.58434363,80.8549414,NH3,NA,NA,NA
India,"Madhya Pradesh",Singrauli,"Suryakiran Bhawan NCL, Singrauli - MPPCB","28-06-2026 02:00:00",24.10897,82.64558,NH3,3,3,3
India,"Madhya Pradesh",Singrauli,"Suryakiran Bhawan NCL, Singrauli - MPPCB","28-06-2026 02:00:00",24.10897,82.64558,SO2,37,89,53
India,Maharashtra,Mumbai,"Byculla, Mumbai - BMC","28-06-2026 02:00:00",18.9767,72.838,NH3,2,4,2
India,Maharashtra,Mumbai,"Byculla, Mumbai - BMC","28-06-2026 02:00:00",18.9767,72.838,SO2,4,10,7
India,Maharashtra,Mumbai,"Borivali East, Mumbai - IITM","28-06-2026 02:00:00",19.23241,72.86895,PM2.5,8,45,25
India,Maharashtra,Mumbai,"Mindspace-Malad West, Mumbai - MPCB","28-06-2026 02:00:00",19.1878657,72.8304069,NH3,9,10,9
India,Maharashtra,Mumbai,"Bandra Kurla Complex, Mumbai - IITM","28-06-2026 02:00:00",19.053536,72.84643,PM10,35,78,48
India,Maharashtra,Mumbai,"Deonar, Mumbai - IITM","28-06-2026 02:00:00",19.04946,72.923,NO2,7,20,11
India,Maharashtra,Mumbai,"Deonar, Mumbai - IITM","28-06-2026 02:00:00",19.04946,72.923,NH3,6,7,7
India,Maharashtra,Mumbai,"Deonar, Mumbai - IITM","28-06-2026 02:00:00",19.04946,72.923,OZONE,5,15,8
India,Maharashtra,Mumbai,"Chhatrapati Shivaji Intl. Airport (T2), Mumbai - MPCB","28-06-2026 02:00:00",19.10078,72.87462,PM10,NA,NA,NA
India,Maharashtra,Mumbai,"Siddharth Nagar-Worli, Mumbai - IITM","28-06-2026 02:00:00",19.000083,72.813993,PM2.5,25,37,30
India,Maharashtra,Mumbai,"Malad West, Mumbai - IITM","28-06-2026 02:00:00",19.19709,72.82204,PM10,21,81,47
India,Maharashtra,Pimpri-Chinchwad,"Park Street Wakad, Pimpri Chinchwad - MPCB","28-06-2026 02:00:00",18.59051,73.77946,OZONE,23,26,25
India,Maharashtra,Pimpri-Chinchwad,"Bhosari, Pune - IITM","28-06-2026 02:00:00",18.640051,73.848956,PM2.5,10,84,39
India,Maharashtra,Pimpri-Chinchwad,"Thergaon, Pimpri Chinchwad - MPCB","28-06-2026 02:00:00",18.616318,73.765797,NH3,1,15,5
India,Maharashtra,Pimpri-Chinchwad,"Thergaon, Pimpri Chinchwad - MPCB","28-06-2026 02:00:00",18.616318,73.765797,OZONE,6,6,6
India,Maharashtra,Pimpri-Chinchwad,"Savta Mali Nagar, Pimpri-Chinchwad - IITM","28-06-2026 02:00:00",18.614767,73.799516,PM2.5,11,46,21
India,Maharashtra,Pune,"Revenue Colony-Shivajinagar, Pune - IITM","28-06-2026 02:00:00",18.530085,73.849598,PM10,23,53,36
India,Maharashtra,Pune,"Savitribai Phule Pune University, Pune - MPCB","28-06-2026 02:00:00",18.547056,73.826908,PM10,20,37,28
India,Maharashtra,Pune,"Savitribai Phule Pune University, Pune - MPCB","28-06-2026 02:00:00",18.547056,73.826908,NH3,1,2,1
India,Maharashtra,Pune,"Savitribai Phule Pune University, Pune - MPCB","28-06-2026 02:00:00",18.547056,73.826908,CO,30,59,38
India,Maharashtra,Pune,"Panchawati_Pashan, Pune - IITM","28-06-2026 02:00:00",18.536457,73.805454,PM10,35,54,44
India,Maharashtra,"Navi Mumbai","Kopripada-Vashi, Navi Mumbai - MPCB","28-06-2026 02:00:00",19.090337,73.014232,NH3,8,11,9
India,Maharashtra,"Navi Mumbai","Kopripada-Vashi, Navi Mumbai - MPCB","28-06-2026 02:00:00",19.090337,73.014232,CO,17,41,27
India,Maharashtra,"Navi Mumbai","Sector-2E Kalamboli, Navi Mumbai - MPCB","28-06-2026 02:00:00",19.02579,73.10297,NO2,11,17,14
India,Maharashtra,"Navi Mumbai","Tondare-Taloja, Navi Mumbai - MPCB","28-06-2026 02:00:00",19.063,73.1209,PM2.5,22,47,33
India,Maharashtra,"Navi Mumbai","Tondare-Taloja, Navi Mumbai - MPCB","28-06-2026 02:00:00",19.063,73.1209,SO2,10,25,17
India,Maharashtra,"Navi Mumbai","Tondare-Taloja, Navi Mumbai - MPCB","28-06-2026 02:00:00",19.063,73.1209,CO,NA,NA,NA
India,Maharashtra,"Navi Mumbai","Mahape, Navi Mumbai - MPCB","28-06-2026 02:00:00",19.1135051,73.008978,CO,NA,NA,NA
India,Maharashtra,"Navi Mumbai","Sanpada, Navi Mumbai - MPCB","28-06-2026 02:00:00",19.0575752,73.0151367,PM2.5,19,20,19
India,Maharashtra,Parbhani,"Masoom Colony, Parbhani - MPCB","28-06-2026 02:00:00",19.265594,76.761463,PM2.5,24,55,41
India,Maharashtra,Parbhani,"Masoom Colony, Parbhani - MPCB","28-06-2026 02:00:00",19.265594,76.761463,NH3,3,5,4
India,Maharashtra,Mumbai,"Bandra Kurla Complex, Mumbai - MPCB","28-06-2026 02:00:00",19.065931,72.862131,SO2,2,4,3
India,Maharashtra,Mumbai,"Navy Nagar-Colaba, Mumbai - IITM","28-06-2026 02:00:00",18.897756,72.81332,PM2.5,8,42,22
India,Maharashtra,Mumbai,"Navy Nagar-Colaba, Mumbai - IITM","28-06-2026 02:00:00",18.897756,72.81332,SO2,0,12,6
India,Maharashtra,Mumbai,"Khindipada-Bhandup West, Mumbai - IITM","28-06-2026 02:00:00",19.1653323,72.922099,PM10,35,90,62
India,Maharashtra,Mumbai,"Khindipada-Bhandup West, Mumbai - IITM","28-06-2026 02:00:00",19.1653323,72.922099,OZONE,1,35,14
India,Maharashtra,Mumbai,"Chembur, Mumbai - MPCB","28-06-2026 02:00:00",19.0364585,72.8954371,NO2,8,24,17
India,Maharashtra,Mumbai,"Chembur, Mumbai - MPCB","28-06-2026 02:00:00",19.0364585,72.8954371,CO,NA,NA,NA
India,Maharashtra,Mumbai,"Chembur, Mumbai - MPCB","28-06-2026 02:00:00",19.0364585,72.8954371,OZONE,8,21,15
India,Maharashtra,Mumbai,"Kherwadi_Bandra East, Mumbai - MPCB","28-06-2026 02:00:00",19.0632143,72.8456324,PM2.5,14,50,29
India,Maharashtra,Mumbai,"Malad West, Mumbai - IITM","28-06-2026 02:00:00",19.19709,72.82204,NH3,3,6,4
India,Maharashtra,Mumbai,"Powai, Mumbai - MPCB","28-06-2026 02:00:00",19.1375,72.915056,SO2,20,24,22
India,Maharashtra,Mumbai,"Sewri, Mumbai - BMC","28-06-2026 02:00:00",19.000084,72.85673,SO2,NA,NA,NA
India,Maharashtra,Mumbai,"Chakala-Andheri East, Mumbai - IITM","28-06-2026 02:00:00",19.11074,72.86084,SO2,1,12,6
India,Maharashtra,Nagpur,"Ram Nagar, Nagpur - MPCB","28-06-2026 02:00:00",21.143383,79.048912,NO2,7,26,12
India,Maharashtra,Nagpur,"Ram Nagar, Nagpur - MPCB","28-06-2026 02:00:00",21.143383,79.048912,SO2,0,6,2
India,Maharashtra,Nagpur,"Mahal, Nagpur - MPCB","28-06-2026 02:00:00",21.14472,79.107595,SO2,5,23,11
India,Maharashtra,Nagpur,"Opp GPO Civil Lines, Nagpur - MPCB","28-06-2026 02:00:00",21.152875,79.0517531,CO,17,52,34
India,Maharashtra,Nanded,"Sneh Nagar, Nanded - MPCB","28-06-2026 02:00:00",19.173852,77.296291,NO2,NA,NA,NA
India,Maharashtra,Nanded,"Sneh Nagar, Nanded - MPCB","28-06-2026 02:00:00",19.173852,77.296291,SO2,14,29,16
India,Maharashtra,Nashik,"Pandav Nagari, Nashik - MPCB","28-06-2026 02:00:00",19.9591346,73.7788008,PM2.5,21,32,26
India,Maharashtra,Nashik,"Pandav Nagari, Nashik - MPCB","28-06-2026 02:00:00",19.9591346,73.7788008,SO2,1,4,3
India,Maharashtra,Nashik,"MIDC Ambad, Nashik - MPCB","28-06-2026 02:00:00",19.95022,73.73148,NO2,3,7,5
India,Maharashtra,Nashik,"MIDC Ambad, Nashik - MPCB","28-06-2026 02:00:00",19.95022,73.73148,CO,17,20,18
India,Maharashtra,Nashik,"Hirawadi, Nashik - MPCB","28-06-2026 02:00:00",20.021503,73.813844,PM10,35,64,48
India,Maharashtra,Nashik,"Gangapur Road, Nashik - MPCB","28-06-2026 02:00:00",20.0073285,73.7762427,NH3,3,3,3
India,Maharashtra,Mumbai,"Ghatkopar, Mumbai - BMC","28-06-2026 02:00:00",19.083694,72.920967,CO,20,48,29
India,Maharashtra,Mumbai,"Kandivali West, Mumbai - BMC","28-06-2026 02:00:00",19.215859,72.831718,PM10,53,55,54
India,Maharashtra,Mumbai,"Kandivali West, Mumbai - BMC","28-06-2026 02:00:00",19.215859,72.831718,NH3,0,2,1
India,Maharashtra,Mumbai,"Kandivali West, Mumbai - BMC","28-06-2026 02:00:00",19.215859,72.831718,SO2,0,3,2
India,Maharashtra,Mumbai,"Worli, Mumbai - MPCB","28-06-2026 02:00:00",18.9936162,72.8128113,PM2.5,13,48,27
India,Maharashtra,Pune,"Panchawati_Pashan, Pune - IITM","28-06-2026 02:00:00",18.536457,73.805454,SO2,NA,NA,NA
India,Maharashtra,Pune,"Panchawati_Pashan, Pune - IITM","28-06-2026 02:00:00",18.536457,73.805454,OZONE,3,6,4
India,Maharashtra,Pune,"Dhankawadi, Pune - IITM","28-06-2026 02:00:00",18.459883,73.852193,NH3,NA,NA,NA
India,Maharashtra,Pune,"Dhankawadi, Pune - IITM","28-06-2026 02:00:00",18.459883,73.852193,CO,40,95,67
India,Maharashtra,Pune,"Hadapsar, Pune - IITM","28-06-2026 02:00:00",18.501793,73.927532,NH3,NA,NA,NA
India,Maharashtra,Latur,"Sawe Wadi, Latur - MPCB","28-06-2026 02:00:00",18.39963,76.57452,SO2,1,5,4
India,Punjab,Bathinda,"Hardev Nagar, Bathinda - PPCB","28-06-2026 02:00:00",30.233011,74.907758,NO2,30,35,33
India,Punjab,Bathinda,"Hardev Nagar, Bathinda - PPCB","28-06-2026 02:00:00",30.233011,74.907758,CO,46,53,50
India,Punjab,Jalandhar,"Civil Line, Jalandhar - PPCB","28-06-2026 02:00:00",31.321907,75.578914,NH3,5,5,5
India,Punjab,Khanna,"Kalal Majra, Khanna - PPCB","28-06-2026 02:00:00",30.736056,76.209694,PM10,63,78,70
India,Punjab,Khanna,"Kalal Majra, Khanna - PPCB","28-06-2026 02:00:00",30.736056,76.209694,NH3,7,7,7
India,Punjab,Khanna,"Kalal Majra, Khanna - PPCB","28-06-2026 02:00:00",30.736056,76.209694,SO2,16,17,16
India,Punjab,Khanna,"Kalal Majra, Khanna - PPCB","28-06-2026 02:00:00",30.736056,76.209694,OZONE,19,30,27
India,Punjab,Ludhiana,"Punjab Agricultural University, Ludhiana - PPCB","28-06-2026 02:00:00",30.9028,75.8086,NH3,13,14,13
India,Punjab,"Mandi Gobindgarh","RIMT University, Mandi Gobindgarh - PPCB","28-06-2026 02:00:00",30.649961,76.331442,SO2,NA,NA,NA
India,Punjab,Patiala,"Model Town, Patiala - PPCB","28-06-2026 02:00:00",30.349388,76.366642,NO2,NA,NA,NA
India,Punjab,Rupnagar,"Ratanpura, Rupnagar - Ambuja Cements","28-06-2026 02:00:00",31.0325454,76.5623046,NO2,9,46,27
India,Punjab,Rupnagar,"Ratanpura, Rupnagar - Ambuja Cements","28-06-2026 02:00:00",31.0325454,76.5623046,SO2,12,16,15
India,Mizoram,Aizawl,"Sikulpuikawn, Aizawl - Mizoram PCB","28-06-2026 02:00:00",23.7176342,92.7192841,SO2,14,16,15
India,Mizoram,Aizawl,"Sikulpuikawn, Aizawl - Mizoram PCB","28-06-2026 02:00:00",23.7176342,92.7192841,OZONE,3,6,5
India,Nagaland,Kohima,"PWD Junction, Kohima - NPCB","28-06-2026 02:00:00",25.6635413,94.0989878,PM10,6,35,19
India,Nagaland,Kohima,"PWD Junction, Kohima - NPCB","28-06-2026 02:00:00",25.6635413,94.0989878,NO2,3,4,3
India,Nagaland,Kohima,"PWD Junction, Kohima - NPCB","28-06-2026 02:00:00",25.6635413,94.0989878,OZONE,NA,NA,NA
India,Odisha,Angul,"Hakimapada, Angul - OSPCB","28-06-2026 02:00:00",20.832874,85.104082,CO,24,55,38
India,Odisha,Balasore,"Kalidaspur, Balasore - OSPCB","28-06-2026 02:00:00",21.51161,86.89088,NH3,2,3,3
India,Odisha,Balasore,"Kalidaspur, Balasore - OSPCB","28-06-2026 02:00:00",21.51161,86.89088,SO2,2,4,3
India,Odisha,Barbil,"Forest Office, Barbil - OSPCB","28-06-2026 02:00:00",22.1166054,85.3945546,SO2,6,25,11
India,Odisha,Baripada,"Meher Colony, Baripada - OSPCB","28-06-2026 02:00:00",21.941841,86.728318,PM2.5,21,49,35
India,Odisha,Baripada,"Meher Colony, Baripada - OSPCB","28-06-2026 02:00:00",21.941841,86.728318,CO,9,28,16
India,Odisha,Baripada,"Meher Colony, Baripada - OSPCB","28-06-2026 02:00:00",21.941841,86.728318,OZONE,27,75,43
India,Maharashtra,Thane,"Upvan Fort, Thane - MPCB","28-06-2026 02:00:00",19.222279,72.957979,NO2,19,38,30
India,Maharashtra,Thane,"Upvan Fort, Thane - MPCB","28-06-2026 02:00:00",19.222279,72.957979,NH3,4,9,7
India,Maharashtra,Thane,"Kasarvadavali, Thane - MPCB","28-06-2026 02:00:00",19.26777,72.97182,CO,8,14,11
India,Maharashtra,Ulhasnagar,"Vithalwadi, Ulhasnagar - MPCB","28-06-2026 02:00:00",19.2307571,73.155192,PM10,9,40,26
India,Maharashtra,Ulhasnagar,"Vithalwadi, Ulhasnagar - MPCB","28-06-2026 02:00:00",19.2307571,73.155192,NO2,7,16,11
India,Maharashtra,Ulhasnagar,"Vithalwadi, Ulhasnagar - MPCB","28-06-2026 02:00:00",19.2307571,73.155192,CO,14,21,17
India,Maharashtra,Ulhasnagar,"Sidhi Vinayak Nagar, Ulhasnagar - MPCB","28-06-2026 02:00:00",19.235581,73.159121,NH3,3,7,5
India,Meghalaya,Byrnihat,"Tamulikuchi, Byrnihat - Meghalaya PCB","28-06-2026 02:00:00",26.079047,91.875185,PM2.5,37,323,128
India,Meghalaya,Shillong,"Lumpyngngad, Shillong - Meghalaya PCB","28-06-2026 02:00:00",25.5586,91.8985,SO2,11,12,11
India,Odisha,Cuttack,"CDA Area, Cuttack - OSPCB","28-06-2026 02:00:00",20.48891,85.84768,PM2.5,10,82,36
India,Odisha,Keonjhar,"Jagamohanpur, Keonjhar - OSPCB","28-06-2026 02:00:00",21.6439,85.599355,NO2,13,17,15
India,Odisha,Keonjhar,"Jagamohanpur, Keonjhar - OSPCB","28-06-2026 02:00:00",21.6439,85.599355,CO,33,38,36
India,Odisha,Rairangpur,"Divisional Forest Office, Rairangpur - OSPCB","28-06-2026 02:00:00",22.265816,86.174829,NO2,6,7,7
India,Odisha,Rairangpur,"Divisional Forest Office, Rairangpur - OSPCB","28-06-2026 02:00:00",22.265816,86.174829,NH3,3,3,3
India,Odisha,Rairangpur,"Divisional Forest Office, Rairangpur - OSPCB","28-06-2026 02:00:00",22.265816,86.174829,SO2,6,11,9
India,Odisha,Rourkela,"Fertilizer Township, Rourkela - OSPCB","28-06-2026 02:00:00",22.18972222,84.86277778,SO2,10,14,12
India,Odisha,Rourkela,"Fertilizer Township, Rourkela - OSPCB","28-06-2026 02:00:00",22.18972222,84.86277778,OZONE,NA,NA,NA
India,Odisha,Suakati,"OMC Colony, Suakati - OSPCB","28-06-2026 02:00:00",21.606865,85.510538,NH3,3,3,3
India,Rajasthan,Bhiwadi,"Vasundhara Nagar_UIT, Bhiwadi - RSPCB","28-06-2026 02:00:00",28.207266,76.829265,NH3,4,14,8
India,Rajasthan,Bikaner,"MM Ground, Bikaner - RSPCB","28-06-2026 02:00:00",28.018792,73.292658,PM2.5,15,60,28
India,Rajasthan,Bikaner,"MM Ground, Bikaner - RSPCB","28-06-2026 02:00:00",28.018792,73.292658,SO2,3,10,6
India,Rajasthan,Bundi,"New Colony, Bundi - RSPCB","28-06-2026 02:00:00",25.435774,75.644272,PM2.5,5,32,21
India,Rajasthan,Bundi,"New Colony, Bundi - RSPCB","28-06-2026 02:00:00",25.435774,75.644272,NO2,16,37,26
India,Rajasthan,Bundi,"New Colony, Bundi - RSPCB","28-06-2026 02:00:00",25.435774,75.644272,SO2,5,9,7
India,Rajasthan,Chittorgarh,"Shastri Nagar, Chittorgarh - RSPCB","28-06-2026 02:00:00",24.892047,74.623527,PM10,27,109,63
India,Odisha,Suakati,"OMC Colony, Suakati - OSPCB","28-06-2026 02:00:00",21.606865,85.510538,CO,1,5,3
India,Odisha,Tensa,"Barsua Iron Ore Mines, Tensa - OSPCB","28-06-2026 02:00:00",21.869985,85.167016,PM2.5,11,33,17
India,Puducherry,Puducherry,"Jawahar Nagar, Puducherry - PPCC","28-06-2026 02:00:00",11.9309,79.8027,SO2,5,9,7
India,Punjab,Amritsar,"Golden Temple, Amritsar - PPCB","28-06-2026 02:00:00",31.62,74.876512,NO2,13,29,20
India,Odisha,Bhubaneswar,"Lingraj Mandir, Bhubaneswar - OSPCB","28-06-2026 02:00:00",20.24079,85.836784,SO2,3,7,4
India,Odisha,Bhubaneswar,"Lingraj Mandir, Bhubaneswar - OSPCB","28-06-2026 02:00:00",20.24079,85.836784,CO,57,72,64
India,Odisha,Bileipada,"Tata Township, Bileipada - OSPCB","28-06-2026 02:00:00",22.06156703,85.47409613,PM2.5,2,72,32
India,Odisha,Byasanagar,"Ferro Chrome Colony, Byasanagar - OSPCB","28-06-2026 02:00:00",20.94185,86.1151,NO2,6,46,19
India,Maharashtra,Sangli,"Vijay Nagar, Sangli - MPCB","28-06-2026 02:00:00",16.5038,74.3623,SO2,NA,NA,NA
India,Maharashtra,Solapur,"Ratandeep Housing Society, Solapur - MPCB","28-06-2026 02:00:00",17.65439,75.90649,NH3,3,8,5
India,Rajasthan,Bharatpur,"Krishna Nagar, Bharatpur - RSPCB","28-06-2026 02:00:00",27.215415,77.50873,PM2.5,8,37,19
India,Rajasthan,Bhilwara,"Pratap Nagar, Bhilwara - RSPCB","28-06-2026 02:00:00",25.339605,74.618883,SO2,4,14,8
India,Rajasthan,Rajsamand,"Dhoinda, Rajsamand - RSPCB","28-06-2026 02:00:00",25.03636,73.883502,PM2.5,8,55,23
India,Rajasthan,Rajsamand,"Dhoinda, Rajsamand - RSPCB","28-06-2026 02:00:00",25.03636,73.883502,NO2,9,24,16
India,Rajasthan,Rajsamand,"Dhoinda, Rajsamand - RSPCB","28-06-2026 02:00:00",25.03636,73.883502,CO,8,15,12
India,Rajasthan,"Sawai Madhopur","Sahu Nagar, Sawai Madhopur - RSPCB","28-06-2026 02:00:00",26.031443,76.359327,PM2.5,2,56,24
India,Rajasthan,"Sawai Madhopur","Sahu Nagar, Sawai Madhopur - RSPCB","28-06-2026 02:00:00",26.031443,76.359327,NH3,0,17,5
India,Rajasthan,"Sawai Madhopur","Sahu Nagar, Sawai Madhopur - RSPCB","28-06-2026 02:00:00",26.031443,76.359327,CO,35,76,53
India,Rajasthan,"Sawai Madhopur","Sahu Nagar, Sawai Madhopur - RSPCB","28-06-2026 02:00:00",26.031443,76.359327,OZONE,44,123,66
India,Rajasthan,Sirohi,"Vedhaynath Colony, Sirohi - RSPCB","28-06-2026 02:00:00",24.885261,72.857549,PM2.5,10,28,20
India,Rajasthan,Sirohi,"Vedhaynath Colony, Sirohi - RSPCB","28-06-2026 02:00:00",24.885261,72.857549,NH3,1,2,2
India,Rajasthan,Sirohi,"Vedhaynath Colony, Sirohi - RSPCB","28-06-2026 02:00:00",24.885261,72.857549,SO2,3,6,4
India,Rajasthan,"Sri Ganganagar","Old City, Sri Ganganagar - RSPCB","28-06-2026 02:00:00",29.931624,73.864511,NO2,9,162,47
India,Sikkim,Gangtok,"Zero Point GICI, Gangtok - SSPCB","28-06-2026 02:00:00",27.33853,88.614099,PM2.5,19,48,36
India,Rajasthan,Dholpur,"Raja Ganj, Dholpur - RSPCB","28-06-2026 02:00:00",26.699557,77.898881,PM10,8,105,57
India,Rajasthan,Dungarpur,"Bhoiwada, Dungarpur - RSPCB","28-06-2026 02:00:00",23.837789,73.714926,CO,31,33,32
India,Rajasthan,Hanumangarh,"Housing Board, Hanumangarh - RSPCB","28-06-2026 02:00:00",29.61075,74.283608,NO2,1,42,8
India,Rajasthan,Hanumangarh,"Housing Board, Hanumangarh - RSPCB","28-06-2026 02:00:00",29.61075,74.283608,NH3,3,10,6
India,Rajasthan,Hanumangarh,"Housing Board, Hanumangarh - RSPCB","28-06-2026 02:00:00",29.61075,74.283608,CO,32,72,50
India,Rajasthan,Jaipur,"Sector-2 Murlipura, Jaipur - RSPCB","28-06-2026 02:00:00",26.960669,75.771817,CO,22,70,47
India,Rajasthan,Jaipur,"Police Commissionerate, Jaipur - RSPCB","28-06-2026 02:00:00",26.9164092,75.7994901,NO2,27,114,59
India,Rajasthan,Jaipur,"Police Commissionerate, Jaipur - RSPCB","28-06-2026 02:00:00",26.9164092,75.7994901,SO2,19,33,25
India,Rajasthan,Jaipur,"Adarsh Nagar, Jaipur - RSPCB","28-06-2026 02:00:00",26.902909,75.836858,SO2,3,45,23
India,"Tamil Nadu",Chennai,"Kodungaiyur, Chennai - TNPCB","28-06-2026 02:00:00",13.1278,80.2642,CO,29,34,31
India,"Tamil Nadu",Chennai,"Velachery Res. Area, Chennai - CPCB","28-06-2026 02:00:00",13.0052189,80.2398125,PM10,30,488,95
India,"Tamil Nadu",Chennai,"Velachery Res. Area, Chennai - CPCB","28-06-2026 02:00:00",13.0052189,80.2398125,OZONE,7,10,9
India,"Tamil Nadu",Chennai,"Perungudi, Chennai - TNPCB","28-06-2026 02:00:00",12.9533,80.2357,SO2,2,9,6
India,"Tamil Nadu",Chennai,"Arumbakkam, Chennai - TNPCB","28-06-2026 02:00:00",13.0664,80.2112,PM2.5,15,79,36
India,"Tamil Nadu",Chennai,"Arumbakkam, Chennai - TNPCB","28-06-2026 02:00:00",13.0664,80.2112,OZONE,NA,NA,NA
India,"Tamil Nadu",Chennai,"Manali Village, Chennai - TNPCB","28-06-2026 02:00:00",13.1662,80.2584,NH3,2,4,3
India,"Tamil Nadu",Chennai,"Manali Village, Chennai - TNPCB","28-06-2026 02:00:00",13.1662,80.2584,OZONE,24,309,217
India,Rajasthan,Jaipur,"RIICO Sitapura, Jaipur - RSPCB","28-06-2026 02:00:00",26.786682,75.827928,PM2.5,18,220,75
India,Rajasthan,Jaipur,"RIICO Sitapura, Jaipur - RSPCB","28-06-2026 02:00:00",26.786682,75.827928,PM10,52,225,112
India,Rajasthan,Jaipur,"Mansarovar Sector-12, Jaipur - RSPCB","28-06-2026 02:00:00",26.843698,75.766894,CO,11,50,32
India,Rajasthan,Jaisalmer,"Sadar Bazar, Jaisalmer - RSPCB","28-06-2026 02:00:00",26.912329,70.909168,PM2.5,8,38,21
India,Rajasthan,Jaisalmer,"Sadar Bazar, Jaisalmer - RSPCB","28-06-2026 02:00:00",26.912329,70.909168,PM10,40,88,61
India,Rajasthan,Jalore,"Mudtra Sili, Jalore - RSPCB","28-06-2026 02:00:00",25.344694,72.626208,NO2,1,22,9
India,Rajasthan,Jhunjhunu,"Indra Nagar, Jhunjhunu - RSPCB","28-06-2026 02:00:00",28.108988,75.386577,CO,10,19,17
India,Rajasthan,Jodhpur,"Mandor, Jodhpur - RSPCB","28-06-2026 02:00:00",26.358805,73.047444,PM10,37,390,80
India,Rajasthan,Jodhpur,"Samrat Ashok Udhyan, Jodhpur - RSPCB","28-06-2026 02:00:00",26.253384,72.976571,PM2.5,12,37,24
India,Rajasthan,Jodhpur,"Samrat Ashok Udhyan, Jodhpur - RSPCB","28-06-2026 02:00:00",26.253384,72.976571,PM10,56,154,85
India,Rajasthan,Jodhpur,"Digari Kalan, Jodhpur - RSPCB","28-06-2026 02:00:00",26.29581,73.082283,CO,16,21,19
India,Rajasthan,Jodhpur,"Digari Kalan, Jodhpur - RSPCB","28-06-2026 02:00:00",26.29581,73.082283,OZONE,22,76,51
India,Rajasthan,Jodhpur,"Jhalamand, Jodhpur - RSPCB","28-06-2026 02:00:00",26.215415,73.070156,PM2.5,7,47,22
India,Rajasthan,Karauli,"Satyawati Vihar, Karauli - RSPCB","28-06-2026 02:00:00",26.506177,77.025989,PM10,32,114,74
India,Rajasthan,Khairthal,"New Anaj Mandi, Khairthal - RSPCB","28-06-2026 02:00:00",27.8015617,76.6365217,SO2,4,5,5
India,Rajasthan,Khairthal,"New Anaj Mandi, Khairthal - RSPCB","28-06-2026 02:00:00",27.8015617,76.6365217,OZONE,16,33,22
India,Rajasthan,Kota,"Nayapura, Kota - RSPCB","28-06-2026 02:00:00",25.196024,75.855668,PM10,30,115,71
India,Rajasthan,Kota,"Shrinath Puram, Kota - RSPCB","28-06-2026 02:00:00",25.14389,75.821256,NO2,9,14,12
India,Rajasthan,Kota,"Shrinath Puram, Kota - RSPCB","28-06-2026 02:00:00",25.14389,75.821256,NH3,4,8,6
India,Rajasthan,Pali,"Indira Colony Vistar, Pali - RSPCB","28-06-2026 02:00:00",25.771061,73.340227,PM10,56,121,98
India,Rajasthan,Kota,"Dhanmandi, Kota - RSPCB","28-06-2026 02:00:00",25.16409,75.858137,PM2.5,12,43,29
India,Rajasthan,Kota,"Dhanmandi, Kota - RSPCB","28-06-2026 02:00:00",25.16409,75.858137,PM10,29,101,69
India,Rajasthan,Kota,"Shrinath Puram, Kota - RSPCB","28-06-2026 02:00:00",25.14389,75.821256,PM2.5,29,66,47
India,Rajasthan,Chittorgarh,"Shastri Nagar, Chittorgarh - RSPCB","28-06-2026 02:00:00",24.892047,74.623527,SO2,1,19,13
India,Rajasthan,Dausa,"Khatikan Mohalla, Dausa - RSPCB","28-06-2026 02:00:00",26.895552,76.334753,PM2.5,25,62,38
India,"Uttar Pradesh",Kanpur,"NSI Kalyanpur, Kanpur - UPPCB","28-06-2026 02:00:00",26.509954,80.249612,PM2.5,26,117,48
India,"Uttar Pradesh",Kanpur,"NSI Kalyanpur, Kanpur - UPPCB","28-06-2026 02:00:00",26.509954,80.249612,NO2,31,31,31
India,"Uttar Pradesh",Kanpur,"NSI Kalyanpur, Kanpur - UPPCB","28-06-2026 02:00:00",26.509954,80.249612,NH3,2,2,2
India,"Uttar Pradesh",Kanpur,"NSI Kalyanpur, Kanpur - UPPCB","28-06-2026 02:00:00",26.509954,80.249612,SO2,23,56,30
India,"Uttar Pradesh",Kanpur,"FTI Kidwai Nagar, Kanpur - UPPCB","28-06-2026 02:00:00",26.428282,80.327067,NO2,25,27,26
India,"Uttar Pradesh",Kanpur,"FTI Kidwai Nagar, Kanpur - UPPCB","28-06-2026 02:00:00",26.428282,80.327067,SO2,1,84,40
India,"Uttar Pradesh",Kanpur,"FTI Kidwai Nagar, Kanpur - UPPCB","28-06-2026 02:00:00",26.428282,80.327067,CO,34,43,38
India,"Uttar Pradesh",Khora,"Prashant Garden, Khora - UPPCB","28-06-2026 02:00:00",28.61119,77.34206,PM2.5,87,232,126
India,"Uttar Pradesh",Khora,"Prashant Garden, Khora - UPPCB","28-06-2026 02:00:00",28.61119,77.34206,CO,102,107,104
India,"Uttar Pradesh",Khurja,"Kalindi Kunj, Khurja - UPPCB","28-06-2026 02:00:00",28.2348927,77.8683002,PM2.5,38,110,64
India,"Uttar Pradesh",Khurja,"Kalindi Kunj, Khurja - UPPCB","28-06-2026 02:00:00",28.2348927,77.8683002,PM10,60,134,96
India,"Uttar Pradesh",Agra,"Shastripuram, Agra - UPPCB","28-06-2026 02:00:00",27.19862,77.92066,SO2,9,17,11
India,"Uttar Pradesh",Agra,"Manoharpur, Agra - UPPCB","28-06-2026 02:00:00",27.23711,78.01936,PM10,69,116,94
India,"Uttar Pradesh",Agra,"Manoharpur, Agra - UPPCB","28-06-2026 02:00:00",27.23711,78.01936,NH3,1,1,1
India,"Uttar Pradesh",Agra,"Sanjay Palace, Agra - UPPCB","28-06-2026 02:00:00",27.19865833,78.00598056,SO2,19,21,20
India,"Uttar Pradesh",Agra,"Shahjahan Garden, Agra - UPPCB","28-06-2026 02:00:00",27.169338,78.03582,OZONE,1,1,1
India,"Uttar Pradesh",Agra,"Rohta, Agra - UPPCB","28-06-2026 02:00:00",27.106972,78.000111,SO2,6,15,9
India,"Uttar Pradesh",Baghpat,"Sardar Patel Inter College, Baghpat - UPPCB","28-06-2026 02:00:00",28.964949,77.278761,PM2.5,59,228,119
India,"Uttar Pradesh",Bareilly,"Rajendra Nagar, Bareilly - UPPCB","28-06-2026 02:00:00",28.38910936,79.42963708,PM2.5,21,38,27
India,"Uttar Pradesh",Bareilly,"Rajendra Nagar, Bareilly - UPPCB","28-06-2026 02:00:00",28.38910936,79.42963708,SO2,3,5,4
India,Telangana,Hyderabad,"Zoo Park, Hyderabad - TSPCB","28-06-2026 02:00:00",17.349694,78.451437,OZONE,23,25,24
India,Telangana,Hyderabad,"Nacharam_TSIIC IALA, Hyderabad - TSPCB","28-06-2026 02:00:00",17.429398,78.569354,OZONE,19,19,19
India,Telangana,Hyderabad,"ICRISAT Patancheru, Hyderabad - TSPCB","28-06-2026 02:00:00",17.5184,78.278777,PM10,30,102,56
India,Telangana,Hyderabad,"ICRISAT Patancheru, Hyderabad - TSPCB","28-06-2026 02:00:00",17.5184,78.278777,NO2,12,31,18
India,Telangana,Hyderabad,"Kokapet, Hyderabad - TSPCB","28-06-2026 02:00:00",17.393559,78.339194,OZONE,16,25,21
India,Tripura,Agartala,"Bardowali, Agartala - Tripura SPCB","28-06-2026 02:00:00",23.8175497,91.2726974,PM2.5,19,65,45
India,Tripura,Agartala,"Bardowali, Agartala - Tripura SPCB","28-06-2026 02:00:00",23.8175497,91.2726974,OZONE,5,8,6
India,"Uttar Pradesh",Firozabad,"Vibhab Nagar, Firozabad - UPPCB","28-06-2026 02:00:00",27.1594,78.3953,PM10,28,41,34
India,"Uttar Pradesh",Firozabad,"Vibhab Nagar, Firozabad - UPPCB","28-06-2026 02:00:00",27.1594,78.3953,SO2,3,4,4
India,"Uttar Pradesh",Firozabad,"Nagla Bhau, Firozabad - UPPCB","28-06-2026 02:00:00",27.168897,78.37696,PM2.5,28,69,40
India,"Uttar Pradesh",Firozabad,"Nagla Bhau, Firozabad - UPPCB","28-06-2026 02:00:00",27.168897,78.37696,NH3,2,2,2
India,"Uttar Pradesh",Ghaziabad,"Sanjay Nagar, Ghaziabad - UPPCB","28-06-2026 02:00:00",28.685382,77.453839,PM2.5,60,306,116
India,"Uttar Pradesh",Ghaziabad,"Sanjay Nagar, Ghaziabad - UPPCB","28-06-2026 02:00:00",28.685382,77.453839,SO2,10,19,15
India,"Uttar Pradesh",Ghaziabad,"Sanjay Nagar, Ghaziabad - UPPCB","28-06-2026 02:00:00",28.685382,77.453839,OZONE,9,82,24
India,"Uttar Pradesh",Ghaziabad,"Indirapuram, Ghaziabad - UPPCB","28-06-2026 02:00:00",28.646233,77.358075,OZONE,15,41,25
India,"Tamil Nadu",Cuddalore,"Semmandalam, Cuddalore - TNPCB","28-06-2026 02:00:00",11.7637683,79.7499835,NH3,6,6,6
India,"Tamil Nadu",Cuddalore,"Semmandalam, Cuddalore - TNPCB","28-06-2026 02:00:00",11.7637683,79.7499835,SO2,NA,NA,NA
India,"Tamil Nadu",Thoothukudi,"Meelavittan, Thoothukudi - TNPCB","28-06-2026 02:00:00",8.816428,78.099039,NO2,10,22,16
India,"Tamil Nadu",Thoothukudi,"Meelavittan, Thoothukudi - TNPCB","28-06-2026 02:00:00",8.816428,78.099039,NH3,NA,NA,NA
India,Telangana,Hyderabad,"New Malakpet, Hyderabad - TSPCB","28-06-2026 02:00:00",17.37206,78.50864,PM10,45,68,54
India,"Uttar Pradesh",Lucknow,"Gomti Nagar, Lucknow - UPPCB","28-06-2026 02:00:00",26.86812,81.005119,NH3,NA,NA,NA
India,"Uttar Pradesh",Lucknow,"Gomti Nagar, Lucknow - UPPCB","28-06-2026 02:00:00",26.86812,81.005119,SO2,14,15,14
India,"Uttar Pradesh",Lucknow,"B R Ambedkar University, Lucknow - UPPCB","28-06-2026 02:00:00",26.766433,80.927299,PM2.5,22,66,37
India,"Uttar Pradesh",Lucknow,"B R Ambedkar University, Lucknow - UPPCB","28-06-2026 02:00:00",26.766433,80.927299,NH3,3,3,3
India,"Uttar Pradesh",Lucknow,"Lalbagh, Lucknow - CPCB","28-06-2026 02:00:00",26.8458805,80.9365541,NH3,7,14,11
India,"Uttar Pradesh",Ghaziabad,"Vasundhara, Ghaziabad - UPPCB","28-06-2026 02:00:00",28.6603346,77.3572563,PM2.5,49,195,88
India,"Uttar Pradesh",Ghaziabad," Ved Vihar-Loni, Ghaziabad - UPPCB","28-06-2026 02:00:00",28.739153,77.273668,NO2,16,47,28
India,"Uttar Pradesh","Greater Noida","Knowledge Park - III, Greater Noida - UPPCB","28-06-2026 02:00:00",28.47272,77.482,NH3,10,15,12
India,"Uttar Pradesh","Greater Noida","Knowledge Park - III, Greater Noida - UPPCB","28-06-2026 02:00:00",28.47272,77.482,SO2,8,18,11
India,Telangana,Hyderabad,"Kompally Municipal Office, Hyderabad - TSPCB","28-06-2026 02:00:00",17.544899,78.486949,NH3,2,3,2
India,Telangana,Hyderabad,"IDA Pashamylaram, Hyderabad - TSPCB","28-06-2026 02:00:00",17.5316895,78.218939,PM2.5,30,88,61
India,Telangana,Hyderabad,"IDA Pashamylaram, Hyderabad - TSPCB","28-06-2026 02:00:00",17.5316895,78.218939,SO2,4,15,9
India,Telangana,Hyderabad,"Ramachandrapuram, Hyderabad - TSPCB","28-06-2026 02:00:00",17.528544,78.286195,PM2.5,32,51,40
India,Telangana,Hyderabad,"Ramachandrapuram, Hyderabad - TSPCB","28-06-2026 02:00:00",17.528544,78.286195,NH3,2,5,4
India,Telangana,Hyderabad,"Sanathnagar, Hyderabad - TSPCB","28-06-2026 02:00:00",17.4559458,78.4332152,NO2,7,108,53
India,"Uttar Pradesh",Lucknow,"Kendriya Vidyalaya, Lucknow - CPCB","28-06-2026 02:00:00",26.906111,80.948222,NO2,21,34,26
India,"Uttar Pradesh",Lucknow,"Kendriya Vidyalaya, Lucknow - CPCB","28-06-2026 02:00:00",26.906111,80.948222,CO,20,56,43
India,"Uttar Pradesh",Mathura,"Pali Dungra, Mathura - UPPCB","28-06-2026 02:00:00",27.410954,77.550619,SO2,1,3,2
India,"Uttar Pradesh",Mathura,"Pali Dungra, Mathura - UPPCB","28-06-2026 02:00:00",27.410954,77.550619,CO,7,22,15
India,"Uttar Pradesh",Meerut,"Pallavpuram Phase 2, Meerut - UPPCB","28-06-2026 02:00:00",29.06351,77.709723,NO2,16,119,39
India,"Uttar Pradesh",Meerut,"Pallavpuram Phase 2, Meerut - UPPCB","28-06-2026 02:00:00",29.06351,77.709723,NH3,8,12,10
India,"Uttar Pradesh",Meerut,"Ganga Nagar, Meerut - UPPCB","28-06-2026 02:00:00",28.999264,77.7590354,OZONE,31,135,70
India,"Uttar Pradesh",Meerut,"Jai Bhim Nagar, Meerut - UPPCB","28-06-2026 02:00:00",28.9535882,77.7622941,PM10,97,291,182
India,"Uttar Pradesh",Modinagar,"SRM University, Modinagar - UPPCB","28-06-2026 02:00:00",28.798171,77.540243,NH3,3,3,3
India,"Uttar Pradesh",Modinagar,"SRM University, Modinagar - UPPCB","28-06-2026 02:00:00",28.798171,77.540243,OZONE,71,129,91
India,"Uttar Pradesh",Moradabad,"Buddhi Vihar, Moradabad - UPPCB","28-06-2026 02:00:00",28.83526,78.7446,PM2.5,37,127,67
India,"Uttar Pradesh",Moradabad,"Buddhi Vihar, Moradabad - UPPCB","28-06-2026 02:00:00",28.83526,78.7446,NO2,28,29,29
India,"Uttar Pradesh",Moradabad,"Buddhi Vihar, Moradabad - UPPCB","28-06-2026 02:00:00",28.83526,78.7446,OZONE,34,74,53
India,"Uttar Pradesh",Moradabad,"Kashiram Nagar, Moradabad - UPPCB","28-06-2026 02:00:00",28.849399,78.742362,PM2.5,30,105,54
India,"Uttar Pradesh",Moradabad,"Kashiram Nagar, Moradabad - UPPCB","28-06-2026 02:00:00",28.849399,78.742362,PM10,111,190,141
India,"Uttar Pradesh",Moradabad,"Kashiram Nagar, Moradabad - UPPCB","28-06-2026 02:00:00",28.849399,78.742362,CO,35,47,42
India,"Uttar Pradesh",Moradabad,"Transport Nagar, Moradabad - UPPCB","28-06-2026 02:00:00",28.802625,78.753728,PM2.5,47,122,74
India,"Uttar Pradesh",Muzaffarnagar,"New Mandi, Muzaffarnagar - UPPCB","28-06-2026 02:00:00",29.4723508,77.7194031,PM10,66,317,157
India,"Uttar Pradesh",Muzaffarnagar,"New Mandi, Muzaffarnagar - UPPCB","28-06-2026 02:00:00",29.4723508,77.7194031,SO2,25,111,57
India,"Uttar Pradesh",Noida,"Sector-116, Noida - UPPCB","28-06-2026 02:00:00",28.56923,77.393848,OZONE,73,254,125
India,"Uttar Pradesh",Noida,"Sector - 125, Noida - UPPCB","28-06-2026 02:00:00",28.5447608,77.3231257,NO2,22,116,50
India,"Uttar Pradesh",Noida,"Sector - 62, Noida - IITM","28-06-2026 02:00:00",28.6245479,77.3577104,SO2,NA,NA,NA
India,"Uttar Pradesh",Noida,"Sector-1, Noida - UPPCB","28-06-2026 02:00:00",28.5898,77.3101,NH3,13,15,14
India,"Uttar Pradesh",Prayagraj,"Nagar Nigam, Prayagraj - UPPCB","28-06-2026 02:00:00",25.44919916,81.82735986,PM2.5,13,51,23
India,"Uttar Pradesh",Prayagraj,"Jhunsi, Prayagraj - UPPCB","28-06-2026 02:00:00",25.425602,81.917152,NO2,6,6,6
India,"Uttar Pradesh",Prayagraj,"Jhunsi, Prayagraj - UPPCB","28-06-2026 02:00:00",25.425602,81.917152,CO,12,18,15
India,"Uttar Pradesh",Raebareli," Indira Nagar, Raebareli - NTPC Unchahar","28-06-2026 02:00:00",26.207781,81.245571,PM2.5,NA,NA,NA
India,"Uttar Pradesh",Raebareli," Indira Nagar, Raebareli - NTPC Unchahar","28-06-2026 02:00:00",26.207781,81.245571,NH3,8,12,9
India,"Uttar Pradesh",Raebareli," Indira Nagar, Raebareli - NTPC Unchahar","28-06-2026 02:00:00",26.207781,81.245571,SO2,12,15,14
India,"Uttar Pradesh",Raebareli," Indira Nagar, Raebareli - NTPC Unchahar","28-06-2026 02:00:00",26.207781,81.245571,OZONE,30,86,62
India,"Uttar Pradesh",Varanasi,"Maldahiya, Varanasi - UPPCB","28-06-2026 02:00:00",25.32393,82.99687,NO2,2,5,3
India,"Uttar Pradesh",Varanasi,"Maldahiya, Varanasi - UPPCB","28-06-2026 02:00:00",25.32393,82.99687,OZONE,2,3,2
India,"Uttar Pradesh",Varanasi,"Ardhali Bazar, Varanasi - UPPCB","28-06-2026 02:00:00",25.3505986,82.9083074,NO2,38,43,41
India,"Uttar Pradesh",Varanasi,"IESD Banaras Hindu University, Varanasi - UPPCB","28-06-2026 02:00:00",25.262326,82.995408,PM2.5,13,46,23
India,"Uttar Pradesh",Varanasi,"IESD Banaras Hindu University, Varanasi - UPPCB","28-06-2026 02:00:00",25.262326,82.995408,NO2,2,2,2
India,"Uttar Pradesh",Varanasi,"IESD Banaras Hindu University, Varanasi - UPPCB","28-06-2026 02:00:00",25.262326,82.995408,NH3,0,0,0
India,"Uttar Pradesh",Vrindavan,"Omex Eternity, Vrindavan - UPPCB","28-06-2026 02:00:00",27.571409,77.655757,SO2,22,24,23
India,"Uttar Pradesh",Vrindavan,"Omex Eternity, Vrindavan - UPPCB","28-06-2026 02:00:00",27.571409,77.655757,OZONE,15,16,15
India,Uttarakhand,Dehradun,"Doon University, Dehradun - UKPCB","28-06-2026 02:00:00",30.269444,78.044167,PM2.5,0,156,85
India,Uttarakhand,Dehradun,"Doon University, Dehradun - UKPCB","28-06-2026 02:00:00",30.269444,78.044167,CO,16,24,19
India,Uttarakhand,Kashipur,"Govt. Girls Inter College, Kashipur - UKPCB","28-06-2026 02:00:00",29.2124114,78.9611753,PM10,75,125,95
India,Uttarakhand,Rishikesh,"Shivaji Nagar, Rishikesh - UKPCB","28-06-2026 02:00:00",30.075911,78.2859547,CO,37,37,37
India,"West Bengal",Asansol,"Evelyn Lodge, Asansol - WBPCB","28-06-2026 02:00:00",23.697936,86.944395,PM10,14,47,28
India,"West Bengal",Asansol,"Evelyn Lodge, Asansol - WBPCB","28-06-2026 02:00:00",23.697936,86.944395,NO2,8,29,15
India,"West Bengal",Asansol,"Trivenidevi Bhalotia College, Asansol - WBPCB","28-06-2026 02:00:00",23.616515,87.119133,CO,24,30,27
India,"West Bengal",Asansol,"Mahabir Colliery, Asansol - WBPCB","28-06-2026 02:00:00",23.618183,87.105718,OZONE,11,14,13
India,"West Bengal",Durgapur,"PCBL Residential Complex, Durgapur - WBPCB","28-06-2026 02:00:00",23.508764,87.35444,CO,17,43,29
India,"West Bengal",Durgapur,"PCBL Residential Complex, Durgapur - WBPCB","28-06-2026 02:00:00",23.508764,87.35444,OZONE,47,47,47
India,"West Bengal",Durgapur,"Mahishkapur Road_B-Zone, Durgapur - WBPCB","28-06-2026 02:00:00",23.567923,87.306843,PM10,46,95,64
India,"West Bengal",Durgapur,"Mahishkapur Road_B-Zone, Durgapur - WBPCB","28-06-2026 02:00:00",23.567923,87.306843,NH3,1,1,1
India,"West Bengal",Durgapur,"Mahishkapur Road_B-Zone, Durgapur - WBPCB","28-06-2026 02:00:00",23.567923,87.306843,OZONE,21,37,28
India,"West Bengal",Haldia,"Priyambada Housing Estate, Haldia - WBPCB","28-06-2026 02:00:00",22.06047,88.109737,SO2,12,13,12
India,"West Bengal",Howrah,"Dasnagar, Howrah - WBPCB","28-06-2026 02:00:00",22.6025571,88.3105664,SO2,10,10,10
India,"West Bengal",Howrah,"Belur Math, Howrah - WBPCB","28-06-2026 02:00:00",22.629801,88.352017,SO2,5,6,6
India,"West Bengal",Howrah,"Padmapukur, Howrah - WBPCB","28-06-2026 02:00:00",22.5687319,88.2797276,PM10,45,74,58
India,"West Bengal",Howrah,"Ghusuri, Howrah - WBPCB","28-06-2026 02:00:00",22.611968,88.347422,PM2.5,14,41,28
India,"West Bengal",Howrah,"Ghusuri, Howrah - WBPCB","28-06-2026 02:00:00",22.611968,88.347422,OZONE,17,21,19
India,"West Bengal",Howrah,"Botanical Garden, Howrah - WBPCB","28-06-2026 02:00:00",22.554954,88.292568,PM10,24,64,39
India,"West Bengal",Howrah,"Botanical Garden, Howrah - WBPCB","28-06-2026 02:00:00",22.554954,88.292568,NH3,1,2,1
India,"West Bengal",Howrah,"Botanical Garden, Howrah - WBPCB","28-06-2026 02:00:00",22.554954,88.292568,OZONE,NA,NA,NA
India,"West Bengal",Kolkata,"Jadavpur, Kolkata - WBPCB","28-06-2026 02:00:00",22.49929,88.36917,CO,20,36,24
India,"West Bengal",Kolkata,"Fort William, Kolkata - WBPCB","28-06-2026 02:00:00",22.55664,88.342674,PM10,12,35,22
India,"West Bengal",Kolkata,"Fort William, Kolkata - WBPCB","28-06-2026 02:00:00",22.55664,88.342674,NO2,17,26,20
India,"West Bengal",Kolkata,"Fort William, Kolkata - WBPCB","28-06-2026 02:00:00",22.55664,88.342674,CO,14,21,18
India,"West Bengal",Kolkata,"Victoria, Kolkata - WBPCB","28-06-2026 02:00:00",22.5448082,88.3403691,NO2,17,22,20
India,"West Bengal",Kolkata,"Victoria, Kolkata - WBPCB","28-06-2026 02:00:00",22.5448082,88.3403691,OZONE,18,22,20
India,"West Bengal",Kolkata,"Rabindra Bharati University, Kolkata - WBPCB","28-06-2026 02:00:00",22.627847,88.380669,SO2,5,10,7
India,"West Bengal",Kolkata,"Rabindra Bharati University, Kolkata - WBPCB","28-06-2026 02:00:00",22.627847,88.380669,OZONE,13,52,28
India,"West Bengal",Kolkata,"Ballygunge, Kolkata - WBPCB","28-06-2026 02:00:00",22.5367507,88.3638022,NO2,17,36,24
India,"West Bengal",Kolkata,"Ballygunge, Kolkata - WBPCB","28-06-2026 02:00:00",22.5367507,88.3638022,OZONE,10,13,12
India,"West Bengal",Kolkata,"Rabindra Sarobar, Kolkata - WBPCB","28-06-2026 02:00:00",22.51106,88.35142,PM10,32,42,36
India,"West Bengal",Kolkata,"Rabindra Sarobar, Kolkata - WBPCB","28-06-2026 02:00:00",22.51106,88.35142,NO2,12,23,16
India,"West Bengal",Kolkata,"Bidhannagar, Kolkata - WBPCB","28-06-2026 02:00:00",22.58157048,88.41002457,NO2,13,14,14
India,"West Bengal",Kolkata,"Bidhannagar, Kolkata - WBPCB","28-06-2026 02:00:00",22.58157048,88.41002457,SO2,8,9,9
India,"West Bengal",Siliguri,"Ward-32 Bapupara, Siliguri - WBPCB","28-06-2026 02:00:00",26.6879226,88.4152495,PM2.5,21,75,42
India,"West Bengal",Siliguri,"Ward-32 Bapupara, Siliguri - WBPCB","28-06-2026 02:00:00",26.6879226,88.4152495,NH3,19,24,21
India,"West Bengal",Siliguri,"Ward-32 Bapupara, Siliguri - WBPCB","28-06-2026 02:00:00",26.6879226,88.4152495,OZONE,24,26,25
India,"Andhra Pradesh",Vijayawada,"Kanuru, Vijayawada - APPCB","28-06-2026 02:00:00",16.486692,80.699436,CO,30,31,30
India,"Andhra Pradesh",Vijayawada,"HB Colony, Vijayawada - APPCB","28-06-2026 02:00:00",16.536107,80.594233,PM2.5,NA,NA,NA
India,"Andhra Pradesh",Vijayawada,"HB Colony, Vijayawada - APPCB","28-06-2026 02:00:00",16.536107,80.594233,PM10,NA,NA,NA
India,"Andhra Pradesh",Visakhapatnam,"GVM Corporation, Visakhapatnam - APPCB","28-06-2026 02:00:00",17.72,83.3,NO2,NA,NA,NA
India,"Andhra Pradesh",Visakhapatnam,"GVM Corporation, Visakhapatnam - APPCB","28-06-2026 02:00:00",17.72,83.3,CO,3,38,18
India,Assam,Byrnihat,"Central Academy for SFS, Byrnihat - PCBA","28-06-2026 02:00:00",26.071318,91.87488,PM10,36,179,93
India,Assam,Byrnihat,"Central Academy for SFS, Byrnihat - PCBA","28-06-2026 02:00:00",26.071318,91.87488,CO,43,71,55
India,Assam,Guwahati,"LGBI Airport, Guwahati - PCBA","28-06-2026 02:00:00",26.10887,91.589544,NO2,12,17,15
India,Assam,Guwahati,"Railway Colony, Guwahati - PCBA","28-06-2026 02:00:00",26.181742,91.78063,SO2,39,44,41
India,Assam,Guwahati,"IITG, Guwahati - PCBA","28-06-2026 02:00:00",26.2028636,91.70046436,NO2,1,3,2
India,Assam,Guwahati,"Pan Bazaar, Guwahati - PCBA","28-06-2026 02:00:00",26.1875,91.744194,OZONE,12,19,15
India,Assam,Nagaon,"Christianpatty, Nagaon - PCBA","28-06-2026 02:00:00",26.349082,92.68449,NO2,1,306,78
India,Assam,Nagaon,"Christianpatty, Nagaon - PCBA","28-06-2026 02:00:00",26.349082,92.68449,SO2,6,14,11
India,Assam,Silchar,"Tarapur, Silchar - PCBA","28-06-2026 02:00:00",24.82827,92.79525,NH3,1,1,1
India,Assam,Silchar,"Tarapur, Silchar - PCBA","28-06-2026 02:00:00",24.82827,92.79525,OZONE,2,2,2
India,Assam,Sivasagar,"Girls College, Sivasagar - PCBA","28-06-2026 02:00:00",26.987634,94.636574,OZONE,15,34,22
India,Bihar,Araria,"Kharahiya Basti, Araria - BSPCB","28-06-2026 02:00:00",26.146529,87.454184,PM2.5,40,140,70
India,Bihar,Begusarai,"Lohiyanagar, Begusarai - BSPCB","28-06-2026 02:00:00",25.42742023,86.13886079,SO2,16,20,18
India,Bihar,Bettiah,"Kamalnath Nagar, Bettiah - BSPCB","28-06-2026 02:00:00",26.80365,84.51954,PM10,NA,NA,NA
India,Bihar,Bettiah,"Kamalnath Nagar, Bettiah - BSPCB","28-06-2026 02:00:00",26.80365,84.51954,NO2,NA,NA,NA
India,Bihar,Bettiah,"Kamalnath Nagar, Bettiah - BSPCB","28-06-2026 02:00:00",26.80365,84.51954,NH3,NA,NA,NA
India,Bihar,Bettiah,"Kamalnath Nagar, Bettiah - BSPCB","28-06-2026 02:00:00",26.80365,84.51954,SO2,7,11,10
India,Bihar,Bettiah,"Kamalnath Nagar, Bettiah - BSPCB","28-06-2026 02:00:00",26.80365,84.51954,OZONE,22,23,22
India,Bihar,Bhagalpur,"Mayaganj, Bhagalpur - BSPCB","28-06-2026 02:00:00",25.265194,87.012947,PM10,13,305,104
India,Bihar,Bhagalpur,"Mayaganj, Bhagalpur - BSPCB","28-06-2026 02:00:00",25.265194,87.012947,NH3,0,3,2
India,Bihar,Bhagalpur,"DM Office_Kachari Chowk, Bhagalpur - BSPCB","28-06-2026 02:00:00",25.251013,86.989001,NO2,11,13,12
India,Bihar,Bhagalpur,"DM Office_Kachari Chowk, Bhagalpur - BSPCB","28-06-2026 02:00:00",25.251013,86.989001,NH3,1,1,1
India,Bihar,Bhagalpur,"DM Office_Kachari Chowk, Bhagalpur - BSPCB","28-06-2026 02:00:00",25.251013,86.989001,CO,21,33,26
India,Bihar,Buxar,"Charitra Van, Buxar - BSPCB","28-06-2026 02:00:00",25.56752,83.966379,PM2.5,25,220,97
India,Bihar,Buxar,"Charitra Van, Buxar - BSPCB","28-06-2026 02:00:00",25.56752,83.966379,PM10,20,133,78
India,Bihar,Chhapra,"Darshan Nagar, Chhapra - BSPCB","28-06-2026 02:00:00",25.7808257,84.7446768,PM2.5,58,75,67
India,Bihar,Muzaffarpur,"Buddha Colony, Muzaffarpur - BSPCB","28-06-2026 02:00:00",26.11442,85.39813,NO2,15,40,24
India,Bihar,Muzaffarpur,"Muzaffarpur Collectorate, Muzaffarpur - BSPCB","28-06-2026 02:00:00",26.1209,85.3647,PM2.5,45,65,55
India,Bihar,Muzaffarpur,"Muzaffarpur Collectorate, Muzaffarpur - BSPCB","28-06-2026 02:00:00",26.1209,85.3647,CO,25,34,26
India,Bihar,Muzaffarpur,"MIT-Daudpur Kothi, Muzaffarpur - BSPCB","28-06-2026 02:00:00",26.1403345,85.3650192,NH3,0,0,0
India,Bihar,Muzaffarpur,"MIT-Daudpur Kothi, Muzaffarpur - BSPCB","28-06-2026 02:00:00",26.1403345,85.3650192,CO,13,13,13
India,Bihar,Patna,"DRM Office Danapur, Patna - BSPCB","28-06-2026 02:00:00",25.586562,85.043586,NO2,29,34,32
India,Bihar,Patna,"Rajbansi Nagar, Patna - BSPCB","28-06-2026 02:00:00",25.599486,85.113666,SO2,1,11,6
India,Bihar,Patna,"Govt. High School Shikarpur, Patna - BSPCB","28-06-2026 02:00:00",25.592539,85.227158,NO2,11,12,12
India,Bihar,Patna,"Govt. High School Shikarpur, Patna - BSPCB","28-06-2026 02:00:00",25.592539,85.227158,NH3,6,6,6
India,Bihar,Patna,"IGSC Planetarium Complex, Patna - BSPCB","28-06-2026 02:00:00",25.610369,85.132568,PM10,NA,NA,NA
India,Bihar,Chhapra,"Darshan Nagar, Chhapra - BSPCB","28-06-2026 02:00:00",25.7808257,84.7446768,PM10,107,118,113
India,Bihar,Chhapra,"Darshan Nagar, Chhapra - BSPCB","28-06-2026 02:00:00",25.7808257,84.7446768,NO2,2,3,2
India,Bihar,Chhapra,"Darshan Nagar, Chhapra - BSPCB","28-06-2026 02:00:00",25.7808257,84.7446768,NH3,3,5,4
India,Bihar,Chhapra,"Darshan Nagar, Chhapra - BSPCB","28-06-2026 02:00:00",25.7808257,84.7446768,SO2,20,22,21
India,Bihar,Chhapra,"Darshan Nagar, Chhapra - BSPCB","28-06-2026 02:00:00",25.7808257,84.7446768,CO,91,107,100
India,Bihar,Gaya,"Kareemganj, Gaya - BSPCB","28-06-2026 02:00:00",24.792403,84.992416,NH3,0,1,1
India,Bihar,Hajipur,"Industrial Area, Hajipur - BSPCB","28-06-2026 02:00:00",25.697189,85.2459,SO2,5,8,7
India,Bihar,Hajipur,"Industrial Area, Hajipur - BSPCB","28-06-2026 02:00:00",25.697189,85.2459,OZONE,36,65,53
India,Bihar,Katihar,"Mirchaibari, Katihar - BSPCB","28-06-2026 02:00:00",25.560083,87.553265,PM2.5,7,33,19
India,Bihar,Katihar,"Mirchaibari, Katihar - BSPCB","28-06-2026 02:00:00",25.560083,87.553265,SO2,17,23,20
India,Bihar,Kishanganj,"SDM Office_Khagra, Kishanganj - BSPCB","28-06-2026 02:00:00",26.0881305,87.93840336,CO,13,14,13
India,"Andhra Pradesh",Chittoor,"Gangineni Cheruvu, Chittoor - APPCB","28-06-2026 02:00:00",13.20488,79.097889,PM10,59,118,70
India,"Andhra Pradesh",Chittoor,"Gangineni Cheruvu, Chittoor - APPCB","28-06-2026 02:00:00",13.20488,79.097889,NH3,5,5,5
India,"Andhra Pradesh",Eluru,"District Court, Eluru - APPCB","28-06-2026 02:00:00",16.711754,81.092095,NH3,2,3,3
India,"Andhra Pradesh",Guntur,"Rajendra Nagar North, Guntur - APPCB","28-06-2026 02:00:00",16.316553,80.413302,PM10,67,80,75
India,"Andhra Pradesh",Nellore,"Ambedkar Nagar, Nellore - APPCB ","28-06-2026 02:00:00",14.438164,79.966814,PM2.5,53,55,54
India,"Andhra Pradesh",Rajamahendravaram,"Anand Kala Kshetram, Rajamahendravaram - APPCB","28-06-2026 02:00:00",16.9872867,81.7363176,NO2,3,7,4
India,"Andhra Pradesh",Tirumala,"Toll Gate, Tirumala - APPCB","28-06-2026 02:00:00",13.67,79.35,PM10,28,78,41
India,"Andhra Pradesh",Tirumala,"Toll Gate, Tirumala - APPCB","28-06-2026 02:00:00",13.67,79.35,CO,16,24,20
India,"Andhra Pradesh",Tirupati,"Vaikuntapuram, Tirupati - APPCB","28-06-2026 02:00:00",13.615387,79.40923,PM2.5,48,52,49
India,"Andhra Pradesh",Vijayawada,"Rajiv Gandhi Park, Vijayawada - APPCB","28-06-2026 02:00:00",16.509717,80.612222,NO2,21,29,24
India,Bihar,Araria,"Kharahiya Basti, Araria - BSPCB","28-06-2026 02:00:00",26.146529,87.454184,OZONE,9,12,10
India,Bihar,Aurangabad,"Gurdeo Nagar, Aurangabad - BSPCB","28-06-2026 02:00:00",24.75746,84.366208,SO2,NA,NA,NA
India,Bihar,Aurangabad,"Gurdeo Nagar, Aurangabad - BSPCB","28-06-2026 02:00:00",24.75746,84.366208,OZONE,6,7,6
India,Bihar,Motihari,"Gandak Colony, Motihari - BSPCB","28-06-2026 02:00:00",26.63086,84.90051,NH3,NA,NA,NA
India,Bihar,Munger,"Town Hall, Munger - BSPCB","28-06-2026 02:00:00",25.376776,86.471523,PM10,13,70,38
India,Bihar,Munger,"Town Hall, Munger - BSPCB","28-06-2026 02:00:00",25.376776,86.471523,CO,NA,NA,NA
India,"Andhra Pradesh",Amaravati,"Secretariat, Amaravati - APPCB","28-06-2026 02:00:00",16.5150833,80.5181667,PM10,33,122,64
India,"Andhra Pradesh",Anantapur,"Gulzarpet, Anantapur - APPCB","28-06-2026 02:00:00",14.675886,77.593027,PM10,61,147,81
India,Bihar,Patna,"IGSC Planetarium Complex, Patna - BSPCB","28-06-2026 02:00:00",25.610369,85.132568,OZONE,59,60,60
India,Bihar,Patna,"Samanpura, Patna - BSPCB","28-06-2026 02:00:00",25.596727,85.085624,PM10,70,130,102
India,Chhattisgarh,Raipur,"Siltara Phase-II, Raipur - CECB","28-06-2026 02:00:00",21.371751,81.664929,SO2,0,20,7
India,Chhattisgarh,Raipur,"Krishak Nagar, Raipur - CECB","28-06-2026 02:00:00",21.237755,81.705301,NH3,2,2,2
India,Chhattisgarh,Raipur,"Krishak Nagar, Raipur - CECB","28-06-2026 02:00:00",21.237755,81.705301,OZONE,0,2,2
India,Chhattisgarh,Raipur,"Bhatagaon New ISBT, Raipur - CECB","28-06-2026 02:00:00",21.219665,81.630094,PM10,9,202,40
India,Chhattisgarh,Raipur,"Bhatagaon New ISBT, Raipur - CECB","28-06-2026 02:00:00",21.219665,81.630094,NO2,1,13,5
India,Chhattisgarh,Raipur,"Bhatagaon New ISBT, Raipur - CECB","28-06-2026 02:00:00",21.219665,81.630094,SO2,3,13,5
India,Chhattisgarh,Raipur,"Bhatagaon New ISBT, Raipur - CECB","28-06-2026 02:00:00",21.219665,81.630094,CO,15,40,24
India,Chhattisgarh,Tumidih,"OP Jindal Industrial Park, Tumidih - CECB","28-06-2026 02:00:00",22.06631475,83.33820077,PM2.5,49,78,63
India,Chhattisgarh,Tumidih,"OP Jindal Industrial Park, Tumidih - CECB","28-06-2026 02:00:00",22.06631475,83.33820077,NO2,24,95,57
India,Chhattisgarh,Tumidih,"OP Jindal Industrial Park, Tumidih - CECB","28-06-2026 02:00:00",22.06631475,83.33820077,NH3,0,2,1
India,Delhi,Delhi,"Pusa, Delhi - IITM","28-06-2026 02:00:00",28.63611,77.173332,PM2.5,39,133,81
India,Delhi,Delhi,"JNU, Delhi - DPCC","28-06-2026 02:00:00",28.540721,77.168544,NO2,3,64,30
India,Delhi,Delhi,"Mandir Marg, Delhi - DPCC","28-06-2026 02:00:00",28.636429,77.201067,NO2,8,39,18
India,Delhi,Delhi,"NSIT Dwarka, Delhi - CPCB","28-06-2026 02:00:00",28.60909,77.0325413,PM10,80,186,123
India,Delhi,Delhi,"NSIT Dwarka, Delhi - CPCB","28-06-2026 02:00:00",28.60909,77.0325413,CO,28,97,65
India,Delhi,Delhi,"Okhla Phase-2, Delhi - DPCC","28-06-2026 02:00:00",28.530785,77.271255,PM2.5,37,213,84
India,Delhi,Delhi,"Okhla Phase-2, Delhi - DPCC","28-06-2026 02:00:00",28.530785,77.271255,NH3,3,14,7
India,Delhi,Delhi,"Rohini, Delhi - DPCC","28-06-2026 02:00:00",28.732528,77.11992,PM10,101,248,161
India,Delhi,Delhi,"Rohini, Delhi - DPCC","28-06-2026 02:00:00",28.732528,77.11992,NH3,5,9,7
India,Delhi,Delhi,"Rohini, Delhi - DPCC","28-06-2026 02:00:00",28.732528,77.11992,SO2,8,25,12
India,Delhi,Delhi,"Vivek Vihar, Delhi - DPCC","28-06-2026 02:00:00",28.672342,77.31526,PM10,105,231,161
India,Delhi,Delhi,"IHBAS, Dilshad Garden, Delhi - CPCB","28-06-2026 02:00:00",28.6811736,77.3025234,NH3,2,3,2
India,Delhi,Delhi,"Sri Aurobindo Marg, Delhi - DPCC","28-06-2026 02:00:00",28.531346,77.190156,CO,28,86,67
India,Chandigarh,Chandigarh,"Sector 22, Chandigarh - CPCC","28-06-2026 02:00:00",30.735567,76.775714,PM10,35,94,62
India,Chhattisgarh,Bhilai,"Hathkhoj, Bhilai - CECB","28-06-2026 02:00:00",21.224231,81.40835,CO,9,35,17
India,Chhattisgarh,Bhilai,"Hathkhoj, Bhilai - CECB","28-06-2026 02:00:00",21.224231,81.40835,OZONE,5,19,12
India,Chhattisgarh,Bhilai,"Civic Center, Bhilai - Bhilai Steel Plant","28-06-2026 02:00:00",21.185571,81.343175,SO2,9,13,10
India,Chhattisgarh,Bhilai,"32Bungalows, Bhilai - CECB","28-06-2026 02:00:00",21.194815,81.31477,NO2,4,20,10
India,Chhattisgarh,Bhilai,"32Bungalows, Bhilai - CECB","28-06-2026 02:00:00",21.194815,81.31477,SO2,2,9,6
India,Chhattisgarh,Korba,"Urja Nagar, Korba - CECB","28-06-2026 02:00:00",22.348441,82.549611,PM10,27,232,74
India,Chhattisgarh,Korba,"Urja Nagar, Korba - CECB","28-06-2026 02:00:00",22.348441,82.549611,NO2,10,17,13
India,Chhattisgarh,Raipur,"AIIMS, Raipur - CECB","28-06-2026 02:00:00",21.258815,81.578979,PM2.5,4,55,22
India,Delhi,Delhi,"Alipur, Delhi - DPCC","28-06-2026 02:00:00",28.815329,77.15301,PM2.5,57,207,106
India,Delhi,Delhi,"Narela, Delhi - DPCC","28-06-2026 02:00:00",28.822836,77.101981,SO2,12,79,20
India,Delhi,Delhi,"Cantonment Area, Delhi - DPCC","28-06-2026 02:00:00",28.594169,77.1251,SO2,1,4,2
India,Delhi,Delhi,"Cantonment Area, Delhi - DPCC","28-06-2026 02:00:00",28.594169,77.1251,CO,62,98,79
India,Delhi,Delhi,"Bawana, Delhi - DPCC","28-06-2026 02:00:00",28.7762,77.051074,PM2.5,65,362,160
India,Delhi,Delhi,"Bawana, Delhi - DPCC","28-06-2026 02:00:00",28.7762,77.051074,PM10,75,195,128
India,Delhi,Delhi,"Major Dhyan Chand National Stadium, Delhi - DPCC","28-06-2026 02:00:00",28.611281,77.237738,PM2.5,27,133,58
India,Delhi,Delhi,"Major Dhyan Chand National Stadium, Delhi - DPCC","28-06-2026 02:00:00",28.611281,77.237738,PM10,89,199,139
India,Delhi,Delhi,"Major Dhyan Chand National Stadium, Delhi - DPCC","28-06-2026 02:00:00",28.611281,77.237738,NO2,20,137,59
India,Delhi,Delhi,"Wazirpur, Delhi - DPCC","28-06-2026 02:00:00",28.699793,77.165453,CO,55,91,75
India,Delhi,Delhi,"Shadipur, Delhi - CPCB","28-06-2026 02:00:00",28.6514781,77.1473105,PM2.5,64,301,166
India,Delhi,Delhi,"Mundka, Delhi - DPCC","28-06-2026 02:00:00",28.684678,77.076574,PM10,35,409,168
India,Delhi,Delhi,"Mundka, Delhi - DPCC","28-06-2026 02:00:00",28.684678,77.076574,SO2,8,27,14
India,Delhi,Delhi,"Mundka, Delhi - DPCC","28-06-2026 02:00:00",28.684678,77.076574,OZONE,3,17,8
India,Delhi,Delhi,"Punjabi Bagh, Delhi - DPCC","28-06-2026 02:00:00",28.674045,77.131023,CO,46,71,60
India,Delhi,Delhi,"Chandni Chowk, Delhi - IITM","28-06-2026 02:00:00",28.656756,77.227234,NO2,28,73,45
India,Delhi,Delhi,"Chandni Chowk, Delhi - IITM","28-06-2026 02:00:00",28.656756,77.227234,SO2,18,85,54
India,Bihar,Patna,"Muradpur, Patna - BSPCB","28-06-2026 02:00:00",25.619651,85.147382,SO2,10,13,12
India,Bihar,Purnia,"Mariam Nagar, Purnia - BSPCB","28-06-2026 02:00:00",25.366336,87.117468,NO2,4,6,6
India,Bihar,Saharsa,"Police Line, Saharsa - BSPCB","28-06-2026 02:00:00",25.892357,86.590325,NH3,4,4,4
India,Bihar,Saharsa,"Police Line, Saharsa - BSPCB","28-06-2026 02:00:00",25.892357,86.590325,OZONE,14,18,15
India,Bihar,Sasaram,"Dada Peer, Sasaram - BSPCB","28-06-2026 02:00:00",24.952822,84.002396,NH3,NA,NA,NA
India,Bihar,Sasaram,"Dada Peer, Sasaram - BSPCB","28-06-2026 02:00:00",24.952822,84.002396,CO,36,46,41
India,Chandigarh,Chandigarh,"Sector-53, Chandigarh - CPCC","28-06-2026 02:00:00",30.719859,76.738637,SO2,0,50,10
India,Delhi,Delhi,"Sonia Vihar, Delhi - DPCC","28-06-2026 02:00:00",28.710508,77.249485,PM10,109,252,156
India,Delhi,Delhi,"Nehru Nagar, Delhi - DPCC","28-06-2026 02:00:00",28.56789,77.250515,PM10,81,321,160
India,Delhi,Delhi,"Nehru Nagar, Delhi - DPCC","28-06-2026 02:00:00",28.56789,77.250515,NO2,12,99,36
India,Delhi,Delhi,"Nehru Nagar, Delhi - DPCC","28-06-2026 02:00:00",28.56789,77.250515,CO,22,54,36
India,Delhi,Delhi,"Nehru Nagar, Delhi - DPCC","28-06-2026 02:00:00",28.56789,77.250515,OZONE,12,59,33
India,Delhi,Delhi,"Patparganj, Delhi - DPCC","28-06-2026 02:00:00",28.623763,77.287209,NH3,6,10,8
India,Delhi,Delhi,"Jawaharlal Nehru Stadium, Delhi - DPCC","28-06-2026 02:00:00",28.58028,77.233829,PM2.5,45,123,75
India,Delhi,Delhi,"Jawaharlal Nehru Stadium, Delhi - DPCC","28-06-2026 02:00:00",28.58028,77.233829,OZONE,22,64,39
India,Delhi,Delhi,"Dr. Karni Singh Shooting Range, Delhi - DPCC","28-06-2026 02:00:00",28.498571,77.26484,PM2.5,13,322,77
India,Delhi,Delhi,"Anand Vihar, Delhi - DPCC","28-06-2026 02:00:00",28.647622,77.315809,PM10,154,389,219
India,Haryana,Ballabgarh,"Nathu Colony, Ballabgarh - HSPCB","28-06-2026 02:00:00",28.3419248,77.319699,CO,27,97,56
India,Haryana,"Charkhi Dadri","Mini Secretariat, Charkhi Dadri - HSPCB","28-06-2026 02:00:00",28.593883,76.270653,NO2,9,23,16
India,Haryana,"Charkhi Dadri","Mini Secretariat, Charkhi Dadri - HSPCB","28-06-2026 02:00:00",28.593883,76.270653,NH3,5,8,6
India,Haryana,"Charkhi Dadri","Mini Secretariat, Charkhi Dadri - HSPCB","28-06-2026 02:00:00",28.593883,76.270653,CO,7,25,16
India,Haryana,Dharuhera,"Municipal Corporation Office, Dharuhera -  HSPCB","28-06-2026 02:00:00",28.2068,76.7997,PM10,64,102,85
India,Haryana,Dharuhera,"Municipal Corporation Office, Dharuhera -  HSPCB","28-06-2026 02:00:00",28.2068,76.7997,CO,45,48,47
India,Haryana,Faridabad,"Sector 11, Faridabad - HSPCB","28-06-2026 02:00:00",28.376058,77.315741,CO,53,65,59
India,Haryana,Faridabad,"Sector 11, Faridabad - HSPCB","28-06-2026 02:00:00",28.376058,77.315741,OZONE,25,25,25
India,Haryana,Faridabad,"New Industrial Town, Faridabad - HSPCB","28-06-2026 02:00:00",28.39072,77.30059,NO2,23,26,25
India,Haryana,Faridabad,"New Industrial Town, Faridabad - HSPCB","28-06-2026 02:00:00",28.39072,77.30059,SO2,6,15,10
India,Haryana,Faridabad,"Sector 30, Faridabad - HSPCB","28-06-2026 02:00:00",28.4417,77.3217,NH3,11,12,11
India,Haryana,Fatehabad,"Huda Sector, Fatehabad - HSPCB","28-06-2026 02:00:00",29.503664,75.467934,PM2.5,NA,NA,NA
India,Haryana,Fatehabad,"Huda Sector, Fatehabad - HSPCB","28-06-2026 02:00:00",29.503664,75.467934,NO2,NA,NA,NA
India,Haryana,Fatehabad,"Huda Sector, Fatehabad - HSPCB","28-06-2026 02:00:00",29.503664,75.467934,NH3,NA,NA,NA
India,Haryana,Gurugram,"NISE Gwal Pahari, Gurugram - IITM","28-06-2026 02:00:00",28.422681,77.148944,PM10,89,318,154
India,Delhi,Delhi,"Ashok Vihar, Delhi - DPCC","28-06-2026 02:00:00",28.695381,77.181665,CO,41,90,66
India,Delhi,Delhi,"Dwarka-Sector 8, Delhi - DPCC ","28-06-2026 02:00:00",28.5710274,77.0719006,PM10,85,250,177
India,Delhi,Delhi,"Dwarka-Sector 8, Delhi - DPCC ","28-06-2026 02:00:00",28.5710274,77.0719006,NH3,7,12,9
India,Delhi,Delhi,"Dwarka-Sector 8, Delhi - DPCC ","28-06-2026 02:00:00",28.5710274,77.0719006,OZONE,12,38,23
India,Delhi,Delhi,"IGI Airport (T3), Delhi - IITM","28-06-2026 02:00:00",28.5627763,77.1180053,PM2.5,25,188,85
India,Delhi,Delhi,"IIT Delhi, Delhi - IITM","28-06-2026 02:00:00",28.54246,77.191651,PM2.5,35,242,91
India,Delhi,Delhi,"Aya Nagar, Delhi - IITM","28-06-2026 02:00:00",28.4706914,77.1099364,SO2,NA,NA,NA
India,Delhi,Delhi,"Aya Nagar, Delhi - IITM","28-06-2026 02:00:00",28.4706914,77.1099364,CO,30,52,40
India,Gujarat,Surat,"Katargam, Surat - Nexteng Enviro","28-06-2026 02:00:00",21.217779,72.834787,NH3,0,1,1
India,Gujarat,Surat,"Science Center, Surat - SMC","28-06-2026 02:00:00",21.170046,72.795405,PM10,34,65,51
India,Gujarat,Vapi,"Phase-1 GIDC, Vapi - GPCB","28-06-2026 02:00:00",20.362421,72.918013,CO,NA,NA,NA
India,Haryana,Bahadurgarh,"Arya Nagar, Bahadurgarh - HSPCB","28-06-2026 02:00:00",28.6701,76.9254,PM2.5,81,468,132
India,Haryana,Bahadurgarh,"Arya Nagar, Bahadurgarh - HSPCB","28-06-2026 02:00:00",28.6701,76.9254,NH3,3,10,8
India,Haryana,Bahadurgarh,"Arya Nagar, Bahadurgarh - HSPCB","28-06-2026 02:00:00",28.6701,76.9254,CO,43,50,47
India,Haryana,Bahadurgarh,"Arya Nagar, Bahadurgarh - HSPCB","28-06-2026 02:00:00",28.6701,76.9254,OZONE,21,27,25
India,Gujarat,Ahmedabad,"SAC ISRO Satellite, Ahmedabad - IITM","28-06-2026 02:00:00",23.023389,72.515201,PM2.5,51,120,70
India,Gujarat,Ahmedabad,"Rakhial, Ahmedabad - IITM","28-06-2026 02:00:00",23.016834,72.625775,NH3,3,5,3
India,Gujarat,Ahmedabad,"Rakhial, Ahmedabad - IITM","28-06-2026 02:00:00",23.016834,72.625775,OZONE,14,72,33
India,Gujarat,Ahmedabad,"Gyaspur, Ahmedabad - IITM","28-06-2026 02:00:00",22.977134,72.553024,NH3,3,4,3
India,Gujarat,Ahmedabad,"Raikhad, Ahmedabad - IITM","28-06-2026 02:00:00",23.020509,72.579261,PM10,67,213,104
India,Gujarat,Ahmedabad,"Raikhad, Ahmedabad - IITM","28-06-2026 02:00:00",23.020509,72.579261,NH3,1,2,1
India,Gujarat,Ankleshwar,"GIDC, Ankleshwar - GPCB","28-06-2026 02:00:00",21.613267,73.010555,PM10,53,94,73
India,Gujarat,Ankleshwar,"GIDC, Ankleshwar - GPCB","28-06-2026 02:00:00",21.613267,73.010555,CO,41,44,43
India,Gujarat,Bhavnagar,"Vidhyanagar, Bhavnagar - Nexteng Enviro","28-06-2026 02:00:00",21.755417,72.139056,PM10,29,142,84
India,Gujarat,Bhavnagar,"Vidhyanagar, Bhavnagar - Nexteng Enviro","28-06-2026 02:00:00",21.755417,72.139056,NO2,36,45,41
India,Gujarat,Bhavnagar,"Vidhyanagar, Bhavnagar - Nexteng Enviro","28-06-2026 02:00:00",21.755417,72.139056,CO,77,79,78
India,Gujarat,Gandhinagar,"IIPHG Lekawada, Gandhinagar - IITM","28-06-2026 02:00:00",23.243639,72.68994,PM2.5,24,65,39
India,Gujarat,Gandhinagar,"GIFT City, Gandhinagar - IITM","28-06-2026 02:00:00",23.163798,72.677768,PM10,80,147,102
India,Haryana,Gurugram,"Vikas Sadan, Gurugram - HSPCB","28-06-2026 02:00:00",28.4501238,77.0263051,NO2,NA,NA,NA
India,Haryana,Gurugram,"Teri Gram, Gurugram - HSPCB","28-06-2026 02:00:00",28.4275,77.1465,NO2,32,64,45
India,Haryana,Jind,"Police Lines, Jind - HSPCB","28-06-2026 02:00:00",29.307814,76.337619,PM2.5,116,199,160
India,Haryana,Jind,"Police Lines, Jind - HSPCB","28-06-2026 02:00:00",29.307814,76.337619,CO,2,28,19
India,Haryana,Jind,"Police Lines, Jind - HSPCB","28-06-2026 02:00:00",29.307814,76.337619,OZONE,48,72,62
India,Haryana,Kaithal,"Rishi Nagar, Kaithal - HSPCB","28-06-2026 02:00:00",29.8006,76.4155,CO,24,62,51
India,Haryana,Karnal,"Sector-12, Karnal - HSPCB","28-06-2026 02:00:00",29.6953,77.0027,PM10,113,234,136
India,Haryana,Karnal,"Sector-12, Karnal - HSPCB","28-06-2026 02:00:00",29.6953,77.0027,SO2,12,13,13
India,Haryana,Kurukshetra,"Sector-7, Kurukshetra - HSPCB","28-06-2026 02:00:00",29.966942,76.875879,CO,21,33,28
India,Delhi,Delhi,"CRRI Mathura Road, Delhi - IITM","28-06-2026 02:00:00",28.5512005,77.2735737,PM10,84,294,158
India,Delhi,Delhi,"IMD Lodhi Road, Delhi - IITM","28-06-2026 02:00:00",28.5918245,77.2273074,SO2,NA,NA,NA
India,Haryana,Kaithal,"Rishi Nagar, Kaithal - HSPCB","28-06-2026 02:00:00",29.8006,76.4155,PM2.5,42,153,107
India,Haryana,Mandikhera,"General Hospital, Mandikhera(Nuh) - HSPCB","28-06-2026 02:00:00",27.9002,76.9938,CO,101,102,101
India,Haryana,Manesar,"Sector-2 IMT, Manesar - HSPCB","28-06-2026 02:00:00",28.360699,76.93609,PM10,72,136,99
India,Haryana,Narnaul,"Shastri Nagar, Narnaul - HSPCB","28-06-2026 02:00:00",28.060249,76.113115,NH3,6,8,7
India,Haryana,Palwal,"Shyam Nagar, Palwal - HSPCB","28-06-2026 02:00:00",28.1485564,77.3320667,PM10,63,124,86
India,Haryana,Palwal,"Shyam Nagar, Palwal - HSPCB","28-06-2026 02:00:00",28.1485564,77.3320667,NO2,23,24,24
India,Haryana,Palwal,"Shyam Nagar, Palwal - HSPCB","28-06-2026 02:00:00",28.1485564,77.3320667,NH3,8,9,9
India,Haryana,Palwal,"Shyam Nagar, Palwal - HSPCB","28-06-2026 02:00:00",28.1485564,77.3320667,OZONE,10,10,10
India,Haryana,Panipat,"Sector-18, Panipat - HSPCB","28-06-2026 02:00:00",29.432304,76.972765,PM2.5,62,377,219
India,Haryana,Panipat,"Sector-18, Panipat - HSPCB","28-06-2026 02:00:00",29.432304,76.972765,NO2,31,32,31
India,Haryana,Rohtak,"MD University, Rohtak - HSPCB","28-06-2026 02:00:00",28.52123,76.37138,PM2.5,47,172,106
India,Haryana,Rohtak,"MD University, Rohtak - HSPCB","28-06-2026 02:00:00",28.52123,76.37138,NO2,9,11,10
India,Haryana,Rohtak,"MD University, Rohtak - HSPCB","28-06-2026 02:00:00",28.52123,76.37138,CO,51,55,53
India,Haryana,Rohtak,"MD University, Rohtak - HSPCB","28-06-2026 02:00:00",28.52123,76.37138,OZONE,9,26,18
India,Haryana,Sirsa,"F-Block, Sirsa - HSPCB","28-06-2026 02:00:00",29.5364,75.0158,PM10,68,121,100
India,Haryana,Sonipat,"Murthal, Sonipat - HSPCB","28-06-2026 02:00:00",29.0272,77.0621,PM10,48,432,130
India,Haryana,Sonipat,"Murthal, Sonipat - HSPCB","28-06-2026 02:00:00",29.0272,77.0621,NO2,7,9,8
India,Karnataka,Bengaluru,"BTM Layout, Bengaluru - CPCB","28-06-2026 02:00:00",12.9135218,77.5950804,SO2,19,20,19
India,Karnataka,Bengaluru,"Silk Board, Bengaluru - KSPCB","28-06-2026 02:00:00",12.917348,77.622813,PM2.5,23,45,36
India,Karnataka,Bengaluru,"Silk Board, Bengaluru - KSPCB","28-06-2026 02:00:00",12.917348,77.622813,NH3,3,4,4
India,Karnataka,Bengaluru,"Jayanagar 5th Block, Bengaluru - KSPCB","28-06-2026 02:00:00",12.920984,77.584908,PM2.5,18,50,33
India,Karnataka,Bengaluru,"Jayanagar 5th Block, Bengaluru - KSPCB","28-06-2026 02:00:00",12.920984,77.584908,NH3,1,2,1
India,Karnataka,Chamarajanagar,"Urban, Chamarajanagar - KSPCB","28-06-2026 02:00:00",11.55358,76.55521,PM2.5,29,31,30
India,Karnataka,Chamarajanagar,"Urban, Chamarajanagar - KSPCB","28-06-2026 02:00:00",11.55358,76.55521,PM10,44,46,45
India,Karnataka,Chamarajanagar,"Urban, Chamarajanagar - KSPCB","28-06-2026 02:00:00",11.55358,76.55521,NO2,23,30,29
India,Karnataka,Chamarajanagar,"Urban, Chamarajanagar - KSPCB","28-06-2026 02:00:00",11.55358,76.55521,CO,14,23,22
India,Karnataka,Chikkamagaluru,"Kalyana Nagara, Chikkamagaluru - KSPCB","28-06-2026 02:00:00",13.328028,75.797056,PM10,NA,NA,NA
India,Karnataka,Chikkamagaluru,"Kalyana Nagara, Chikkamagaluru - KSPCB","28-06-2026 02:00:00",13.328028,75.797056,NO2,NA,NA,NA
India,Karnataka,Chikkamagaluru,"Kalyana Nagara, Chikkamagaluru - KSPCB","28-06-2026 02:00:00",13.328028,75.797056,NH3,NA,NA,NA
India,Karnataka,Dharwad,"Kalabhavan, Dharwad - KSPCB","28-06-2026 02:00:00",15.459706,75.008381,NH3,5,5,5
India,Karnataka,Bagalkot,"Vidayagiri, Bagalkot - KSPCB","28-06-2026 02:00:00",16.172806,75.659694,SO2,10,10,10
India,Karnataka,Bagalkot,"Vidayagiri, Bagalkot - KSPCB","28-06-2026 02:00:00",16.172806,75.659694,CO,15,29,21
India,Karnataka,Bengaluru,"Bapuji Nagar, Bengaluru - KSPCB","28-06-2026 02:00:00",12.951913,77.539784,PM10,17,76,46
India,Karnataka,Bengaluru,"City Railway Station, Bengaluru - KSPCB","28-06-2026 02:00:00",12.9756843,77.5660749,SO2,9,10,10
India,Karnataka,Bengaluru,"Hebbal, Bengaluru - KSPCB","28-06-2026 02:00:00",13.029152,77.585901,NO2,NA,NA,NA
India,Karnataka,Bengaluru,"Jigani, Bengaluru - KSPCB","28-06-2026 02:00:00",12.7816279,77.6299145,PM10,37,97,61
India,Karnataka,Bengaluru,"BTM Layout, Bengaluru - CPCB","28-06-2026 02:00:00",12.9135218,77.5950804,NO2,24,25,24
India,Haryana,Sonipat,"Murthal, Sonipat - HSPCB","28-06-2026 02:00:00",29.0272,77.0621,OZONE,67,138,92
India,"Himachal Pradesh",Baddi,"HIMUDA Complex Phase-1, Baddi - HPPCB","28-06-2026 02:00:00",30.943887,76.801991,NO2,1,19,9
India,"Jammu and Kashmir",Pampore,"Khrew, Pampore - JKPCC","28-06-2026 02:00:00",34.031606,75.009712,NO2,8,19,13
India,"Jammu and Kashmir",Srinagar,"Rajbagh, Srinagar - JKPCC","28-06-2026 02:00:00",34.066206,74.81982,PM10,24,53,38
India,"Jammu and Kashmir",Srinagar,"Rajbagh, Srinagar - JKPCC","28-06-2026 02:00:00",34.066206,74.81982,NH3,9,9,9
India,"Jammu and Kashmir",Srinagar,"Khunmoh, Srinagar - JKPCC","28-06-2026 02:00:00",34.06313,74.96017,NH3,NA,NA,NA
India,Karnataka,Hubballi,"Lingaraj Nagar, Hubballi - KSPCB","28-06-2026 02:00:00",15.3714823,75.1160168,OZONE,29,29,29
India,Karnataka,Kalaburagi,"Mahatma Basaveswar Colony, Kalaburgi - KSPCB","28-06-2026 02:00:00",17.336318,76.847397,PM2.5,11,34,17
India,Karnataka,Kalaburagi,"Mahatma Basaveswar Colony, Kalaburgi - KSPCB","28-06-2026 02:00:00",17.336318,76.847397,CO,33,54,46
India,Karnataka,Karwar,"KHB Colony, Karwar - KSPCB","28-06-2026 02:00:00",14.816666,74.141003,PM10,NA,NA,NA
India,Karnataka,Karwar,"KHB Colony, Karwar - KSPCB","28-06-2026 02:00:00",14.816666,74.141003,SO2,NA,NA,NA
India,Karnataka,Madikeri,"Stuart Hill, Madikeri - KSPCB","28-06-2026 02:00:00",12.415911,75.73505,PM2.5,8,41,25
India,Jharkhand,Dhanbad,"Sardar Patel Nagar, Dhanbad - JSPCB","28-06-2026 02:00:00",23.80569,86.44268,NO2,93,110,96
India,Jharkhand,Dhanbad,"Sardar Patel Nagar, Dhanbad - JSPCB","28-06-2026 02:00:00",23.80569,86.44268,CO,25,106,85
India,Jharkhand,Jorapokhar,"Tata Stadium, Jorapokhar - JSPCB","28-06-2026 02:00:00",23.707909,86.41467,PM2.5,41,46,43
India,Karnataka,Madikeri,"Stuart Hill, Madikeri - KSPCB","28-06-2026 02:00:00",12.415911,75.73505,SO2,7,7,7
India,Karnataka,Mangalore,"Kadri, Mangalore - KSPCB","28-06-2026 02:00:00",12.88925,74.853,PM10,40,91,57
India,Karnataka,Mangalore,"Kadri, Mangalore - KSPCB","28-06-2026 02:00:00",12.88925,74.853,NO2,2,8,4
India,Jharkhand,Jorapokhar,"Tata Stadium, Jorapokhar - JSPCB","28-06-2026 02:00:00",23.707909,86.41467,CO,39,40,39
India,Karnataka,Bagalkot,"Vidayagiri, Bagalkot - KSPCB","28-06-2026 02:00:00",16.172806,75.659694,PM10,50,52,51
India,Karnataka,Ramanagara,"Vijay Nagar, Ramanagara - KSPCB","28-06-2026 02:00:00",12.733409,77.298051,SO2,4,18,14
India,Karnataka,Ramanagara,"Vijay Nagar, Ramanagara - KSPCB","28-06-2026 02:00:00",12.733409,77.298051,OZONE,10,45,24
India,"Madhya Pradesh",Jabalpur,"Gupteshwar, Jabalpur - JMC","28-06-2026 02:00:00",23.142888,79.916147,PM2.5,27,55,43
India,"Madhya Pradesh",Jabalpur,"Suhagi, Jabalpur - JMC","28-06-2026 02:00:00",23.218135,79.95777,NO2,28,28,28
India,"Madhya Pradesh",Jabalpur,"Suhagi, Jabalpur - JMC","28-06-2026 02:00:00",23.218135,79.95777,SO2,4,7,6
India,"Madhya Pradesh",Katni,"Gole Bazar, Katni - MPPCB","28-06-2026 02:00:00",23.50016,80.23284,NO2,9,16,12
India,"Madhya Pradesh",Maihar,"Sahilara, Maihar - KJS Cements","28-06-2026 02:00:00",24.2613009,80.7231783,PM2.5,2,33,18
India,"Madhya Pradesh",Maihar,"Sahilara, Maihar - KJS Cements","28-06-2026 02:00:00",24.2613009,80.7231783,OZONE,NA,NA,NA
India,"Madhya Pradesh",Mandideep,"Sector-D Industrial Area, Mandideep - MPPCB","28-06-2026 02:00:00",23.10844,77.511428,PM2.5,15,154,61
India,"Madhya Pradesh",Mandideep,"Sector-D Industrial Area, Mandideep - MPPCB","28-06-2026 02:00:00",23.10844,77.511428,NO2,33,79,50
India,"Madhya Pradesh",Mandideep,"Sector-D Industrial Area, Mandideep - MPPCB","28-06-2026 02:00:00",23.10844,77.511428,CO,18,46,29
India,"Madhya Pradesh",Pithampur,"Sector-2 Industrial Area, Pithampur - MPPCB","28-06-2026 02:00:00",22.624758,75.675238,NO2,11,42,20
India,"Madhya Pradesh",Pithampur,"Sector-2 Industrial Area, Pithampur - MPPCB","28-06-2026 02:00:00",22.624758,75.675238,CO,9,19,13
India,"Madhya Pradesh",Ratlam,"Shasthri Nagar, Ratlam - IPCA Lab","28-06-2026 02:00:00",23.331731,75.045981,NO2,36,40,37
India,"Madhya Pradesh",Sagar,"Civil Lines, Sagar - MPPCB","28-06-2026 02:00:00",23.838586,78.759431,PM2.5,10,500,91
India,"Madhya Pradesh",Satna,"Bandhavgar Colony, Satna - Birla Cement","28-06-2026 02:00:00",24.58434363,80.8549414,PM2.5,48,51,50
India,"Madhya Pradesh",Satna,"Bandhavgar Colony, Satna - Birla Cement","28-06-2026 02:00:00",24.58434363,80.8549414,NO2,12,13,13
India,Maharashtra,Amravati,"Shivneri Colony, Amravati - MPCB","28-06-2026 02:00:00",20.9402359,77.7895248,NO2,4,10,7
India,Maharashtra,Amravati,"Shivneri Colony, Amravati - MPCB","28-06-2026 02:00:00",20.9402359,77.7895248,NH3,2,3,2
India,Maharashtra,Amravati,"Shivneri Colony, Amravati - MPCB","28-06-2026 02:00:00",20.9402359,77.7895248,SO2,9,9,9
India,Maharashtra,Amravati,"Shivneri Colony, Amravati - MPCB","28-06-2026 02:00:00",20.9402359,77.7895248,CO,11,20,16
India,Maharashtra,Amravati,"Shivneri Colony, Amravati - MPCB","28-06-2026 02:00:00",20.9402359,77.7895248,OZONE,10,13,11
India,Maharashtra,Amravati,"Shri Shivaji Science College, Amravati - MPCB","28-06-2026 02:00:00",20.939198,77.765701,OZONE,18,22,19
India,Maharashtra,Aurangabad,"Rachnakar Colony, Aurangabad - MPCB","28-06-2026 02:00:00",19.863756,75.321188,PM10,37,83,55
India,Maharashtra,Aurangabad,"Rachnakar Colony, Aurangabad - MPCB","28-06-2026 02:00:00",19.863756,75.321188,NH3,2,3,2
India,Maharashtra,Aurangabad,"More Chowk Waluj, Aurangabad - MPCB","28-06-2026 02:00:00",19.8389439,75.244448,NH3,7,8,7
India,Maharashtra,Aurangabad,"More Chowk Waluj, Aurangabad - MPCB","28-06-2026 02:00:00",19.8389439,75.244448,OZONE,10,30,18
India,Maharashtra,Badlapur,"Katrap, Badlapur - MPCB","28-06-2026 02:00:00",19.16485,73.23409,OZONE,12,37,20
India,Maharashtra,Beed,"Bir, Beed - MPCB","28-06-2026 02:00:00",18.988474,75.753873,NO2,6,31,13
India,Maharashtra,Beed,"Bir, Beed - MPCB","28-06-2026 02:00:00",18.988474,75.753873,CO,12,37,19
India,Maharashtra,Belapur,"CBD Belapur, Belapur - MPCB","28-06-2026 02:00:00",19.0243902,73.0406721,PM10,35,68,49
India,"Madhya Pradesh",Satna,"Bandhavgar Colony, Satna - Birla Cement","28-06-2026 02:00:00",24.58434363,80.8549414,OZONE,10,60,40
India,"Madhya Pradesh",Singrauli,"Suryakiran Bhawan NCL, Singrauli - MPPCB","28-06-2026 02:00:00",24.10897,82.64558,PM10,55,239,125
India,"Madhya Pradesh",Ujjain,"Mahashweta Nagar, Ujjain - MPPCB","28-06-2026 02:00:00",23.1633321,75.800225,NO2,5,24,12
India,"Madhya Pradesh",Ujjain,"Mahashweta Nagar, Ujjain - MPPCB","28-06-2026 02:00:00",23.1633321,75.800225,NH3,4,11,8
India,"Madhya Pradesh",Ujjain,"Mahashweta Nagar, Ujjain - MPPCB","28-06-2026 02:00:00",23.1633321,75.800225,OZONE,26,100,65
India,Maharashtra,Ahmednagar,"Tarakpur, Ahmednagar - MPCB","28-06-2026 02:00:00",19.10122,74.73339,NH3,3,16,7
India,Maharashtra,Ahmednagar,"Tarakpur, Ahmednagar - MPCB","28-06-2026 02:00:00",19.10122,74.73339,SO2,4,21,13
India,Maharashtra,Ahmednagar,"Tarakpur, Ahmednagar - MPCB","28-06-2026 02:00:00",19.10122,74.73339,CO,10,70,29
India,Maharashtra,Ahmednagar,"Tarakpur, Ahmednagar - MPCB","28-06-2026 02:00:00",19.10122,74.73339,OZONE,7,54,19
India,Maharashtra,Ambernath,"Chinchpada, Ambernath - MPCB","28-06-2026 02:00:00",19.215784,73.199781,NH3,4,6,5
India,Maharashtra,Dombivli,"Kalu Nagar, Dombivli - MPCB","28-06-2026 02:00:00",19.2268427,73.0788456,OZONE,6,38,14
India,Maharashtra,Hingoli,"Ashta Vinayak Nagar, Hingoli - MPCB","28-06-2026 02:00:00",19.710842,77.151824,NO2,5,26,12
India,Maharashtra,Hingoli,"Ashta Vinayak Nagar, Hingoli - MPCB","28-06-2026 02:00:00",19.710842,77.151824,SO2,0,2,1
India,Maharashtra,Hingoli,"Ashta Vinayak Nagar, Hingoli - MPCB","28-06-2026 02:00:00",19.710842,77.151824,CO,13,39,20
India,Maharashtra,Jalna,"Old MIDC, Jalna - MPCB","28-06-2026 02:00:00",19.854616,75.905894,NO2,14,21,19
India,Maharashtra,Jalna,"Old MIDC, Jalna - MPCB","28-06-2026 02:00:00",19.854616,75.905894,NH3,3,5,4
India,Maharashtra,Jalna,"Old MIDC, Jalna - MPCB","28-06-2026 02:00:00",19.854616,75.905894,SO2,0,10,7
India,Maharashtra,Kalyan,"Khadakpada, Kalyan - MPCB","28-06-2026 02:00:00",19.25292,73.142019,PM2.5,NA,NA,NA
India,Maharashtra,Kalyan,"Khadakpada, Kalyan - MPCB","28-06-2026 02:00:00",19.25292,73.142019,OZONE,8,8,8
India,Maharashtra,Bhiwandi,"Gokul Nagar, Bhiwandi - MPCB","28-06-2026 02:00:00",19.309073,73.057223,CO,15,22,19
India,Maharashtra,Boisar,"Khaira, Boisar - MPCB","28-06-2026 02:00:00",19.786089,72.757971,PM10,38,68,53
India,Maharashtra,Boisar,"Khaira, Boisar - MPCB","28-06-2026 02:00:00",19.786089,72.757971,NO2,22,24,23
India,Maharashtra,Boisar,"Khaira, Boisar - MPCB","28-06-2026 02:00:00",19.786089,72.757971,SO2,1,17,10
India,Maharashtra,Chandrapur,"Chauhan Colony, Chandrapur - MPCB","28-06-2026 02:00:00",19.9629,79.298714,PM10,13,221,70
India,Maharashtra,Chandrapur,"Chauhan Colony, Chandrapur - MPCB","28-06-2026 02:00:00",19.9629,79.298714,NH3,2,7,4
India,Maharashtra,Chandrapur,"Chauhan Colony, Chandrapur - MPCB","28-06-2026 02:00:00",19.9629,79.298714,CO,47,130,74
India,Maharashtra,Chandrapur,"MIDC Khutala, Chandrapur - MPCB","28-06-2026 02:00:00",19.9775302,79.2337086,PM2.5,29,38,31
India,"Madhya Pradesh",Bhopal,"Idgah Hills, Bhopal - MPPCB","28-06-2026 02:00:00",23.264759,77.381568,PM10,29,84,52
India,"Madhya Pradesh",Bhopal,"Idgah Hills, Bhopal - MPPCB","28-06-2026 02:00:00",23.264759,77.381568,SO2,7,10,8
India,"Madhya Pradesh",Bhopal,"Idgah Hills, Bhopal - MPPCB","28-06-2026 02:00:00",23.264759,77.381568,OZONE,30,36,33
India,"Madhya Pradesh",Damoh,"Shrivastav Colony, Damoh - MPPCB","28-06-2026 02:00:00",23.81748678,79.446246,PM10,25,73,50
India,"Madhya Pradesh",Dewas,"Bhopal Chauraha, Dewas - MPPCB","28-06-2026 02:00:00",22.9682591,76.064118,PM10,3,100,59
India,"Madhya Pradesh",Dewas,"Bhopal Chauraha, Dewas - MPPCB","28-06-2026 02:00:00",22.9682591,76.064118,NH3,3,5,4
India,"Madhya Pradesh",Gwalior,"Deen Dayal Nagar, Gwalior - MPPCB","28-06-2026 02:00:00",26.259242,78.216432,NH3,2,6,4
India,Maharashtra,Kolhapur,"Sinchan Bhavan, Kolhapur - MPCB","28-06-2026 02:00:00",16.7143745,74.2426398,NH3,2,4,2
India,Maharashtra,Kolhapur,"Sinchan Bhavan, Kolhapur - MPCB","28-06-2026 02:00:00",16.7143745,74.2426398,SO2,NA,NA,NA
India,Maharashtra,Kolhapur,"Shivaji University, Kolhapur - MPCB","28-06-2026 02:00:00",16.6870449,74.2505872,NH3,3,4,3
India,Maharashtra,Mahad,"Kamble Tarf Birwadi, Mahad - MPCB","28-06-2026 02:00:00",18.1023399,73.4783687,PM10,17,94,36
India,Maharashtra,Mahad,"Kamble Tarf Birwadi, Mahad - MPCB","28-06-2026 02:00:00",18.1023399,73.4783687,SO2,1,96,16
India,Maharashtra,Malegaon,"Mahesh Nagar, Malegaon - MPCB","28-06-2026 02:00:00",20.555712,74.529236,PM10,60,108,83
India,Kerala,Kannur,"Thavakkara, Kannur - Kerala PCB","28-06-2026 02:00:00",11.875,75.3732,OZONE,27,27,27
India,Kerala,Thiruvananthapuram,"Kariavattom, Thiruvananthapuram - Kerala PCB","28-06-2026 02:00:00",8.5637,76.8865,NH3,0,0,0
India,Kerala,Thiruvananthapuram,"Kariavattom, Thiruvananthapuram - Kerala PCB","28-06-2026 02:00:00",8.5637,76.8865,OZONE,30,31,30
India,Kerala,Thrissur,"Corporation Ground, Thrissur - Kerala PCB","28-06-2026 02:00:00",10.5324,76.2159,PM2.5,40,61,51
India,"Madhya Pradesh",Bhopal,"Paryavaran Parisar, Bhopal - MPPCB","28-06-2026 02:00:00",23.210494,77.425409,PM10,5,75,40
India,"Madhya Pradesh",Gwalior,"Maharaj Bada, Gwalior - MPPCB","28-06-2026 02:00:00",26.200388,78.147714,OZONE,44,68,59
India,"Madhya Pradesh",Gwalior,"City Center, Gwalior - MPPCB","28-06-2026 02:00:00",26.203442,78.193251,SO2,12,30,23
India,"Madhya Pradesh",Indore,"Regional Park, Indore - IMC","28-06-2026 02:00:00",22.678,75.8559,NO2,NA,NA,NA
India,"Madhya Pradesh",Indore,"Regional Park, Indore - IMC","28-06-2026 02:00:00",22.678,75.8559,OZONE,5,6,6
India,Maharashtra,Mumbai,"Bandra Kurla Complex, Mumbai - IITM","28-06-2026 02:00:00",19.053536,72.84643,CO,NA,NA,NA
India,Maharashtra,Mumbai,"Bandra Kurla Complex, Mumbai - IITM","28-06-2026 02:00:00",19.053536,72.84643,OZONE,9,14,11
India,Maharashtra,Mumbai,"Deonar, Mumbai - IITM","28-06-2026 02:00:00",19.04946,72.923,SO2,7,7,7
India,Maharashtra,Mumbai,"Deonar, Mumbai - IITM","28-06-2026 02:00:00",19.04946,72.923,CO,54,60,57
India,Maharashtra,Mumbai,"Chhatrapati Shivaji Intl. Airport (T2), Mumbai - MPCB","28-06-2026 02:00:00",19.10078,72.87462,NH3,0,0,0
India,Maharashtra,Mumbai,"Sion, Mumbai - MPCB","28-06-2026 02:00:00",19.047,72.8746,NH3,6,7,6
India,Maharashtra,Mumbai,"Sion, Mumbai - MPCB","28-06-2026 02:00:00",19.047,72.8746,SO2,NA,NA,NA
India,Maharashtra,Mumbai,"Sion, Mumbai - MPCB","28-06-2026 02:00:00",19.047,72.8746,CO,16,17,17
India,Maharashtra,Mumbai,"Siddharth Nagar-Worli, Mumbai - IITM","28-06-2026 02:00:00",19.000083,72.813993,NH3,NA,NA,NA
India,Maharashtra,Mumbai,"Siddharth Nagar-Worli, Mumbai - IITM","28-06-2026 02:00:00",19.000083,72.813993,CO,30,52,45
India,Maharashtra,Mumbai,"Siddharth Nagar-Worli, Mumbai - IITM","28-06-2026 02:00:00",19.000083,72.813993,OZONE,14,30,19
India,Maharashtra,Mumbai,"Malad West, Mumbai - IITM","28-06-2026 02:00:00",19.19709,72.82204,PM2.5,4,58,20
India,Maharashtra,Mumbai,"Malad West, Mumbai - IITM","28-06-2026 02:00:00",19.19709,72.82204,SO2,0,15,7
India,Maharashtra,Mumbai,"Malad West, Mumbai - IITM","28-06-2026 02:00:00",19.19709,72.82204,OZONE,8,16,11
India,Maharashtra,Mumbai,"Mazgaon, Mumbai - IITM","28-06-2026 02:00:00",18.96702,72.84214,PM2.5,22,59,34
India,Maharashtra,Mumbai,"Mazgaon, Mumbai - IITM","28-06-2026 02:00:00",18.96702,72.84214,PM10,35,56,44
India,Maharashtra,Mumbai,"Mazgaon, Mumbai - IITM","28-06-2026 02:00:00",18.96702,72.84214,SO2,7,15,12
India,Maharashtra,Mumbai,"Mazgaon, Mumbai - IITM","28-06-2026 02:00:00",18.96702,72.84214,CO,1,44,28
India,Maharashtra,Mumbai,"Chakala-Andheri East, Mumbai - IITM","28-06-2026 02:00:00",19.11074,72.86084,OZONE,13,23,17
India,Maharashtra,Nagpur,"Mahal, Nagpur - MPCB","28-06-2026 02:00:00",21.14472,79.107595,NH3,3,6,4
India,Maharashtra,Nagpur,"Opp GPO Civil Lines, Nagpur - MPCB","28-06-2026 02:00:00",21.152875,79.0517531,NO2,15,16,16
India,Maharashtra,Nagpur,"Ambazari, Nagpur - MPCB","28-06-2026 02:00:00",21.121801,79.04952,PM2.5,19,53,38
India,Maharashtra,Nagpur,"Ambazari, Nagpur - MPCB","28-06-2026 02:00:00",21.121801,79.04952,PM10,19,63,39
India,Maharashtra,Nagpur,"Ambazari, Nagpur - MPCB","28-06-2026 02:00:00",21.121801,79.04952,SO2,1,13,7
India,Maharashtra,Nanded,"Sneh Nagar, Nanded - MPCB","28-06-2026 02:00:00",19.173852,77.296291,PM2.5,28,57,42
India,Maharashtra,Nanded,"Sneh Nagar, Nanded - MPCB","28-06-2026 02:00:00",19.173852,77.296291,PM10,28,58,39
India,Maharashtra,Nanded,"Sneh Nagar, Nanded - MPCB","28-06-2026 02:00:00",19.173852,77.296291,NH3,4,5,4
India,Maharashtra,Nanded,"Sneh Nagar, Nanded - MPCB","28-06-2026 02:00:00",19.173852,77.296291,OZONE,26,38,31
India,Maharashtra,Nashik,"Pandav Nagari, Nashik - MPCB","28-06-2026 02:00:00",19.9591346,73.7788008,PM10,39,60,49
India,Maharashtra,Nashik,"Pandav Nagari, Nashik - MPCB","28-06-2026 02:00:00",19.9591346,73.7788008,NH3,2,4,3
India,Maharashtra,Nashik,"MIDC Ambad, Nashik - MPCB","28-06-2026 02:00:00",19.95022,73.73148,SO2,4,15,7
India,Maharashtra,Nashik,"MIDC Ambad, Nashik - MPCB","28-06-2026 02:00:00",19.95022,73.73148,OZONE,9,35,19
India,Maharashtra,Nashik,"Hirawadi, Nashik - MPCB","28-06-2026 02:00:00",20.021503,73.813844,NH3,3,4,4
India,Maharashtra,Pimpri-Chinchwad,"Bhosari, Pune - IITM","28-06-2026 02:00:00",18.640051,73.848956,CO,3,25,11
India,Maharashtra,Pimpri-Chinchwad,"Thergaon, Pimpri Chinchwad - MPCB","28-06-2026 02:00:00",18.616318,73.765797,PM2.5,8,121,47
India,Maharashtra,Pimpri-Chinchwad,"Thergaon, Pimpri Chinchwad - MPCB","28-06-2026 02:00:00",18.616318,73.765797,NO2,7,26,14
India,Maharashtra,Pune,"Revenue Colony-Shivajinagar, Pune - IITM","28-06-2026 02:00:00",18.530085,73.849598,NO2,13,37,22
India,Maharashtra,Pune,"Revenue Colony-Shivajinagar, Pune - IITM","28-06-2026 02:00:00",18.530085,73.849598,SO2,17,31,24
India,Maharashtra,Pune,"Savitribai Phule Pune University, Pune - MPCB","28-06-2026 02:00:00",18.547056,73.826908,SO2,3,5,4
India,Maharashtra,Pune,"Panchawati_Pashan, Pune - IITM","28-06-2026 02:00:00",18.536457,73.805454,NH3,NA,NA,NA
India,Maharashtra,Pune,"Dhankawadi, Pune - IITM","28-06-2026 02:00:00",18.459883,73.852193,PM10,23,73,49
India,Maharashtra,Pune,"Dhankawadi, Pune - IITM","28-06-2026 02:00:00",18.459883,73.852193,NO2,18,24,21
India,Maharashtra,Pune,"Katraj Dairy, Pune - MPCB","28-06-2026 02:00:00",18.45445,73.854155,NO2,10,31,16
India,Maharashtra,Pune,"Katraj Dairy, Pune - MPCB","28-06-2026 02:00:00",18.45445,73.854155,CO,10,29,22
India,Maharashtra,"Navi Mumbai","Mahape, Navi Mumbai - MPCB","28-06-2026 02:00:00",19.1135051,73.008978,PM10,49,88,66
India,Maharashtra,"Navi Mumbai","Mahape, Navi Mumbai - MPCB","28-06-2026 02:00:00",19.1135051,73.008978,SO2,15,16,16
India,Maharashtra,"Navi Mumbai","Sanpada, Navi Mumbai - MPCB","28-06-2026 02:00:00",19.0575752,73.0151367,CO,5,6,5
India,Maharashtra,Pimpri-Chinchwad,"Park Street Wakad, Pimpri Chinchwad - MPCB","28-06-2026 02:00:00",18.59051,73.77946,SO2,1,3,3
India,Maharashtra,Pimpri-Chinchwad,"Transport Nagar-Nigdi, Pune - IITM","28-06-2026 02:00:00",18.664282,73.763966,SO2,NA,NA,NA
India,Maharashtra,Pimpri-Chinchwad,"Transport Nagar-Nigdi, Pune - IITM","28-06-2026 02:00:00",18.664282,73.763966,CO,17,20,18
India,Maharashtra,Pimpri-Chinchwad,"Transport Nagar-Nigdi, Pune - IITM","28-06-2026 02:00:00",18.664282,73.763966,OZONE,11,17,14
India,Maharashtra,Pimpri-Chinchwad,"Bhosari, Pune - IITM","28-06-2026 02:00:00",18.640051,73.848956,PM10,41,107,73
India,Maharashtra,Mumbai,"Kherwadi_Bandra East, Mumbai - MPCB","28-06-2026 02:00:00",19.0632143,72.8456324,PM10,28,84,48
India,Maharashtra,Mumbai,"Kherwadi_Bandra East, Mumbai - MPCB","28-06-2026 02:00:00",19.0632143,72.8456324,NO2,7,15,11
India,Maharashtra,Mumbai,"Kherwadi_Bandra East, Mumbai - MPCB","28-06-2026 02:00:00",19.0632143,72.8456324,OZONE,10,11,10
India,Maharashtra,Mumbai,"Byculla, Mumbai - BMC","28-06-2026 02:00:00",18.9767,72.838,PM10,34,113,64
India,Maharashtra,Mumbai,"Borivali East, Mumbai - IITM","28-06-2026 02:00:00",19.23241,72.86895,NO2,22,34,27
India,Maharashtra,Mumbai,"Mindspace-Malad West, Mumbai - MPCB","28-06-2026 02:00:00",19.1878657,72.8304069,SO2,3,5,4
India,Maharashtra,Mumbai,"Mindspace-Malad West, Mumbai - MPCB","28-06-2026 02:00:00",19.1878657,72.8304069,CO,10,17,12
India,Maharashtra,Mumbai,"Bandra Kurla Complex, Mumbai - IITM","28-06-2026 02:00:00",19.053536,72.84643,PM2.5,5,60,31
India,Maharashtra,Mira-Bhayandar,"Bhayandar West, Mira-Bhayandar - MPCB","28-06-2026 02:00:00",19.296481,72.840923,NO2,2,29,12
India,Maharashtra,Mumbai,"Ghatkopar, Mumbai - BMC","28-06-2026 02:00:00",19.083694,72.920967,NH3,9,28,11
India,Maharashtra,Mumbai,"Ghatkopar, Mumbai - BMC","28-06-2026 02:00:00",19.083694,72.920967,OZONE,21,33,28
India,Maharashtra,Mumbai,"Kandivali West, Mumbai - BMC","28-06-2026 02:00:00",19.215859,72.831718,PM2.5,12,29,20
India,Maharashtra,Mumbai,"Kandivali West, Mumbai - BMC","28-06-2026 02:00:00",19.215859,72.831718,NO2,14,45,24
India,Maharashtra,Mumbai,"Kandivali West, Mumbai - BMC","28-06-2026 02:00:00",19.215859,72.831718,OZONE,13,23,18
India,Maharashtra,Mumbai,"Kurla, Mumbai - MPCB","28-06-2026 02:00:00",19.0863,72.8888,PM2.5,NA,NA,NA
India,Maharashtra,Mumbai,"Kurla, Mumbai - MPCB","28-06-2026 02:00:00",19.0863,72.8888,PM10,NA,NA,NA
India,Maharashtra,Nashik,"Hirawadi, Nashik - MPCB","28-06-2026 02:00:00",20.021503,73.813844,OZONE,15,46,26
India,Maharashtra,Nashik,"Gangapur Road, Nashik - MPCB","28-06-2026 02:00:00",20.0073285,73.7762427,OZONE,9,27,15
India,Maharashtra,"Navi Mumbai","Kopripada-Vashi, Navi Mumbai - MPCB","28-06-2026 02:00:00",19.090337,73.014232,NO2,11,17,14
India,Maharashtra,"Navi Mumbai","Nerul, Navi Mumbai - MPCB","28-06-2026 02:00:00",19.008751,73.01662,NO2,96,100,97
India,Maharashtra,"Navi Mumbai","Sector-2E Kalamboli, Navi Mumbai - MPCB","28-06-2026 02:00:00",19.02579,73.10297,PM2.5,19,38,28
India,Maharashtra,Mumbai,"Kurla, Mumbai - MPCB","28-06-2026 02:00:00",19.0863,72.8888,NH3,2,2,2
India,Maharashtra,Mumbai,"Kurla, Mumbai - MPCB","28-06-2026 02:00:00",19.0863,72.8888,CO,14,18,16
India,Maharashtra,Mumbai,"Kurla, Mumbai - MPCB","28-06-2026 02:00:00",19.0863,72.8888,OZONE,28,29,28
India,Maharashtra,Mumbai,"Bandra Kurla Complex, Mumbai - MPCB","28-06-2026 02:00:00",19.065931,72.862131,NO2,0,38,7
India,Maharashtra,Mumbai,"Bandra Kurla Complex, Mumbai - MPCB","28-06-2026 02:00:00",19.065931,72.862131,OZONE,15,15,15
India,Maharashtra,Mumbai,"Mulund West, Mumbai - MPCB","28-06-2026 02:00:00",19.175,72.9419,PM2.5,NA,NA,NA
India,Maharashtra,Malegaon,"Mahesh Nagar, Malegaon - MPCB","28-06-2026 02:00:00",20.555712,74.529236,SO2,2,11,6
India,Rajasthan,Alwar,"Moti Doongri, Alwar - RSPCB","28-06-2026 02:00:00",27.554793,76.611536,NH3,9,14,10
India,Rajasthan,Alwar,"Moti Doongri, Alwar - RSPCB","28-06-2026 02:00:00",27.554793,76.611536,OZONE,10,23,14
India,Rajasthan,Banswara,"Rati Talai, Banswara - RSPCB","28-06-2026 02:00:00",23.55519,74.44001,PM2.5,36,159,64
India,Rajasthan,Banswara,"Rati Talai, Banswara - RSPCB","28-06-2026 02:00:00",23.55519,74.44001,PM10,58,175,96
India,Rajasthan,Banswara,"Rati Talai, Banswara - RSPCB","28-06-2026 02:00:00",23.55519,74.44001,NO2,24,52,34
India,Rajasthan,Banswara,"Rati Talai, Banswara - RSPCB","28-06-2026 02:00:00",23.55519,74.44001,SO2,1,7,3
India,Rajasthan,Baran,"Bamboliya, Baran - RSPCB","28-06-2026 02:00:00",25.106006,76.469948,NH3,1,6,3
India,Rajasthan,Baran,"Bamboliya, Baran - RSPCB","28-06-2026 02:00:00",25.106006,76.469948,SO2,8,13,10
India,Rajasthan,Baran,"Bamboliya, Baran - RSPCB","28-06-2026 02:00:00",25.106006,76.469948,CO,13,34,22
India,Rajasthan,Barmer,"Railway Colony, Barmer - RSPCB","28-06-2026 02:00:00",25.747299,71.393989,PM2.5,8,52,23
India,Rajasthan,Barmer,"Railway Colony, Barmer - RSPCB","28-06-2026 02:00:00",25.747299,71.393989,PM10,57,115,78
India,Rajasthan,Barmer,"Railway Colony, Barmer - RSPCB","28-06-2026 02:00:00",25.747299,71.393989,NH3,2,5,3
India,Rajasthan,Barmer,"Railway Colony, Barmer - RSPCB","28-06-2026 02:00:00",25.747299,71.393989,SO2,4,5,4
India,Rajasthan,Barmer,"Railway Colony, Barmer - RSPCB","28-06-2026 02:00:00",25.747299,71.393989,CO,8,22,14
India,Rajasthan,Bharatpur,"Krishna Nagar, Bharatpur - RSPCB","28-06-2026 02:00:00",27.215415,77.50873,PM10,16,181,73
India,Rajasthan,Bhilwara,"Pratap Nagar, Bhilwara - RSPCB","28-06-2026 02:00:00",25.339605,74.618883,CO,16,20,18
India,Rajasthan,Bhilwara,"Pratap Nagar, Bhilwara - RSPCB","28-06-2026 02:00:00",25.339605,74.618883,OZONE,17,48,33
India,Rajasthan,Bhiwadi,"RIICO Ind. Area III, Bhiwadi - RSPCB","28-06-2026 02:00:00",28.194909,76.862296,NO2,31,96,54
India,Rajasthan,Bhiwadi,"Vasundhara Nagar_UIT, Bhiwadi - RSPCB","28-06-2026 02:00:00",28.207266,76.829265,CO,21,41,29
India,Rajasthan,Bikaner,"MM Ground, Bikaner - RSPCB","28-06-2026 02:00:00",28.018792,73.292658,PM10,30,152,88
India,Rajasthan,Bikaner,"MM Ground, Bikaner - RSPCB","28-06-2026 02:00:00",28.018792,73.292658,NH3,2,2,2
India,Punjab,Amritsar,"Golden Temple, Amritsar - PPCB","28-06-2026 02:00:00",31.62,74.876512,CO,20,28,25
India,Punjab,Bathinda,"Hardev Nagar, Bathinda - PPCB","28-06-2026 02:00:00",30.233011,74.907758,NH3,NA,NA,NA
India,Punjab,Jalandhar,"Civil Line, Jalandhar - PPCB","28-06-2026 02:00:00",31.321907,75.578914,PM2.5,35,61,49
India,Punjab,Jalandhar,"Civil Line, Jalandhar - PPCB","28-06-2026 02:00:00",31.321907,75.578914,OZONE,41,47,45
India,Punjab,Khanna,"Kalal Majra, Khanna - PPCB","28-06-2026 02:00:00",30.736056,76.209694,NO2,26,32,28
India,Punjab,Ludhiana,"Punjab Agricultural University, Ludhiana - PPCB","28-06-2026 02:00:00",30.9028,75.8086,PM10,79,111,93
India,Punjab,Patiala,"Model Town, Patiala - PPCB","28-06-2026 02:00:00",30.349388,76.366642,OZONE,16,28,22
India,Punjab,Rupnagar,"Ratanpura, Rupnagar - Ambuja Cements","28-06-2026 02:00:00",31.0325454,76.5623046,PM2.5,40,101,65
India,Maharashtra,Ulhasnagar,"Vithalwadi, Ulhasnagar - MPCB","28-06-2026 02:00:00",19.2307571,73.155192,OZONE,11,24,15
India,Meghalaya,Byrnihat,"Tamulikuchi, Byrnihat - Meghalaya PCB","28-06-2026 02:00:00",26.079047,91.875185,PM10,24,157,69
India,Meghalaya,Byrnihat,"Tamulikuchi, Byrnihat - Meghalaya PCB","28-06-2026 02:00:00",26.079047,91.875185,NO2,NA,NA,NA
India,Meghalaya,Byrnihat,"Tamulikuchi, Byrnihat - Meghalaya PCB","28-06-2026 02:00:00",26.079047,91.875185,SO2,NA,NA,NA
India,Meghalaya,Byrnihat,"Tamulikuchi, Byrnihat - Meghalaya PCB","28-06-2026 02:00:00",26.079047,91.875185,CO,3,10,6
India,Meghalaya,Shillong,"Lumpyngngad, Shillong - Meghalaya PCB","28-06-2026 02:00:00",25.5586,91.8985,CO,8,10,9
India,Mizoram,Aizawl,"Sikulpuikawn, Aizawl - Mizoram PCB","28-06-2026 02:00:00",23.7176342,92.7192841,NH3,0,1,0
India,Nagaland,Kohima,"PWD Junction, Kohima - NPCB","28-06-2026 02:00:00",25.6635413,94.0989878,PM2.5,1,43,21
India,Nagaland,Kohima,"PWD Junction, Kohima - NPCB","28-06-2026 02:00:00",25.6635413,94.0989878,SO2,36,52,46
India,Odisha,Bileipada,"Tata Township, Bileipada - OSPCB","28-06-2026 02:00:00",22.06156703,85.47409613,PM10,60,125,90
India,Odisha,Bileipada,"Tata Township, Bileipada - OSPCB","28-06-2026 02:00:00",22.06156703,85.47409613,NH3,5,5,5
India,Odisha,Bileipada,"Tata Township, Bileipada - OSPCB","28-06-2026 02:00:00",22.06156703,85.47409613,SO2,13,14,14
India,Odisha,Bileipada,"Tata Township, Bileipada - OSPCB","28-06-2026 02:00:00",22.06156703,85.47409613,CO,23,27,25
India,Odisha,Brajrajnagar,"GM Office, Brajrajnagar - OSPCB","28-06-2026 02:00:00",21.8004996,83.8396977,PM2.5,5,82,42
India,Odisha,Brajrajnagar,"GM Office, Brajrajnagar - OSPCB","28-06-2026 02:00:00",21.8004996,83.8396977,NO2,22,23,23
India,Odisha,Brajrajnagar,"GM Office, Brajrajnagar - OSPCB","28-06-2026 02:00:00",21.8004996,83.8396977,CO,16,35,27
India,Odisha,Brajrajnagar,"GM Office, Brajrajnagar - OSPCB","28-06-2026 02:00:00",21.8004996,83.8396977,OZONE,45,46,46
India,Odisha,Byasanagar,"Ferro Chrome Colony, Byasanagar - OSPCB","28-06-2026 02:00:00",20.94185,86.1151,CO,50,87,65
India,Odisha,Byasanagar,"Ferro Chrome Colony, Byasanagar - OSPCB","28-06-2026 02:00:00",20.94185,86.1151,OZONE,1,21,12
India,Odisha,Suakati,"OMC Colony, Suakati - OSPCB","28-06-2026 02:00:00",21.606865,85.510538,PM2.5,21,50,34
India,Odisha,Suakati,"OMC Colony, Suakati - OSPCB","28-06-2026 02:00:00",21.606865,85.510538,NO2,17,18,18
India,Odisha,Talcher,"Talcher Coalfields,Talcher - OSPCB","28-06-2026 02:00:00",20.9360711,85.1707021,NH3,5,8,6
India,Odisha,Tensa,"Barsua Iron Ore Mines, Tensa - OSPCB","28-06-2026 02:00:00",21.869985,85.167016,NH3,NA,NA,NA
India,Puducherry,Puducherry,"Jawahar Nagar, Puducherry - PPCC","28-06-2026 02:00:00",11.9309,79.8027,NH3,1,8,3
India,Puducherry,Puducherry,"Jawahar Nagar, Puducherry - PPCC","28-06-2026 02:00:00",11.9309,79.8027,OZONE,20,57,34
India,Odisha,Angul,"Hakimapada, Angul - OSPCB","28-06-2026 02:00:00",20.832874,85.104082,NO2,1,25,10
India,Odisha,Angul,"Hakimapada, Angul - OSPCB","28-06-2026 02:00:00",20.832874,85.104082,OZONE,4,63,35
India,Odisha,Balasore,"Kalidaspur, Balasore - OSPCB","28-06-2026 02:00:00",21.51161,86.89088,PM2.5,12,53,27
India,Odisha,Balasore,"Kalidaspur, Balasore - OSPCB","28-06-2026 02:00:00",21.51161,86.89088,NO2,2,29,11
India,Odisha,Barbil,"Forest Office, Barbil - OSPCB","28-06-2026 02:00:00",22.1166054,85.3945546,PM2.5,8,85,39
India,Odisha,Bhubaneswar,"Patia, Bhubaneswar - OSPCB","28-06-2026 02:00:00",20.34652,85.8163,NH3,2,2,2
India,Maharashtra,Pune,"Mhada Colony, Pune - IITM","28-06-2026 02:00:00",18.57304,73.927715,CO,2,55,15
India,Maharashtra,Sangli,"Vijay Nagar, Sangli - MPCB","28-06-2026 02:00:00",16.5038,74.3623,PM10,12,42,25
India,Maharashtra,Satara," Koyana Nagar, Satara - MPCB","28-06-2026 02:00:00",17.696651,74.003387,NH3,1,3,2
India,Maharashtra,Satara," Koyana Nagar, Satara - MPCB","28-06-2026 02:00:00",17.696651,74.003387,CO,17,26,21
India,Maharashtra,Solapur,"Dnyaneshwar Nagar, Solapur - MPCB","28-06-2026 02:00:00",17.6336264,75.9132495,NO2,12,34,21
India,Maharashtra,Solapur,"Dnyaneshwar Nagar, Solapur - MPCB","28-06-2026 02:00:00",17.6336264,75.9132495,CO,16,39,25
India,Maharashtra,Thane,"Kasarvadavali, Thane - MPCB","28-06-2026 02:00:00",19.26777,72.97182,PM2.5,30,65,45
India,Maharashtra,Thane,"Kasarvadavali, Thane - MPCB","28-06-2026 02:00:00",19.26777,72.97182,PM10,52,82,65
India,Maharashtra,Thane,"Kasarvadavali, Thane - MPCB","28-06-2026 02:00:00",19.26777,72.97182,NO2,16,38,25
India,Maharashtra,Ulhasnagar,"Vithalwadi, Ulhasnagar - MPCB","28-06-2026 02:00:00",19.2307571,73.155192,NH3,3,4,3
India,Odisha,Keonjhar,"Jagamohanpur, Keonjhar - OSPCB","28-06-2026 02:00:00",21.6439,85.599355,PM2.5,21,41,29
India,Odisha,Keonjhar,"Jagamohanpur, Keonjhar - OSPCB","28-06-2026 02:00:00",21.6439,85.599355,OZONE,12,25,19
India,Odisha,Rourkela,"Fertilizer Township, Rourkela - OSPCB","28-06-2026 02:00:00",22.18972222,84.86277778,NH3,NA,NA,NA
India,Rajasthan,Jodhpur,"Mandor, Jodhpur - RSPCB","28-06-2026 02:00:00",26.358805,73.047444,NH3,2,6,3
India,Rajasthan,Jodhpur,"Samrat Ashok Udhyan, Jodhpur - RSPCB","28-06-2026 02:00:00",26.253384,72.976571,NH3,3,5,4
India,Rajasthan,Jodhpur,"Samrat Ashok Udhyan, Jodhpur - RSPCB","28-06-2026 02:00:00",26.253384,72.976571,SO2,2,6,3
India,Rajasthan,Jodhpur,"Samrat Ashok Udhyan, Jodhpur - RSPCB","28-06-2026 02:00:00",26.253384,72.976571,CO,12,27,23
India,Rajasthan,Jodhpur,"Digari Kalan, Jodhpur - RSPCB","28-06-2026 02:00:00",26.29581,73.082283,SO2,1,6,3
India,Rajasthan,Jodhpur,"Collectorate, Jodhpur - RSPCB","28-06-2026 02:00:00",26.268249,73.0193853,PM2.5,19,67,42
India,Rajasthan,Jodhpur,"Collectorate, Jodhpur - RSPCB","28-06-2026 02:00:00",26.268249,73.0193853,PM10,15,100,56
India,Rajasthan,Jodhpur,"Collectorate, Jodhpur - RSPCB","28-06-2026 02:00:00",26.268249,73.0193853,NO2,21,32,26
India,Rajasthan,Jodhpur,"Collectorate, Jodhpur - RSPCB","28-06-2026 02:00:00",26.268249,73.0193853,SO2,1,11,5
India,Rajasthan,Jodhpur,"Jhalamand, Jodhpur - RSPCB","28-06-2026 02:00:00",26.215415,73.070156,NO2,4,16,8
India,Rajasthan,Jodhpur,"Jhalamand, Jodhpur - RSPCB","28-06-2026 02:00:00",26.215415,73.070156,OZONE,24,62,42
India,Rajasthan,Karauli,"Satyawati Vihar, Karauli - RSPCB","28-06-2026 02:00:00",26.506177,77.025989,PM2.5,14,54,34
India,Rajasthan,Karauli,"Satyawati Vihar, Karauli - RSPCB","28-06-2026 02:00:00",26.506177,77.025989,NH3,5,12,7
India,Rajasthan,Karauli,"Satyawati Vihar, Karauli - RSPCB","28-06-2026 02:00:00",26.506177,77.025989,OZONE,37,76,53
India,Rajasthan,Khairthal,"New Anaj Mandi, Khairthal - RSPCB","28-06-2026 02:00:00",27.8015617,76.6365217,NO2,3,24,9
India,Rajasthan,Khairthal,"New Anaj Mandi, Khairthal - RSPCB","28-06-2026 02:00:00",27.8015617,76.6365217,NH3,2,4,3
India,Rajasthan,Dholpur,"Raja Ganj, Dholpur - RSPCB","28-06-2026 02:00:00",26.699557,77.898881,OZONE,39,61,53
India,Rajasthan,Dungarpur,"Bhoiwada, Dungarpur - RSPCB","28-06-2026 02:00:00",23.837789,73.714926,PM10,35,88,62
India,Rajasthan,Jaipur,"Shastri Nagar, Jaipur - RSPCB","28-06-2026 02:00:00",26.9502929,75.730943,PM10,73,141,104
India,Rajasthan,Jaipur,"Shastri Nagar, Jaipur - RSPCB","28-06-2026 02:00:00",26.9502929,75.730943,NH3,8,13,9
India,Rajasthan,Jaipur,"Sector-2 Murlipura, Jaipur - RSPCB","28-06-2026 02:00:00",26.960669,75.771817,SO2,1,4,2
India,Rajasthan,Jaipur,"Police Commissionerate, Jaipur - RSPCB","28-06-2026 02:00:00",26.9164092,75.7994901,NH3,10,34,18
India,Rajasthan,Jaipur,"Police Commissionerate, Jaipur - RSPCB","28-06-2026 02:00:00",26.9164092,75.7994901,OZONE,16,27,19
India,Rajasthan,Jaipur,"Adarsh Nagar, Jaipur - RSPCB","28-06-2026 02:00:00",26.902909,75.836858,PM10,77,129,100
India,Rajasthan,Jaipur,"Adarsh Nagar, Jaipur - RSPCB","28-06-2026 02:00:00",26.902909,75.836858,NO2,19,40,32
India,Rajasthan,Jaipur,"Adarsh Nagar, Jaipur - RSPCB","28-06-2026 02:00:00",26.902909,75.836858,NH3,4,13,7
India,Rajasthan,Jaipur,"Adarsh Nagar, Jaipur - RSPCB","28-06-2026 02:00:00",26.902909,75.836858,CO,17,76,50
India,Rajasthan,Jaipur,"Mansarovar Sector-12, Jaipur - RSPCB","28-06-2026 02:00:00",26.843698,75.766894,SO2,1,2,2
India,Rajasthan,Jaisalmer,"Sadar Bazar, Jaisalmer - RSPCB","28-06-2026 02:00:00",26.912329,70.909168,NO2,3,13,7
India,Rajasthan,Jaisalmer,"Sadar Bazar, Jaisalmer - RSPCB","28-06-2026 02:00:00",26.912329,70.909168,SO2,1,8,3
India,Rajasthan,Jalore,"Mudtra Sili, Jalore - RSPCB","28-06-2026 02:00:00",25.344694,72.626208,CO,7,22,15
India,Rajasthan,Jhalawar,"Rajlaxmi Nagar, Jhalawar - RSPCB","28-06-2026 02:00:00",24.588397,76.172782,NO2,9,22,16
India,Rajasthan,Jhunjhunu,"Indra Nagar, Jhunjhunu - RSPCB","28-06-2026 02:00:00",28.108988,75.386577,PM10,35,149,93
India,Rajasthan,Jhunjhunu,"Indra Nagar, Jhunjhunu - RSPCB","28-06-2026 02:00:00",28.108988,75.386577,NO2,4,26,12
India,Rajasthan,Sikar,"Radhakishan Pura, Sikar - RSPCB","28-06-2026 02:00:00",27.608912,75.153302,NH3,4,6,6
India,Rajasthan,Sikar,"Radhakishan Pura, Sikar - RSPCB","28-06-2026 02:00:00",27.608912,75.153302,OZONE,52,80,61
India,Rajasthan,Sirohi,"Vedhaynath Colony, Sirohi - RSPCB","28-06-2026 02:00:00",24.885261,72.857549,CO,8,18,13
India,Rajasthan,Tonk,"Shastri Nagar, Tonk - RSPCB","28-06-2026 02:00:00",26.159933,75.780517,SO2,1,3,1
India,Rajasthan,Udaipur,"Ashok Nagar, Udaipur - RSPCB","28-06-2026 02:00:00",24.5886166,73.6321397,PM2.5,56,138,78
India,Rajasthan,Udaipur,"Ashok Nagar, Udaipur - RSPCB","28-06-2026 02:00:00",24.5886166,73.6321397,PM10,70,118,95
India,Rajasthan,Churu,"Subash Chowk, Churu - RSPCB","28-06-2026 02:00:00",28.296139,74.961696,PM2.5,2,31,17
India,Rajasthan,Churu,"Subash Chowk, Churu - RSPCB","28-06-2026 02:00:00",28.296139,74.961696,PM10,37,138,101
India,Rajasthan,Dausa,"Khatikan Mohalla, Dausa - RSPCB","28-06-2026 02:00:00",26.895552,76.334753,PM10,51,146,98
India,Rajasthan,Dausa,"Khatikan Mohalla, Dausa - RSPCB","28-06-2026 02:00:00",26.895552,76.334753,NH3,4,12,11
India,Rajasthan,Dholpur,"Raja Ganj, Dholpur - RSPCB","28-06-2026 02:00:00",26.699557,77.898881,PM2.5,12,68,38
India,Rajasthan,Pali,"Indira Colony Vistar, Pali - RSPCB","28-06-2026 02:00:00",25.771061,73.340227,SO2,14,26,20
India,Rajasthan,Rajsamand,"Dhoinda, Rajsamand - RSPCB","28-06-2026 02:00:00",25.03636,73.883502,NH3,8,16,11
India,Rajasthan,Rajsamand,"Dhoinda, Rajsamand - RSPCB","28-06-2026 02:00:00",25.03636,73.883502,SO2,3,9,4
India,Rajasthan,"Sawai Madhopur","Sahu Nagar, Sawai Madhopur - RSPCB","28-06-2026 02:00:00",26.031443,76.359327,NO2,11,67,22
India,Rajasthan,Kota,"Shrinath Puram, Kota - RSPCB","28-06-2026 02:00:00",25.14389,75.821256,PM10,42,81,59
India,Rajasthan,Kota,"Shrinath Puram, Kota - RSPCB","28-06-2026 02:00:00",25.14389,75.821256,OZONE,5,8,7
India,Rajasthan,Nagaur,"Karni Colony, Nagaur - RSPCB","28-06-2026 02:00:00",27.213494,73.734444,PM2.5,2,43,21
India,Rajasthan,Nagaur,"Karni Colony, Nagaur - RSPCB","28-06-2026 02:00:00",27.213494,73.734444,CO,12,17,14
India,"Tamil Nadu",Chennai,"Kodungaiyur, Chennai - TNPCB","28-06-2026 02:00:00",13.1278,80.2642,NO2,12,17,14
India,"Tamil Nadu",Chennai,"Kodungaiyur, Chennai - TNPCB","28-06-2026 02:00:00",13.1278,80.2642,NH3,4,5,4
India,"Tamil Nadu",Chennai,"Velachery Res. Area, Chennai - CPCB","28-06-2026 02:00:00",13.0052189,80.2398125,SO2,4,5,5
India,"Tamil Nadu",Chennai,"Velachery Res. Area, Chennai - CPCB","28-06-2026 02:00:00",13.0052189,80.2398125,CO,NA,NA,NA
India,Rajasthan,Bundi,"New Colony, Bundi - RSPCB","28-06-2026 02:00:00",25.435774,75.644272,CO,11,21,14
India,Rajasthan,Bundi,"New Colony, Bundi - RSPCB","28-06-2026 02:00:00",25.435774,75.644272,OZONE,36,67,45
India,"Uttar Pradesh",Agra,"Rohta, Agra - UPPCB","28-06-2026 02:00:00",27.106972,78.000111,PM2.5,42,141,64
India,"Uttar Pradesh",Agra,"Rohta, Agra - UPPCB","28-06-2026 02:00:00",27.106972,78.000111,PM10,40,294,124
India,"Uttar Pradesh",Agra,"Rohta, Agra - UPPCB","28-06-2026 02:00:00",27.106972,78.000111,CO,12,28,20
India,"Uttar Pradesh",Agra,"Sector-3B Avas Vikas Colony, Agra - UPPCB","28-06-2026 02:00:00",27.19412,77.96237,PM2.5,7,201,80
India,"Uttar Pradesh",Agra,"Sector-3B Avas Vikas Colony, Agra - UPPCB","28-06-2026 02:00:00",27.19412,77.96237,NO2,18,21,20
India,"Uttar Pradesh",Agra,"Sector-3B Avas Vikas Colony, Agra - UPPCB","28-06-2026 02:00:00",27.19412,77.96237,NH3,7,9,8
India,"Uttar Pradesh",Agra,"Sector-3B Avas Vikas Colony, Agra - UPPCB","28-06-2026 02:00:00",27.19412,77.96237,OZONE,8,12,10
India,"Uttar Pradesh",Baghpat,"Sardar Patel Inter College, Baghpat - UPPCB","28-06-2026 02:00:00",28.964949,77.278761,PM10,115,360,208
India,"Uttar Pradesh",Baghpat,"Sardar Patel Inter College, Baghpat - UPPCB","28-06-2026 02:00:00",28.964949,77.278761,CO,15,30,21
India,"Uttar Pradesh",Bareilly,"Rajendra Nagar, Bareilly - UPPCB","28-06-2026 02:00:00",28.38910936,79.42963708,CO,38,45,41
India,"Uttar Pradesh",Bareilly,"Rajendra Nagar, Bareilly - UPPCB","28-06-2026 02:00:00",28.38910936,79.42963708,OZONE,NA,NA,NA
India,"Uttar Pradesh",Bareilly,"Civil Lines, Bareilly - UPPCB","28-06-2026 02:00:00",28.359581,79.414455,PM2.5,28,60,46
India,"Uttar Pradesh",Bareilly,"Civil Lines, Bareilly - UPPCB","28-06-2026 02:00:00",28.359581,79.414455,SO2,1,62,25
India,"Uttar Pradesh",Bareilly,"Civil Lines, Bareilly - UPPCB","28-06-2026 02:00:00",28.359581,79.414455,CO,36,47,44
India,"Uttar Pradesh",Bulandshahr,"Yamunapuram, Bulandshahr - UPPCB","28-06-2026 02:00:00",28.406963,77.849831,NO2,1,86,30
India,"Uttar Pradesh",Bulandshahr,"Yamunapuram, Bulandshahr - UPPCB","28-06-2026 02:00:00",28.406963,77.849831,CO,3,56,37
India,"Uttar Pradesh",Bulandshahr,"Yamunapuram, Bulandshahr - UPPCB","28-06-2026 02:00:00",28.406963,77.849831,OZONE,29,46,35
India,"Uttar Pradesh",Firozabad,"Vibhab Nagar, Firozabad - UPPCB","28-06-2026 02:00:00",27.1594,78.3953,PM2.5,20,29,23
India,"Uttar Pradesh",Firozabad,"Nagla Bhau, Firozabad - UPPCB","28-06-2026 02:00:00",27.168897,78.37696,SO2,19,67,29
India,"Tamil Nadu",Chennai,"Perungudi, Chennai - TNPCB","28-06-2026 02:00:00",12.9533,80.2357,CO,32,44,38
India,"Tamil Nadu",Chennai,"Perungudi, Chennai - TNPCB","28-06-2026 02:00:00",12.9533,80.2357,OZONE,1,6,3
India,"Tamil Nadu",Chennai,"Arumbakkam, Chennai - TNPCB","28-06-2026 02:00:00",13.0664,80.2112,SO2,0,5,2
India,"Tamil Nadu",Chennai,"Manali Village, Chennai - TNPCB","28-06-2026 02:00:00",13.1662,80.2584,SO2,13,17,16
India,"Tamil Nadu",Chennai,"Manali, Chennai - CPCB","28-06-2026 02:00:00",13.164544,80.26285,NO2,NA,NA,NA
India,"Tamil Nadu",Chennai,"Royapuram, Chennai - TNPCB","28-06-2026 02:00:00",13.1036,80.2909,NO2,13,15,14
India,"Tamil Nadu",Coimbatore,"SIDCO Kurichi, Coimbatore - TNPCB","28-06-2026 02:00:00",10.942451,76.978996,PM2.5,NA,NA,NA
India,"Tamil Nadu",Coimbatore,"SIDCO Kurichi, Coimbatore - TNPCB","28-06-2026 02:00:00",10.942451,76.978996,PM10,NA,NA,NA
India,"Tamil Nadu",Coimbatore,"SIDCO Kurichi, Coimbatore - TNPCB","28-06-2026 02:00:00",10.942451,76.978996,NO2,NA,NA,NA
India,"Tamil Nadu",Coimbatore,"SIDCO Kurichi, Coimbatore - TNPCB","28-06-2026 02:00:00",10.942451,76.978996,NH3,NA,NA,NA
India,"Tamil Nadu",Coimbatore,"SIDCO Kurichi, Coimbatore - TNPCB","28-06-2026 02:00:00",10.942451,76.978996,CO,NA,NA,NA
India,"Tamil Nadu",Coimbatore,"SIDCO Kurichi, Coimbatore - TNPCB","28-06-2026 02:00:00",10.942451,76.978996,OZONE,19,20,20
India,"Tamil Nadu",Cuddalore,"Semmandalam, Cuddalore - TNPCB","28-06-2026 02:00:00",11.7637683,79.7499835,PM2.5,NA,NA,NA
India,"Tamil Nadu",Cuddalore,"Semmandalam, Cuddalore - TNPCB","28-06-2026 02:00:00",11.7637683,79.7499835,OZONE,1,1,1
India,"Tamil Nadu",Gummidipoondi,"Anthoni Pillai Nagar, Gummidipoondi - TNPCB","28-06-2026 02:00:00",13.4127,80.1081,PM10,43,181,88
India,"Tamil Nadu",Gummidipoondi,"Anthoni Pillai Nagar, Gummidipoondi - TNPCB","28-06-2026 02:00:00",13.4127,80.1081,CO,NA,NA,NA
India,"Tamil Nadu",Gummidipoondi,"Anthoni Pillai Nagar, Gummidipoondi - TNPCB","28-06-2026 02:00:00",13.4127,80.1081,OZONE,NA,NA,NA
India,"Uttar Pradesh",Ghaziabad,"Sanjay Nagar, Ghaziabad - UPPCB","28-06-2026 02:00:00",28.685382,77.453839,NH3,7,10,8
India,"Uttar Pradesh",Ghaziabad,"Indirapuram, Ghaziabad - UPPCB","28-06-2026 02:00:00",28.646233,77.358075,NH3,6,10,8
India,"Uttar Pradesh",Ghaziabad,"Indirapuram, Ghaziabad - UPPCB","28-06-2026 02:00:00",28.646233,77.358075,SO2,14,19,17
India,"Uttar Pradesh",Ghaziabad,"Loni, Ghaziabad - UPPCB","28-06-2026 02:00:00",28.757294,77.278792,CO,9,25,17
India,"Uttar Pradesh",Ghaziabad,"Vasundhara, Ghaziabad - UPPCB","28-06-2026 02:00:00",28.6603346,77.3572563,NH3,10,19,14
India,"Uttar Pradesh",Ghaziabad,"Vasundhara, Ghaziabad - UPPCB","28-06-2026 02:00:00",28.6603346,77.3572563,OZONE,54,118,74
India,"Uttar Pradesh",Ghaziabad," Ved Vihar-Loni, Ghaziabad - UPPCB","28-06-2026 02:00:00",28.739153,77.273668,SO2,4,6,5
India,"Uttar Pradesh",Ghaziabad," Ved Vihar-Loni, Ghaziabad - UPPCB","28-06-2026 02:00:00",28.739153,77.273668,OZONE,31,76,47
India,"Uttar Pradesh",Gorakhpur,"Madan Mohan Malaviya University of Technology, Gorakhpur - UPPCB","28-06-2026 02:00:00",26.730136,83.433859,NH3,1,1,1
India,Telangana,Hyderabad,"Somajiguda, Hyderabad - TSPCB","28-06-2026 02:00:00",17.417094,78.457437,PM2.5,41,105,54
India,Telangana,Hyderabad,"Somajiguda, Hyderabad - TSPCB","28-06-2026 02:00:00",17.417094,78.457437,NO2,14,16,15
India,Telangana,Hyderabad,"Somajiguda, Hyderabad - TSPCB","28-06-2026 02:00:00",17.417094,78.457437,SO2,10,12,10
India,Telangana,Hyderabad,"Kokapet, Hyderabad - TSPCB","28-06-2026 02:00:00",17.393559,78.339194,SO2,7,12,9
India,"Uttar Pradesh",Agra,"Shastripuram, Agra - UPPCB","28-06-2026 02:00:00",27.19862,77.92066,PM2.5,23,84,45
India,"Uttar Pradesh",Agra,"Shastripuram, Agra - UPPCB","28-06-2026 02:00:00",27.19862,77.92066,NH3,3,3,3
India,"Uttar Pradesh",Agra,"Manoharpur, Agra - UPPCB","28-06-2026 02:00:00",27.23711,78.01936,CO,13,18,17
India,"Uttar Pradesh",Agra,"Sanjay Palace, Agra - UPPCB","28-06-2026 02:00:00",27.19865833,78.00598056,PM2.5,21,96,57
India,"Uttar Pradesh",Agra,"Sanjay Palace, Agra - UPPCB","28-06-2026 02:00:00",27.19865833,78.00598056,PM10,35,141,92
India,Telangana,Hyderabad,"Central University, Hyderabad - TSPCB","28-06-2026 02:00:00",17.460103,78.334361,CO,8,56,28
India,Telangana,Hyderabad,"IDA Pashamylaram, Hyderabad - TSPCB","28-06-2026 02:00:00",17.5316895,78.218939,CO,10,32,19
India,Telangana,Hyderabad,"IDA Pashamylaram, Hyderabad - TSPCB","28-06-2026 02:00:00",17.5316895,78.218939,OZONE,31,32,32
India,Telangana,Hyderabad,"Zoo Park, Hyderabad - TSPCB","28-06-2026 02:00:00",17.349694,78.451437,PM10,8,88,39
India,Telangana,Hyderabad,"Zoo Park, Hyderabad - TSPCB","28-06-2026 02:00:00",17.349694,78.451437,SO2,1,2,2
India,Telangana,Hyderabad,"ECIL Kapra, Hyderabad - TSPCB","28-06-2026 02:00:00",17.470431,78.566959,NH3,2,5,4
India,Telangana,Hyderabad,"Nacharam_TSIIC IALA, Hyderabad - TSPCB","28-06-2026 02:00:00",17.429398,78.569354,PM2.5,30,50,37
India,"Uttar Pradesh",Kanpur,"FTI Kidwai Nagar, Kanpur - UPPCB","28-06-2026 02:00:00",26.428282,80.327067,PM10,21,130,60
India,"Uttar Pradesh",Khora,"Prashant Garden, Khora - UPPCB","28-06-2026 02:00:00",28.61119,77.34206,PM10,82,137,100
India,"Uttar Pradesh",Khora,"Prashant Garden, Khora - UPPCB","28-06-2026 02:00:00",28.61119,77.34206,NH3,10,13,11
India,"Uttar Pradesh",Khurja,"Kalindi Kunj, Khurja - UPPCB","28-06-2026 02:00:00",28.2348927,77.8683002,SO2,10,10,10
India,"Uttar Pradesh",Khurja,"Kalindi Kunj, Khurja - UPPCB","28-06-2026 02:00:00",28.2348927,77.8683002,OZONE,22,22,22
India,"Uttar Pradesh",Lucknow,"Talkatora District Industries Center, Lucknow - CPCB","28-06-2026 02:00:00",26.83399722,80.8917361,PM2.5,59,128,86
India,"Uttar Pradesh",Gorakhpur,"Madan Mohan Malaviya University of Technology, Gorakhpur - UPPCB","28-06-2026 02:00:00",26.730136,83.433859,OZONE,19,31,25
India,"Uttar Pradesh","Greater Noida","Knowledge Park - V, Greater Noida - UPPCB","28-06-2026 02:00:00",28.557054,77.453663,NH3,11,14,12
India,"Uttar Pradesh","Greater Noida","Knowledge Park - V, Greater Noida - UPPCB","28-06-2026 02:00:00",28.557054,77.453663,CO,36,42,39
India,"Uttar Pradesh",Jhansi,"Shivaji Nagar, Jhansi - UPPCB","28-06-2026 02:00:00",25.4547,78.6039,PM2.5,13,31,23
India,"Uttar Pradesh",Kanpur,"Nehru Nagar, Kanpur - UPPCB","28-06-2026 02:00:00",26.4703136,80.3229863,NH3,NA,NA,NA
India,Telangana,Hyderabad,"Sanathnagar, Hyderabad - TSPCB","28-06-2026 02:00:00",17.4559458,78.4332152,CO,34,42,38
India,Telangana,Hyderabad,"Kompally Municipal Office, Hyderabad - TSPCB","28-06-2026 02:00:00",17.544899,78.486949,CO,26,44,37
India,Telangana,Hyderabad,"Central University, Hyderabad - TSPCB","28-06-2026 02:00:00",17.460103,78.334361,PM2.5,5,37,17
India,Telangana,Hyderabad,"New Malakpet, Hyderabad - TSPCB","28-06-2026 02:00:00",17.37206,78.50864,SO2,9,13,11
India,Telangana,Hyderabad,"Ramachandrapuram, Hyderabad - TSPCB","28-06-2026 02:00:00",17.528544,78.286195,PM10,56,74,63
India,Telangana,Hyderabad,"Ramachandrapuram, Hyderabad - TSPCB","28-06-2026 02:00:00",17.528544,78.286195,NO2,10,15,12
India,Telangana,Hyderabad,"Ramachandrapuram, Hyderabad - TSPCB","28-06-2026 02:00:00",17.528544,78.286195,SO2,8,23,16
India,"Uttar Pradesh",Moradabad,"Transport Nagar, Moradabad - UPPCB","28-06-2026 02:00:00",28.802625,78.753728,OZONE,30,43,35
India,"Uttar Pradesh",Muzaffarnagar,"New Mandi, Muzaffarnagar - UPPCB","28-06-2026 02:00:00",29.4723508,77.7194031,CO,28,126,100
India,"Uttar Pradesh",Noida,"Sector-116, Noida - UPPCB","28-06-2026 02:00:00",28.56923,77.393848,PM2.5,26,223,98
India,"Uttar Pradesh",Noida,"Sector - 125, Noida - UPPCB","28-06-2026 02:00:00",28.5447608,77.3231257,PM2.5,39,333,117
India,"Uttar Pradesh",Noida,"Sector - 125, Noida - UPPCB","28-06-2026 02:00:00",28.5447608,77.3231257,PM10,94,449,189
India,"Uttar Pradesh",Noida,"Sector - 62, Noida - IITM","28-06-2026 02:00:00",28.6245479,77.3577104,PM10,94,184,139
India,"Uttar Pradesh",Noida,"Sector - 62, Noida - IITM","28-06-2026 02:00:00",28.6245479,77.3577104,CO,16,24,19
India,"Uttar Pradesh",Noida,"Sector-1, Noida - UPPCB","28-06-2026 02:00:00",28.5898,77.3101,PM10,105,231,161
India,"Uttar Pradesh",Noida,"Sector-1, Noida - UPPCB","28-06-2026 02:00:00",28.5898,77.3101,SO2,10,20,16
India,"Uttar Pradesh",Prayagraj,"Motilal Nehru NIT, Prayagraj - UPPCB","28-06-2026 02:00:00",25.494,81.863,PM2.5,16,32,22
India,"Uttar Pradesh",Prayagraj,"Motilal Nehru NIT, Prayagraj - UPPCB","28-06-2026 02:00:00",25.494,81.863,PM10,18,114,54
India,"Uttar Pradesh",Prayagraj,"Motilal Nehru NIT, Prayagraj - UPPCB","28-06-2026 02:00:00",25.494,81.863,NO2,12,12,12
India,"Uttar Pradesh",Prayagraj,"Nagar Nigam, Prayagraj - UPPCB","28-06-2026 02:00:00",25.44919916,81.82735986,OZONE,21,25,24
India,"Uttar Pradesh",Prayagraj,"Jhunsi, Prayagraj - UPPCB","28-06-2026 02:00:00",25.425602,81.917152,PM2.5,11,43,24
India,"Uttar Pradesh",Raebareli," Indira Nagar, Raebareli - NTPC Unchahar","28-06-2026 02:00:00",26.207781,81.245571,NO2,15,24,19
India,"Uttar Pradesh",Meerut,"Jai Bhim Nagar, Meerut - UPPCB","28-06-2026 02:00:00",28.9535882,77.7622941,SO2,3,6,5
India,"Uttar Pradesh",Meerut,"Jai Bhim Nagar, Meerut - UPPCB","28-06-2026 02:00:00",28.9535882,77.7622941,CO,51,69,59
India,"Uttar Pradesh",Meerut,"MIET College, Meerut - UPPCB","28-06-2026 02:00:00",28.972677,77.641018,SO2,3,25,9
India,"Uttar Pradesh",Meerut,"MIET College, Meerut - UPPCB","28-06-2026 02:00:00",28.972677,77.641018,CO,33,62,54
India,"Uttar Pradesh",Meerut,"MIET College, Meerut - UPPCB","28-06-2026 02:00:00",28.972677,77.641018,OZONE,49,309,162
India,"Uttar Pradesh",Modinagar,"SRM University, Modinagar - UPPCB","28-06-2026 02:00:00",28.798171,77.540243,SO2,13,25,17
India,"Uttar Pradesh",Modinagar,"SRM University, Modinagar - UPPCB","28-06-2026 02:00:00",28.798171,77.540243,CO,48,64,55
India,"Uttar Pradesh",Moradabad,"Eco Herbal Park, Moradabad - UPPCB","28-06-2026 02:00:00",28.840739,78.697531,CO,19,27,21
India,"Uttar Pradesh",Moradabad,"Employment Office, Moradabad - UPPCB","28-06-2026 02:00:00",28.88528,78.7388,SO2,26,35,29
India,"Uttar Pradesh",Moradabad,"Kashiram Nagar, Moradabad - UPPCB","28-06-2026 02:00:00",28.849399,78.742362,NO2,23,24,23
India,"Uttar Pradesh",Moradabad,"Kashiram Nagar, Moradabad - UPPCB","28-06-2026 02:00:00",28.849399,78.742362,NH3,4,4,4
India,"Uttar Pradesh",Lucknow,"Talkatora District Industries Center, Lucknow - CPCB","28-06-2026 02:00:00",26.83399722,80.8917361,SO2,1,96,21
India,"Uttar Pradesh",Lucknow,"Talkatora District Industries Center, Lucknow - CPCB","28-06-2026 02:00:00",26.83399722,80.8917361,CO,19,63,35
India,"Uttar Pradesh",Lucknow,"Gomti Nagar, Lucknow - UPPCB","28-06-2026 02:00:00",26.86812,81.005119,NO2,10,12,11
India,"Uttar Pradesh",Lucknow,"B R Ambedkar University, Lucknow - UPPCB","28-06-2026 02:00:00",26.766433,80.927299,SO2,32,75,52
India,"Uttar Pradesh",Lucknow,"Kukrail Picnic Spot-1, Lucknow - UPPCB","28-06-2026 02:00:00",26.90723,80.98579,PM2.5,14,92,44
India,"Uttar Pradesh",Lucknow,"Kendriya Vidyalaya, Lucknow - CPCB","28-06-2026 02:00:00",26.906111,80.948222,NH3,6,18,12
India,"Uttar Pradesh",Meerut,"Pallavpuram Phase 2, Meerut - UPPCB","28-06-2026 02:00:00",29.06351,77.709723,CO,4,41,27
India,"Uttar Pradesh",Meerut,"Pallavpuram Phase 2, Meerut - UPPCB","28-06-2026 02:00:00",29.06351,77.709723,OZONE,20,80,47
India,"Uttar Pradesh",Meerut,"Ganga Nagar, Meerut - UPPCB","28-06-2026 02:00:00",28.999264,77.7590354,CO,36,57,49
India,Uttarakhand,Kashipur,"Govt. Girls Inter College, Kashipur - UKPCB","28-06-2026 02:00:00",29.2124114,78.9611753,OZONE,NA,NA,NA
India,Uttarakhand,Rishikesh,"Shivaji Nagar, Rishikesh - UKPCB","28-06-2026 02:00:00",30.075911,78.2859547,PM2.5,2,2,2
India,"West Bengal",Asansol,"Evelyn Lodge, Asansol - WBPCB","28-06-2026 02:00:00",23.697936,86.944395,PM2.5,4,41,20
India,"West Bengal",Asansol,"Evelyn Lodge, Asansol - WBPCB","28-06-2026 02:00:00",23.697936,86.944395,SO2,73,74,73
India,"West Bengal",Asansol,"Trivenidevi Bhalotia College, Asansol - WBPCB","28-06-2026 02:00:00",23.616515,87.119133,NH3,7,9,8
India,"West Bengal",Asansol,"Trivenidevi Bhalotia College, Asansol - WBPCB","28-06-2026 02:00:00",23.616515,87.119133,OZONE,4,7,6
India,"West Bengal",Asansol,"Asansol Court Area, Asansol - WBPCB","28-06-2026 02:00:00",23.685297,86.945968,SO2,10,15,12
India,"West Bengal",Asansol,"Asansol Court Area, Asansol - WBPCB","28-06-2026 02:00:00",23.685297,86.945968,OZONE,25,33,29
India,"West Bengal",Barrackpore,"SVSPA Campus, Barrackpore - WBPCB","28-06-2026 02:00:00",22.7605581,88.3617589,PM10,20,85,32
India,"West Bengal",Howrah,"Botanical Garden, Howrah - WBPCB","28-06-2026 02:00:00",22.554954,88.292568,SO2,8,10,9
India,"West Bengal",Howrah,"Botanical Garden, Howrah - WBPCB","28-06-2026 02:00:00",22.554954,88.292568,CO,6,9,7
India,"West Bengal",Kolkata,"Fort William, Kolkata - WBPCB","28-06-2026 02:00:00",22.55664,88.342674,NH3,9,9,9
India,"West Bengal",Kolkata,"Fort William, Kolkata - WBPCB","28-06-2026 02:00:00",22.55664,88.342674,OZONE,7,16,12
India,"West Bengal",Kolkata,"Victoria, Kolkata - WBPCB","28-06-2026 02:00:00",22.5448082,88.3403691,NH3,9,9,9
India,"West Bengal",Kolkata,"Rabindra Bharati University, Kolkata - WBPCB","28-06-2026 02:00:00",22.627847,88.380669,PM10,15,43,28
India,"West Bengal",Kolkata,"Ballygunge, Kolkata - WBPCB","28-06-2026 02:00:00",22.5367507,88.3638022,SO2,3,9,7
India,"West Bengal",Kolkata,"Rabindra Sarobar, Kolkata - WBPCB","28-06-2026 02:00:00",22.51106,88.35142,CO,10,16,13
India,"West Bengal",Kolkata,"Bidhannagar, Kolkata - WBPCB","28-06-2026 02:00:00",22.58157048,88.41002457,PM10,31,43,37
India,"West Bengal",Durgapur,"PCBL Residential Complex, Durgapur - WBPCB","28-06-2026 02:00:00",23.508764,87.35444,NH3,1,3,2
India,"West Bengal",Durgapur,"Mahishkapur Road_B-Zone, Durgapur - WBPCB","28-06-2026 02:00:00",23.567923,87.306843,SO2,11,23,13
India,"West Bengal",Durgapur,"Mahishkapur Road_B-Zone, Durgapur - WBPCB","28-06-2026 02:00:00",23.567923,87.306843,CO,148,148,148
India,"West Bengal",Durgapur,"Womens College_City Center, Durgapur - WBPCB","28-06-2026 02:00:00",23.549395,87.300496,PM10,28,67,49
India,"West Bengal",Durgapur,"Womens College_City Center, Durgapur - WBPCB","28-06-2026 02:00:00",23.549395,87.300496,OZONE,16,27,21
India,"West Bengal",Haldia,"Priyambada Housing Estate, Haldia - WBPCB","28-06-2026 02:00:00",22.06047,88.109737,PM10,25,51,38
India,"West Bengal",Haldia,"Priyambada Housing Estate, Haldia - WBPCB","28-06-2026 02:00:00",22.06047,88.109737,NH3,5,6,6
India,"West Bengal",Haldia,"Priyambada Housing Estate, Haldia - WBPCB","28-06-2026 02:00:00",22.06047,88.109737,CO,24,27,25
India,"Uttar Pradesh",Varanasi,"Maldahiya, Varanasi - UPPCB","28-06-2026 02:00:00",25.32393,82.99687,PM10,24,98,49
India,"Uttar Pradesh",Varanasi,"Ardhali Bazar, Varanasi - UPPCB","28-06-2026 02:00:00",25.3505986,82.9083074,PM2.5,21,500,115
India,"Uttar Pradesh",Varanasi,"Bhelupur, Varanasi - UPPCB","28-06-2026 02:00:00",25.301778,82.996789,OZONE,7,22,13
India,Uttarakhand,Dehradun,"Doon University, Dehradun - UKPCB","28-06-2026 02:00:00",30.269444,78.044167,SO2,1,2,1
India,Uttarakhand,Kashipur,"Govt. Girls Inter College, Kashipur - UKPCB","28-06-2026 02:00:00",29.2124114,78.9611753,PM2.5,75,174,105
India,"West Bengal",Howrah,"Padmapukur, Howrah - WBPCB","28-06-2026 02:00:00",22.5687319,88.2797276,PM2.5,15,30,22
India,"West Bengal",Howrah,"Ghusuri, Howrah - WBPCB","28-06-2026 02:00:00",22.611968,88.347422,CO,32,36,34
India,"West Bengal",Siliguri,"Ward-32 Bapupara, Siliguri - WBPCB","28-06-2026 02:00:00",26.6879226,88.4152495,CO,25,39,29
