system:index,tropospheric_HCHO_column_number_density,.geo
0,9.649539534100667E-5,"{""geodesic"":false,""type"":""Point"",""coordinates"":[93.82903142628402,6.782280395102387]}"
1,8.273724829119602E-5,"{""geodesic"":false,""type"":""Point"",""coordinates"":[93.82903142628402,7.0517749803382435]}"
2,1.0679180748145468E-4,"{""geodesic"":false,""type"":""Point"",""coordinates"":[93.6493683694601,7.3212695655741]}"
3,1.4660338691704658E-4,"{""geodesic"":false,""type"":""Point"",""coordinates"":[77.56952478372068,8.129753321281669]}"
4,1.5723517706693068E-4,"{""geodesic"":false,""type"":""Point"",""coordinates"":[77.38986172689677,8.219584849693621]}"
5,1.557615188248841E-4,"{""geodesic"":false,""type"":""Point"",""coordinates"":[77.30003019848482,8.309416378105574]}"
6,1.480768759389964E-4,"{""geodesic"":false,""type"":""Point"",""coordinates"":[77.65935631213263,8.309416378105574]}"
7,1.8864206047542256E-4,"{""geodesic"":false,""type"":""Point"",""coordinates"":[77.03053561324897,8.489079434929478]}"
8,1.296228783745949E-4,"{""geodesic"":false,""type"":""Point"",""coordinates"":[77.30003019848482,8.489079434929478]}"
9,1.5432372218394054E-4,"{""geodesic"":false,""type"":""Point"",""coordinates"":[77.56952478372068,8.489079434929478]}"
10,1.452313651573946E-4,"{""geodesic"":false,""type"":""Point"",""coordinates"":[77.65935631213263,8.489079434929478]}"
11,1.4823530086257049E-4,"{""geodesic"":false,""type"":""Point"",""coordinates"":[78.01868242578044,8.489079434929478]}"
12,1.5958582188742467E-4,"{""geodesic"":false,""type"":""Point"",""coordinates"":[77.12036714166092,8.57891096334143]}"
13,1.547108541631373E-4,"{""geodesic"":false,""type"":""Point"",""coordinates"":[77.47969325530873,8.57891096334143]}"
14,1.491868558232881E-4,"{""geodesic"":false,""type"":""Point"",""coordinates"":[77.65935631213263,8.57891096334143]}"
15,1.4217271065528083E-4,"{""geodesic"":false,""type"":""Point"",""coordinates"":[77.74918784054458,8.57891096334143]}"
16,1.9642573464910996E-4,"{""geodesic"":false,""type"":""Point"",""coordinates"":[76.85087255642506,8.668742491753383]}"
17,1.3788710542278297E-4,"{""geodesic"":false,""type"":""Point"",""coordinates"":[77.12036714166092,8.668742491753383]}"
18,1.5868585187729143E-4,"{""geodesic"":false,""type"":""Point"",""coordinates"":[77.38986172689677,8.668742491753383]}"
19,1.5043969681963957E-4,"{""geodesic"":false,""type"":""Point"",""coordinates"":[77.65935631213263,8.668742491753383]}"
20,1.4069364992450655E-4,"{""geodesic"":false,""type"":""Point"",""coordinates"":[77.83901936895654,8.668742491753383]}"
21,1.2269656515592682E-4,"{""geodesic"":false,""type"":""Point"",""coordinates"":[77.21019867007287,8.758574020165334]}"
22,1.571752954084493E-4,"{""geodesic"":false,""type"":""Point"",""coordinates"":[77.65935631213263,8.758574020165334]}"
23,1.4495854569355864E-4,"{""geodesic"":false,""type"":""Point"",""coordinates"":[77.83901936895654,8.758574020165334]}"
24,1.3775529106057653E-4,"{""geodesic"":false,""type"":""Point"",""coordinates"":[77.92885089736849,8.758574020165334]}"
25,1.8665963536363658E-4,"{""geodesic"":false,""type"":""Point"",""coordinates"":[76.85087255642506,8.848405548577286]}"
26,1.7731334019913884E-4,"{""geodesic"":false,""type"":""Point"",""coordinates"":[76.94070408483701,8.848405548577286]}"
27,1.3504381765076277E-4,"{""geodesic"":false,""type"":""Point"",""coordinates"":[78.10851395419239,8.848405548577286]}"
28,1.5562994131874917E-4,"{""geodesic"":false,""type"":""Point"",""coordinates"":[77.12036714166092,8.938237076989239]}"
29,1.6975163308673331E-4,"{""geodesic"":false,""type"":""Point"",""coordinates"":[77.38986172689677,8.938237076989239]}"
30,1.3541779213317143E-4,"{""geodesic"":false,""type"":""Point"",""coordinates"":[78.01868242578044,8.938237076989239]}"
31,1.909280296552841E-4,"{""geodesic"":false,""type"":""Point"",""coordinates"":[76.76104102801311,9.028068605401192]}"
32,1.5537603434886708E-4,"{""geodesic"":false,""type"":""Point"",""coordinates"":[77.65935631213263,9.028068605401192]}"
33,1.823806980187564E-4,"{""geodesic"":false,""type"":""Point"",""coordinates"":[76.85087255642506,9.117900133813142]}"
34,1.7118248823899177E-4,"{""geodesic"":false,""type"":""Point"",""coordinates"":[76.94070408483701,9.117900133813142]}"
35,1.2949089236190378E-4,"{""geodesic"":false,""type"":""Point"",""coordinates"":[77.21019867007287,9.117900133813142]}"
36,1.518837735032072E-4,"{""geodesic"":false,""type"":""Point"",""coordinates"":[77.30003019848482,9.117900133813142]}"
37,1.5453994680041252E-4,"{""geodesic"":false,""type"":""Point"",""coordinates"":[77.47969325530873,9.117900133813142]}"
38,1.498950792637615E-4,"{""geodesic"":false,""type"":""Point"",""coordinates"":[77.74918784054458,9.117900133813142]}"
39,1.4400350047567414E-4,"{""geodesic"":false,""type"":""Point"",""coordinates"":[78.37800853942825,9.117900133813142]}"
40,2.065646133513223E-4,"{""geodesic"":false,""type"":""Point"",""coordinates"":[76.5813779711892,9.207731662225095]}"
41,1.6563538807593117E-4,"{""geodesic"":false,""type"":""Point"",""coordinates"":[77.03053561324897,9.207731662225095]}"
42,1.7042992427786062E-4,"{""geodesic"":false,""type"":""Point"",""coordinates"":[77.47969325530873,9.207731662225095]}"
43,1.2736264074161962E-4,"{""geodesic"":false,""type"":""Point"",""coordinates"":[78.55767159625215,9.207731662225095]}"
44,2.0627017469724762E-4,"{""geodesic"":false,""type"":""Point"",""coordinates"":[76.67120949960116,9.297563190637048]}"
45,1.652961157318908E-4,"{""geodesic"":false,""type"":""Point"",""coordinates"":[77.47969325530873,9.297563190637048]}"
46,1.3623825962198063E-4,"{""geodesic"":false,""type"":""Point"",""coordinates"":[78.19834548260434,9.297563190637048]}"
47,1.2175413252968142E-4,"{""geodesic"":false,""type"":""Point"",""coordinates"":[78.91699770989996,9.297563190637048]}"
48,1.9825690173232881E-4,"{""geodesic"":false,""type"":""Point"",""coordinates"":[76.4017149143653,9.387394719048999]}"
49,2.0867643923642661E-4,"{""geodesic"":false,""type"":""Point"",""coordinates"":[76.67120949960116,9.387394719048999]}"
50,1.6577957516500225E-4,"{""geodesic"":false,""type"":""Point"",""coordinates"":[77.56952478372068,9.387394719048999]}"
51,1.4268526425017034E-4,"{""geodesic"":false,""type"":""Point"",""coordinates"":[78.19834548260434,9.387394719048999]}"
52,1.4061035839253426E-4,"{""geodesic"":false,""type"":""Point"",""coordinates"":[78.37800853942825,9.387394719048999]}"
53,1.2732396241333185E-4,"{""geodesic"":false,""type"":""Point"",""coordinates"":[78.91699770989996,9.387394719048999]}"
54,2.0789018985366988E-4,"{""geodesic"":false,""type"":""Point"",""coordinates"":[76.4017149143653,9.477226247460951]}"
55,1.8685574890928893E-4,"{""geodesic"":false,""type"":""Point"",""coordinates"":[77.03053561324897,9.477226247460951]}"
56,1.4965971080825233E-4,"{""geodesic"":false,""type"":""Point"",""coordinates"":[77.38986172689677,9.477226247460951]}"
57,1.725433851404024E-4,"{""geodesic"":false,""type"":""Point"",""coordinates"":[77.56952478372068,9.477226247460951]}"
58,1.7758559018281848E-4,"{""geodesic"":false,""type"":""Point"",""coordinates"":[77.65935631213263,9.477226247460951]}"
59,1.3780554153372402E-4,"{""geodesic"":false,""type"":""Point"",""coordinates"":[78.4678400678402,9.477226247460951]}"
60,1.2729193916803314E-4,"{""geodesic"":false,""type"":""Point"",""coordinates"":[78.6475031246641,9.477226247460951]}"
61,1.317650509829199E-4,"{""geodesic"":false,""type"":""Point"",""coordinates"":[78.82716618148801,9.477226247460951]}"
62,1.9354080910400422E-4,"{""geodesic"":false,""type"":""Point"",""coordinates"":[76.31188338595335,9.567057775872904]}"
63,2.242447701301858E-4,"{""geodesic"":false,""type"":""Point"",""coordinates"":[76.5813779711892,9.567057775872904]}"
64,1.621415993771208E-4,"{""geodesic"":false,""type"":""Point"",""coordinates"":[77.56952478372068,9.567057775872904]}"
65,1.628063583520695E-4,"{""geodesic"":false,""type"":""Point"",""coordinates"":[77.65935631213263,9.567057775872904]}"
66,2.28282084069471E-4,"{""geodesic"":false,""type"":""Point"",""coordinates"":[76.49154644277725,9.656889304284856]}"
67,2.1042935410696506E-4,"{""geodesic"":false,""type"":""Point"",""coordinates"":[76.67120949960116,9.656889304284856]}"
68,2.0317995839544558E-4,"{""geodesic"":false,""type"":""Point"",""coordinates"":[76.85087255642506,9.656889304284856]}"
69,1.3550414282934684E-4,"{""geodesic"":false,""type"":""Point"",""coordinates"":[77.38986172689677,9.656889304284856]}"
70,1.6508615455106617E-4,"{""geodesic"":false,""type"":""Point"",""coordinates"":[78.01868242578044,9.656889304284856]}"
71,1.539156721402918E-4,"{""geodesic"":false,""type"":""Point"",""coordinates"":[78.37800853942825,9.656889304284856]}"
72,1.5882047956732972E-4,"{""geodesic"":false,""type"":""Point"",""coordinates"":[78.4678400678402,9.656889304284856]}"
73,1.5535104485714656E-4,"{""geodesic"":false,""type"":""Point"",""coordinates"":[78.19834548260434,9.746720832696807]}"
74,1.6386316806381586E-4,"{""geodesic"":false,""type"":""Point"",""coordinates"":[77.30003019848482,9.83655236110876]}"
75,1.676255681103448E-4,"{""geodesic"":false,""type"":""Point"",""coordinates"":[77.92885089736849,9.83655236110876]}"
76,1.7344785530193905E-4,"{""geodesic"":false,""type"":""Point"",""coordinates"":[78.10851395419239,9.83655236110876]}"
77,1.4300908894137294E-4,"{""geodesic"":false,""type"":""Point"",""coordinates"":[78.82716618148801,9.83655236110876]}"
78,1.3056893048406617E-4,"{""geodesic"":false,""type"":""Point"",""coordinates"":[79.09666076672387,9.83655236110876]}"
79,2.3248952092642797E-4,"{""geodesic"":false,""type"":""Point"",""coordinates"":[76.5813779711892,9.926383889520713]}"
80,2.3391692570346937E-4,"{""geodesic"":false,""type"":""Point"",""coordinates"":[76.76104102801311,9.926383889520713]}"
81,1.8921268703659097E-4,"{""geodesic"":false,""type"":""Point"",""coordinates"":[78.10851395419239,9.926383889520713]}"
82,2.2502286339602876E-4,"{""geodesic"":false,""type"":""Point"",""coordinates"":[76.2220518575414,10.016215417932665]}"
83,2.4013828741103972E-4,"{""geodesic"":false,""type"":""Point"",""coordinates"":[76.4017149143653,10.016215417932665]}"
84,2.299590401983082E-4,"{""geodesic"":false,""type"":""Point"",""coordinates"":[76.49154644277725,10.016215417932665]}"
85,1.7758710469941477E-4,"{""geodesic"":false,""type"":""Point"",""coordinates"":[77.83901936895654,10.016215417932665]}"
86,2.240002535857464E-4,"{""geodesic"":false,""type"":""Point"",""coordinates"":[76.31188338595335,10.106046946344616]}"
87,2.0457028579319846E-4,"{""geodesic"":false,""type"":""Point"",""coordinates"":[76.85087255642506,10.106046946344616]}"
88,1.905019268599038E-4,"{""geodesic"":false,""type"":""Point"",""coordinates"":[76.94070408483701,10.106046946344616]}"
89,1.1882164265597618E-4,"{""geodesic"":false,""type"":""Point"",""coordinates"":[77.12036714166092,10.106046946344616]}"
90,1.1474244695332084E-4,"{""geodesic"":false,""type"":""Point"",""coordinates"":[77.30003019848482,10.106046946344616]}"
91,1.6351879402402055E-4,"{""geodesic"":false,""type"":""Point"",""coordinates"":[78.37800853942825,10.106046946344616]}"
92,1.5375412350436668E-4,"{""geodesic"":false,""type"":""Point"",""coordinates"":[79.18649229513582,10.106046946344616]}"
93,1.8372749332212798E-4,"{""geodesic"":false,""type"":""Point"",""coordinates"":[76.67120949960116,10.195878474756569]}"
94,1.7499900856064225E-4,"{""geodesic"":false,""type"":""Point"",""coordinates"":[76.85087255642506,10.195878474756569]}"
95,1.3922184643904456E-4,"{""geodesic"":false,""type"":""Point"",""coordinates"":[77.12036714166092,10.195878474756569]}"
96,1.1668135253018593E-4,"{""geodesic"":false,""type"":""Point"",""coordinates"":[77.21019867007287,10.195878474756569]}"
97,1.6743889024738973E-4,"{""geodesic"":false,""type"":""Point"",""coordinates"":[77.92885089736849,10.195878474756569]}"
98,1.579117838417391E-4,"{""geodesic"":false,""type"":""Point"",""coordinates"":[78.01868242578044,10.195878474756569]}"
99,1.6460985131942177E-4,"{""geodesic"":false,""type"":""Point"",""coordinates"":[78.19834548260434,10.195878474756569]}"
100,1.5440354035437567E-4,"{""geodesic"":false,""type"":""Point"",""coordinates"":[79.00682923831191,10.195878474756569]}"
101,1.668412924958728E-4,"{""geodesic"":false,""type"":""Point"",""coordinates"":[76.67120949960116,10.285710003168521]}"
102,1.6138882938851272E-4,"{""geodesic"":false,""type"":""Point"",""coordinates"":[77.21019867007287,10.285710003168521]}"
103,1.765594432488111E-4,"{""geodesic"":false,""type"":""Point"",""coordinates"":[77.83901936895654,10.285710003168521]}"
104,1.8483681531759118E-4,"{""geodesic"":false,""type"":""Point"",""coordinates"":[77.92885089736849,10.285710003168521]}"
105,1.6268289383199115E-4,"{""geodesic"":false,""type"":""Point"",""coordinates"":[78.01868242578044,10.285710003168521]}"
106,1.677191137945522E-4,"{""geodesic"":false,""type"":""Point"",""coordinates"":[78.19834548260434,10.285710003168521]}"
107,1.6598729897024093E-4,"{""geodesic"":false,""type"":""Point"",""coordinates"":[78.73733465307606,10.285710003168521]}"
108,1.656429038443398E-4,"{""geodesic"":false,""type"":""Point"",""coordinates"":[78.91699770989996,10.285710003168521]}"
109,1.7942503773545374E-4,"{""geodesic"":false,""type"":""Point"",""coordinates"":[76.85087255642506,10.375541531580472]}"
110,1.7729738707712196E-4,"{""geodesic"":false,""type"":""Point"",""coordinates"":[77.38986172689677,10.375541531580472]}"
111,1.704590414930226E-4,"{""geodesic"":false,""type"":""Point"",""coordinates"":[77.83901936895654,10.375541531580472]}"
112,1.6750877013105338E-4,"{""geodesic"":false,""type"":""Point"",""coordinates"":[78.2881770110163,10.375541531580472]}"
113,1.9790915756876453E-4,"{""geodesic"":false,""type"":""Point"",""coordinates"":[76.49154644277725,10.465373059992425]}"
114,1.7667508342604312E-4,"{""geodesic"":false,""type"":""Point"",""coordinates"":[77.74918784054458,10.465373059992425]}"
115,1.698191856347882E-4,"{""geodesic"":false,""type"":""Point"",""coordinates"":[78.73733465307606,10.465373059992425]}"
116,1.5873634916386937E-4,"{""geodesic"":false,""type"":""Point"",""coordinates"":[79.18649229513582,10.465373059992425]}"
117,1.3889598615876518E-4,"{""geodesic"":false,""type"":""Point"",""coordinates"":[79.72548146560753,10.465373059992425]}"
118,2.1014959276135063E-4,"{""geodesic"":false,""type"":""Point"",""coordinates"":[76.13222032912944,10.555204588404377]}"
119,1.9573580501441317E-4,"{""geodesic"":false,""type"":""Point"",""coordinates"":[76.85087255642506,10.555204588404377]}"
120,2.0762957035966865E-4,"{""geodesic"":false,""type"":""Point"",""coordinates"":[77.30003019848482,10.555204588404377]}"
121,1.6028309580398207E-4,"{""geodesic"":false,""type"":""Point"",""coordinates"":[78.2881770110163,10.555204588404377]}"
122,1.6612221608372602E-4,"{""geodesic"":false,""type"":""Point"",""coordinates"":[78.73733465307606,10.555204588404377]}"
123,1.5274299739359296E-4,"{""geodesic"":false,""type"":""Point"",""coordinates"":[79.09666076672387,10.555204588404377]}"
124,1.650294594855565E-4,"{""geodesic"":false,""type"":""Point"",""coordinates"":[79.18649229513582,10.555204588404377]}"
125,1.569874932109658E-4,"{""geodesic"":false,""type"":""Point"",""coordinates"":[79.45598688037167,10.555204588404377]}"
126,1.3756009534778444E-4,"{""geodesic"":false,""type"":""Point"",""coordinates"":[79.81531299401948,10.555204588404377]}"
127,2.0824538472035426E-4,"{""geodesic"":false,""type"":""Point"",""coordinates"":[76.2220518575414,10.64503611681633]}"
128,2.2637260361844542E-4,"{""geodesic"":false,""type"":""Point"",""coordinates"":[76.49154644277725,10.64503611681633]}"
129,2.191826751716821E-4,"{""geodesic"":false,""type"":""Point"",""coordinates"":[76.76104102801311,10.64503611681633]}"
130,2.0814315494143803E-4,"{""geodesic"":false,""type"":""Point"",""coordinates"":[77.03053561324897,10.64503611681633]}"
131,2.0938337896759545E-4,"{""geodesic"":false,""type"":""Point"",""coordinates"":[77.12036714166092,10.64503611681633]}"
132,1.8404222682293284E-4,"{""geodesic"":false,""type"":""Point"",""coordinates"":[77.83901936895654,10.64503611681633]}"
133,1.2459552105492173E-4,"{""geodesic"":false,""type"":""Point"",""coordinates"":[79.81531299401948,10.64503611681633]}"
134,2.1461810463113635E-4,"{""geodesic"":false,""type"":""Point"",""coordinates"":[76.31188338595335,10.734867645228281]}"
135,2.1992213248893394E-4,"{""geodesic"":false,""type"":""Point"",""coordinates"":[76.67120949960116,10.734867645228281]}"
136,2.1469884654825138E-4,"{""geodesic"":false,""type"":""Point"",""coordinates"":[76.94070408483701,10.734867645228281]}"
137,2.0012364477619809E-4,"{""geodesic"":false,""type"":""Point"",""coordinates"":[77.12036714166092,10.734867645228281]}"
138,1.7837586193955148E-4,"{""geodesic"":false,""type"":""Point"",""coordinates"":[78.19834548260434,10.734867645228281]}"
139,1.638250610464269E-4,"{""geodesic"":false,""type"":""Point"",""coordinates"":[78.37800853942825,10.734867645228281]}"
140,1.700732252122334E-4,"{""geodesic"":false,""type"":""Point"",""coordinates"":[78.73733465307606,10.734867645228281]}"
141,1.7855743069769992E-4,"{""geodesic"":false,""type"":""Point"",""coordinates"":[78.91699770989996,10.734867645228281]}"
142,1.7051941896364587E-4,"{""geodesic"":false,""type"":""Point"",""coordinates"":[79.45598688037167,10.734867645228281]}"
143,2.3663852519708705E-4,"{""geodesic"":false,""type"":""Point"",""coordinates"":[75.95255727230554,10.824699173640234]}"
144,2.461796128291548E-4,"{""geodesic"":false,""type"":""Point"",""coordinates"":[76.4017149143653,10.824699173640234]}"
145,2.0881310947578087E-4,"{""geodesic"":false,""type"":""Point"",""coordinates"":[77.30003019848482,10.824699173640234]}"
146,1.8672597785058753E-4,"{""geodesic"":false,""type"":""Point"",""coordinates"":[78.55767159625215,10.824699173640234]}"
147,1.6786733841821122E-4,"{""geodesic"":false,""type"":""Point"",""coordinates"":[79.18649229513582,10.824699173640234]}"
148,1.572795146942379E-4,"{""geodesic"":false,""type"":""Point"",""coordinates"":[79.54581840878363,10.824699173640234]}"
149,2.2424416895379666E-4,"{""geodesic"":false,""type"":""Point"",""coordinates"":[76.2220518575414,10.914530702052186]}"
150,2.255703278699587E-4,"{""geodesic"":false,""type"":""Point"",""coordinates"":[76.49154644277725,10.914530702052186]}"
151,2.1344246269638662E-4,"{""geodesic"":false,""type"":""Point"",""coordinates"":[77.03053561324897,10.914530702052186]}"
152,1.905978441499889E-4,"{""geodesic"":false,""type"":""Point"",""coordinates"":[77.12036714166092,10.914530702052186]}"
153,1.9685456548349867E-4,"{""geodesic"":false,""type"":""Point"",""coordinates"":[77.65935631213263,10.914530702052186]}"
154,1.8739428002770506E-4,"{""geodesic"":false,""type"":""Point"",""coordinates"":[77.74918784054458,10.914530702052186]}"
155,1.7364369690513122E-4,"{""geodesic"":false,""type"":""Point"",""coordinates"":[77.92885089736849,10.914530702052186]}"
156,1.9447743820621012E-4,"{""geodesic"":false,""type"":""Point"",""coordinates"":[78.19834548260434,10.914530702052186]}"
157,1.8806162815623504E-4,"{""geodesic"":false,""type"":""Point"",""coordinates"":[78.2881770110163,10.914530702052186]}"
158,1.4026303411780343E-4,"{""geodesic"":false,""type"":""Point"",""coordinates"":[79.81531299401948,10.914530702052186]}"
159,2.0716088641088126E-4,"{""geodesic"":false,""type"":""Point"",""coordinates"":[77.30003019848482,11.004362230464139]}"
160,1.946253865072701E-4,"{""geodesic"":false,""type"":""Point"",""coordinates"":[77.65935631213263,11.004362230464139]}"
161,2.1059478804163196E-4,"{""geodesic"":false,""type"":""Point"",""coordinates"":[77.83901936895654,11.004362230464139]}"
162,2.015720399097687E-4,"{""geodesic"":false,""type"":""Point"",""coordinates"":[78.10851395419239,11.004362230464139]}"
163,1.8388779528367652E-4,"{""geodesic"":false,""type"":""Point"",""coordinates"":[78.37800853942825,11.004362230464139]}"
164,2.506030680188599E-4,"{""geodesic"":false,""type"":""Point"",""coordinates"":[75.95255727230554,11.09419375887609]}"
165,1.767165711564686E-4,"{""geodesic"":false,""type"":""Point"",""coordinates"":[76.5813779711892,11.09419375887609]}"
166,2.1267045411213945E-4,"{""geodesic"":false,""type"":""Point"",""coordinates"":[77.38986172689677,11.09419375887609]}"
167,2.1233438823303023E-4,"{""geodesic"":false,""type"":""Point"",""coordinates"":[77.92885089736849,11.09419375887609]}"
168,1.9300835532178092E-4,"{""geodesic"":false,""type"":""Point"",""coordinates"":[78.55767159625215,11.09419375887609]}"
169,1.766967340021517E-4,"{""geodesic"":false,""type"":""Point"",""coordinates"":[79.18649229513582,11.09419375887609]}"
170,1.606870967358193E-4,"{""geodesic"":false,""type"":""Point"",""coordinates"":[79.45598688037167,11.09419375887609]}"
171,1.1942779571598854E-4,"{""geodesic"":false,""type"":""Point"",""coordinates"":[76.4017149143653,11.184025287288042]}"
172,1.1367449715094936E-4,"{""geodesic"":false,""type"":""Point"",""coordinates"":[76.49154644277725,11.184025287288042]}"
173,1.6520850815675446E-4,"{""geodesic"":false,""type"":""Point"",""coordinates"":[76.67120949960116,11.184025287288042]}"
174,2.0432860328696616E-4,"{""geodesic"":false,""type"":""Point"",""coordinates"":[77.12036714166092,11.184025287288042]}"
175,2.1378060297439383E-4,"{""geodesic"":false,""type"":""Point"",""coordinates"":[77.38986172689677,11.184025287288042]}"
176,1.8038202666044136E-4,"{""geodesic"":false,""type"":""Point"",""coordinates"":[78.19834548260434,11.184025287288042]}"
177,1.8197232003134048E-4,"{""geodesic"":false,""type"":""Point"",""coordinates"":[78.4678400678402,11.184025287288042]}"
178,1.8729035184988783E-4,"{""geodesic"":false,""type"":""Point"",""coordinates"":[78.55767159625215,11.184025287288042]}"
179,1.7457995542724956E-4,"{""geodesic"":false,""type"":""Point"",""coordinates"":[78.6475031246641,11.184025287288042]}"
180,1.825717930330248E-4,"{""geodesic"":false,""type"":""Point"",""coordinates"":[79.09666076672387,11.184025287288042]}"
181,1.6924785868294682E-4,"{""geodesic"":false,""type"":""Point"",""coordinates"":[79.45598688037167,11.184025287288042]}"
182,1.5455659219243797E-4,"{""geodesic"":false,""type"":""Point"",""coordinates"":[79.81531299401948,11.184025287288042]}"
183,1.4976624232374092E-4,"{""geodesic"":false,""type"":""Point"",""coordinates"":[76.4017149143653,11.273856815699995]}"
184,1.6111156714339363E-4,"{""geodesic"":false,""type"":""Point"",""coordinates"":[76.76104102801311,11.273856815699995]}"
185,1.848173311843107E-4,"{""geodesic"":false,""type"":""Point"",""coordinates"":[76.94070408483701,11.273856815699995]}"
186,2.040838936909044E-4,"{""geodesic"":false,""type"":""Point"",""coordinates"":[78.01868242578044,11.273856815699995]}"
187,1.8204940970069776E-4,"{""geodesic"":false,""type"":""Point"",""coordinates"":[76.4017149143653,11.363688344111946]}"
188,1.3205553914795245E-4,"{""geodesic"":false,""type"":""Point"",""coordinates"":[76.49154644277725,11.363688344111946]}"
189,1.03957563717214E-4,"{""geodesic"":false,""type"":""Point"",""coordinates"":[76.5813779711892,11.363688344111946]}"
190,2.3061301337867277E-4,"{""geodesic"":false,""type"":""Point"",""coordinates"":[77.65935631213263,11.363688344111946]}"
191,1.8407771066182403E-4,"{""geodesic"":false,""type"":""Point"",""coordinates"":[78.73733465307606,11.363688344111946]}"
192,1.9053925407835564E-4,"{""geodesic"":false,""type"":""Point"",""coordinates"":[79.27632382354777,11.363688344111946]}"
193,1.8170822901237508E-4,"{""geodesic"":false,""type"":""Point"",""coordinates"":[79.45598688037167,11.363688344111946]}"
194,1.7244649389337448E-4,"{""geodesic"":false,""type"":""Point"",""coordinates"":[79.63564993719558,11.363688344111946]}"
195,1.0835559292051033E-4,"{""geodesic"":false,""type"":""Point"",""coordinates"":[92.66122155692864,11.363688344111946]}"
196,2.471459641072382E-4,"{""geodesic"":false,""type"":""Point"",""coordinates"":[75.77289421548164,11.453519872523898]}"
197,1.9647798465710924E-4,"{""geodesic"":false,""type"":""Point"",""coordinates"":[76.31188338595335,11.453519872523898]}"
198,1.1181138433789187E-4,"{""geodesic"":false,""type"":""Point"",""coordinates"":[76.85087255642506,11.453519872523898]}"
199,2.0720331908509275E-4,"{""geodesic"":false,""type"":""Point"",""coordinates"":[77.47969325530873,11.453519872523898]}"
200,2.067611432679996E-4,"{""geodesic"":false,""type"":""Point"",""coordinates"":[77.56952478372068,11.453519872523898]}"
201,2.133698599532059E-4,"{""geodesic"":false,""type"":""Point"",""coordinates"":[77.74918784054458,11.453519872523898]}"
202,1.793142977501068E-4,"{""geodesic"":false,""type"":""Point"",""coordinates"":[78.55767159625215,11.453519872523898]}"
203,1.8308572265645135E-4,"{""geodesic"":false,""type"":""Point"",""coordinates"":[78.6475031246641,11.453519872523898]}"
204,1.0450771605011595E-4,"{""geodesic"":false,""type"":""Point"",""coordinates"":[92.66122155692864,11.453519872523898]}"
205,2.4025363574188538E-4,"{""geodesic"":false,""type"":""Point"",""coordinates"":[75.77289421548164,11.543351400935851]}"
206,1.7499194094320065E-4,"{""geodesic"":false,""type"":""Point"",""coordinates"":[76.04238880071749,11.543351400935851]}"
207,1.6534282397094843E-4,"{""geodesic"":false,""type"":""Point"",""coordinates"":[76.13222032912944,11.543351400935851]}"
208,1.5839467774815752E-4,"{""geodesic"":false,""type"":""Point"",""coordinates"":[76.4017149143653,11.543351400935851]}"
209,1.6163517036494622E-4,"{""geodesic"":false,""type"":""Point"",""coordinates"":[76.67120949960116,11.543351400935851]}"
210,1.4409902935446744E-4,"{""geodesic"":false,""type"":""Point"",""coordinates"":[76.94070408483701,11.543351400935851]}"
211,1.6763788841595603E-4,"{""geodesic"":false,""type"":""Point"",""coordinates"":[77.03053561324897,11.543351400935851]}"
212,1.9947733917295493E-4,"{""geodesic"":false,""type"":""Point"",""coordinates"":[77.12036714166092,11.543351400935851]}"
213,1.954717951732227E-4,"{""geodesic"":false,""type"":""Point"",""coordinates"":[77.21019867007287,11.543351400935851]}"
214,1.9803126546192996E-4,"{""geodesic"":false,""type"":""Point"",""coordinates"":[77.30003019848482,11.543351400935851]}"
215,2.21848475908626E-4,"{""geodesic"":false,""type"":""Point"",""coordinates"":[78.01868242578044,11.543351400935851]}"
216,2.130423633531629E-4,"{""geodesic"":false,""type"":""Point"",""coordinates"":[78.10851395419239,11.543351400935851]}"
217,1.7701196722746086E-4,"{""geodesic"":false,""type"":""Point"",""coordinates"":[78.82716618148801,11.543351400935851]}"
218,1.7796062933085968E-4,"{""geodesic"":false,""type"":""Point"",""coordinates"":[78.91699770989996,11.543351400935851]}"
219,1.8174049224433704E-4,"{""geodesic"":false,""type"":""Point"",""coordinates"":[79.09666076672387,11.543351400935851]}"
220,2.2232607837642128E-4,"{""geodesic"":false,""type"":""Point"",""coordinates"":[75.77289421548164,11.633182929347804]}"
221,1.7353026570721627E-4,"{""geodesic"":false,""type"":""Point"",""coordinates"":[75.86272574389359,11.633182929347804]}"
222,1.580195830055637E-4,"{""geodesic"":false,""type"":""Point"",""coordinates"":[76.2220518575414,11.633182929347804]}"
223,1.5859667783388873E-4,"{""geodesic"":false,""type"":""Point"",""coordinates"":[76.4017149143653,11.633182929347804]}"
224,1.5964495667921953E-4,"{""geodesic"":false,""type"":""Point"",""coordinates"":[76.5813779711892,11.633182929347804]}"
225,1.3784984761593347E-4,"{""geodesic"":false,""type"":""Point"",""coordinates"":[76.85087255642506,11.633182929347804]}"
226,1.608957325710182E-4,"{""geodesic"":false,""type"":""Point"",""coordinates"":[77.21019867007287,11.633182929347804]}"
227,1.605489614629141E-4,"{""geodesic"":false,""type"":""Point"",""coordinates"":[77.38986172689677,11.633182929347804]}"
228,2.0298011055180847E-4,"{""geodesic"":false,""type"":""Point"",""coordinates"":[77.74918784054458,11.633182929347804]}"
229,1.7566272079396243E-4,"{""geodesic"":false,""type"":""Point"",""coordinates"":[78.6475031246641,11.633182929347804]}"
230,1.7060963283756437E-4,"{""geodesic"":false,""type"":""Point"",""coordinates"":[79.63564993719558,11.633182929347804]}"
231,1.129118189097508E-4,"{""geodesic"":false,""type"":""Point"",""coordinates"":[92.75105308534059,11.633182929347804]}"
232,2.3581685177847603E-4,"{""geodesic"":false,""type"":""Point"",""coordinates"":[75.68306268706968,11.723014457759755]}"
233,1.5734421785819702E-4,"{""geodesic"":false,""type"":""Point"",""coordinates"":[76.31188338595335,11.723014457759755]}"
234,1.6061835688879056E-4,"{""geodesic"":false,""type"":""Point"",""coordinates"":[78.55767159625215,11.723014457759755]}"
235,1.8173652236089046E-4,"{""geodesic"":false,""type"":""Point"",""coordinates"":[79.18649229513582,11.723014457759755]}"
236,1.9704728417449811E-4,"{""geodesic"":false,""type"":""Point"",""coordinates"":[79.36615535195972,11.723014457759755]}"
237,1.8414840905092285E-4,"{""geodesic"":false,""type"":""Point"",""coordinates"":[79.54581840878363,11.723014457759755]}"
238,1.6810703887068664E-4,"{""geodesic"":false,""type"":""Point"",""coordinates"":[76.4017149143653,11.812845986171707]}"
239,1.5773745882783155E-4,"{""geodesic"":false,""type"":""Point"",""coordinates"":[76.67120949960116,11.812845986171707]}"
240,1.6416555432911256E-4,"{""geodesic"":false,""type"":""Point"",""coordinates"":[76.85087255642506,11.812845986171707]}"
241,1.5884918047849415E-4,"{""geodesic"":false,""type"":""Point"",""coordinates"":[77.56952478372068,11.812845986171707]}"
242,1.6924023082725968E-4,"{""geodesic"":false,""type"":""Point"",""coordinates"":[78.37800853942825,11.812845986171707]}"
243,1.882192018790908E-4,"{""geodesic"":false,""type"":""Point"",""coordinates"":[79.27632382354777,11.812845986171707]}"
244,1.9675368734202613E-4,"{""geodesic"":false,""type"":""Point"",""coordinates"":[79.54581840878363,11.812845986171707]}"
245,1.740622711163021E-4,"{""geodesic"":false,""type"":""Point"",""coordinates"":[76.4017149143653,11.90267751458366]}"
246,1.6397057388081626E-4,"{""geodesic"":false,""type"":""Point"",""coordinates"":[76.85087255642506,11.90267751458366]}"
247,1.4918185215804806E-4,"{""geodesic"":false,""type"":""Point"",""coordinates"":[77.12036714166092,11.90267751458366]}"
248,1.6716257986549814E-4,"{""geodesic"":false,""type"":""Point"",""coordinates"":[77.38986172689677,11.90267751458366]}"
249,1.9503454507779365E-4,"{""geodesic"":false,""type"":""Point"",""coordinates"":[78.10851395419239,11.90267751458366]}"
250,2.1676509853379923E-4,"{""geodesic"":false,""type"":""Point"",""coordinates"":[75.32373657342187,11.99250904299561]}"
251,2.468597157984971E-4,"{""geodesic"":false,""type"":""Point"",""coordinates"":[75.50339963024578,11.99250904299561]}"
252,1.8469547919048438E-4,"{""geodesic"":false,""type"":""Point"",""coordinates"":[75.86272574389359,11.99250904299561]}"
253,1.7185742083924256E-4,"{""geodesic"":false,""type"":""Point"",""coordinates"":[76.49154644277725,11.99250904299561]}"
254,1.6963008870386298E-4,"{""geodesic"":false,""type"":""Point"",""coordinates"":[77.56952478372068,11.99250904299561]}"
255,1.8445152400646832E-4,"{""geodesic"":false,""type"":""Point"",""coordinates"":[78.4678400678402,11.99250904299561]}"
256,9.904891259263342E-5,"{""geodesic"":false,""type"":""Point"",""coordinates"":[92.66122155692864,11.99250904299561]}"
257,1.1397755429334181E-4,"{""geodesic"":false,""type"":""Point"",""coordinates"":[92.9307161421645,11.99250904299561]}"
258,2.278712741777851E-4,"{""geodesic"":false,""type"":""Point"",""coordinates"":[75.50339963024578,12.082340571407563]}"
259,1.9180017730384286E-4,"{""geodesic"":false,""type"":""Point"",""coordinates"":[75.59323115865773,12.082340571407563]}"
260,1.7603209342875956E-4,"{""geodesic"":false,""type"":""Point"",""coordinates"":[76.31188338595335,12.082340571407563]}"
261,1.768791115757763E-4,"{""geodesic"":false,""type"":""Point"",""coordinates"":[76.4017149143653,12.082340571407563]}"
262,1.7118776071199012E-4,"{""geodesic"":false,""type"":""Point"",""coordinates"":[77.56952478372068,12.082340571407563]}"
263,1.701221703371774E-4,"{""geodesic"":false,""type"":""Point"",""coordinates"":[78.6475031246641,12.082340571407563]}"
264,1.8021215501995628E-4,"{""geodesic"":false,""type"":""Point"",""coordinates"":[78.91699770989996,12.082340571407563]}"
265,1.8107089837805397E-4,"{""geodesic"":false,""type"":""Point"",""coordinates"":[79.18649229513582,12.082340571407563]}"
266,1.179742289788926E-4,"{""geodesic"":false,""type"":""Point"",""coordinates"":[92.66122155692864,12.082340571407563]}"
267,9.915214880437678E-5,"{""geodesic"":false,""type"":""Point"",""coordinates"":[92.75105308534059,12.082340571407563]}"
268,2.2136220923774336E-4,"{""geodesic"":false,""type"":""Point"",""coordinates"":[75.41356810183383,12.172172099819516]}"
269,1.7975795976018648E-4,"{""geodesic"":false,""type"":""Point"",""coordinates"":[76.31188338595335,12.172172099819516]}"
270,1.720914887044424E-4,"{""geodesic"":false,""type"":""Point"",""coordinates"":[77.38986172689677,12.172172099819516]}"
271,1.7622068701270358E-4,"{""geodesic"":false,""type"":""Point"",""coordinates"":[77.47969325530873,12.172172099819516]}"
272,1.7662361854535382E-4,"{""geodesic"":false,""type"":""Point"",""coordinates"":[77.65935631213263,12.172172099819516]}"
273,1.8958513372826645E-4,"{""geodesic"":false,""type"":""Point"",""coordinates"":[78.19834548260434,12.172172099819516]}"
274,1.7622267490782442E-4,"{""geodesic"":false,""type"":""Point"",""coordinates"":[79.36615535195972,12.172172099819516]}"
275,1.3834481187983275E-4,"{""geodesic"":false,""type"":""Point"",""coordinates"":[92.66122155692864,12.172172099819516]}"
276,2.2009433183074598E-4,"{""geodesic"":false,""type"":""Point"",""coordinates"":[75.23390504500992,12.262003628231469]}"
277,1.5558897672687314E-4,"{""geodesic"":false,""type"":""Point"",""coordinates"":[75.86272574389359,12.262003628231469]}"
278,1.5378849579816245E-4,"{""geodesic"":false,""type"":""Point"",""coordinates"":[75.95255727230554,12.262003628231469]}"
279,1.813940029996125E-4,"{""geodesic"":false,""type"":""Point"",""coordinates"":[76.94070408483701,12.262003628231469]}"
280,1.8138552662590288E-4,"{""geodesic"":false,""type"":""Point"",""coordinates"":[77.47969325530873,12.262003628231469]}"
281,1.7484477619068452E-4,"{""geodesic"":false,""type"":""Point"",""coordinates"":[77.83901936895654,12.262003628231469]}"
282,2.091558463820033E-4,"{""geodesic"":false,""type"":""Point"",""coordinates"":[78.2881770110163,12.262003628231469]}"
283,1.8304609764841417E-4,"{""geodesic"":false,""type"":""Point"",""coordinates"":[78.55767159625215,12.262003628231469]}"
284,1.7592972659510997E-4,"{""geodesic"":false,""type"":""Point"",""coordinates"":[78.6475031246641,12.262003628231469]}"
285,1.9236371360097738E-4,"{""geodesic"":false,""type"":""Point"",""coordinates"":[79.18649229513582,12.262003628231469]}"
286,1.755781162871781E-4,"{""geodesic"":false,""type"":""Point"",""coordinates"":[79.27632382354777,12.262003628231469]}"
287,1.779924733937546E-4,"{""geodesic"":false,""type"":""Point"",""coordinates"":[79.63564993719558,12.262003628231469]}"
288,1.9203116597205902E-4,"{""geodesic"":false,""type"":""Point"",""coordinates"":[79.72548146560753,12.262003628231469]}"
289,1.774938803776066E-4,"{""geodesic"":false,""type"":""Point"",""coordinates"":[79.81531299401948,12.262003628231469]}"
290,1.750289744582828E-4,"{""geodesic"":false,""type"":""Point"",""coordinates"":[75.41356810183383,12.35183515664342]}"
291,1.8547088309929922E-4,"{""geodesic"":false,""type"":""Point"",""coordinates"":[76.5813779711892,12.35183515664342]}"
292,1.781119138963225E-4,"{""geodesic"":false,""type"":""Point"",""coordinates"":[76.85087255642506,12.35183515664342]}"
293,1.8390745512530962E-4,"{""geodesic"":false,""type"":""Point"",""coordinates"":[77.03053561324897,12.35183515664342]}"
294,1.8473010705692325E-4,"{""geodesic"":false,""type"":""Point"",""coordinates"":[78.73733465307606,12.35183515664342]}"
295,1.81063462046255E-4,"{""geodesic"":false,""type"":""Point"",""coordinates"":[79.00682923831191,12.35183515664342]}"
296,1.86094452455522E-4,"{""geodesic"":false,""type"":""Point"",""coordinates"":[79.18649229513582,12.35183515664342]}"
297,1.8998596510986796E-4,"{""geodesic"":false,""type"":""Point"",""coordinates"":[75.50339963024578,12.441666685055372]}"
298,1.7168634088419869E-4,"{""geodesic"":false,""type"":""Point"",""coordinates"":[75.95255727230554,12.441666685055372]}"
299,2.067218502463066E-4,"{""geodesic"":false,""type"":""Point"",""coordinates"":[78.19834548260434,12.441666685055372]}"
300,1.779500723264545E-4,"{""geodesic"":false,""type"":""Point"",""coordinates"":[78.6475031246641,12.441666685055372]}"
301,1.8638611495849853E-4,"{""geodesic"":false,""type"":""Point"",""coordinates"":[78.91699770989996,12.441666685055372]}"
302,1.795319373900122E-4,"{""geodesic"":false,""type"":""Point"",""coordinates"":[79.36615535195972,12.441666685055372]}"
303,1.6502697758729386E-4,"{""geodesic"":false,""type"":""Point"",""coordinates"":[75.77289421548164,12.531498213467325]}"
304,1.8367091833764105E-4,"{""geodesic"":false,""type"":""Point"",""coordinates"":[77.56952478372068,12.531498213467325]}"
305,2.0403803243239252E-4,"{""geodesic"":false,""type"":""Point"",""coordinates"":[78.10851395419239,12.531498213467325]}"
306,2.024894780304137E-4,"{""geodesic"":false,""type"":""Point"",""coordinates"":[78.37800853942825,12.531498213467325]}"
307,1.7820553324101026E-4,"{""geodesic"":false,""type"":""Point"",""coordinates"":[79.09666076672387,12.531498213467325]}"
308,1.8535937977063048E-4,"{""geodesic"":false,""type"":""Point"",""coordinates"":[79.63564993719558,12.531498213467325]}"
309,1.1406740943337784E-4,"{""geodesic"":false,""type"":""Point"",""coordinates"":[92.84088461375255,12.531498213467325]}"
310,2.2176071726986036E-4,"{""geodesic"":false,""type"":""Point"",""coordinates"":[75.05424198818602,12.621329741879277]}"
311,1.784368375606073E-4,"{""geodesic"":false,""type"":""Point"",""coordinates"":[76.49154644277725,12.621329741879277]}"
312,2.042059776822342E-4,"{""geodesic"":false,""type"":""Point"",""coordinates"":[77.38986172689677,12.621329741879277]}"
313,1.8267181919873486E-4,"{""geodesic"":false,""type"":""Point"",""coordinates"":[77.56952478372068,12.621329741879277]}"
314,1.9511300730954025E-4,"{""geodesic"":false,""type"":""Point"",""coordinates"":[78.10851395419239,12.621329741879277]}"
315,1.71305191921446E-4,"{""geodesic"":false,""type"":""Point"",""coordinates"":[78.73733465307606,12.621329741879277]}"
316,1.7696641696754E-4,"{""geodesic"":false,""type"":""Point"",""coordinates"":[79.09666076672387,12.621329741879277]}"
317,1.909359392804113E-4,"{""geodesic"":false,""type"":""Point"",""coordinates"":[79.36615535195972,12.621329741879277]}"
318,1.676061682423734E-4,"{""geodesic"":false,""type"":""Point"",""coordinates"":[79.99497605084339,12.621329741879277]}"
319,1.6170383437514324E-4,"{""geodesic"":false,""type"":""Point"",""coordinates"":[80.17463910766729,12.621329741879277]}"
320,1.1567996726118352E-4,"{""geodesic"":false,""type"":""Point"",""coordinates"":[92.9307161421645,12.621329741879277]}"
321,2.1696669773883442E-4,"{""geodesic"":false,""type"":""Point"",""coordinates"":[75.14407351659797,12.711161270291228]}"
322,2.1647038257263922E-4,"{""geodesic"":false,""type"":""Point"",""coordinates"":[75.59323115865773,12.711161270291228]}"
323,1.6134032815104344E-4,"{""geodesic"":false,""type"":""Point"",""coordinates"":[75.86272574389359,12.711161270291228]}"
324,1.741423929564764E-4,"{""geodesic"":false,""type"":""Point"",""coordinates"":[76.13222032912944,12.711161270291228]}"
325,1.8038860670202298E-4,"{""geodesic"":false,""type"":""Point"",""coordinates"":[76.49154644277725,12.711161270291228]}"
326,2.0514295559621428E-4,"{""geodesic"":false,""type"":""Point"",""coordinates"":[76.94070408483701,12.711161270291228]}"
327,1.9234224180783447E-4,"{""geodesic"":false,""type"":""Point"",""coordinates"":[77.47969325530873,12.711161270291228]}"
328,1.8440783817010297E-4,"{""geodesic"":false,""type"":""Point"",""coordinates"":[77.65935631213263,12.711161270291228]}"
329,1.8834936223884727E-4,"{""geodesic"":false,""type"":""Point"",""coordinates"":[79.45598688037167,12.711161270291228]}"
330,2.1745768879535845E-4,"{""geodesic"":false,""type"":""Point"",""coordinates"":[74.87457893136211,12.80099279870318]}"
331,2.2940710797259725E-4,"{""geodesic"":false,""type"":""Point"",""coordinates"":[75.05424198818602,12.80099279870318]}"
332,2.2728769080762097E-4,"{""geodesic"":false,""type"":""Point"",""coordinates"":[75.50339963024578,12.80099279870318]}"
333,2.173206115832729E-4,"{""geodesic"":false,""type"":""Point"",""coordinates"":[75.59323115865773,12.80099279870318]}"
334,1.6910979577245485E-4,"{""geodesic"":false,""type"":""Point"",""coordinates"":[75.77289421548164,12.80099279870318]}"
335,1.8134161549355444E-4,"{""geodesic"":false,""type"":""Point"",""coordinates"":[76.5813779711892,12.80099279870318]}"
336,2.1035474950709888E-4,"{""geodesic"":false,""type"":""Point"",""coordinates"":[76.94070408483701,12.80099279870318]}"
337,1.6859252499296725E-4,"{""geodesic"":false,""type"":""Point"",""coordinates"":[78.2881770110163,12.80099279870318]}"
338,1.8652923786996816E-4,"{""geodesic"":false,""type"":""Point"",""coordinates"":[79.09666076672387,12.80099279870318]}"
339,2.0287520928212322E-4,"{""geodesic"":false,""type"":""Point"",""coordinates"":[79.81531299401948,12.80099279870318]}"
340,2.3146892556533122E-4,"{""geodesic"":false,""type"":""Point"",""coordinates"":[75.14407351659797,12.890824327115133]}"
341,1.8284309164117967E-4,"{""geodesic"":false,""type"":""Point"",""coordinates"":[76.4017149143653,12.890824327115133]}"
342,1.8509890698471324E-4,"{""geodesic"":false,""type"":""Point"",""coordinates"":[76.5813779711892,12.890824327115133]}"
343,1.9980362787052185E-4,"{""geodesic"":false,""type"":""Point"",""coordinates"":[76.85087255642506,12.890824327115133]}"
344,2.0001337231638163E-4,"{""geodesic"":false,""type"":""Point"",""coordinates"":[77.12036714166092,12.890824327115133]}"
345,2.2375937841405912E-4,"{""geodesic"":false,""type"":""Point"",""coordinates"":[75.14407351659797,12.980655855527084]}"
346,2.3527509600768882E-4,"{""geodesic"":false,""type"":""Point"",""coordinates"":[75.41356810183383,12.980655855527084]}"
347,1.8853321130325466E-4,"{""geodesic"":false,""type"":""Point"",""coordinates"":[75.59323115865773,12.980655855527084]}"
348,1.8321549505510666E-4,"{""geodesic"":false,""type"":""Point"",""coordinates"":[76.4017149143653,12.980655855527084]}"
349,2.2074960526871954E-4,"{""geodesic"":false,""type"":""Point"",""coordinates"":[77.38986172689677,12.980655855527084]}"
350,1.9573782062915485E-4,"{""geodesic"":false,""type"":""Point"",""coordinates"":[77.65935631213263,12.980655855527084]}"
351,1.9592786498270388E-4,"{""geodesic"":false,""type"":""Point"",""coordinates"":[77.74918784054458,12.980655855527084]}"
352,1.733974444905136E-4,"{""geodesic"":false,""type"":""Point"",""coordinates"":[78.37800853942825,12.980655855527084]}"
353,1.731240199056502E-4,"{""geodesic"":false,""type"":""Point"",""coordinates"":[78.55767159625215,12.980655855527084]}"
354,1.8694998839791088E-4,"{""geodesic"":false,""type"":""Point"",""coordinates"":[78.6475031246641,12.980655855527084]}"
355,1.843599957902946E-4,"{""geodesic"":false,""type"":""Point"",""coordinates"":[78.73733465307606,12.980655855527084]}"
356,1.8367122978976385E-4,"{""geodesic"":false,""type"":""Point"",""coordinates"":[79.45598688037167,12.980655855527084]}"
357,1.8259412226505055E-4,"{""geodesic"":false,""type"":""Point"",""coordinates"":[76.5813779711892,13.070487383939037]}"
358,1.9768597316448223E-4,"{""geodesic"":false,""type"":""Point"",""coordinates"":[76.76104102801311,13.070487383939037]}"
359,2.1059136074768906E-4,"{""geodesic"":false,""type"":""Point"",""coordinates"":[77.38986172689677,13.070487383939037]}"
360,1.746535758516437E-4,"{""geodesic"":false,""type"":""Point"",""coordinates"":[77.83901936895654,13.070487383939037]}"
361,1.6957844282388998E-4,"{""geodesic"":false,""type"":""Point"",""coordinates"":[78.01868242578044,13.070487383939037]}"
362,1.72079638576852E-4,"{""geodesic"":false,""type"":""Point"",""coordinates"":[78.10851395419239,13.070487383939037]}"
363,1.7008387515532147E-4,"{""geodesic"":false,""type"":""Point"",""coordinates"":[78.2881770110163,13.070487383939037]}"
364,1.8482411167120857E-4,"{""geodesic"":false,""type"":""Point"",""coordinates"":[78.55767159625215,13.070487383939037]}"
365,1.8509048493621058E-4,"{""geodesic"":false,""type"":""Point"",""coordinates"":[78.73733465307606,13.070487383939037]}"
366,1.9715679054821612E-4,"{""geodesic"":false,""type"":""Point"",""coordinates"":[79.81531299401948,13.070487383939037]}"
367,1.7737550021766052E-4,"{""geodesic"":false,""type"":""Point"",""coordinates"":[80.26447063607924,13.070487383939037]}"
368,9.719882826421385E-5,"{""geodesic"":false,""type"":""Point"",""coordinates"":[93.02054767057645,13.070487383939037]}"
369,2.1088444720104868E-4,"{""geodesic"":false,""type"":""Point"",""coordinates"":[74.96441045977407,13.16031891235099]}"
370,1.7195569014127497E-4,"{""geodesic"":false,""type"":""Point"",""coordinates"":[75.41356810183383,13.16031891235099]}"
371,1.82771065389457E-4,"{""geodesic"":false,""type"":""Point"",""coordinates"":[76.5813779711892,13.16031891235099]}"
372,1.949137136477166E-4,"{""geodesic"":false,""type"":""Point"",""coordinates"":[77.03053561324897,13.16031891235099]}"
373,1.925886173750126E-4,"{""geodesic"":false,""type"":""Point"",""coordinates"":[77.47969325530873,13.16031891235099]}"
374,1.8987617256538373E-4,"{""geodesic"":false,""type"":""Point"",""coordinates"":[77.74918784054458,13.16031891235099]}"
375,1.7294162815182816E-4,"{""geodesic"":false,""type"":""Point"",""coordinates"":[78.19834548260434,13.16031891235099]}"
376,1.8437756788123745E-4,"{""geodesic"":false,""type"":""Point"",""coordinates"":[78.2881770110163,13.16031891235099]}"
377,1.9012590354289518E-4,"{""geodesic"":false,""type"":""Point"",""coordinates"":[78.82716618148801,13.16031891235099]}"
378,1.9562589636143034E-4,"{""geodesic"":false,""type"":""Point"",""coordinates"":[79.81531299401948,13.16031891235099]}"
379,1.8959085064054938E-4,"{""geodesic"":false,""type"":""Point"",""coordinates"":[79.99497605084339,13.16031891235099]}"
380,1.8469229127672247E-4,"{""geodesic"":false,""type"":""Point"",""coordinates"":[80.08480757925534,13.16031891235099]}"
381,1.0152410470437577E-4,"{""geodesic"":false,""type"":""Point"",""coordinates"":[92.9307161421645,13.16031891235099]}"
382,2.1277635386564024E-4,"{""geodesic"":false,""type"":""Point"",""coordinates"":[74.87457893136211,13.250150440762942]}"
383,2.01837306773146E-4,"{""geodesic"":false,""type"":""Point"",""coordinates"":[75.05424198818602,13.250150440762942]}"
384,1.5413910005182842E-4,"{""geodesic"":false,""type"":""Point"",""coordinates"":[75.50339963024578,13.250150440762942]}"
385,1.6633006749585143E-4,"{""geodesic"":false,""type"":""Point"",""coordinates"":[75.77289421548164,13.250150440762942]}"
386,1.7721509816924377E-4,"{""geodesic"":false,""type"":""Point"",""coordinates"":[76.67120949960116,13.250150440762942]}"
387,1.8615829593303187E-4,"{""geodesic"":false,""type"":""Point"",""coordinates"":[76.85087255642506,13.250150440762942]}"
388,1.73853427741078E-4,"{""geodesic"":false,""type"":""Point"",""coordinates"":[77.47969325530873,13.250150440762942]}"
389,1.7620410338586986E-4,"{""geodesic"":false,""type"":""Point"",""coordinates"":[77.74918784054458,13.250150440762942]}"
390,2.0407488107071576E-4,"{""geodesic"":false,""type"":""Point"",""coordinates"":[79.54581840878363,13.250150440762942]}"
391,1.0360942671516589E-4,"{""geodesic"":false,""type"":""Point"",""coordinates"":[93.02054767057645,13.250150440762942]}"
392,2.1337172312277887E-4,"{""geodesic"":false,""type"":""Point"",""coordinates"":[74.78474740295016,13.339981969174893]}"
393,2.1954039360883203E-4,"{""geodesic"":false,""type"":""Point"",""coordinates"":[74.87457893136211,13.339981969174893]}"
394,1.736371353518882E-4,"{""geodesic"":false,""type"":""Point"",""coordinates"":[76.2220518575414,13.339981969174893]}"
395,2.046216794606926E-4,"{""geodesic"":false,""type"":""Point"",""coordinates"":[74.78474740295016,13.429813497586846]}"
396,1.8988667469281518E-4,"{""geodesic"":false,""type"":""Point"",""coordinates"":[75.05424198818602,13.429813497586846]}"
397,1.7740956663198592E-4,"{""geodesic"":false,""type"":""Point"",""coordinates"":[75.14407351659797,13.429813497586846]}"
398,1.867455200548781E-4,"{""geodesic"":false,""type"":""Point"",""coordinates"":[76.04238880071749,13.429813497586846]}"
399,1.8491114350607094E-4,"{""geodesic"":false,""type"":""Point"",""coordinates"":[76.76104102801311,13.429813497586846]}"
400,1.6508114758775154E-4,"{""geodesic"":false,""type"":""Point"",""coordinates"":[77.83901936895654,13.429813497586846]}"
401,1.798690172451495E-4,"{""geodesic"":false,""type"":""Point"",""coordinates"":[78.73733465307606,13.429813497586846]}"
402,1.8276967278763284E-4,"{""geodesic"":false,""type"":""Point"",""coordinates"":[79.63564993719558,13.429813497586846]}"
403,1.8753017002063599E-4,"{""geodesic"":false,""type"":""Point"",""coordinates"":[79.90514452243143,13.429813497586846]}"
404,9.881462837195623E-5,"{""geodesic"":false,""type"":""Point"",""coordinates"":[93.02054767057645,13.429813497586846]}"
405,1.9336931949605807E-4,"{""geodesic"":false,""type"":""Point"",""coordinates"":[75.05424198818602,13.519645025998798]}"
406,1.7194466179407147E-4,"{""geodesic"":false,""type"":""Point"",""coordinates"":[76.76104102801311,13.519645025998798]}"
407,1.8872667168478652E-4,"{""geodesic"":false,""type"":""Point"",""coordinates"":[79.27632382354777,13.519645025998798]}"
408,1.7708495924094702E-4,"{""geodesic"":false,""type"":""Point"",""coordinates"":[80.26447063607924,13.519645025998798]}"
409,2.1230204050295945E-4,"{""geodesic"":false,""type"":""Point"",""coordinates"":[74.69491587453821,13.609476554410751]}"
410,1.8935448057705572E-4,"{""geodesic"":false,""type"":""Point"",""coordinates"":[75.77289421548164,13.609476554410751]}"
411,1.7960474405643453E-4,"{""geodesic"":false,""type"":""Point"",""coordinates"":[76.04238880071749,13.609476554410751]}"
412,1.7203618623799056E-4,"{""geodesic"":false,""type"":""Point"",""coordinates"":[76.5813779711892,13.609476554410751]}"
413,1.8217997642397355E-4,"{""geodesic"":false,""type"":""Point"",""coordinates"":[76.94070408483701,13.609476554410751]}"
414,1.6339258698146457E-4,"{""geodesic"":false,""type"":""Point"",""coordinates"":[77.12036714166092,13.609476554410751]}"
415,1.7234265207936143E-4,"{""geodesic"":false,""type"":""Point"",""coordinates"":[78.01868242578044,13.609476554410751]}"
416,1.7307589798096237E-4,"{""geodesic"":false,""type"":""Point"",""coordinates"":[78.2881770110163,13.609476554410751]}"
417,1.6776293545799355E-4,"{""geodesic"":false,""type"":""Point"",""coordinates"":[78.82716618148801,13.609476554410751]}"
418,2.1005394014045575E-4,"{""geodesic"":false,""type"":""Point"",""coordinates"":[74.78474740295016,13.699308082822702]}"
419,2.0394795973366939E-4,"{""geodesic"":false,""type"":""Point"",""coordinates"":[74.87457893136211,13.699308082822702]}"
420,1.7365553856813788E-4,"{""geodesic"":false,""type"":""Point"",""coordinates"":[75.32373657342187,13.699308082822702]}"
421,1.7774684067199792E-4,"{""geodesic"":false,""type"":""Point"",""coordinates"":[76.4017149143653,13.699308082822702]}"
422,1.713208537912057E-4,"{""geodesic"":false,""type"":""Point"",""coordinates"":[76.67120949960116,13.699308082822702]}"
423,1.8233243700054843E-4,"{""geodesic"":false,""type"":""Point"",""coordinates"":[76.85087255642506,13.699308082822702]}"
424,1.7333336455063216E-4,"{""geodesic"":false,""type"":""Point"",""coordinates"":[78.01868242578044,13.699308082822702]}"
425,1.7321059644726013E-4,"{""geodesic"":false,""type"":""Point"",""coordinates"":[78.4678400678402,13.699308082822702]}"
426,1.6788251112882674E-4,"{""geodesic"":false,""type"":""Point"",""coordinates"":[78.55767159625215,13.699308082822702]}"
427,1.8135073172242656E-4,"{""geodesic"":false,""type"":""Point"",""coordinates"":[78.73733465307606,13.699308082822702]}"
428,1.757334882559523E-4,"{""geodesic"":false,""type"":""Point"",""coordinates"":[79.36615535195972,13.699308082822702]}"
429,1.8016809699907972E-4,"{""geodesic"":false,""type"":""Point"",""coordinates"":[75.05424198818602,13.789139611234654]}"
430,1.6835554029110254E-4,"{""geodesic"":false,""type"":""Point"",""coordinates"":[75.41356810183383,13.789139611234654]}"
431,1.7444155712088527E-4,"{""geodesic"":false,""type"":""Point"",""coordinates"":[75.86272574389359,13.789139611234654]}"
432,1.7956618180741378E-4,"{""geodesic"":false,""type"":""Point"",""coordinates"":[78.37800853942825,13.789139611234654]}"
433,1.626780647055542E-4,"{""geodesic"":false,""type"":""Point"",""coordinates"":[78.55767159625215,13.789139611234654]}"
434,1.8475728218308944E-4,"{""geodesic"":false,""type"":""Point"",""coordinates"":[78.73733465307606,13.789139611234654]}"
435,1.8845079673125738E-4,"{""geodesic"":false,""type"":""Point"",""coordinates"":[79.72548146560753,13.789139611234654]}"
436,2.1268913293985762E-4,"{""geodesic"":false,""type"":""Point"",""coordinates"":[74.60508434612626,13.878971139646607]}"
437,1.8382840381215565E-4,"{""geodesic"":false,""type"":""Point"",""coordinates"":[74.69491587453821,13.878971139646607]}"
438,1.7213975663510873E-4,"{""geodesic"":false,""type"":""Point"",""coordinates"":[74.96441045977407,13.878971139646607]}"
439,1.6419949998285627E-4,"{""geodesic"":false,""type"":""Point"",""coordinates"":[75.41356810183383,13.878971139646607]}"
440,1.6642284081754666E-4,"{""geodesic"":false,""type"":""Point"",""coordinates"":[76.04238880071749,13.878971139646607]}"
441,1.7307783180452863E-4,"{""geodesic"":false,""type"":""Point"",""coordinates"":[76.2220518575414,13.878971139646607]}"
442,1.74245122478721E-4,"{""geodesic"":false,""type"":""Point"",""coordinates"":[76.4017149143653,13.878971139646607]}"
443,1.7570428080262854E-4,"{""geodesic"":false,""type"":""Point"",""coordinates"":[76.94070408483701,13.878971139646607]}"
444,1.822208953464874E-4,"{""geodesic"":false,""type"":""Point"",""coordinates"":[77.03053561324897,13.878971139646607]}"
445,1.7820978681602176E-4,"{""geodesic"":false,""type"":""Point"",""coordinates"":[77.38986172689677,13.878971139646607]}"
446,1.8428062437088008E-4,"{""geodesic"":false,""type"":""Point"",""coordinates"":[77.47969325530873,13.878971139646607]}"
447,1.6249378049412616E-4,"{""geodesic"":false,""type"":""Point"",""coordinates"":[77.83901936895654,13.878971139646607]}"
448,1.8254113082363023E-4,"{""geodesic"":false,""type"":""Point"",""coordinates"":[78.37800853942825,13.878971139646607]}"
449,1.8314349093526638E-4,"{""geodesic"":false,""type"":""Point"",""coordinates"":[79.90514452243143,13.878971139646607]}"
450,1.942152063648351E-4,"{""geodesic"":false,""type"":""Point"",""coordinates"":[75.59323115865773,13.968802668058558]}"
451,1.9920664042308048E-4,"{""geodesic"":false,""type"":""Point"",""coordinates"":[75.68306268706968,13.968802668058558]}"
452,1.7667580466504556E-4,"{""geodesic"":false,""type"":""Point"",""coordinates"":[76.13222032912944,13.968802668058558]}"
453,1.8801781876187054E-4,"{""geodesic"":false,""type"":""Point"",""coordinates"":[78.4678400678402,13.968802668058558]}"
454,1.878752199888195E-4,"{""geodesic"":false,""type"":""Point"",""coordinates"":[78.6475031246641,13.968802668058558]}"
455,1.81188714402398E-4,"{""geodesic"":false,""type"":""Point"",""coordinates"":[79.36615535195972,13.968802668058558]}"
456,1.678197663499028E-4,"{""geodesic"":false,""type"":""Point"",""coordinates"":[79.81531299401948,13.968802668058558]}"
457,1.815781218831348E-4,"{""geodesic"":false,""type"":""Point"",""coordinates"":[75.05424198818602,14.05863419647051]}"
458,1.7229276159846555E-4,"{""geodesic"":false,""type"":""Point"",""coordinates"":[75.14407351659797,14.05863419647051]}"
459,1.7959653205850616E-4,"{""geodesic"":false,""type"":""Point"",""coordinates"":[76.85087255642506,14.05863419647051]}"
460,1.606105091285382E-4,"{""geodesic"":false,""type"":""Point"",""coordinates"":[77.12036714166092,14.05863419647051]}"
461,1.8373406454452835E-4,"{""geodesic"":false,""type"":""Point"",""coordinates"":[77.38986172689677,14.05863419647051]}"
462,1.873954635301001E-4,"{""geodesic"":false,""type"":""Point"",""coordinates"":[77.47969325530873,14.05863419647051]}"
463,1.7943680325184324E-4,"{""geodesic"":false,""type"":""Point"",""coordinates"":[77.83901936895654,14.05863419647051]}"
464,1.768014421209736E-4,"{""geodesic"":false,""type"":""Point"",""coordinates"":[78.19834548260434,14.05863419647051]}"
465,1.9596098575331823E-4,"{""geodesic"":false,""type"":""Point"",""coordinates"":[78.91699770989996,14.05863419647051]}"
466,1.7939118374474985E-4,"{""geodesic"":false,""type"":""Point"",""coordinates"":[79.00682923831191,14.05863419647051]}"
467,1.8630197724626486E-4,"{""geodesic"":false,""type"":""Point"",""coordinates"":[79.54581840878363,14.05863419647051]}"
468,1.6317135456778734E-4,"{""geodesic"":false,""type"":""Point"",""coordinates"":[79.90514452243143,14.05863419647051]}"
469,1.8316151368876984E-4,"{""geodesic"":false,""type"":""Point"",""coordinates"":[74.60508434612626,14.148465724882463]}"
470,1.607285749948323E-4,"{""geodesic"":false,""type"":""Point"",""coordinates"":[74.69491587453821,14.148465724882463]}"
471,1.747753845684026E-4,"{""geodesic"":false,""type"":""Point"",""coordinates"":[74.78474740295016,14.148465724882463]}"
472,1.7148387169843023E-4,"{""geodesic"":false,""type"":""Point"",""coordinates"":[74.87457893136211,14.148465724882463]}"
473,1.6987398317291409E-4,"{""geodesic"":false,""type"":""Point"",""coordinates"":[77.21019867007287,14.148465724882463]}"
474,1.7670851473216003E-4,"{""geodesic"":false,""type"":""Point"",""coordinates"":[77.56952478372068,14.148465724882463]}"
475,1.8351012856620457E-4,"{""geodesic"":false,""type"":""Point"",""coordinates"":[77.83901936895654,14.148465724882463]}"
476,1.8598359358822995E-4,"{""geodesic"":false,""type"":""Point"",""coordinates"":[78.10851395419239,14.148465724882463]}"
477,1.8551498949929377E-4,"{""geodesic"":false,""type"":""Point"",""coordinates"":[78.55767159625215,14.148465724882463]}"
478,1.855946197663881E-4,"{""geodesic"":false,""type"":""Point"",""coordinates"":[78.6475031246641,14.148465724882463]}"
479,1.8513112540531997E-4,"{""geodesic"":false,""type"":""Point"",""coordinates"":[79.09666076672387,14.148465724882463]}"
480,1.89789168494024E-4,"{""geodesic"":false,""type"":""Point"",""coordinates"":[79.27632382354777,14.148465724882463]}"
481,1.870908929094814E-4,"{""geodesic"":false,""type"":""Point"",""coordinates"":[79.54581840878363,14.148465724882463]}"
482,1.984143375216142E-4,"{""geodesic"":false,""type"":""Point"",""coordinates"":[79.63564993719558,14.148465724882463]}"
483,1.8691516893483678E-4,"{""geodesic"":false,""type"":""Point"",""coordinates"":[79.72548146560753,14.148465724882463]}"
484,1.887832663040319E-4,"{""geodesic"":false,""type"":""Point"",""coordinates"":[74.69491587453821,14.238297253294416]}"
485,1.716438590865234E-4,"{""geodesic"":false,""type"":""Point"",""coordinates"":[75.41356810183383,14.238297253294416]}"
486,1.878210122870485E-4,"{""geodesic"":false,""type"":""Point"",""coordinates"":[75.77289421548164,14.238297253294416]}"
487,1.8660749255265603E-4,"{""geodesic"":false,""type"":""Point"",""coordinates"":[76.13222032912944,14.238297253294416]}"
488,1.7625585998711898E-4,"{""geodesic"":false,""type"":""Point"",""coordinates"":[77.03053561324897,14.238297253294416]}"
489,1.8887331244004423E-4,"{""geodesic"":false,""type"":""Point"",""coordinates"":[77.56952478372068,14.238297253294416]}"
490,1.894622420608854E-4,"{""geodesic"":false,""type"":""Point"",""coordinates"":[79.18649229513582,14.238297253294416]}"
491,1.8965707642160787E-4,"{""geodesic"":false,""type"":""Point"",""coordinates"":[79.63564993719558,14.238297253294416]}"
492,1.9442019508496936E-4,"{""geodesic"":false,""type"":""Point"",""coordinates"":[74.60508434612626,14.328128781706367]}"
493,1.7669722841224687E-4,"{""geodesic"":false,""type"":""Point"",""coordinates"":[74.69491587453821,14.328128781706367]}"
494,1.7219783674650514E-4,"{""geodesic"":false,""type"":""Point"",""coordinates"":[75.14407351659797,14.328128781706367]}"
495,1.706245204643228E-4,"{""geodesic"":false,""type"":""Point"",""coordinates"":[75.50339963024578,14.328128781706367]}"
496,1.8797058177175523E-4,"{""geodesic"":false,""type"":""Point"",""coordinates"":[75.68306268706968,14.328128781706367]}"
497,1.9152727683132537E-4,"{""geodesic"":false,""type"":""Point"",""coordinates"":[75.86272574389359,14.328128781706367]}"
498,1.8518898246540195E-4,"{""geodesic"":false,""type"":""Point"",""coordinates"":[76.04238880071749,14.328128781706367]}"
499,1.7972518199685304E-4,"{""geodesic"":false,""type"":""Point"",""coordinates"":[76.2220518575414,14.328128781706367]}"
500,1.7948346197287364E-4,"{""geodesic"":false,""type"":""Point"",""coordinates"":[76.4017149143653,14.328128781706367]}"
501,1.866727124560871E-4,"{""geodesic"":false,""type"":""Point"",""coordinates"":[76.85087255642506,14.328128781706367]}"
502,1.8345427226389475E-4,"{""geodesic"":false,""type"":""Point"",""coordinates"":[77.65935631213263,14.328128781706367]}"
503,1.902973317917578E-4,"{""geodesic"":false,""type"":""Point"",""coordinates"":[78.2881770110163,14.328128781706367]}"
504,1.8617163960942172E-4,"{""geodesic"":false,""type"":""Point"",""coordinates"":[78.82716618148801,14.328128781706367]}"
505,1.8232826802071735E-4,"{""geodesic"":false,""type"":""Point"",""coordinates"":[74.78474740295016,14.41796031011832]}"
506,1.737588188681054E-4,"{""geodesic"":false,""type"":""Point"",""coordinates"":[74.96441045977407,14.41796031011832]}"
507,1.7328327382496527E-4,"{""geodesic"":false,""type"":""Point"",""coordinates"":[75.05424198818602,14.41796031011832]}"
508,1.7441869964426271E-4,"{""geodesic"":false,""type"":""Point"",""coordinates"":[75.32373657342187,14.41796031011832]}"
509,1.8579991428120527E-4,"{""geodesic"":false,""type"":""Point"",""coordinates"":[75.95255727230554,14.41796031011832]}"
510,1.8502943235225057E-4,"{""geodesic"":false,""type"":""Point"",""coordinates"":[76.04238880071749,14.41796031011832]}"
511,1.7432118728755877E-4,"{""geodesic"":false,""type"":""Point"",""coordinates"":[76.13222032912944,14.41796031011832]}"
512,1.848005591767133E-4,"{""geodesic"":false,""type"":""Point"",""coordinates"":[76.94070408483701,14.41796031011832]}"
513,1.8816371013375105E-4,"{""geodesic"":false,""type"":""Point"",""coordinates"":[77.74918784054458,14.41796031011832]}"
514,2.015674869172003E-4,"{""geodesic"":false,""type"":""Point"",""coordinates"":[78.55767159625215,14.41796031011832]}"
515,1.8805750094856919E-4,"{""geodesic"":false,""type"":""Point"",""coordinates"":[78.6475031246641,14.41796031011832]}"
516,1.9905909510702145E-4,"{""geodesic"":false,""type"":""Point"",""coordinates"":[78.73733465307606,14.41796031011832]}"
517,1.7913749783174615E-4,"{""geodesic"":false,""type"":""Point"",""coordinates"":[74.69491587453821,14.507791838530272]}"
518,1.7579461505216914E-4,"{""geodesic"":false,""type"":""Point"",""coordinates"":[74.87457893136211,14.507791838530272]}"
519,1.7970074054666295E-4,"{""geodesic"":false,""type"":""Point"",""coordinates"":[75.95255727230554,14.507791838530272]}"
520,1.6172536551176592E-4,"{""geodesic"":false,""type"":""Point"",""coordinates"":[76.31188338595335,14.507791838530272]}"
521,1.7378664197015452E-4,"{""geodesic"":false,""type"":""Point"",""coordinates"":[76.5813779711892,14.507791838530272]}"
522,1.8534314094776762E-4,"{""geodesic"":false,""type"":""Point"",""coordinates"":[77.65935631213263,14.507791838530272]}"
523,1.7476096470183918E-4,"{""geodesic"":false,""type"":""Point"",""coordinates"":[78.19834548260434,14.507791838530272]}"
524,1.830582605196389E-4,"{""geodesic"":false,""type"":""Point"",""coordinates"":[78.55767159625215,14.507791838530272]}"
525,1.8870892157152352E-4,"{""geodesic"":false,""type"":""Point"",""coordinates"":[74.51525281771431,14.597623366942225]}"
526,1.7610269807401835E-4,"{""geodesic"":false,""type"":""Point"",""coordinates"":[75.23390504500992,14.597623366942225]}"
527,1.8545958684675884E-4,"{""geodesic"":false,""type"":""Point"",""coordinates"":[77.12036714166092,14.597623366942225]}"
528,1.7613746214778002E-4,"{""geodesic"":false,""type"":""Point"",""coordinates"":[77.30003019848482,14.597623366942225]}"
529,1.8980447239238176E-4,"{""geodesic"":false,""type"":""Point"",""coordinates"":[79.00682923831191,14.597623366942225]}"
530,1.9128725402822304E-4,"{""geodesic"":false,""type"":""Point"",""coordinates"":[74.3355897608904,14.687454895354175]}"
531,1.7102714858771798E-4,"{""geodesic"":false,""type"":""Point"",""coordinates"":[75.86272574389359,14.687454895354175]}"
532,1.7448241840231792E-4,"{""geodesic"":false,""type"":""Point"",""coordinates"":[76.13222032912944,14.687454895354175]}"
533,1.841467527441853E-4,"{""geodesic"":false,""type"":""Point"",""coordinates"":[76.76104102801311,14.687454895354175]}"
534,1.8090090260411952E-4,"{""geodesic"":false,""type"":""Point"",""coordinates"":[77.12036714166092,14.687454895354175]}"
535,1.7893516772153248E-4,"{""geodesic"":false,""type"":""Point"",""coordinates"":[77.30003019848482,14.687454895354175]}"
536,1.9070295720737825E-4,"{""geodesic"":false,""type"":""Point"",""coordinates"":[79.00682923831191,14.687454895354175]}"
537,2.0255077621832168E-4,"{""geodesic"":false,""type"":""Point"",""coordinates"":[74.1559267040665,14.777286423766128]}"
538,1.762945640294543E-4,"{""geodesic"":false,""type"":""Point"",""coordinates"":[75.50339963024578,14.777286423766128]}"
539,1.6451817466050437E-4,"{""geodesic"":false,""type"":""Point"",""coordinates"":[75.86272574389359,14.777286423766128]}"
540,1.7683811485663626E-4,"{""geodesic"":false,""type"":""Point"",""coordinates"":[76.67120949960116,14.777286423766128]}"
541,1.8025253217189482E-4,"{""geodesic"":false,""type"":""Point"",""coordinates"":[76.76104102801311,14.777286423766128]}"
542,1.7761692799385335E-4,"{""geodesic"":false,""type"":""Point"",""coordinates"":[76.85087255642506,14.777286423766128]}"
543,1.7874185595116403E-4,"{""geodesic"":false,""type"":""Point"",""coordinates"":[77.21019867007287,14.777286423766128]}"
544,1.8082760360998198E-4,"{""geodesic"":false,""type"":""Point"",""coordinates"":[77.38986172689677,14.777286423766128]}"
545,1.9606622238845222E-4,"{""geodesic"":false,""type"":""Point"",""coordinates"":[77.65935631213263,14.777286423766128]}"
546,2.0215206208102775E-4,"{""geodesic"":false,""type"":""Point"",""coordinates"":[78.01868242578044,14.777286423766128]}"
547,1.7254749679620397E-4,"{""geodesic"":false,""type"":""Point"",""coordinates"":[79.99497605084339,14.777286423766128]}"
548,1.6507887516829814E-4,"{""geodesic"":false,""type"":""Point"",""coordinates"":[80.08480757925534,14.777286423766128]}"
549,1.8440734182684752E-4,"{""geodesic"":false,""type"":""Point"",""coordinates"":[74.24575823247845,14.86711795217808]}"
550,1.880937986852969E-4,"{""geodesic"":false,""type"":""Point"",""coordinates"":[74.42542128930235,14.86711795217808]}"
551,1.7325971932579382E-4,"{""geodesic"":false,""type"":""Point"",""coordinates"":[74.51525281771431,14.86711795217808]}"
552,1.6779853817082988E-4,"{""geodesic"":false,""type"":""Point"",""coordinates"":[75.14407351659797,14.86711795217808]}"
553,1.6154020789606706E-4,"{""geodesic"":false,""type"":""Point"",""coordinates"":[75.95255727230554,14.86711795217808]}"
554,1.5690986538680055E-4,"{""geodesic"":false,""type"":""Point"",""coordinates"":[76.4017149143653,14.86711795217808]}"
555,1.77888620502812E-4,"{""geodesic"":false,""type"":""Point"",""coordinates"":[76.5813779711892,14.86711795217808]}"
556,1.9644884162817186E-4,"{""geodesic"":false,""type"":""Point"",""coordinates"":[77.65935631213263,14.86711795217808]}"
557,1.888110570225728E-4,"{""geodesic"":false,""type"":""Point"",""coordinates"":[77.92885089736849,14.86711795217808]}"
558,1.876192706885405E-4,"{""geodesic"":false,""type"":""Point"",""coordinates"":[79.45598688037167,14.86711795217808]}"
559,1.8490916483993424E-4,"{""geodesic"":false,""type"":""Point"",""coordinates"":[74.69491587453821,14.956949480590032]}"
560,1.5967739534537782E-4,"{""geodesic"":false,""type"":""Point"",""coordinates"":[75.05424198818602,14.956949480590032]}"
561,1.5779747838320725E-4,"{""geodesic"":false,""type"":""Point"",""coordinates"":[75.14407351659797,14.956949480590032]}"
562,1.6836292997214522E-4,"{""geodesic"":false,""type"":""Point"",""coordinates"":[75.41356810183383,14.956949480590032]}"
563,1.7712391565998577E-4,"{""geodesic"":false,""type"":""Point"",""coordinates"":[75.59323115865773,14.956949480590032]}"
564,1.7250037160307992E-4,"{""geodesic"":false,""type"":""Point"",""coordinates"":[76.5813779711892,14.956949480590032]}"
565,1.837454968860762E-4,"{""geodesic"":false,""type"":""Point"",""coordinates"":[77.38986172689677,14.956949480590032]}"
566,1.9677836443890008E-4,"{""geodesic"":false,""type"":""Point"",""coordinates"":[77.74918784054458,14.956949480590032]}"
567,1.8796378247717106E-4,"{""geodesic"":false,""type"":""Point"",""coordinates"":[78.01868242578044,14.956949480590032]}"
568,1.905286864850295E-4,"{""geodesic"":false,""type"":""Point"",""coordinates"":[78.6475031246641,14.956949480590032]}"
569,1.9016755290049132E-4,"{""geodesic"":false,""type"":""Point"",""coordinates"":[79.63564993719558,14.956949480590032]}"
570,1.7949484299115836E-4,"{""geodesic"":false,""type"":""Point"",""coordinates"":[74.1559267040665,15.046781009001984]}"
571,1.735230870065548E-4,"{""geodesic"":false,""type"":""Point"",""coordinates"":[75.05424198818602,15.046781009001984]}"
572,1.6707593962937665E-4,"{""geodesic"":false,""type"":""Point"",""coordinates"":[75.32373657342187,15.046781009001984]}"
573,1.676978688265534E-4,"{""geodesic"":false,""type"":""Point"",""coordinates"":[75.50339963024578,15.046781009001984]}"
574,1.7172626409135187E-4,"{""geodesic"":false,""type"":""Point"",""coordinates"":[75.68306268706968,15.046781009001984]}"
575,1.702080871923718E-4,"{""geodesic"":false,""type"":""Point"",""coordinates"":[75.77289421548164,15.046781009001984]}"
576,1.7419880334644013E-4,"{""geodesic"":false,""type"":""Point"",""coordinates"":[75.86272574389359,15.046781009001984]}"
577,1.7477961188462878E-4,"{""geodesic"":false,""type"":""Point"",""coordinates"":[76.4017149143653,15.046781009001984]}"
578,1.817585187378987E-4,"{""geodesic"":false,""type"":""Point"",""coordinates"":[76.67120949960116,15.046781009001984]}"
579,1.7499571935462356E-4,"{""geodesic"":false,""type"":""Point"",""coordinates"":[76.76104102801311,15.046781009001984]}"
580,2.0777665484064648E-4,"{""geodesic"":false,""type"":""Point"",""coordinates"":[78.55767159625215,15.046781009001984]}"
581,1.7537550681547974E-4,"{""geodesic"":false,""type"":""Point"",""coordinates"":[79.63564993719558,15.046781009001984]}"
582,1.813530892531226E-4,"{""geodesic"":false,""type"":""Point"",""coordinates"":[74.78474740295016,15.136612537413937]}"
583,1.9074688335531467E-4,"{""geodesic"":false,""type"":""Point"",""coordinates"":[76.31188338595335,15.136612537413937]}"
584,2.023419205464748E-4,"{""geodesic"":false,""type"":""Point"",""coordinates"":[76.4017149143653,15.136612537413937]}"
585,1.941249135161482E-4,"{""geodesic"":false,""type"":""Point"",""coordinates"":[78.2881770110163,15.136612537413937]}"
586,1.812587579346434E-4,"{""geodesic"":false,""type"":""Point"",""coordinates"":[79.09666076672387,15.136612537413937]}"
587,2.1568249202932158E-4,"{""geodesic"":false,""type"":""Point"",""coordinates"":[73.97626364724259,15.22644406582589]}"
588,1.7278893257903312E-4,"{""geodesic"":false,""type"":""Point"",""coordinates"":[75.14407351659797,15.22644406582589]}"
589,1.7532217611166984E-4,"{""geodesic"":false,""type"":""Point"",""coordinates"":[75.86272574389359,15.22644406582589]}"
590,1.7772674612898524E-4,"{""geodesic"":false,""type"":""Point"",""coordinates"":[76.2220518575414,15.22644406582589]}"
591,1.9784158040641158E-4,"{""geodesic"":false,""type"":""Point"",""coordinates"":[76.31188338595335,15.22644406582589]}"
592,1.8593288811410847E-4,"{""geodesic"":false,""type"":""Point"",""coordinates"":[77.12036714166092,15.22644406582589]}"
593,1.8895312419658155E-4,"{""geodesic"":false,""type"":""Point"",""coordinates"":[77.92885089736849,15.22644406582589]}"
594,1.8145141275164033E-4,"{""geodesic"":false,""type"":""Point"",""coordinates"":[79.36615535195972,15.22644406582589]}"
595,1.7839963948211568E-4,"{""geodesic"":false,""type"":""Point"",""coordinates"":[79.54581840878363,15.22644406582589]}"
596,1.870655199277154E-4,"{""geodesic"":false,""type"":""Point"",""coordinates"":[79.63564993719558,15.22644406582589]}"
597,2.1720891621151083E-4,"{""geodesic"":false,""type"":""Point"",""coordinates"":[74.06609517565454,15.31627559423784]}"
598,2.0353071310987074E-4,"{""geodesic"":false,""type"":""Point"",""coordinates"":[74.60508434612626,15.31627559423784]}"
599,1.802493099563613E-4,"{""geodesic"":false,""type"":""Point"",""coordinates"":[74.96441045977407,15.31627559423784]}"
600,1.7356275758708407E-4,"{""geodesic"":false,""type"":""Point"",""coordinates"":[75.14407351659797,15.31627559423784]}"
601,1.7773804291967217E-4,"{""geodesic"":false,""type"":""Point"",""coordinates"":[75.32373657342187,15.31627559423784]}"
602,1.7606321343150103E-4,"{""geodesic"":false,""type"":""Point"",""coordinates"":[75.95255727230554,15.31627559423784]}"
603,1.7694667081542224E-4,"{""geodesic"":false,""type"":""Point"",""coordinates"":[76.2220518575414,15.31627559423784]}"
604,1.9458992696917053E-4,"{""geodesic"":false,""type"":""Point"",""coordinates"":[76.67120949960116,15.31627559423784]}"
605,2.0160045374536715E-4,"{""geodesic"":false,""type"":""Point"",""coordinates"":[76.94070408483701,15.31627559423784]}"
606,1.803442323665562E-4,"{""geodesic"":false,""type"":""Point"",""coordinates"":[77.38986172689677,15.31627559423784]}"
607,1.8830464896052004E-4,"{""geodesic"":false,""type"":""Point"",""coordinates"":[77.65935631213263,15.31627559423784]}"
608,2.0547260671222847E-4,"{""geodesic"":false,""type"":""Point"",""coordinates"":[77.83901936895654,15.31627559423784]}"
609,2.0786207040887096E-4,"{""geodesic"":false,""type"":""Point"",""coordinates"":[78.10851395419239,15.31627559423784]}"
610,2.0471432655813613E-4,"{""geodesic"":false,""type"":""Point"",""coordinates"":[78.4678400678402,15.31627559423784]}"
611,2.0714765087305733E-4,"{""geodesic"":false,""type"":""Point"",""coordinates"":[78.91699770989996,15.31627559423784]}"
612,1.8789066904658866E-4,"{""geodesic"":false,""type"":""Point"",""coordinates"":[79.18649229513582,15.31627559423784]}"
613,1.8986125612868094E-4,"{""geodesic"":false,""type"":""Point"",""coordinates"":[79.81531299401948,15.31627559423784]}"
614,1.8279628378396168E-4,"{""geodesic"":false,""type"":""Point"",""coordinates"":[79.90514452243143,15.31627559423784]}"
615,2.0466488791291023E-4,"{""geodesic"":false,""type"":""Point"",""coordinates"":[73.79660059041869,15.406107122649793]}"
616,1.764448412467995E-4,"{""geodesic"":false,""type"":""Point"",""coordinates"":[75.14407351659797,15.406107122649793]}"
617,1.7728951373633775E-4,"{""geodesic"":false,""type"":""Point"",""coordinates"":[75.32373657342187,15.406107122649793]}"
618,1.76255787688624E-4,"{""geodesic"":false,""type"":""Point"",""coordinates"":[75.41356810183383,15.406107122649793]}"
619,1.7082602842001995E-4,"{""geodesic"":false,""type"":""Point"",""coordinates"":[75.68306268706968,15.406107122649793]}"
620,1.6893407064885732E-4,"{""geodesic"":false,""type"":""Point"",""coordinates"":[75.86272574389359,15.406107122649793]}"
621,1.9318635707482918E-4,"{""geodesic"":false,""type"":""Point"",""coordinates"":[76.4017149143653,15.406107122649793]}"
622,2.0112685904914482E-4,"{""geodesic"":false,""type"":""Point"",""coordinates"":[76.76104102801311,15.406107122649793]}"
623,1.9116863720894842E-4,"{""geodesic"":false,""type"":""Point"",""coordinates"":[78.73733465307606,15.406107122649793]}"
624,1.8529581339424373E-4,"{""geodesic"":false,""type"":""Point"",""coordinates"":[79.18649229513582,15.406107122649793]}"
625,1.795446559368863E-4,"{""geodesic"":false,""type"":""Point"",""coordinates"":[79.27632382354777,15.406107122649793]}"
626,1.840484304577391E-4,"{""geodesic"":false,""type"":""Point"",""coordinates"":[74.42542128930235,15.495938651061746]}"
627,1.8480798303112392E-4,"{""geodesic"":false,""type"":""Point"",""coordinates"":[74.51525281771431,15.495938651061746]}"
628,1.762297322047923E-4,"{""geodesic"":false,""type"":""Point"",""coordinates"":[74.78474740295016,15.495938651061746]}"
629,1.771639954998602E-4,"{""geodesic"":false,""type"":""Point"",""coordinates"":[75.41356810183383,15.495938651061746]}"
630,1.8153200257225253E-4,"{""geodesic"":false,""type"":""Point"",""coordinates"":[75.77289421548164,15.495938651061746]}"
631,1.9262165038244072E-4,"{""geodesic"":false,""type"":""Point"",""coordinates"":[77.38986172689677,15.495938651061746]}"
632,1.9781895946531782E-4,"{""geodesic"":false,""type"":""Point"",""coordinates"":[78.10851395419239,15.495938651061746]}"
633,1.964222329230868E-4,"{""geodesic"":false,""type"":""Point"",""coordinates"":[78.19834548260434,15.495938651061746]}"
634,2.0566376549660626E-4,"{""geodesic"":false,""type"":""Point"",""coordinates"":[78.37800853942825,15.495938651061746]}"
635,1.8088306170686838E-4,"{""geodesic"":false,""type"":""Point"",""coordinates"":[79.18649229513582,15.495938651061746]}"
636,2.1518539713805303E-4,"{""geodesic"":false,""type"":""Point"",""coordinates"":[73.79660059041869,15.585770179473698]}"
637,2.4179268447071744E-4,"{""geodesic"":false,""type"":""Point"",""coordinates"":[74.06609517565454,15.585770179473698]}"
638,1.8501973235764675E-4,"{""geodesic"":false,""type"":""Point"",""coordinates"":[74.42542128930235,15.585770179473698]}"
639,1.7446649442513093E-4,"{""geodesic"":false,""type"":""Point"",""coordinates"":[74.69491587453821,15.585770179473698]}"
640,1.7186106534158567E-4,"{""geodesic"":false,""type"":""Point"",""coordinates"":[74.78474740295016,15.585770179473698]}"
641,1.7966015073200806E-4,"{""geodesic"":false,""type"":""Point"",""coordinates"":[75.23390504500992,15.585770179473698]}"
642,1.755905270003203E-4,"{""geodesic"":false,""type"":""Point"",""coordinates"":[75.41356810183383,15.585770179473698]}"
643,1.7087425429039918E-4,"{""geodesic"":false,""type"":""Point"",""coordinates"":[75.77289421548164,15.585770179473698]}"
644,1.8106787310244617E-4,"{""geodesic"":false,""type"":""Point"",""coordinates"":[75.86272574389359,15.585770179473698]}"
645,1.869448109785317E-4,"{""geodesic"":false,""type"":""Point"",""coordinates"":[75.95255727230554,15.585770179473698]}"
646,1.813545734788746E-4,"{""geodesic"":false,""type"":""Point"",""coordinates"":[76.04238880071749,15.585770179473698]}"
647,1.7999391020601723E-4,"{""geodesic"":false,""type"":""Point"",""coordinates"":[76.13222032912944,15.585770179473698]}"
648,1.8029233738965853E-4,"{""geodesic"":false,""type"":""Point"",""coordinates"":[76.31188338595335,15.585770179473698]}"
649,1.989268610759315E-4,"{""geodesic"":false,""type"":""Point"",""coordinates"":[78.6475031246641,15.585770179473698]}"
650,1.966528776116994E-4,"{""geodesic"":false,""type"":""Point"",""coordinates"":[78.82716618148801,15.585770179473698]}"
651,1.9603969990872647E-4,"{""geodesic"":false,""type"":""Point"",""coordinates"":[79.09666076672387,15.585770179473698]}"
652,1.935028260245366E-4,"{""geodesic"":false,""type"":""Point"",""coordinates"":[79.36615535195972,15.585770179473698]}"
653,2.2868504917374647E-4,"{""geodesic"":false,""type"":""Point"",""coordinates"":[73.70676906200674,15.675601707885649]}"
654,1.9188683087928698E-4,"{""geodesic"":false,""type"":""Point"",""coordinates"":[74.24575823247845,15.675601707885649]}"
655,1.8147063382179508E-4,"{""geodesic"":false,""type"":""Point"",""coordinates"":[74.51525281771431,15.675601707885649]}"
656,1.7474629126762385E-4,"{""geodesic"":false,""type"":""Point"",""coordinates"":[74.78474740295016,15.675601707885649]}"
657,1.8393123133355428E-4,"{""geodesic"":false,""type"":""Point"",""coordinates"":[76.31188338595335,15.675601707885649]}"
658,1.7538861115854097E-4,"{""geodesic"":false,""type"":""Point"",""coordinates"":[76.49154644277725,15.675601707885649]}"
659,2.0049900112744198E-4,"{""geodesic"":false,""type"":""Point"",""coordinates"":[76.85087255642506,15.675601707885649]}"
660,1.9137199154394376E-4,"{""geodesic"":false,""type"":""Point"",""coordinates"":[74.3355897608904,15.765433236297602]}"
661,1.7378492195285853E-4,"{""geodesic"":false,""type"":""Point"",""coordinates"":[74.96441045977407,15.765433236297602]}"
662,1.8251874307233514E-4,"{""geodesic"":false,""type"":""Point"",""coordinates"":[75.95255727230554,15.765433236297602]}"
663,1.8145816781119713E-4,"{""geodesic"":false,""type"":""Point"",""coordinates"":[76.31188338595335,15.765433236297602]}"
664,1.9111819338058617E-4,"{""geodesic"":false,""type"":""Point"",""coordinates"":[77.03053561324897,15.765433236297602]}"
665,2.0791106578529225E-4,"{""geodesic"":false,""type"":""Point"",""coordinates"":[77.65935631213263,15.765433236297602]}"
666,2.1327559374420202E-4,"{""geodesic"":false,""type"":""Point"",""coordinates"":[78.37800853942825,15.765433236297602]}"
667,2.075928313276897E-4,"{""geodesic"":false,""type"":""Point"",""coordinates"":[78.91699770989996,15.765433236297602]}"
668,1.7668481172238183E-4,"{""geodesic"":false,""type"":""Point"",""coordinates"":[79.54581840878363,15.765433236297602]}"
669,1.9054290701234875E-4,"{""geodesic"":false,""type"":""Point"",""coordinates"":[79.90514452243143,15.765433236297602]}"
670,2.4424482853969477E-4,"{""geodesic"":false,""type"":""Point"",""coordinates"":[73.79660059041869,15.855264764709554]}"
671,1.8900479342563197E-4,"{""geodesic"":false,""type"":""Point"",""coordinates"":[74.1559267040665,15.855264764709554]}"
672,1.9058774672008164E-4,"{""geodesic"":false,""type"":""Point"",""coordinates"":[74.24575823247845,15.855264764709554]}"
673,2.0049267835646153E-4,"{""geodesic"":false,""type"":""Point"",""coordinates"":[74.42542128930235,15.855264764709554]}"
674,1.7359737744337077E-4,"{""geodesic"":false,""type"":""Point"",""coordinates"":[74.69491587453821,15.855264764709554]}"
675,1.643394431959645E-4,"{""geodesic"":false,""type"":""Point"",""coordinates"":[74.78474740295016,15.855264764709554]}"
676,1.7526206840423855E-4,"{""geodesic"":false,""type"":""Point"",""coordinates"":[75.14407351659797,15.855264764709554]}"
677,1.7704222535979718E-4,"{""geodesic"":false,""type"":""Point"",""coordinates"":[76.31188338595335,15.855264764709554]}"
678,2.0573426815504505E-4,"{""geodesic"":false,""type"":""Point"",""coordinates"":[77.03053561324897,15.855264764709554]}"
679,2.01025588258985E-4,"{""geodesic"":false,""type"":""Point"",""coordinates"":[77.21019867007287,15.855264764709554]}"
680,2.051891360694576E-4,"{""geodesic"":false,""type"":""Point"",""coordinates"":[77.47969325530873,15.855264764709554]}"
681,1.9835991008158857E-4,"{""geodesic"":false,""type"":""Point"",""coordinates"":[78.2881770110163,15.855264764709554]}"
682,1.966218653990094E-4,"{""geodesic"":false,""type"":""Point"",""coordinates"":[79.00682923831191,15.855264764709554]}"
683,1.9245689998512796E-4,"{""geodesic"":false,""type"":""Point"",""coordinates"":[79.09666076672387,15.855264764709554]}"
684,1.8824231370332667E-4,"{""geodesic"":false,""type"":""Point"",""coordinates"":[79.90514452243143,15.855264764709554]}"
685,1.799165802950359E-4,"{""geodesic"":false,""type"":""Point"",""coordinates"":[80.44413369290315,15.855264764709554]}"
686,1.7390275121485224E-4,"{""geodesic"":false,""type"":""Point"",""coordinates"":[74.78474740295016,15.945096293121505]}"
687,1.782779160455437E-4,"{""geodesic"":false,""type"":""Point"",""coordinates"":[75.32373657342187,15.945096293121505]}"
688,1.789193577136937E-4,"{""geodesic"":false,""type"":""Point"",""coordinates"":[76.31188338595335,15.945096293121505]}"
689,2.0004646353241363E-4,"{""geodesic"":false,""type"":""Point"",""coordinates"":[76.76104102801311,15.945096293121505]}"
690,2.091716581191734E-4,"{""geodesic"":false,""type"":""Point"",""coordinates"":[77.03053561324897,15.945096293121505]}"
691,1.9780750372063257E-4,"{""geodesic"":false,""type"":""Point"",""coordinates"":[77.74918784054458,15.945096293121505]}"
692,2.080801407313321E-4,"{""geodesic"":false,""type"":""Point"",""coordinates"":[78.01868242578044,15.945096293121505]}"
693,2.0435723701647807E-4,"{""geodesic"":false,""type"":""Point"",""coordinates"":[78.19834548260434,15.945096293121505]}"
694,2.019042661227432E-4,"{""geodesic"":false,""type"":""Point"",""coordinates"":[78.37800853942825,15.945096293121505]}"
695,1.850429708851907E-4,"{""geodesic"":false,""type"":""Point"",""coordinates"":[78.91699770989996,15.945096293121505]}"
696,1.82741272604483E-4,"{""geodesic"":false,""type"":""Point"",""coordinates"":[79.27632382354777,15.945096293121505]}"
697,1.9637459499099354E-4,"{""geodesic"":false,""type"":""Point"",""coordinates"":[79.81531299401948,15.945096293121505]}"
698,1.8344091306595175E-4,"{""geodesic"":false,""type"":""Point"",""coordinates"":[80.62379674972705,15.945096293121505]}"
699,1.772744344557392E-4,"{""geodesic"":false,""type"":""Point"",""coordinates"":[81.07295439178681,15.945096293121505]}"
700,2.1683217478864891E-4,"{""geodesic"":false,""type"":""Point"",""coordinates"":[73.52710600518283,16.034927821533458]}"
701,1.7784972593678185E-4,"{""geodesic"":false,""type"":""Point"",""coordinates"":[74.24575823247845,16.034927821533458]}"
702,1.844200053511989E-4,"{""geodesic"":false,""type"":""Point"",""coordinates"":[74.3355897608904,16.034927821533458]}"
703,1.807235075044064E-4,"{""geodesic"":false,""type"":""Point"",""coordinates"":[74.87457893136211,16.034927821533458]}"
704,1.8157063015590991E-4,"{""geodesic"":false,""type"":""Point"",""coordinates"":[74.96441045977407,16.034927821533458]}"
705,1.787796393694124E-4,"{""geodesic"":false,""type"":""Point"",""coordinates"":[75.05424198818602,16.034927821533458]}"
706,1.8321487750112844E-4,"{""geodesic"":false,""type"":""Point"",""coordinates"":[75.14407351659797,16.034927821533458]}"
707,1.809998666528034E-4,"{""geodesic"":false,""type"":""Point"",""coordinates"":[75.86272574389359,16.034927821533458]}"
708,1.8889547075038628E-4,"{""geodesic"":false,""type"":""Point"",""coordinates"":[76.2220518575414,16.034927821533458]}"
709,1.7735319198450918E-4,"{""geodesic"":false,""type"":""Point"",""coordinates"":[76.49154644277725,16.034927821533458]}"
710,2.0534634361326877E-4,"{""geodesic"":false,""type"":""Point"",""coordinates"":[77.03053561324897,16.034927821533458]}"
711,2.082943949687117E-4,"{""geodesic"":false,""type"":""Point"",""coordinates"":[77.38986172689677,16.034927821533458]}"
712,2.0001486560464082E-4,"{""geodesic"":false,""type"":""Point"",""coordinates"":[78.01868242578044,16.034927821533458]}"
713,2.0623396897274568E-4,"{""geodesic"":false,""type"":""Point"",""coordinates"":[78.19834548260434,16.034927821533458]}"
714,1.847619687502805E-4,"{""geodesic"":false,""type"":""Point"",""coordinates"":[78.73733465307606,16.034927821533458]}"
715,1.9528723188964894E-4,"{""geodesic"":false,""type"":""Point"",""coordinates"":[78.91699770989996,16.034927821533458]}"
716,1.8825820718232892E-4,"{""geodesic"":false,""type"":""Point"",""coordinates"":[79.72548146560753,16.034927821533458]}"
717,1.9324679965330478E-4,"{""geodesic"":false,""type"":""Point"",""coordinates"":[80.17463910766729,16.034927821533458]}"
718,1.81152191982814E-4,"{""geodesic"":false,""type"":""Point"",""coordinates"":[80.89329133496291,16.034927821533458]}"
719,2.2675721554384832E-4,"{""geodesic"":false,""type"":""Point"",""coordinates"":[73.79660059041869,16.12475934994541]}"
720,1.793241070844886E-4,"{""geodesic"":false,""type"":""Point"",""coordinates"":[74.1559267040665,16.12475934994541]}"
721,1.8793253842416176E-4,"{""geodesic"":false,""type"":""Point"",""coordinates"":[74.96441045977407,16.12475934994541]}"
722,1.827714996666815E-4,"{""geodesic"":false,""type"":""Point"",""coordinates"":[75.41356810183383,16.12475934994541]}"
723,1.9228785292928655E-4,"{""geodesic"":false,""type"":""Point"",""coordinates"":[76.49154644277725,16.12475934994541]}"
724,2.0419147112088088E-4,"{""geodesic"":false,""type"":""Point"",""coordinates"":[78.10851395419239,16.12475934994541]}"
725,1.7347395484198727E-4,"{""geodesic"":false,""type"":""Point"",""coordinates"":[78.73733465307606,16.12475934994541]}"
726,1.8149764191471943E-4,"{""geodesic"":false,""type"":""Point"",""coordinates"":[78.82716618148801,16.12475934994541]}"
727,1.7236119590630236E-4,"{""geodesic"":false,""type"":""Point"",""coordinates"":[79.18649229513582,16.12475934994541]}"
728,1.7289390900065326E-4,"{""geodesic"":false,""type"":""Point"",""coordinates"":[79.36615535195972,16.12475934994541]}"
729,1.7858515613904824E-4,"{""geodesic"":false,""type"":""Point"",""coordinates"":[79.54581840878363,16.12475934994541]}"
730,1.9278902186730494E-4,"{""geodesic"":false,""type"":""Point"",""coordinates"":[80.08480757925534,16.12475934994541]}"
731,2.0894807757730805E-4,"{""geodesic"":false,""type"":""Point"",""coordinates"":[73.43727447677088,16.214590878357363]}"
732,2.2841826034019947E-4,"{""geodesic"":false,""type"":""Point"",""coordinates"":[73.61693753359478,16.214590878357363]}"
733,2.2179408242488876E-4,"{""geodesic"":false,""type"":""Point"",""coordinates"":[73.88643211883064,16.214590878357363]}"
734,2.0099666666223876E-4,"{""geodesic"":false,""type"":""Point"",""coordinates"":[74.06609517565454,16.214590878357363]}"
735,1.900636325115113E-4,"{""geodesic"":false,""type"":""Point"",""coordinates"":[74.51525281771431,16.214590878357363]}"
736,1.967330139230303E-4,"{""geodesic"":false,""type"":""Point"",""coordinates"":[74.60508434612626,16.214590878357363]}"
737,1.9051753018712816E-4,"{""geodesic"":false,""type"":""Point"",""coordinates"":[74.96441045977407,16.214590878357363]}"
738,1.9488731836254404E-4,"{""geodesic"":false,""type"":""Point"",""coordinates"":[75.50339963024578,16.214590878357363]}"
739,1.857854141792125E-4,"{""geodesic"":false,""type"":""Point"",""coordinates"":[75.86272574389359,16.214590878357363]}"
740,1.8816878133595146E-4,"{""geodesic"":false,""type"":""Point"",""coordinates"":[76.4017149143653,16.214590878357363]}"
741,2.0179450868677384E-4,"{""geodesic"":false,""type"":""Point"",""coordinates"":[76.67120949960116,16.214590878357363]}"
742,2.0647610126982296E-4,"{""geodesic"":false,""type"":""Point"",""coordinates"":[77.21019867007287,16.214590878357363]}"
743,2.0339269296804982E-4,"{""geodesic"":false,""type"":""Point"",""coordinates"":[77.83901936895654,16.214590878357363]}"
744,2.0937014769564012E-4,"{""geodesic"":false,""type"":""Point"",""coordinates"":[78.4678400678402,16.214590878357363]}"
745,1.8814484094283884E-4,"{""geodesic"":false,""type"":""Point"",""coordinates"":[79.81531299401948,16.214590878357363]}"
746,1.8232449032511865E-4,"{""geodesic"":false,""type"":""Point"",""coordinates"":[80.80345980655096,16.214590878357363]}"
747,1.8436670057546138E-4,"{""geodesic"":false,""type"":""Point"",""coordinates"":[80.98312286337486,16.214590878357363]}"
748,1.856593896124337E-4,"{""geodesic"":false,""type"":""Point"",""coordinates"":[81.07295439178681,16.214590878357363]}"
749,2.4272819709615415E-4,"{""geodesic"":false,""type"":""Point"",""coordinates"":[73.70676906200674,16.304422406769316]}"
750,1.8289985007188795E-4,"{""geodesic"":false,""type"":""Point"",""coordinates"":[74.51525281771431,16.304422406769316]}"
751,1.9294851979322132E-4,"{""geodesic"":false,""type"":""Point"",""coordinates"":[75.32373657342187,16.304422406769316]}"
752,1.9601290088624635E-4,"{""geodesic"":false,""type"":""Point"",""coordinates"":[76.94070408483701,16.304422406769316]}"
753,2.050337881113141E-4,"{""geodesic"":false,""type"":""Point"",""coordinates"":[77.12036714166092,16.304422406769316]}"
754,2.0069399387748706E-4,"{""geodesic"":false,""type"":""Point"",""coordinates"":[77.38986172689677,16.304422406769316]}"
755,1.9839004870219433E-4,"{""geodesic"":false,""type"":""Point"",""coordinates"":[77.47969325530873,16.304422406769316]}"
756,1.908147895611941E-4,"{""geodesic"":false,""type"":""Point"",""coordinates"":[77.56952478372068,16.304422406769316]}"
757,1.976260797183633E-4,"{""geodesic"":false,""type"":""Point"",""coordinates"":[77.92885089736849,16.304422406769316]}"
758,1.9491955476037725E-4,"{""geodesic"":false,""type"":""Point"",""coordinates"":[78.10851395419239,16.304422406769316]}"
759,2.0341673170944736E-4,"{""geodesic"":false,""type"":""Point"",""coordinates"":[78.37800853942825,16.304422406769316]}"
760,1.8550086305412942E-4,"{""geodesic"":false,""type"":""Point"",""coordinates"":[78.82716618148801,16.304422406769316]}"
761,1.84477572648678E-4,"{""geodesic"":false,""type"":""Point"",""coordinates"":[78.91699770989996,16.304422406769316]}"
762,1.8042678901117532E-4,"{""geodesic"":false,""type"":""Point"",""coordinates"":[79.00682923831191,16.304422406769316]}"
763,1.8834218248459016E-4,"{""geodesic"":false,""type"":""Point"",""coordinates"":[79.54581840878363,16.304422406769316]}"
764,1.9986333654529987E-4,"{""geodesic"":false,""type"":""Point"",""coordinates"":[79.90514452243143,16.304422406769316]}"
765,2.0525397244590627E-4,"{""geodesic"":false,""type"":""Point"",""coordinates"":[80.3543021644912,16.304422406769316]}"
766,2.1150280125329312E-4,"{""geodesic"":false,""type"":""Point"",""coordinates"":[80.44413369290315,16.304422406769316]}"
767,2.2472419947319793E-4,"{""geodesic"":false,""type"":""Point"",""coordinates"":[73.79660059041869,16.39425393518127]}"
768,2.0329684267001095E-4,"{""geodesic"":false,""type"":""Point"",""coordinates"":[74.3355897608904,16.39425393518127]}"
769,1.7904011207729847E-4,"{""geodesic"":false,""type"":""Point"",""coordinates"":[75.50339963024578,16.39425393518127]}"
770,1.8654493155894036E-4,"{""geodesic"":false,""type"":""Point"",""coordinates"":[76.04238880071749,16.39425393518127]}"
771,2.051235121234148E-4,"{""geodesic"":false,""type"":""Point"",""coordinates"":[76.67120949960116,16.39425393518127]}"
772,2.1148559001738583E-4,"{""geodesic"":false,""type"":""Point"",""coordinates"":[77.12036714166092,16.39425393518127]}"
773,1.957281862942417E-4,"{""geodesic"":false,""type"":""Point"",""coordinates"":[77.83901936895654,16.39425393518127]}"
774,1.947406873039631E-4,"{""geodesic"":false,""type"":""Point"",""coordinates"":[77.92885089736849,16.39425393518127]}"
775,1.9893665682902661E-4,"{""geodesic"":false,""type"":""Point"",""coordinates"":[78.37800853942825,16.39425393518127]}"
776,1.906175183302652E-4,"{""geodesic"":false,""type"":""Point"",""coordinates"":[79.36615535195972,16.39425393518127]}"
777,1.8398584336015364E-4,"{""geodesic"":false,""type"":""Point"",""coordinates"":[81.25261744861072,16.39425393518127]}"
778,2.523670627813605E-4,"{""geodesic"":false,""type"":""Point"",""coordinates"":[73.70676906200674,16.484085463593217]}"
779,1.9902468990751356E-4,"{""geodesic"":false,""type"":""Point"",""coordinates"":[74.06609517565454,16.484085463593217]}"
780,2.074155911689181E-4,"{""geodesic"":false,""type"":""Point"",""coordinates"":[74.1559267040665,16.484085463593217]}"
781,1.9746235269240154E-4,"{""geodesic"":false,""type"":""Point"",""coordinates"":[74.24575823247845,16.484085463593217]}"
782,1.7863987652219572E-4,"{""geodesic"":false,""type"":""Point"",""coordinates"":[75.23390504500992,16.484085463593217]}"
783,1.7305833778569278E-4,"{""geodesic"":false,""type"":""Point"",""coordinates"":[75.59323115865773,16.484085463593217]}"
784,1.747338255490789E-4,"{""geodesic"":false,""type"":""Point"",""coordinates"":[75.77289421548164,16.484085463593217]}"
785,1.9632610733677188E-4,"{""geodesic"":false,""type"":""Point"",""coordinates"":[76.31188338595335,16.484085463593217]}"
786,1.9122712330964708E-4,"{""geodesic"":false,""type"":""Point"",""coordinates"":[76.4017149143653,16.484085463593217]}"
787,2.0863678942121842E-4,"{""geodesic"":false,""type"":""Point"",""coordinates"":[77.03053561324897,16.484085463593217]}"
788,1.9006859254603093E-4,"{""geodesic"":false,""type"":""Point"",""coordinates"":[77.38986172689677,16.484085463593217]}"
789,1.9877847591395493E-4,"{""geodesic"":false,""type"":""Point"",""coordinates"":[77.65935631213263,16.484085463593217]}"
790,2.050632704968671E-4,"{""geodesic"":false,""type"":""Point"",""coordinates"":[77.92885089736849,16.484085463593217]}"
791,1.8965423812568758E-4,"{""geodesic"":false,""type"":""Point"",""coordinates"":[78.55767159625215,16.484085463593217]}"
792,1.8628321100178238E-4,"{""geodesic"":false,""type"":""Point"",""coordinates"":[78.91699770989996,16.484085463593217]}"
793,1.9074178160526217E-4,"{""geodesic"":false,""type"":""Point"",""coordinates"":[79.36615535195972,16.484085463593217]}"
794,1.8064102287760768E-4,"{""geodesic"":false,""type"":""Point"",""coordinates"":[79.45598688037167,16.484085463593217]}"
795,1.9904909784565622E-4,"{""geodesic"":false,""type"":""Point"",""coordinates"":[79.99497605084339,16.484085463593217]}"
796,1.9522914896042746E-4,"{""geodesic"":false,""type"":""Point"",""coordinates"":[80.17463910766729,16.484085463593217]}"
797,2.1212863163000355E-4,"{""geodesic"":false,""type"":""Point"",""coordinates"":[80.89329133496291,16.484085463593217]}"
798,2.2285239920165313E-4,"{""geodesic"":false,""type"":""Point"",""coordinates"":[81.07295439178681,16.484085463593217]}"
799,1.948893540594667E-4,"{""geodesic"":false,""type"":""Point"",""coordinates"":[81.52211203384657,16.484085463593217]}"
800,2.0239329467323952E-4,"{""geodesic"":false,""type"":""Point"",""coordinates"":[81.61194356225853,16.484085463593217]}"
801,1.9624246155893236E-4,"{""geodesic"":false,""type"":""Point"",""coordinates"":[81.79160661908243,16.484085463593217]}"
802,1.8901914286849878E-4,"{""geodesic"":false,""type"":""Point"",""coordinates"":[81.97126967590633,16.484085463593217]}"
803,2.304134591425808E-4,"{""geodesic"":false,""type"":""Point"",""coordinates"":[73.79660059041869,16.57391699200517]}"
804,1.9803819043876813E-4,"{""geodesic"":false,""type"":""Point"",""coordinates"":[74.24575823247845,16.57391699200517]}"
805,1.9378365920572107E-4,"{""geodesic"":false,""type"":""Point"",""coordinates"":[74.51525281771431,16.57391699200517]}"
806,1.9336382062884748E-4,"{""geodesic"":false,""type"":""Point"",""coordinates"":[74.78474740295016,16.57391699200517]}"
807,1.8957040357274292E-4,"{""geodesic"":false,""type"":""Point"",""coordinates"":[74.87457893136211,16.57391699200517]}"
808,1.9438706687306014E-4,"{""geodesic"":false,""type"":""Point"",""coordinates"":[78.37800853942825,16.57391699200517]}"
809,1.9006869481835446E-4,"{""geodesic"":false,""type"":""Point"",""coordinates"":[78.91699770989996,16.57391699200517]}"
810,1.947925795084037E-4,"{""geodesic"":false,""type"":""Point"",""coordinates"":[79.00682923831191,16.57391699200517]}"
811,2.074683974693549E-4,"{""geodesic"":false,""type"":""Point"",""coordinates"":[79.27632382354777,16.57391699200517]}"
812,2.042883515725836E-4,"{""geodesic"":false,""type"":""Point"",""coordinates"":[79.45598688037167,16.57391699200517]}"
813,1.9580904230467424E-4,"{""geodesic"":false,""type"":""Point"",""coordinates"":[79.72548146560753,16.57391699200517]}"
814,2.0152588929279178E-4,"{""geodesic"":false,""type"":""Point"",""coordinates"":[79.99497605084339,16.57391699200517]}"
815,2.110216393136473E-4,"{""geodesic"":false,""type"":""Point"",""coordinates"":[80.26447063607924,16.57391699200517]}"
816,2.0207547241311567E-4,"{""geodesic"":false,""type"":""Point"",""coordinates"":[80.44413369290315,16.57391699200517]}"
817,2.1250661792780517E-4,"{""geodesic"":false,""type"":""Point"",""coordinates"":[80.80345980655096,16.57391699200517]}"
818,2.1809155403978937E-4,"{""geodesic"":false,""type"":""Point"",""coordinates"":[80.98312286337486,16.57391699200517]}"
819,2.250685292252368E-4,"{""geodesic"":false,""type"":""Point"",""coordinates"":[73.79660059041869,16.663748520417123]}"
820,2.0650664263667097E-4,"{""geodesic"":false,""type"":""Point"",""coordinates"":[73.97626364724259,16.663748520417123]}"
821,1.9522129237071524E-4,"{""geodesic"":false,""type"":""Point"",""coordinates"":[74.42542128930235,16.663748520417123]}"
822,1.9618421241850823E-4,"{""geodesic"":false,""type"":""Point"",""coordinates"":[74.60508434612626,16.663748520417123]}"
823,1.9597153393619674E-4,"{""geodesic"":false,""type"":""Point"",""coordinates"":[74.78474740295016,16.663748520417123]}"
824,1.8113588979900384E-4,"{""geodesic"":false,""type"":""Point"",""coordinates"":[75.23390504500992,16.663748520417123]}"
825,1.7543230952310297E-4,"{""geodesic"":false,""type"":""Point"",""coordinates"":[75.68306268706968,16.663748520417123]}"
826,1.902919597925889E-4,"{""geodesic"":false,""type"":""Point"",""coordinates"":[76.04238880071749,16.663748520417123]}"
827,1.8591616164376383E-4,"{""geodesic"":false,""type"":""Point"",""coordinates"":[76.31188338595335,16.663748520417123]}"
828,2.005876833047493E-4,"{""geodesic"":false,""type"":""Point"",""coordinates"":[76.4017149143653,16.663748520417123]}"
829,2.0110915641587717E-4,"{""geodesic"":false,""type"":""Point"",""coordinates"":[77.47969325530873,16.663748520417123]}"
830,1.8927829285236521E-4,"{""geodesic"":false,""type"":""Point"",""coordinates"":[78.6475031246641,16.663748520417123]}"
831,2.0080350099281328E-4,"{""geodesic"":false,""type"":""Point"",""coordinates"":[79.09666076672387,16.663748520417123]}"
832,2.0889372528712412E-4,"{""geodesic"":false,""type"":""Point"",""coordinates"":[79.36615535195972,16.663748520417123]}"
833,2.0912101421150198E-4,"{""geodesic"":false,""type"":""Point"",""coordinates"":[80.08480757925534,16.663748520417123]}"
834,2.1782033573794664E-4,"{""geodesic"":false,""type"":""Point"",""coordinates"":[81.34244897702267,16.663748520417123]}"
835,1.9211215495947126E-4,"{""geodesic"":false,""type"":""Point"",""coordinates"":[82.06110120431829,16.663748520417123]}"
836,1.851687713989262E-4,"{""geodesic"":false,""type"":""Point"",""coordinates"":[75.59323115865773,16.753580048829075]}"
837,1.949292907069673E-4,"{""geodesic"":false,""type"":""Point"",""coordinates"":[76.76104102801311,16.753580048829075]}"
838,2.053710490908079E-4,"{""geodesic"":false,""type"":""Point"",""coordinates"":[76.85087255642506,16.753580048829075]}"
839,1.9306143181253648E-4,"{""geodesic"":false,""type"":""Point"",""coordinates"":[77.12036714166092,16.753580048829075]}"
840,1.8963134912208178E-4,"{""geodesic"":false,""type"":""Point"",""coordinates"":[78.4678400678402,16.753580048829075]}"
841,1.953624297618761E-4,"{""geodesic"":false,""type"":""Point"",""coordinates"":[79.09666076672387,16.753580048829075]}"
842,2.1467830645961587E-4,"{""geodesic"":false,""type"":""Point"",""coordinates"":[79.81531299401948,16.753580048829075]}"
843,2.1661832366753658E-4,"{""geodesic"":false,""type"":""Point"",""coordinates"":[80.08480757925534,16.753580048829075]}"
844,2.030707445962573E-4,"{""geodesic"":false,""type"":""Point"",""coordinates"":[80.17463910766729,16.753580048829075]}"
845,2.1926548472043074E-4,"{""geodesic"":false,""type"":""Point"",""coordinates"":[80.3543021644912,16.753580048829075]}"
846,2.1690283184932493E-4,"{""geodesic"":false,""type"":""Point"",""coordinates"":[80.44413369290315,16.753580048829075]}"
847,2.160552010004823E-4,"{""geodesic"":false,""type"":""Point"",""coordinates"":[80.5339652213151,16.753580048829075]}"
848,2.2374369213248602E-4,"{""geodesic"":false,""type"":""Point"",""coordinates"":[81.07295439178681,16.753580048829075]}"
849,2.3001654490782108E-4,"{""geodesic"":false,""type"":""Point"",""coordinates"":[81.43228050543462,16.753580048829075]}"
850,2.0323561277838675E-4,"{""geodesic"":false,""type"":""Point"",""coordinates"":[74.3355897608904,16.843411577241028]}"
851,1.9082223779265007E-4,"{""geodesic"":false,""type"":""Point"",""coordinates"":[74.78474740295016,16.843411577241028]}"
852,1.9435476393034614E-4,"{""geodesic"":false,""type"":""Point"",""coordinates"":[74.96441045977407,16.843411577241028]}"
853,1.780942288486424E-4,"{""geodesic"":false,""type"":""Point"",""coordinates"":[75.41356810183383,16.843411577241028]}"
854,1.9087993479782468E-4,"{""geodesic"":false,""type"":""Point"",""coordinates"":[76.13222032912944,16.843411577241028]}"
855,1.917050044378188E-4,"{""geodesic"":false,""type"":""Point"",""coordinates"":[77.47969325530873,16.843411577241028]}"
856,1.9057713507816617E-4,"{""geodesic"":false,""type"":""Point"",""coordinates"":[77.65935631213263,16.843411577241028]}"
857,2.0280781650645842E-4,"{""geodesic"":false,""type"":""Point"",""coordinates"":[78.82716618148801,16.843411577241028]}"
858,1.9830229422943314E-4,"{""geodesic"":false,""type"":""Point"",""coordinates"":[79.00682923831191,16.843411577241028]}"
859,2.0581664171384346E-4,"{""geodesic"":false,""type"":""Point"",""coordinates"":[79.81531299401948,16.843411577241028]}"
860,2.027473731856931E-4,"{""geodesic"":false,""type"":""Point"",""coordinates"":[79.99497605084339,16.843411577241028]}"
861,2.1368705722773124E-4,"{""geodesic"":false,""type"":""Point"",""coordinates"":[80.17463910766729,16.843411577241028]}"
862,2.3453318884300724E-4,"{""geodesic"":false,""type"":""Point"",""coordinates"":[81.07295439178681,16.843411577241028]}"
863,2.0983533486623745E-4,"{""geodesic"":false,""type"":""Point"",""coordinates"":[81.79160661908243,16.843411577241028]}"
864,2.1980702437209097E-4,"{""geodesic"":false,""type"":""Point"",""coordinates"":[73.43727447677088,16.93324310565298]}"
865,2.2550963815153586E-4,"{""geodesic"":false,""type"":""Point"",""coordinates"":[73.70676906200674,16.93324310565298]}"
866,2.0153732681782801E-4,"{""geodesic"":false,""type"":""Point"",""coordinates"":[74.1559267040665,16.93324310565298]}"
867,1.9641837244649223E-4,"{""geodesic"":false,""type"":""Point"",""coordinates"":[74.51525281771431,16.93324310565298]}"
868,1.7988263503126845E-4,"{""geodesic"":false,""type"":""Point"",""coordinates"":[74.60508434612626,16.93324310565298]}"
869,1.908932998997257E-4,"{""geodesic"":false,""type"":""Point"",""coordinates"":[75.05424198818602,16.93324310565298]}"
870,1.840463913775635E-4,"{""geodesic"":false,""type"":""Point"",""coordinates"":[75.95255727230554,16.93324310565298]}"
871,2.0693777334815643E-4,"{""geodesic"":false,""type"":""Point"",""coordinates"":[77.03053561324897,16.93324310565298]}"
872,1.8530970031427273E-4,"{""geodesic"":false,""type"":""Point"",""coordinates"":[77.12036714166092,16.93324310565298]}"
873,1.9267704832086934E-4,"{""geodesic"":false,""type"":""Point"",""coordinates"":[78.4678400678402,16.93324310565298]}"
874,1.8926560261499096E-4,"{""geodesic"":false,""type"":""Point"",""coordinates"":[78.6475031246641,16.93324310565298]}"
875,1.9767694878902083E-4,"{""geodesic"":false,""type"":""Point"",""coordinates"":[79.18649229513582,16.93324310565298]}"
876,2.1973989904376323E-4,"{""geodesic"":false,""type"":""Point"",""coordinates"":[80.44413369290315,16.93324310565298]}"
877,2.2666872569433654E-4,"{""geodesic"":false,""type"":""Point"",""coordinates"":[80.80345980655096,16.93324310565298]}"
878,2.2274020701672795E-4,"{""geodesic"":false,""type"":""Point"",""coordinates"":[81.43228050543462,16.93324310565298]}"
879,2.053019432107446E-4,"{""geodesic"":false,""type"":""Point"",""coordinates"":[82.06110120431829,16.93324310565298]}"
880,2.464879310976689E-4,"{""geodesic"":false,""type"":""Point"",""coordinates"":[73.61693753359478,17.023074634064933]}"
881,2.1294837623803971E-4,"{""geodesic"":false,""type"":""Point"",""coordinates"":[73.79660059041869,17.023074634064933]}"
882,1.9420098131937909E-4,"{""geodesic"":false,""type"":""Point"",""coordinates"":[74.42542128930235,17.023074634064933]}"
883,1.9184679204096143E-4,"{""geodesic"":false,""type"":""Point"",""coordinates"":[74.60508434612626,17.023074634064933]}"
884,1.832754821364907E-4,"{""geodesic"":false,""type"":""Point"",""coordinates"":[74.87457893136211,17.023074634064933]}"
885,1.8866159294039943E-4,"{""geodesic"":false,""type"":""Point"",""coordinates"":[75.77289421548164,17.023074634064933]}"
886,1.9554540928613776E-4,"{""geodesic"":false,""type"":""Point"",""coordinates"":[75.95255727230554,17.023074634064933]}"
887,1.9635223458378163E-4,"{""geodesic"":false,""type"":""Point"",""coordinates"":[76.85087255642506,17.023074634064933]}"
888,1.8799672604419377E-4,"{""geodesic"":false,""type"":""Point"",""coordinates"":[77.12036714166092,17.023074634064933]}"
889,1.8790217982285611E-4,"{""geodesic"":false,""type"":""Point"",""coordinates"":[77.38986172689677,17.023074634064933]}"
890,1.9841681500514343E-4,"{""geodesic"":false,""type"":""Point"",""coordinates"":[78.2881770110163,17.023074634064933]}"
891,1.9499609186035235E-4,"{""geodesic"":false,""type"":""Point"",""coordinates"":[78.55767159625215,17.023074634064933]}"
892,2.027001320089483E-4,"{""geodesic"":false,""type"":""Point"",""coordinates"":[78.82716618148801,17.023074634064933]}"
893,2.0453286515362252E-4,"{""geodesic"":false,""type"":""Point"",""coordinates"":[78.91699770989996,17.023074634064933]}"
894,2.1121078006609918E-4,"{""geodesic"":false,""type"":""Point"",""coordinates"":[79.00682923831191,17.023074634064933]}"
895,1.9403340819902163E-4,"{""geodesic"":false,""type"":""Point"",""coordinates"":[79.27632382354777,17.023074634064933]}"
896,2.251819778859485E-4,"{""geodesic"":false,""type"":""Point"",""coordinates"":[81.07295439178681,17.023074634064933]}"
897,2.2967050721526728E-4,"{""geodesic"":false,""type"":""Point"",""coordinates"":[81.25261744861072,17.023074634064933]}"
898,2.2217452103904937E-4,"{""geodesic"":false,""type"":""Point"",""coordinates"":[81.61194356225853,17.023074634064933]}"
899,2.106927066355085E-4,"{""geodesic"":false,""type"":""Point"",""coordinates"":[81.88143814749438,17.023074634064933]}"
900,2.1340079075434683E-4,"{""geodesic"":false,""type"":""Point"",""coordinates"":[82.15093273273024,17.023074634064933]}"
901,1.8971385515032562E-4,"{""geodesic"":false,""type"":""Point"",""coordinates"":[75.95255727230554,17.112906162476882]}"
902,1.9416987423478526E-4,"{""geodesic"":false,""type"":""Point"",""coordinates"":[76.2220518575414,17.112906162476882]}"
903,2.0130685807302092E-4,"{""geodesic"":false,""type"":""Point"",""coordinates"":[76.5813779711892,17.112906162476882]}"
904,1.9571010868590585E-4,"{""geodesic"":false,""type"":""Point"",""coordinates"":[76.85087255642506,17.112906162476882]}"
905,1.8929543443635185E-4,"{""geodesic"":false,""type"":""Point"",""coordinates"":[77.38986172689677,17.112906162476882]}"
906,1.9196798656871965E-4,"{""geodesic"":false,""type"":""Point"",""coordinates"":[77.83901936895654,17.112906162476882]}"
907,2.097721850809062E-4,"{""geodesic"":false,""type"":""Point"",""coordinates"":[78.10851395419239,17.112906162476882]}"
908,1.9408034185064196E-4,"{""geodesic"":false,""type"":""Point"",""coordinates"":[78.2881770110163,17.112906162476882]}"
909,1.9581042213570468E-4,"{""geodesic"":false,""type"":""Point"",""coordinates"":[78.4678400678402,17.112906162476882]}"
910,2.056943143613193E-4,"{""geodesic"":false,""type"":""Point"",""coordinates"":[79.63564993719558,17.112906162476882]}"
911,2.2045480530299345E-4,"{""geodesic"":false,""type"":""Point"",""coordinates"":[80.26447063607924,17.112906162476882]}"
912,2.3034998792739503E-4,"{""geodesic"":false,""type"":""Point"",""coordinates"":[80.3543021644912,17.112906162476882]}"
913,2.2724269174813648E-4,"{""geodesic"":false,""type"":""Point"",""coordinates"":[80.89329133496291,17.112906162476882]}"
914,2.161214829139632E-4,"{""geodesic"":false,""type"":""Point"",""coordinates"":[81.79160661908243,17.112906162476882]}"
915,2.2488032670065565E-4,"{""geodesic"":false,""type"":""Point"",""coordinates"":[82.24076426114219,17.112906162476882]}"
916,2.2078250801789873E-4,"{""geodesic"":false,""type"":""Point"",""coordinates"":[73.34744294835893,17.202737690888835]}"
917,2.3146864362073082E-4,"{""geodesic"":false,""type"":""Point"",""coordinates"":[73.61693753359478,17.202737690888835]}"
918,2.0516881763674565E-4,"{""geodesic"":false,""type"":""Point"",""coordinates"":[73.70676906200674,17.202737690888835]}"
919,1.7211751152680302E-4,"{""geodesic"":false,""type"":""Point"",""coordinates"":[74.3355897608904,17.202737690888835]}"
920,1.8076789660111456E-4,"{""geodesic"":false,""type"":""Point"",""coordinates"":[75.14407351659797,17.202737690888835]}"
921,1.7622239378270368E-4,"{""geodesic"":false,""type"":""Point"",""coordinates"":[75.23390504500992,17.202737690888835]}"
922,1.8126919800229697E-4,"{""geodesic"":false,""type"":""Point"",""coordinates"":[75.32373657342187,17.202737690888835]}"
923,1.8777071062964785E-4,"{""geodesic"":false,""type"":""Point"",""coordinates"":[75.50339963024578,17.202737690888835]}"
924,1.843096608351711E-4,"{""geodesic"":false,""type"":""Point"",""coordinates"":[75.59323115865773,17.202737690888835]}"
925,1.9087323399468722E-4,"{""geodesic"":false,""type"":""Point"",""coordinates"":[76.04238880071749,17.202737690888835]}"
926,1.9321411589765623E-4,"{""geodesic"":false,""type"":""Point"",""coordinates"":[76.49154644277725,17.202737690888835]}"
927,2.0531556607427642E-4,"{""geodesic"":false,""type"":""Point"",""coordinates"":[77.83901936895654,17.202737690888835]}"
928,2.1657443531479843E-4,"{""geodesic"":false,""type"":""Point"",""coordinates"":[78.2881770110163,17.202737690888835]}"
929,2.0961576044583309E-4,"{""geodesic"":false,""type"":""Point"",""coordinates"":[78.73733465307606,17.202737690888835]}"
930,2.103282474308303E-4,"{""geodesic"":false,""type"":""Point"",""coordinates"":[78.91699770989996,17.202737690888835]}"
931,2.0233671580301239E-4,"{""geodesic"":false,""type"":""Point"",""coordinates"":[79.18649229513582,17.202737690888835]}"
932,2.2786370474797024E-4,"{""geodesic"":false,""type"":""Point"",""coordinates"":[80.08480757925534,17.202737690888835]}"
933,2.2543676912352114E-4,"{""geodesic"":false,""type"":""Point"",""coordinates"":[80.5339652213151,17.202737690888835]}"
934,2.1589544789191991E-4,"{""geodesic"":false,""type"":""Point"",""coordinates"":[80.62379674972705,17.202737690888835]}"
935,2.2648708944767986E-4,"{""geodesic"":false,""type"":""Point"",""coordinates"":[80.80345980655096,17.202737690888835]}"
936,2.2527166641940193E-4,"{""geodesic"":false,""type"":""Point"",""coordinates"":[80.98312286337486,17.202737690888835]}"
937,2.2818711777802686E-4,"{""geodesic"":false,""type"":""Point"",""coordinates"":[81.16278592019876,17.202737690888835]}"
938,2.3205946331289403E-4,"{""geodesic"":false,""type"":""Point"",""coordinates"":[82.06110120431829,17.202737690888835]}"
939,2.3354352418140071E-4,"{""geodesic"":false,""type"":""Point"",""coordinates"":[82.24076426114219,17.202737690888835]}"
940,2.1549680104167732E-4,"{""geodesic"":false,""type"":""Point"",""coordinates"":[73.43727447677088,17.292569219300788]}"
941,1.8060206650132138E-4,"{""geodesic"":false,""type"":""Point"",""coordinates"":[75.32373657342187,17.292569219300788]}"
942,1.9718445304322174E-4,"{""geodesic"":false,""type"":""Point"",""coordinates"":[75.50339963024578,17.292569219300788]}"
943,1.9686607853960372E-4,"{""geodesic"":false,""type"":""Point"",""coordinates"":[77.83901936895654,17.292569219300788]}"
944,2.0451819529229196E-4,"{""geodesic"":false,""type"":""Point"",""coordinates"":[79.45598688037167,17.292569219300788]}"
945,2.0882124712814977E-4,"{""geodesic"":false,""type"":""Point"",""coordinates"":[79.72548146560753,17.292569219300788]}"
946,2.2274096152445755E-4,"{""geodesic"":false,""type"":""Point"",""coordinates"":[80.26447063607924,17.292569219300788]}"
947,2.0518092470217587E-4,"{""geodesic"":false,""type"":""Point"",""coordinates"":[80.98312286337486,17.292569219300788]}"
948,2.2892890284988306E-4,"{""geodesic"":false,""type"":""Point"",""coordinates"":[81.61194356225853,17.292569219300788]}"
949,2.3920247148022207E-4,"{""geodesic"":false,""type"":""Point"",""coordinates"":[82.4204273179661,17.292569219300788]}"
950,1.9894835304097697E-4,"{""geodesic"":false,""type"":""Point"",""coordinates"":[73.79660059041869,17.38240074771274]}"
951,2.0211945561540639E-4,"{""geodesic"":false,""type"":""Point"",""coordinates"":[75.68306268706968,17.38240074771274]}"
952,2.049400664611943E-4,"{""geodesic"":false,""type"":""Point"",""coordinates"":[76.31188338595335,17.38240074771274]}"
953,2.076489009761015E-4,"{""geodesic"":false,""type"":""Point"",""coordinates"":[76.5813779711892,17.38240074771274]}"
954,1.9668974166513634E-4,"{""geodesic"":false,""type"":""Point"",""coordinates"":[76.67120949960116,17.38240074771274]}"
955,2.0622907152883667E-4,"{""geodesic"":false,""type"":""Point"",""coordinates"":[77.03053561324897,17.38240074771274]}"
956,2.158116767417621E-4,"{""geodesic"":false,""type"":""Point"",""coordinates"":[78.10851395419239,17.38240074771274]}"
957,2.2719571641139846E-4,"{""geodesic"":false,""type"":""Point"",""coordinates"":[78.2881770110163,17.38240074771274]}"
958,2.3327980652803444E-4,"{""geodesic"":false,""type"":""Point"",""coordinates"":[78.55767159625215,17.38240074771274]}"
959,2.1594521378466255E-4,"{""geodesic"":false,""type"":""Point"",""coordinates"":[79.81531299401948,17.38240074771274]}"
960,2.2704035612541173E-4,"{""geodesic"":false,""type"":""Point"",""coordinates"":[80.80345980655096,17.38240074771274]}"
961,2.3035498874116975E-4,"{""geodesic"":false,""type"":""Point"",""coordinates"":[81.16278592019876,17.38240074771274]}"
962,2.2329201032954867E-4,"{""geodesic"":false,""type"":""Point"",""coordinates"":[81.52211203384657,17.38240074771274]}"
963,2.289355944026794E-4,"{""geodesic"":false,""type"":""Point"",""coordinates"":[81.61194356225853,17.38240074771274]}"
964,2.2215231135651496E-4,"{""geodesic"":false,""type"":""Point"",""coordinates"":[81.97126967590633,17.38240074771274]}"
965,2.3557210519038752E-4,"{""geodesic"":false,""type"":""Point"",""coordinates"":[82.15093273273024,17.38240074771274]}"
966,2.2537702641116245E-4,"{""geodesic"":false,""type"":""Point"",""coordinates"":[73.61693753359478,17.472232276124693]}"
967,2.0118532338843964E-4,"{""geodesic"":false,""type"":""Point"",""coordinates"":[73.70676906200674,17.472232276124693]}"
968,2.0313026894545894E-4,"{""geodesic"":false,""type"":""Point"",""coordinates"":[73.88643211883064,17.472232276124693]}"
969,1.6930016323810695E-4,"{""geodesic"":false,""type"":""Point"",""coordinates"":[74.42542128930235,17.472232276124693]}"
970,1.8927663272189264E-4,"{""geodesic"":false,""type"":""Point"",""coordinates"":[75.14407351659797,17.472232276124693]}"
971,2.0129872413223652E-4,"{""geodesic"":false,""type"":""Point"",""coordinates"":[75.50339963024578,17.472232276124693]}"
972,2.0205911909518257E-4,"{""geodesic"":false,""type"":""Point"",""coordinates"":[76.2220518575414,17.472232276124693]}"
973,2.040934305072293E-4,"{""geodesic"":false,""type"":""Point"",""coordinates"":[76.31188338595335,17.472232276124693]}"
974,1.8968263005070805E-4,"{""geodesic"":false,""type"":""Point"",""coordinates"":[76.67120949960116,17.472232276124693]}"
975,1.9598654571004163E-4,"{""geodesic"":false,""type"":""Point"",""coordinates"":[76.85087255642506,17.472232276124693]}"
976,2.0251213142149534E-4,"{""geodesic"":false,""type"":""Point"",""coordinates"":[77.83901936895654,17.472232276124693]}"
977,2.0976206694724349E-4,"{""geodesic"":false,""type"":""Point"",""coordinates"":[79.63564993719558,17.472232276124693]}"
978,2.450204896067084E-4,"{""geodesic"":false,""type"":""Point"",""coordinates"":[82.86958496002586,17.472232276124693]}"
979,1.7961633877278178E-4,"{""geodesic"":false,""type"":""Point"",""coordinates"":[74.69491587453821,17.562063804536646]}"
980,1.9430167317891105E-4,"{""geodesic"":false,""type"":""Point"",""coordinates"":[75.32373657342187,17.562063804536646]}"
981,1.9917969995051797E-4,"{""geodesic"":false,""type"":""Point"",""coordinates"":[75.50339963024578,17.562063804536646]}"
982,2.0745430618686187E-4,"{""geodesic"":false,""type"":""Point"",""coordinates"":[76.13222032912944,17.562063804536646]}"
983,2.037944803599154E-4,"{""geodesic"":false,""type"":""Point"",""coordinates"":[77.47969325530873,17.562063804536646]}"
984,2.0585199700226789E-4,"{""geodesic"":false,""type"":""Point"",""coordinates"":[77.65935631213263,17.562063804536646]}"
985,2.043395105150085E-4,"{""geodesic"":false,""type"":""Point"",""coordinates"":[77.83901936895654,17.562063804536646]}"
986,2.2295621957426338E-4,"{""geodesic"":false,""type"":""Point"",""coordinates"":[78.37800853942825,17.562063804536646]}"
987,2.1978300169047464E-4,"{""geodesic"":false,""type"":""Point"",""coordinates"":[78.55767159625215,17.562063804536646]}"
988,2.1424089175233895E-4,"{""geodesic"":false,""type"":""Point"",""coordinates"":[78.6475031246641,17.562063804536646]}"
989,2.0782434290795069E-4,"{""geodesic"":false,""type"":""Point"",""coordinates"":[79.00682923831191,17.562063804536646]}"
990,2.133747547490967E-4,"{""geodesic"":false,""type"":""Point"",""coordinates"":[79.09666076672387,17.562063804536646]}"
991,2.2240273459113712E-4,"{""geodesic"":false,""type"":""Point"",""coordinates"":[79.72548146560753,17.562063804536646]}"
992,2.3059705693905723E-4,"{""geodesic"":false,""type"":""Point"",""coordinates"":[80.17463910766729,17.562063804536646]}"
993,2.178231912125045E-4,"{""geodesic"":false,""type"":""Point"",""coordinates"":[80.44413369290315,17.562063804536646]}"
994,2.383454573807523E-4,"{""geodesic"":false,""type"":""Point"",""coordinates"":[81.16278592019876,17.562063804536646]}"
995,2.4187916958691113E-4,"{""geodesic"":false,""type"":""Point"",""coordinates"":[81.25261744861072,17.562063804536646]}"
996,2.2255060839985354E-4,"{""geodesic"":false,""type"":""Point"",""coordinates"":[81.43228050543462,17.562063804536646]}"
997,2.4254032471955167E-4,"{""geodesic"":false,""type"":""Point"",""coordinates"":[82.33059578955414,17.562063804536646]}"
998,2.6131692715350706E-4,"{""geodesic"":false,""type"":""Point"",""coordinates"":[82.4204273179661,17.562063804536646]}"
999,2.339150924153649E-4,"{""geodesic"":false,""type"":""Point"",""coordinates"":[83.04924801684976,17.562063804536646]}"
1000,1.9796312475425467E-4,"{""geodesic"":false,""type"":""Point"",""coordinates"":[73.16777989153502,17.651895332948598]}"
1001,2.4190047914674496E-4,"{""geodesic"":false,""type"":""Point"",""coordinates"":[73.52710600518283,17.651895332948598]}"
1002,2.0813227277764697E-4,"{""geodesic"":false,""type"":""Point"",""coordinates"":[73.70676906200674,17.651895332948598]}"
1003,2.025673814072695E-4,"{""geodesic"":false,""type"":""Point"",""coordinates"":[73.97626364724259,17.651895332948598]}"
1004,1.7211716637943478E-4,"{""geodesic"":false,""type"":""Point"",""coordinates"":[74.42542128930235,17.651895332948598]}"
1005,1.8162307431104512E-4,"{""geodesic"":false,""type"":""Point"",""coordinates"":[74.96441045977407,17.651895332948598]}"
1006,1.926084629425672E-4,"{""geodesic"":false,""type"":""Point"",""coordinates"":[75.32373657342187,17.651895332948598]}"
1007,2.0105273565818382E-4,"{""geodesic"":false,""type"":""Point"",""coordinates"":[76.13222032912944,17.651895332948598]}"
1008,2.0166732487398597E-4,"{""geodesic"":false,""type"":""Point"",""coordinates"":[76.2220518575414,17.651895332948598]}"
1009,1.913539776079404E-4,"{""geodesic"":false,""type"":""Point"",""coordinates"":[77.03053561324897,17.651895332948598]}"
1010,1.9724084176464082E-4,"{""geodesic"":false,""type"":""Point"",""coordinates"":[78.91699770989996,17.651895332948598]}"
1011,2.0820667202336955E-4,"{""geodesic"":false,""type"":""Point"",""coordinates"":[79.27632382354777,17.651895332948598]}"
1012,2.292305188253588E-4,"{""geodesic"":false,""type"":""Point"",""coordinates"":[80.713628278139,17.651895332948598]}"
1013,2.1835804035939336E-4,"{""geodesic"":false,""type"":""Point"",""coordinates"":[81.88143814749438,17.651895332948598]}"
1014,2.687266102171574E-4,"{""geodesic"":false,""type"":""Point"",""coordinates"":[82.68992190320195,17.651895332948598]}"
1015,2.0859239831309687E-4,"{""geodesic"":false,""type"":""Point"",""coordinates"":[73.61693753359478,17.741726861360547]}"
1016,1.8285043504907565E-4,"{""geodesic"":false,""type"":""Point"",""coordinates"":[74.24575823247845,17.741726861360547]}"
1017,1.9076428984738538E-4,"{""geodesic"":false,""type"":""Point"",""coordinates"":[75.05424198818602,17.741726861360547]}"
1018,1.9343792178750106E-4,"{""geodesic"":false,""type"":""Point"",""coordinates"":[76.85087255642506,17.741726861360547]}"
1019,1.8894021479771286E-4,"{""geodesic"":false,""type"":""Point"",""coordinates"":[77.47969325530873,17.741726861360547]}"
1020,2.1627146762095853E-4,"{""geodesic"":false,""type"":""Point"",""coordinates"":[78.2881770110163,17.741726861360547]}"
1021,1.9804072331407394E-4,"{""geodesic"":false,""type"":""Point"",""coordinates"":[78.6475031246641,17.741726861360547]}"
1022,2.246282411770711E-4,"{""geodesic"":false,""type"":""Point"",""coordinates"":[79.54581840878363,17.741726861360547]}"
1023,2.2820452146913344E-4,"{""geodesic"":false,""type"":""Point"",""coordinates"":[79.72548146560753,17.741726861360547]}"
1024,2.1318209093155658E-4,"{""geodesic"":false,""type"":""Point"",""coordinates"":[80.26447063607924,17.741726861360547]}"
1025,2.1978543029103106E-4,"{""geodesic"":false,""type"":""Point"",""coordinates"":[80.3543021644912,17.741726861360547]}"
1026,2.4547855072214213E-4,"{""geodesic"":false,""type"":""Point"",""coordinates"":[80.89329133496291,17.741726861360547]}"
1027,2.361687597490619E-4,"{""geodesic"":false,""type"":""Point"",""coordinates"":[81.07295439178681,17.741726861360547]}"
1028,2.513575934274489E-4,"{""geodesic"":false,""type"":""Point"",""coordinates"":[81.34244897702267,17.741726861360547]}"
1029,2.3776414163276767E-4,"{""geodesic"":false,""type"":""Point"",""coordinates"":[81.43228050543462,17.741726861360547]}"
1030,2.195526391494239E-4,"{""geodesic"":false,""type"":""Point"",""coordinates"":[81.61194356225853,17.741726861360547]}"
1031,2.3773594529350383E-4,"{""geodesic"":false,""type"":""Point"",""coordinates"":[82.4204273179661,17.741726861360547]}"
1032,2.693427566943196E-4,"{""geodesic"":false,""type"":""Point"",""coordinates"":[82.68992190320195,17.741726861360547]}"
1033,2.413241744772245E-4,"{""geodesic"":false,""type"":""Point"",""coordinates"":[83.22891107367366,17.741726861360547]}"
1034,2.1064649082332953E-4,"{""geodesic"":false,""type"":""Point"",""coordinates"":[73.16777989153502,17.8315583897725]}"
1035,2.0103998352167775E-4,"{""geodesic"":false,""type"":""Point"",""coordinates"":[73.61693753359478,17.8315583897725]}"
1036,1.925352980374461E-4,"{""geodesic"":false,""type"":""Point"",""coordinates"":[73.79660059041869,17.8315583897725]}"
1037,1.6762007814896803E-4,"{""geodesic"":false,""type"":""Point"",""coordinates"":[74.3355897608904,17.8315583897725]}"
1038,1.9765990854068635E-4,"{""geodesic"":false,""type"":""Point"",""coordinates"":[75.14407351659797,17.8315583897725]}"
1039,1.9957956014208684E-4,"{""geodesic"":false,""type"":""Point"",""coordinates"":[75.50339963024578,17.8315583897725]}"
1040,1.7927312838623177E-4,"{""geodesic"":false,""type"":""Point"",""coordinates"":[76.76104102801311,17.8315583897725]}"
1041,1.8915528745691218E-4,"{""geodesic"":false,""type"":""Point"",""coordinates"":[77.30003019848482,17.8315583897725]}"
1042,1.9841974472907046E-4,"{""geodesic"":false,""type"":""Point"",""coordinates"":[77.38986172689677,17.8315583897725]}"
1043,1.8315010274225953E-4,"{""geodesic"":false,""type"":""Point"",""coordinates"":[77.74918784054458,17.8315583897725]}"
1044,1.9669782316704504E-4,"{""geodesic"":false,""type"":""Point"",""coordinates"":[77.92885089736849,17.8315583897725]}"
1045,2.0057987596358212E-4,"{""geodesic"":false,""type"":""Point"",""coordinates"":[78.19834548260434,17.8315583897725]}"
1046,1.8983638384969517E-4,"{""geodesic"":false,""type"":""Point"",""coordinates"":[78.6475031246641,17.8315583897725]}"
1047,2.2141706114259867E-4,"{""geodesic"":false,""type"":""Point"",""coordinates"":[79.81531299401948,17.8315583897725]}"
1048,2.075410855797638E-4,"{""geodesic"":false,""type"":""Point"",""coordinates"":[81.79160661908243,17.8315583897725]}"
1049,2.236543765826102E-4,"{""geodesic"":false,""type"":""Point"",""coordinates"":[82.06110120431829,17.8315583897725]}"
1050,2.594752911589563E-4,"{""geodesic"":false,""type"":""Point"",""coordinates"":[83.13907954526171,17.8315583897725]}"
1051,1.9516033717855254E-4,"{""geodesic"":false,""type"":""Point"",""coordinates"":[75.05424198818602,17.921389918184452]}"
1052,2.0263070407929322E-4,"{""geodesic"":false,""type"":""Point"",""coordinates"":[75.23390504500992,17.921389918184452]}"
1053,2.0766643981290998E-4,"{""geodesic"":false,""type"":""Point"",""coordinates"":[75.95255727230554,17.921389918184452]}"
1054,1.8538638392458966E-4,"{""geodesic"":false,""type"":""Point"",""coordinates"":[77.30003019848482,17.921389918184452]}"
1055,1.922836123276682E-4,"{""geodesic"":false,""type"":""Point"",""coordinates"":[77.74918784054458,17.921389918184452]}"
1056,2.0015610565074908E-4,"{""geodesic"":false,""type"":""Point"",""coordinates"":[78.19834548260434,17.921389918184452]}"
1057,1.973010883344865E-4,"{""geodesic"":false,""type"":""Point"",""coordinates"":[79.27632382354777,17.921389918184452]}"
1058,2.1990361771613573E-4,"{""geodesic"":false,""type"":""Point"",""coordinates"":[79.45598688037167,17.921389918184452]}"
1059,2.1408069233576975E-4,"{""geodesic"":false,""type"":""Point"",""coordinates"":[80.17463910766729,17.921389918184452]}"
1060,2.5160727658093696E-4,"{""geodesic"":false,""type"":""Point"",""coordinates"":[80.80345980655096,17.921389918184452]}"
1061,2.452579199322242E-4,"{""geodesic"":false,""type"":""Point"",""coordinates"":[81.16278592019876,17.921389918184452]}"
1062,2.469948607972321E-4,"{""geodesic"":false,""type"":""Point"",""coordinates"":[81.52211203384657,17.921389918184452]}"
1063,2.2714015165310232E-4,"{""geodesic"":false,""type"":""Point"",""coordinates"":[81.79160661908243,17.921389918184452]}"
1064,2.0508939395968902E-4,"{""geodesic"":false,""type"":""Point"",""coordinates"":[82.15093273273024,17.921389918184452]}"
1065,1.8968010976540292E-4,"{""geodesic"":false,""type"":""Point"",""coordinates"":[82.51025884637805,17.921389918184452]}"
1066,1.9541956260967584E-4,"{""geodesic"":false,""type"":""Point"",""coordinates"":[82.60009037479,17.921389918184452]}"
1067,2.476860923218035E-4,"{""geodesic"":false,""type"":""Point"",""coordinates"":[82.7797534316139,17.921389918184452]}"
1068,2.579636572137876E-4,"{""geodesic"":false,""type"":""Point"",""coordinates"":[83.04924801684976,17.921389918184452]}"
1069,2.1228918033567386E-4,"{""geodesic"":false,""type"":""Point"",""coordinates"":[73.61693753359478,18.011221446596405]}"
1070,1.9786255158014013E-4,"{""geodesic"":false,""type"":""Point"",""coordinates"":[75.14407351659797,18.011221446596405]}"
1071,1.8788640237506934E-4,"{""geodesic"":false,""type"":""Point"",""coordinates"":[75.23390504500992,18.011221446596405]}"
1072,2.0259121769494132E-4,"{""geodesic"":false,""type"":""Point"",""coordinates"":[75.59323115865773,18.011221446596405]}"
1073,1.9962226652687313E-4,"{""geodesic"":false,""type"":""Point"",""coordinates"":[75.95255727230554,18.011221446596405]}"
1074,1.82606324362738E-4,"{""geodesic"":false,""type"":""Point"",""coordinates"":[76.49154644277725,18.011221446596405]}"
1075,1.7740067649696427E-4,"{""geodesic"":false,""type"":""Point"",""coordinates"":[76.76104102801311,18.011221446596405]}"
1076,1.999504842102899E-4,"{""geodesic"":false,""type"":""Point"",""coordinates"":[78.82716618148801,18.011221446596405]}"
1077,2.0322854560001716E-4,"{""geodesic"":false,""type"":""Point"",""coordinates"":[78.91699770989996,18.011221446596405]}"
1078,2.016797392455154E-4,"{""geodesic"":false,""type"":""Point"",""coordinates"":[79.00682923831191,18.011221446596405]}"
1079,2.2142528074407396E-4,"{""geodesic"":false,""type"":""Point"",""coordinates"":[80.08480757925534,18.011221446596405]}"
1080,2.3863203056420434E-4,"{""geodesic"":false,""type"":""Point"",""coordinates"":[80.713628278139,18.011221446596405]}"
1081,2.335799182494154E-4,"{""geodesic"":false,""type"":""Point"",""coordinates"":[80.80345980655096,18.011221446596405]}"
1082,2.4813891664716536E-4,"{""geodesic"":false,""type"":""Point"",""coordinates"":[81.61194356225853,18.011221446596405]}"
1083,2.0290577955335118E-4,"{""geodesic"":false,""type"":""Point"",""coordinates"":[82.7797534316139,18.011221446596405]}"
1084,2.238605889381436E-4,"{""geodesic"":false,""type"":""Point"",""coordinates"":[73.25761141994698,18.101052975008358]}"
1085,2.4895997760646717E-4,"{""geodesic"":false,""type"":""Point"",""coordinates"":[73.43727447677088,18.101052975008358]}"
1086,1.8757255793840736E-4,"{""geodesic"":false,""type"":""Point"",""coordinates"":[74.87457893136211,18.101052975008358]}"
1087,1.999428883340896E-4,"{""geodesic"":false,""type"":""Point"",""coordinates"":[75.23390504500992,18.101052975008358]}"
1088,1.9474861771250036E-4,"{""geodesic"":false,""type"":""Point"",""coordinates"":[75.32373657342187,18.101052975008358]}"
1089,1.8512366244395186E-4,"{""geodesic"":false,""type"":""Point"",""coordinates"":[76.13222032912944,18.101052975008358]}"
1090,1.9210774091765555E-4,"{""geodesic"":false,""type"":""Point"",""coordinates"":[77.47969325530873,18.101052975008358]}"
1091,2.0813416847918886E-4,"{""geodesic"":false,""type"":""Point"",""coordinates"":[78.6475031246641,18.101052975008358]}"
1092,1.999001765260823E-4,"{""geodesic"":false,""type"":""Point"",""coordinates"":[78.82716618148801,18.101052975008358]}"
1093,2.208435669468303E-4,"{""geodesic"":false,""type"":""Point"",""coordinates"":[79.81531299401948,18.101052975008358]}"
1094,2.3987373634864827E-4,"{""geodesic"":false,""type"":""Point"",""coordinates"":[81.88143814749438,18.101052975008358]}"
1095,1.7420148941656735E-4,"{""geodesic"":false,""type"":""Point"",""coordinates"":[82.86958496002586,18.101052975008358]}"
1096,2.5730375882289505E-4,"{""geodesic"":false,""type"":""Point"",""coordinates"":[83.13907954526171,18.101052975008358]}"
1097,2.4913477721922483E-4,"{""geodesic"":false,""type"":""Point"",""coordinates"":[83.58823718732147,18.101052975008358]}"
1098,2.4251000121751197E-4,"{""geodesic"":false,""type"":""Point"",""coordinates"":[83.67806871573343,18.101052975008358]}"
1099,2.407265467343075E-4,"{""geodesic"":false,""type"":""Point"",""coordinates"":[73.34744294835893,18.19088450342031]}"
1100,1.8730153692010992E-4,"{""geodesic"":false,""type"":""Point"",""coordinates"":[74.3355897608904,18.19088450342031]}"
1101,2.0084173473263538E-4,"{""geodesic"":false,""type"":""Point"",""coordinates"":[74.42542128930235,18.19088450342031]}"
1102,1.9226821567844965E-4,"{""geodesic"":false,""type"":""Point"",""coordinates"":[74.60508434612626,18.19088450342031]}"
1103,1.9246713907733603E-4,"{""geodesic"":false,""type"":""Point"",""coordinates"":[74.96441045977407,18.19088450342031]}"
1104,2.0355400367930282E-4,"{""geodesic"":false,""type"":""Point"",""coordinates"":[75.05424198818602,18.19088450342031]}"
1105,1.936596321487285E-4,"{""geodesic"":false,""type"":""Point"",""coordinates"":[75.50339963024578,18.19088450342031]}"
1106,1.8235644292246598E-4,"{""geodesic"":false,""type"":""Point"",""coordinates"":[76.49154644277725,18.19088450342031]}"
1107,1.9851993659569613E-4,"{""geodesic"":false,""type"":""Point"",""coordinates"":[77.38986172689677,18.19088450342031]}"
1108,1.9978709061843264E-4,"{""geodesic"":false,""type"":""Point"",""coordinates"":[78.4678400678402,18.19088450342031]}"
1109,2.1474865687204304E-4,"{""geodesic"":false,""type"":""Point"",""coordinates"":[79.00682923831191,18.19088450342031]}"
1110,2.508976610111172E-4,"{""geodesic"":false,""type"":""Point"",""coordinates"":[81.16278592019876,18.19088450342031]}"
1111,2.483217768584728E-4,"{""geodesic"":false,""type"":""Point"",""coordinates"":[81.25261744861072,18.19088450342031]}"
1112,1.820403716815164E-4,"{""geodesic"":false,""type"":""Point"",""coordinates"":[82.60009037479,18.19088450342031]}"
1113,2.2812838045711232E-4,"{""geodesic"":false,""type"":""Point"",""coordinates"":[83.76790024414538,18.19088450342031]}"
1114,1.9280926599897673E-4,"{""geodesic"":false,""type"":""Point"",""coordinates"":[73.70676906200674,18.280716031832263]}"
1115,1.964643171325447E-4,"{""geodesic"":false,""type"":""Point"",""coordinates"":[74.24575823247845,18.280716031832263]}"
1116,1.8536946251837422E-4,"{""geodesic"":false,""type"":""Point"",""coordinates"":[76.76104102801311,18.280716031832263]}"
1117,1.9240217138257932E-4,"{""geodesic"":false,""type"":""Point"",""coordinates"":[77.30003019848482,18.280716031832263]}"
1118,1.9710145943503037E-4,"{""geodesic"":false,""type"":""Point"",""coordinates"":[78.82716618148801,18.280716031832263]}"
1119,2.1262334261677856E-4,"{""geodesic"":false,""type"":""Point"",""coordinates"":[79.09666076672387,18.280716031832263]}"
1120,2.1823568899723606E-4,"{""geodesic"":false,""type"":""Point"",""coordinates"":[79.36615535195972,18.280716031832263]}"
1121,2.4544708713934656E-4,"{""geodesic"":false,""type"":""Point"",""coordinates"":[80.44413369290315,18.280716031832263]}"
1122,2.375428966745042E-4,"{""geodesic"":false,""type"":""Point"",""coordinates"":[83.31874260208562,18.280716031832263]}"
1123,2.4244100310830867E-4,"{""geodesic"":false,""type"":""Point"",""coordinates"":[73.16777989153502,18.370547560244216]}"
1124,2.6019756320014867E-4,"{""geodesic"":false,""type"":""Point"",""coordinates"":[73.34744294835893,18.370547560244216]}"
1125,2.1556559519897203E-4,"{""geodesic"":false,""type"":""Point"",""coordinates"":[73.52710600518283,18.370547560244216]}"
1126,2.0468747277228156E-4,"{""geodesic"":false,""type"":""Point"",""coordinates"":[74.06609517565454,18.370547560244216]}"
1127,1.8842277692171296E-4,"{""geodesic"":false,""type"":""Point"",""coordinates"":[74.78474740295016,18.370547560244216]}"
1128,1.9106945910289238E-4,"{""geodesic"":false,""type"":""Point"",""coordinates"":[74.96441045977407,18.370547560244216]}"
1129,1.970630965380262E-4,"{""geodesic"":false,""type"":""Point"",""coordinates"":[75.41356810183383,18.370547560244216]}"
1130,1.842911774996386E-4,"{""geodesic"":false,""type"":""Point"",""coordinates"":[75.95255727230554,18.370547560244216]}"
1131,1.7769572354832717E-4,"{""geodesic"":false,""type"":""Point"",""coordinates"":[76.31188338595335,18.370547560244216]}"
1132,1.8800148947695883E-4,"{""geodesic"":false,""type"":""Point"",""coordinates"":[76.76104102801311,18.370547560244216]}"
1133,1.8431205900907622E-4,"{""geodesic"":false,""type"":""Point"",""coordinates"":[76.85087255642506,18.370547560244216]}"
1134,2.022110748383849E-4,"{""geodesic"":false,""type"":""Point"",""coordinates"":[77.30003019848482,18.370547560244216]}"
1135,2.056986818341904E-4,"{""geodesic"":false,""type"":""Point"",""coordinates"":[78.55767159625215,18.370547560244216]}"
1136,1.990244487105708E-4,"{""geodesic"":false,""type"":""Point"",""coordinates"":[78.73733465307606,18.370547560244216]}"
1137,2.0519640846839655E-4,"{""geodesic"":false,""type"":""Point"",""coordinates"":[78.82716618148801,18.370547560244216]}"
1138,2.1962774454675548E-4,"{""geodesic"":false,""type"":""Point"",""coordinates"":[79.18649229513582,18.370547560244216]}"
1139,2.153162737016809E-4,"{""geodesic"":false,""type"":""Point"",""coordinates"":[79.27632382354777,18.370547560244216]}"
1140,2.2645043750157463E-4,"{""geodesic"":false,""type"":""Point"",""coordinates"":[79.81531299401948,18.370547560244216]}"
1141,2.574620991330347E-4,"{""geodesic"":false,""type"":""Point"",""coordinates"":[80.44413369290315,18.370547560244216]}"
1142,2.265901739193214E-4,"{""geodesic"":false,""type"":""Point"",""coordinates"":[82.24076426114219,18.370547560244216]}"
1143,2.0002022345228556E-4,"{""geodesic"":false,""type"":""Point"",""coordinates"":[82.68992190320195,18.370547560244216]}"
1144,1.9617462729105379E-4,"{""geodesic"":false,""type"":""Point"",""coordinates"":[82.95941648843781,18.370547560244216]}"
1145,2.4527809751129616E-4,"{""geodesic"":false,""type"":""Point"",""coordinates"":[83.58823718732147,18.370547560244216]}"
1146,2.4000714258590248E-4,"{""geodesic"":false,""type"":""Point"",""coordinates"":[83.85773177255733,18.370547560244216]}"
1147,2.3143119108398348E-4,"{""geodesic"":false,""type"":""Point"",""coordinates"":[83.94756330096928,18.370547560244216]}"
1148,2.3970253183313835E-4,"{""geodesic"":false,""type"":""Point"",""coordinates"":[73.07794836312307,18.460379088656165]}"
1149,2.139326900611196E-4,"{""geodesic"":false,""type"":""Point"",""coordinates"":[73.52710600518283,18.460379088656165]}"
1150,2.338853186506809E-4,"{""geodesic"":false,""type"":""Point"",""coordinates"":[73.79660059041869,18.460379088656165]}"
1151,1.870590495905507E-4,"{""geodesic"":false,""type"":""Point"",""coordinates"":[74.24575823247845,18.460379088656165]}"
1152,2.0422802485103907E-4,"{""geodesic"":false,""type"":""Point"",""coordinates"":[74.51525281771431,18.460379088656165]}"
1153,1.9769599767677318E-4,"{""geodesic"":false,""type"":""Point"",""coordinates"":[74.69491587453821,18.460379088656165]}"
1154,1.779020020934108E-4,"{""geodesic"":false,""type"":""Point"",""coordinates"":[75.32373657342187,18.460379088656165]}"
1155,1.813425823710692E-4,"{""geodesic"":false,""type"":""Point"",""coordinates"":[75.77289421548164,18.460379088656165]}"
1156,1.7995784558887083E-4,"{""geodesic"":false,""type"":""Point"",""coordinates"":[76.04238880071749,18.460379088656165]}"
1157,1.8367883355674563E-4,"{""geodesic"":false,""type"":""Point"",""coordinates"":[76.2220518575414,18.460379088656165]}"
1158,1.7952972586827263E-4,"{""geodesic"":false,""type"":""Point"",""coordinates"":[76.49154644277725,18.460379088656165]}"
1159,2.0850223276038175E-4,"{""geodesic"":false,""type"":""Point"",""coordinates"":[77.65935631213263,18.460379088656165]}"
1160,1.9625818847522348E-4,"{""geodesic"":false,""type"":""Point"",""coordinates"":[78.01868242578044,18.460379088656165]}"
1161,2.0277478297009823E-4,"{""geodesic"":false,""type"":""Point"",""coordinates"":[78.2881770110163,18.460379088656165]}"
1162,2.0227933530180084E-4,"{""geodesic"":false,""type"":""Point"",""coordinates"":[78.37800853942825,18.460379088656165]}"
1163,2.1149871807526894E-4,"{""geodesic"":false,""type"":""Point"",""coordinates"":[79.00682923831191,18.460379088656165]}"
1164,2.3555767472908194E-4,"{""geodesic"":false,""type"":""Point"",""coordinates"":[79.72548146560753,18.460379088656165]}"
1165,2.44471916105793E-4,"{""geodesic"":false,""type"":""Point"",""coordinates"":[80.17463910766729,18.460379088656165]}"
1166,2.5017558594511496E-4,"{""geodesic"":false,""type"":""Point"",""coordinates"":[80.44413369290315,18.460379088656165]}"
1167,2.368281712856526E-4,"{""geodesic"":false,""type"":""Point"",""coordinates"":[80.713628278139,18.460379088656165]}"
1168,2.5962531392031637E-4,"{""geodesic"":false,""type"":""Point"",""coordinates"":[81.07295439178681,18.460379088656165]}"
1169,2.31525556650975E-4,"{""geodesic"":false,""type"":""Point"",""coordinates"":[81.43228050543462,18.460379088656165]}"
1170,2.485318793819413E-4,"{""geodesic"":false,""type"":""Point"",""coordinates"":[83.76790024414538,18.460379088656165]}"
1171,2.1405145600438772E-4,"{""geodesic"":false,""type"":""Point"",""coordinates"":[84.03739482938123,18.460379088656165]}"
1172,2.6271471536892755E-4,"{""geodesic"":false,""type"":""Point"",""coordinates"":[73.25761141994698,18.550210617068117]}"
1173,2.3557305438528815E-4,"{""geodesic"":false,""type"":""Point"",""coordinates"":[73.61693753359478,18.550210617068117]}"
1174,2.3353271586223117E-4,"{""geodesic"":false,""type"":""Point"",""coordinates"":[73.70676906200674,18.550210617068117]}"
1175,2.0266397805937062E-4,"{""geodesic"":false,""type"":""Point"",""coordinates"":[74.1559267040665,18.550210617068117]}"
1176,1.9824163905953843E-4,"{""geodesic"":false,""type"":""Point"",""coordinates"":[74.69491587453821,18.550210617068117]}"
1177,1.8240263873277684E-4,"{""geodesic"":false,""type"":""Point"",""coordinates"":[75.59323115865773,18.550210617068117]}"
1178,1.6430950937674973E-4,"{""geodesic"":false,""type"":""Point"",""coordinates"":[75.86272574389359,18.550210617068117]}"
1179,1.6980487428426908E-4,"{""geodesic"":false,""type"":""Point"",""coordinates"":[76.76104102801311,18.550210617068117]}"
1180,1.9095261302854837E-4,"{""geodesic"":false,""type"":""Point"",""coordinates"":[77.12036714166092,18.550210617068117]}"
1181,2.00001391594108E-4,"{""geodesic"":false,""type"":""Point"",""coordinates"":[77.38986172689677,18.550210617068117]}"
1182,1.999886575238963E-4,"{""geodesic"":false,""type"":""Point"",""coordinates"":[78.01868242578044,18.550210617068117]}"
1183,2.2556118491242366E-4,"{""geodesic"":false,""type"":""Point"",""coordinates"":[79.27632382354777,18.550210617068117]}"
1184,2.1683616798351274E-4,"{""geodesic"":false,""type"":""Point"",""coordinates"":[79.36615535195972,18.550210617068117]}"
1185,2.310839847326638E-4,"{""geodesic"":false,""type"":""Point"",""coordinates"":[79.90514452243143,18.550210617068117]}"
1186,2.2946161019970693E-4,"{""geodesic"":false,""type"":""Point"",""coordinates"":[80.08480757925534,18.550210617068117]}"
1187,2.4181911325005595E-4,"{""geodesic"":false,""type"":""Point"",""coordinates"":[80.17463910766729,18.550210617068117]}"
1188,2.293058339775406E-4,"{""geodesic"":false,""type"":""Point"",""coordinates"":[81.34244897702267,18.550210617068117]}"
1189,2.0146616388389877E-4,"{""geodesic"":false,""type"":""Point"",""coordinates"":[82.60009037479,18.550210617068117]}"
1190,2.5787784353625105E-4,"{""geodesic"":false,""type"":""Point"",""coordinates"":[83.31874260208562,18.550210617068117]}"
1191,2.2595856041780554E-4,"{""geodesic"":false,""type"":""Point"",""coordinates"":[84.21705788620514,18.550210617068117]}"
1192,2.2055817531813307E-4,"{""geodesic"":false,""type"":""Point"",""coordinates"":[84.30688941461709,18.550210617068117]}"
1193,2.5853502309848054E-4,"{""geodesic"":false,""type"":""Point"",""coordinates"":[73.16777989153502,18.64004214548007]}"
1194,2.636512332432934E-4,"{""geodesic"":false,""type"":""Point"",""coordinates"":[73.34744294835893,18.64004214548007]}"
1195,2.194412188561409E-4,"{""geodesic"":false,""type"":""Point"",""coordinates"":[73.43727447677088,18.64004214548007]}"
1196,2.1766941871905623E-4,"{""geodesic"":false,""type"":""Point"",""coordinates"":[73.52710600518283,18.64004214548007]}"
1197,1.9663446352018299E-4,"{""geodesic"":false,""type"":""Point"",""coordinates"":[74.06609517565454,18.64004214548007]}"
1198,1.9700508319703193E-4,"{""geodesic"":false,""type"":""Point"",""coordinates"":[74.1559267040665,18.64004214548007]}"
1199,1.9183302494114925E-4,"{""geodesic"":false,""type"":""Point"",""coordinates"":[74.51525281771431,18.64004214548007]}"
1200,1.8510594964827305E-4,"{""geodesic"":false,""type"":""Point"",""coordinates"":[74.60508434612626,18.64004214548007]}"
1201,1.7410923933655563E-4,"{""geodesic"":false,""type"":""Point"",""coordinates"":[76.31188338595335,18.64004214548007]}"
1202,1.8495709307898492E-4,"{""geodesic"":false,""type"":""Point"",""coordinates"":[76.76104102801311,18.64004214548007]}"
1203,1.9125753811689167E-4,"{""geodesic"":false,""type"":""Point"",""coordinates"":[76.85087255642506,18.64004214548007]}"
1204,1.8403482485281986E-4,"{""geodesic"":false,""type"":""Point"",""coordinates"":[77.03053561324897,18.64004214548007]}"
1205,2.02376857290894E-4,"{""geodesic"":false,""type"":""Point"",""coordinates"":[77.65935631213263,18.64004214548007]}"
1206,2.1636765314754652E-4,"{""geodesic"":false,""type"":""Point"",""coordinates"":[78.82716618148801,18.64004214548007]}"
1207,2.3036535879325886E-4,"{""geodesic"":false,""type"":""Point"",""coordinates"":[79.54581840878363,18.64004214548007]}"
1208,2.353339337133129E-4,"{""geodesic"":false,""type"":""Point"",""coordinates"":[79.90514452243143,18.64004214548007]}"
1209,2.3323310504742395E-4,"{""geodesic"":false,""type"":""Point"",""coordinates"":[79.99497605084339,18.64004214548007]}"
1210,2.6074995954344726E-4,"{""geodesic"":false,""type"":""Point"",""coordinates"":[80.62379674972705,18.64004214548007]}"
1211,2.644329924961396E-4,"{""geodesic"":false,""type"":""Point"",""coordinates"":[80.89329133496291,18.64004214548007]}"
1212,2.488125340655703E-4,"{""geodesic"":false,""type"":""Point"",""coordinates"":[81.79160661908243,18.64004214548007]}"
1213,2.60113547964284E-4,"{""geodesic"":false,""type"":""Point"",""coordinates"":[81.88143814749438,18.64004214548007]}"
1214,2.2949546084479133E-4,"{""geodesic"":false,""type"":""Point"",""coordinates"":[82.24076426114219,18.64004214548007]}"
1215,1.915929139711704E-4,"{""geodesic"":false,""type"":""Point"",""coordinates"":[82.86958496002586,18.64004214548007]}"
1216,2.4646296912003837E-4,"{""geodesic"":false,""type"":""Point"",""coordinates"":[83.49840565890952,18.64004214548007]}"
1217,2.460747029627868E-4,"{""geodesic"":false,""type"":""Point"",""coordinates"":[83.67806871573343,18.64004214548007]}"
1218,2.4103069806631614E-4,"{""geodesic"":false,""type"":""Point"",""coordinates"":[84.03739482938123,18.64004214548007]}"
1219,2.5187150765589185E-4,"{""geodesic"":false,""type"":""Point"",""coordinates"":[72.98811683471112,18.729873673892023]}"
1220,1.7951928102221152E-4,"{""geodesic"":false,""type"":""Point"",""coordinates"":[74.69491587453821,18.729873673892023]}"
1221,1.7083234675945605E-4,"{""geodesic"":false,""type"":""Point"",""coordinates"":[74.78474740295016,18.729873673892023]}"
1222,1.7860456824550633E-4,"{""geodesic"":false,""type"":""Point"",""coordinates"":[76.85087255642506,18.729873673892023]}"
1223,1.99933746859085E-4,"{""geodesic"":false,""type"":""Point"",""coordinates"":[77.30003019848482,18.729873673892023]}"
1224,1.9369877486624293E-4,"{""geodesic"":false,""type"":""Point"",""coordinates"":[78.01868242578044,18.729873673892023]}"
1225,2.0845929358279835E-4,"{""geodesic"":false,""type"":""Point"",""coordinates"":[78.6475031246641,18.729873673892023]}"
1226,2.242575008640492E-4,"{""geodesic"":false,""type"":""Point"",""coordinates"":[78.91699770989996,18.729873673892023]}"
1227,2.3417684956510826E-4,"{""geodesic"":false,""type"":""Point"",""coordinates"":[79.63564993719558,18.729873673892023]}"
1228,2.5671575268474664E-4,"{""geodesic"":false,""type"":""Point"",""coordinates"":[80.80345980655096,18.729873673892023]}"
1229,2.4359190200768955E-4,"{""geodesic"":false,""type"":""Point"",""coordinates"":[80.98312286337486,18.729873673892023]}"
1230,2.4262493717830606E-4,"{""geodesic"":false,""type"":""Point"",""coordinates"":[81.25261744861072,18.729873673892023]}"
1231,2.452819818304872E-4,"{""geodesic"":false,""type"":""Point"",""coordinates"":[81.34244897702267,18.729873673892023]}"
1232,2.4088798604937373E-4,"{""geodesic"":false,""type"":""Point"",""coordinates"":[81.79160661908243,18.729873673892023]}"
1233,2.2138047304772583E-4,"{""geodesic"":false,""type"":""Point"",""coordinates"":[81.97126967590633,18.729873673892023]}"
1234,2.479262089846222E-4,"{""geodesic"":false,""type"":""Point"",""coordinates"":[83.13907954526171,18.729873673892023]}"
1235,2.5965522150800803E-4,"{""geodesic"":false,""type"":""Point"",""coordinates"":[83.22891107367366,18.729873673892023]}"
1236,2.4365025010237936E-4,"{""geodesic"":false,""type"":""Point"",""coordinates"":[83.85773177255733,18.729873673892023]}"
1237,2.3357461257073267E-4,"{""geodesic"":false,""type"":""Point"",""coordinates"":[84.30688941461709,18.729873673892023]}"
1238,2.3212715784597866E-4,"{""geodesic"":false,""type"":""Point"",""coordinates"":[73.43727447677088,18.819705202303975]}"
1239,2.123869726770647E-4,"{""geodesic"":false,""type"":""Point"",""coordinates"":[73.61693753359478,18.819705202303975]}"
1240,2.0139489070025054E-4,"{""geodesic"":false,""type"":""Point"",""coordinates"":[73.70676906200674,18.819705202303975]}"
1241,1.9457154127629035E-4,"{""geodesic"":false,""type"":""Point"",""coordinates"":[74.3355897608904,18.819705202303975]}"
1242,1.7680107252037052E-4,"{""geodesic"":false,""type"":""Point"",""coordinates"":[75.23390504500992,18.819705202303975]}"
1243,1.8066550902664334E-4,"{""geodesic"":false,""type"":""Point"",""coordinates"":[75.95255727230554,18.819705202303975]}"
1244,1.8158613534732614E-4,"{""geodesic"":false,""type"":""Point"",""coordinates"":[76.31188338595335,18.819705202303975]}"
1245,2.107195869606671E-4,"{""geodesic"":false,""type"":""Point"",""coordinates"":[77.83901936895654,18.819705202303975]}"
1246,2.2112182351135485E-4,"{""geodesic"":false,""type"":""Point"",""coordinates"":[79.00682923831191,18.819705202303975]}"
1247,2.3253776970802282E-4,"{""geodesic"":false,""type"":""Point"",""coordinates"":[79.36615535195972,18.819705202303975]}"
1248,2.4123711103250323E-4,"{""geodesic"":false,""type"":""Point"",""coordinates"":[79.72548146560753,18.819705202303975]}"
1249,2.510317898219275E-4,"{""geodesic"":false,""type"":""Point"",""coordinates"":[80.17463910766729,18.819705202303975]}"
1250,2.5375536208420044E-4,"{""geodesic"":false,""type"":""Point"",""coordinates"":[80.44413369290315,18.819705202303975]}"
1251,2.549087776413282E-4,"{""geodesic"":false,""type"":""Point"",""coordinates"":[80.80345980655096,18.819705202303975]}"
1252,2.3431352882040795E-4,"{""geodesic"":false,""type"":""Point"",""coordinates"":[81.07295439178681,18.819705202303975]}"
1253,2.2712647919834333E-4,"{""geodesic"":false,""type"":""Point"",""coordinates"":[81.88143814749438,18.819705202303975]}"
1254,2.1756627811524132E-4,"{""geodesic"":false,""type"":""Point"",""coordinates"":[82.4204273179661,18.819705202303975]}"
1255,2.0282206860896122E-4,"{""geodesic"":false,""type"":""Point"",""coordinates"":[82.68992190320195,18.819705202303975]}"
1256,1.852212728756075E-4,"{""geodesic"":false,""type"":""Point"",""coordinates"":[82.95941648843781,18.819705202303975]}"
1257,2.5413736630439E-4,"{""geodesic"":false,""type"":""Point"",""coordinates"":[83.40857413049757,18.819705202303975]}"
1258,2.7459157566344234E-4,"{""geodesic"":false,""type"":""Point"",""coordinates"":[73.25761141994698,18.909536730715928]}"
1259,1.9894648204575984E-4,"{""geodesic"":false,""type"":""Point"",""coordinates"":[73.61693753359478,18.909536730715928]}"
1260,1.7891971318712463E-4,"{""geodesic"":false,""type"":""Point"",""coordinates"":[74.96441045977407,18.909536730715928]}"
1261,1.7207249305344608E-4,"{""geodesic"":false,""type"":""Point"",""coordinates"":[75.32373657342187,18.909536730715928]}"
1262,1.8459506717045663E-4,"{""geodesic"":false,""type"":""Point"",""coordinates"":[75.77289421548164,18.909536730715928]}"
1263,2.0590954120539316E-4,"{""geodesic"":false,""type"":""Point"",""coordinates"":[77.21019867007287,18.909536730715928]}"
1264,1.928440247704064E-4,"{""geodesic"":false,""type"":""Point"",""coordinates"":[78.01868242578044,18.909536730715928]}"
1265,1.9232833631858994E-4,"{""geodesic"":false,""type"":""Point"",""coordinates"":[78.19834548260434,18.909536730715928]}"
1266,2.478659488278327E-4,"{""geodesic"":false,""type"":""Point"",""coordinates"":[80.5339652213151,18.909536730715928]}"
1267,1.9576300580915088E-4,"{""geodesic"":false,""type"":""Point"",""coordinates"":[82.95941648843781,18.909536730715928]}"
1268,2.3350846441866222E-4,"{""geodesic"":false,""type"":""Point"",""coordinates"":[83.31874260208562,18.909536730715928]}"
1269,1.989888243287528E-4,"{""geodesic"":false,""type"":""Point"",""coordinates"":[73.52710600518283,18.99936825912788]}"
1270,1.766238608972632E-4,"{""geodesic"":false,""type"":""Point"",""coordinates"":[74.3355897608904,18.99936825912788]}"
1271,1.8024611050411907E-4,"{""geodesic"":false,""type"":""Point"",""coordinates"":[74.78474740295016,18.99936825912788]}"
1272,1.8161474448373464E-4,"{""geodesic"":false,""type"":""Point"",""coordinates"":[75.50339963024578,18.99936825912788]}"
1273,1.934379550496887E-4,"{""geodesic"":false,""type"":""Point"",""coordinates"":[76.31188338595335,18.99936825912788]}"
1274,2.018526808008347E-4,"{""geodesic"":false,""type"":""Point"",""coordinates"":[77.74918784054458,18.99936825912788]}"
1275,1.9952112525352782E-4,"{""geodesic"":false,""type"":""Point"",""coordinates"":[78.10851395419239,18.99936825912788]}"
1276,2.3193330507412599E-4,"{""geodesic"":false,""type"":""Point"",""coordinates"":[79.27632382354777,18.99936825912788]}"
1277,2.3903885987480058E-4,"{""geodesic"":false,""type"":""Point"",""coordinates"":[79.99497605084339,18.99936825912788]}"
1278,2.478830173636525E-4,"{""geodesic"":false,""type"":""Point"",""coordinates"":[80.17463910766729,18.99936825912788]}"
1279,2.6330091264639883E-4,"{""geodesic"":false,""type"":""Point"",""coordinates"":[80.713628278139,18.99936825912788]}"
1280,2.201399906801834E-4,"{""geodesic"":false,""type"":""Point"",""coordinates"":[82.24076426114219,18.99936825912788]}"
1281,2.4519503282434353E-4,"{""geodesic"":false,""type"":""Point"",""coordinates"":[83.67806871573343,18.99936825912788]}"
1282,2.481550039573571E-4,"{""geodesic"":false,""type"":""Point"",""coordinates"":[83.85773177255733,18.99936825912788]}"
1283,2.3303614216394413E-4,"{""geodesic"":false,""type"":""Point"",""coordinates"":[84.21705788620514,18.99936825912788]}"
1284,2.500333939166133E-4,"{""geodesic"":false,""type"":""Point"",""coordinates"":[84.6662155282649,18.99936825912788]}"
1285,2.4014620249471918E-4,"{""geodesic"":false,""type"":""Point"",""coordinates"":[72.89828530629917,19.08919978753983]}"
1286,2.090815064348144E-4,"{""geodesic"":false,""type"":""Point"",""coordinates"":[73.52710600518283,19.08919978753983]}"
1287,1.8254219998806997E-4,"{""geodesic"":false,""type"":""Point"",""coordinates"":[73.79660059041869,19.08919978753983]}"
1288,1.727319083813331E-4,"{""geodesic"":false,""type"":""Point"",""coordinates"":[75.05424198818602,19.08919978753983]}"
1289,1.786681177472396E-4,"{""geodesic"":false,""type"":""Point"",""coordinates"":[75.14407351659797,19.08919978753983]}"
1290,1.840262660819405E-4,"{""geodesic"":false,""type"":""Point"",""coordinates"":[75.23390504500992,19.08919978753983]}"
1291,1.956423582659311E-4,"{""geodesic"":false,""type"":""Point"",""coordinates"":[76.5813779711892,19.08919978753983]}"
1292,2.0254985089913035E-4,"{""geodesic"":false,""type"":""Point"",""coordinates"":[76.67120949960116,19.08919978753983]}"
1293,1.998636545776265E-4,"{""geodesic"":false,""type"":""Point"",""coordinates"":[76.85087255642506,19.08919978753983]}"
1294,1.964387134110061E-4,"{""geodesic"":false,""type"":""Point"",""coordinates"":[76.94070408483701,19.08919978753983]}"
1295,1.881531673646697E-4,"{""geodesic"":false,""type"":""Point"",""coordinates"":[78.01868242578044,19.08919978753983]}"
1296,2.085825213511222E-4,"{""geodesic"":false,""type"":""Point"",""coordinates"":[78.4678400678402,19.08919978753983]}"
1297,2.213000788376455E-4,"{""geodesic"":false,""type"":""Point"",""coordinates"":[79.27632382354777,19.08919978753983]}"
1298,2.3631349190719763E-4,"{""geodesic"":false,""type"":""Point"",""coordinates"":[79.90514452243143,19.08919978753983]}"
1299,2.620927941409566E-4,"{""geodesic"":false,""type"":""Point"",""coordinates"":[80.98312286337486,19.08919978753983]}"
1300,2.182379298157476E-4,"{""geodesic"":false,""type"":""Point"",""coordinates"":[81.52211203384657,19.08919978753983]}"
1301,2.0788283065723662E-4,"{""geodesic"":false,""type"":""Point"",""coordinates"":[81.97126967590633,19.08919978753983]}"
1302,2.4230148449643212E-4,"{""geodesic"":false,""type"":""Point"",""coordinates"":[83.85773177255733,19.08919978753983]}"
1303,1.892026471170514E-4,"{""geodesic"":false,""type"":""Point"",""coordinates"":[73.70676906200674,19.179031315951782]}"
1304,1.774687157226561E-4,"{""geodesic"":false,""type"":""Point"",""coordinates"":[74.60508434612626,19.179031315951782]}"
1305,1.7821839168760618E-4,"{""geodesic"":false,""type"":""Point"",""coordinates"":[74.96441045977407,19.179031315951782]}"
1306,1.9785347919579085E-4,"{""geodesic"":false,""type"":""Point"",""coordinates"":[77.21019867007287,19.179031315951782]}"
1307,2.0427800256609305E-4,"{""geodesic"":false,""type"":""Point"",""coordinates"":[77.83901936895654,19.179031315951782]}"
1308,2.2607287247485559E-4,"{""geodesic"":false,""type"":""Point"",""coordinates"":[78.91699770989996,19.179031315951782]}"
1309,2.2643301169385097E-4,"{""geodesic"":false,""type"":""Point"",""coordinates"":[79.00682923831191,19.179031315951782]}"
1310,2.1901155569170044E-4,"{""geodesic"":false,""type"":""Point"",""coordinates"":[79.09666076672387,19.179031315951782]}"
1311,2.0807935752363018E-4,"{""geodesic"":false,""type"":""Point"",""coordinates"":[79.18649229513582,19.179031315951782]}"
1312,2.6996481390193086E-4,"{""geodesic"":false,""type"":""Point"",""coordinates"":[80.713628278139,19.179031315951782]}"
1313,2.468088957083694E-4,"{""geodesic"":false,""type"":""Point"",""coordinates"":[81.16278592019876,19.179031315951782]}"
1314,2.1838534294031176E-4,"{""geodesic"":false,""type"":""Point"",""coordinates"":[81.61194356225853,19.179031315951782]}"
1315,2.0987096844968052E-4,"{""geodesic"":false,""type"":""Point"",""coordinates"":[82.4204273179661,19.179031315951782]}"
1316,2.3610614573316724E-4,"{""geodesic"":false,""type"":""Point"",""coordinates"":[83.58823718732147,19.179031315951782]}"
1317,2.300581158632696E-4,"{""geodesic"":false,""type"":""Point"",""coordinates"":[84.03739482938123,19.179031315951782]}"
1318,1.821931510839966E-4,"{""geodesic"":false,""type"":""Point"",""coordinates"":[73.88643211883064,19.268862844363735]}"
1319,1.7996700028089928E-4,"{""geodesic"":false,""type"":""Point"",""coordinates"":[75.05424198818602,19.268862844363735]}"
1320,1.8391593465555195E-4,"{""geodesic"":false,""type"":""Point"",""coordinates"":[76.49154644277725,19.268862844363735]}"
1321,1.903312920241005E-4,"{""geodesic"":false,""type"":""Point"",""coordinates"":[76.5813779711892,19.268862844363735]}"
1322,2.0580715106963604E-4,"{""geodesic"":false,""type"":""Point"",""coordinates"":[77.56952478372068,19.268862844363735]}"
1323,2.0881378715155574E-4,"{""geodesic"":false,""type"":""Point"",""coordinates"":[78.01868242578044,19.268862844363735]}"
1324,1.9230080290517243E-4,"{""geodesic"":false,""type"":""Point"",""coordinates"":[78.2881770110163,19.268862844363735]}"
1325,2.3346235097424E-4,"{""geodesic"":false,""type"":""Point"",""coordinates"":[79.63564993719558,19.268862844363735]}"
1326,2.3386834588691937E-4,"{""geodesic"":false,""type"":""Point"",""coordinates"":[79.72548146560753,19.268862844363735]}"
1327,2.511201419623022E-4,"{""geodesic"":false,""type"":""Point"",""coordinates"":[80.17463910766729,19.268862844363735]}"
1328,2.5968194782860553E-4,"{""geodesic"":false,""type"":""Point"",""coordinates"":[80.26447063607924,19.268862844363735]}"
1329,2.6887119833036267E-4,"{""geodesic"":false,""type"":""Point"",""coordinates"":[80.3543021644912,19.268862844363735]}"
1330,2.328220200715083E-4,"{""geodesic"":false,""type"":""Point"",""coordinates"":[81.25261744861072,19.268862844363735]}"
1331,2.2236079567965149E-4,"{""geodesic"":false,""type"":""Point"",""coordinates"":[82.4204273179661,19.268862844363735]}"
1332,1.9096187387789918E-4,"{""geodesic"":false,""type"":""Point"",""coordinates"":[82.68992190320195,19.268862844363735]}"
1333,2.0718570100746223E-4,"{""geodesic"":false,""type"":""Point"",""coordinates"":[82.86958496002586,19.268862844363735]}"
1334,2.5011441163313227E-4,"{""geodesic"":false,""type"":""Point"",""coordinates"":[83.76790024414538,19.268862844363735]}"
1335,2.4284724865594263E-4,"{""geodesic"":false,""type"":""Point"",""coordinates"":[84.03739482938123,19.268862844363735]}"
1336,2.0896376172926812E-4,"{""geodesic"":false,""type"":""Point"",""coordinates"":[72.80845377788721,19.358694372775687]}"
1337,2.327416042862543E-4,"{""geodesic"":false,""type"":""Point"",""coordinates"":[72.98811683471112,19.358694372775687]}"
1338,2.40572173188031E-4,"{""geodesic"":false,""type"":""Point"",""coordinates"":[73.07794836312307,19.358694372775687]}"
1339,2.4905844082031143E-4,"{""geodesic"":false,""type"":""Point"",""coordinates"":[73.16777989153502,19.358694372775687]}"
1340,2.4502936820495645E-4,"{""geodesic"":false,""type"":""Point"",""coordinates"":[73.25761141994698,19.358694372775687]}"
1341,2.4132837838065476E-4,"{""geodesic"":false,""type"":""Point"",""coordinates"":[73.34744294835893,19.358694372775687]}"
1342,1.8640860136578925E-4,"{""geodesic"":false,""type"":""Point"",""coordinates"":[73.79660059041869,19.358694372775687]}"
1343,1.7212912156415344E-4,"{""geodesic"":false,""type"":""Point"",""coordinates"":[74.42542128930235,19.358694372775687]}"
1344,1.763491242781759E-4,"{""geodesic"":false,""type"":""Point"",""coordinates"":[74.51525281771431,19.358694372775687]}"
1345,1.92831113279369E-4,"{""geodesic"":false,""type"":""Point"",""coordinates"":[75.23390504500992,19.358694372775687]}"
1346,1.8996932240162383E-4,"{""geodesic"":false,""type"":""Point"",""coordinates"":[75.41356810183383,19.358694372775687]}"
1347,1.9569429370550184E-4,"{""geodesic"":false,""type"":""Point"",""coordinates"":[75.59323115865773,19.358694372775687]}"
1348,1.9537449700389553E-4,"{""geodesic"":false,""type"":""Point"",""coordinates"":[76.2220518575414,19.358694372775687]}"
1349,1.8532900967406442E-4,"{""geodesic"":false,""type"":""Point"",""coordinates"":[76.4017149143653,19.358694372775687]}"
1350,1.9222866296081885E-4,"{""geodesic"":false,""type"":""Point"",""coordinates"":[76.94070408483701,19.358694372775687]}"
1351,1.9330163560459196E-4,"{""geodesic"":false,""type"":""Point"",""coordinates"":[77.47969325530873,19.358694372775687]}"
1352,2.0330701596481422E-4,"{""geodesic"":false,""type"":""Point"",""coordinates"":[77.83901936895654,19.358694372775687]}"
1353,1.986409964285122E-4,"{""geodesic"":false,""type"":""Point"",""coordinates"":[78.19834548260434,19.358694372775687]}"
1354,1.9527542753998786E-4,"{""geodesic"":false,""type"":""Point"",""coordinates"":[78.2881770110163,19.358694372775687]}"
1355,2.0845973869853133E-4,"{""geodesic"":false,""type"":""Point"",""coordinates"":[78.55767159625215,19.358694372775687]}"
1356,2.465653864714716E-4,"{""geodesic"":false,""type"":""Point"",""coordinates"":[79.27632382354777,19.358694372775687]}"
1357,2.3970512960711112E-4,"{""geodesic"":false,""type"":""Point"",""coordinates"":[79.45598688037167,19.358694372775687]}"
1358,2.3016667818001366E-4,"{""geodesic"":false,""type"":""Point"",""coordinates"":[79.63564993719558,19.358694372775687]}"
1359,2.3297196157694814E-4,"{""geodesic"":false,""type"":""Point"",""coordinates"":[79.81531299401948,19.358694372775687]}"
1360,2.7396395808114513E-4,"{""geodesic"":false,""type"":""Point"",""coordinates"":[80.44413369290315,19.358694372775687]}"
1361,2.6995721415289423E-4,"{""geodesic"":false,""type"":""Point"",""coordinates"":[80.62379674972705,19.358694372775687]}"
1362,2.4620997153864267E-4,"{""geodesic"":false,""type"":""Point"",""coordinates"":[80.89329133496291,19.358694372775687]}"
1363,2.5074928059484985E-4,"{""geodesic"":false,""type"":""Point"",""coordinates"":[81.25261744861072,19.358694372775687]}"
1364,2.2917221164624942E-4,"{""geodesic"":false,""type"":""Point"",""coordinates"":[81.61194356225853,19.358694372775687]}"
1365,2.1819828434495604E-4,"{""geodesic"":false,""type"":""Point"",""coordinates"":[81.88143814749438,19.358694372775687]}"
1366,2.1827723305019322E-4,"{""geodesic"":false,""type"":""Point"",""coordinates"":[82.06110120431829,19.358694372775687]}"
1367,2.1138558496661513E-4,"{""geodesic"":false,""type"":""Point"",""coordinates"":[82.4204273179661,19.358694372775687]}"
1368,2.0622704081974568E-4,"{""geodesic"":false,""type"":""Point"",""coordinates"":[82.60009037479,19.358694372775687]}"
1369,1.9397645019887305E-4,"{""geodesic"":false,""type"":""Point"",""coordinates"":[82.95941648843781,19.358694372775687]}"
1370,2.331782545270233E-4,"{""geodesic"":false,""type"":""Point"",""coordinates"":[83.31874260208562,19.358694372775687]}"
1371,2.3886291744498698E-4,"{""geodesic"":false,""type"":""Point"",""coordinates"":[83.49840565890952,19.358694372775687]}"
1372,2.5429972520309634E-4,"{""geodesic"":false,""type"":""Point"",""coordinates"":[83.58823718732147,19.358694372775687]}"
1373,2.525203219203258E-4,"{""geodesic"":false,""type"":""Point"",""coordinates"":[83.76790024414538,19.358694372775687]}"
1374,2.3955528832339198E-4,"{""geodesic"":false,""type"":""Point"",""coordinates"":[84.8458785850888,19.358694372775687]}"
1375,2.388529467940824E-4,"{""geodesic"":false,""type"":""Point"",""coordinates"":[73.07794836312307,19.44852590118764]}"
1376,2.2384092652693628E-4,"{""geodesic"":false,""type"":""Point"",""coordinates"":[73.43727447677088,19.44852590118764]}"
1377,1.858918593449933E-4,"{""geodesic"":false,""type"":""Point"",""coordinates"":[74.1559267040665,19.44852590118764]}"
1378,1.817694202789109E-4,"{""geodesic"":false,""type"":""Point"",""coordinates"":[74.3355897608904,19.44852590118764]}"
1379,1.7497472316300278E-4,"{""geodesic"":false,""type"":""Point"",""coordinates"":[74.51525281771431,19.44852590118764]}"
1380,1.8822471430057525E-4,"{""geodesic"":false,""type"":""Point"",""coordinates"":[74.78474740295016,19.44852590118764]}"
1381,1.796092063530655E-4,"{""geodesic"":false,""type"":""Point"",""coordinates"":[75.14407351659797,19.44852590118764]}"
1382,1.9211725632083696E-4,"{""geodesic"":false,""type"":""Point"",""coordinates"":[76.13222032912944,19.44852590118764]}"
1383,1.798728343869866E-4,"{""geodesic"":false,""type"":""Point"",""coordinates"":[77.03053561324897,19.44852590118764]}"
1384,1.880716099076381E-4,"{""geodesic"":false,""type"":""Point"",""coordinates"":[77.92885089736849,19.44852590118764]}"
1385,2.2078139733872767E-4,"{""geodesic"":false,""type"":""Point"",""coordinates"":[79.81531299401948,19.44852590118764]}"
1386,2.601226859233489E-4,"{""geodesic"":false,""type"":""Point"",""coordinates"":[80.3543021644912,19.44852590118764]}"
1387,2.6947084345908817E-4,"{""geodesic"":false,""type"":""Point"",""coordinates"":[80.5339652213151,19.44852590118764]}"
1388,2.3791660496389738E-4,"{""geodesic"":false,""type"":""Point"",""coordinates"":[81.07295439178681,19.44852590118764]}"
1389,2.38080060130685E-4,"{""geodesic"":false,""type"":""Point"",""coordinates"":[81.34244897702267,19.44852590118764]}"
1390,2.2123782295179663E-4,"{""geodesic"":false,""type"":""Point"",""coordinates"":[82.51025884637805,19.44852590118764]}"
1391,2.0680561618749405E-4,"{""geodesic"":false,""type"":""Point"",""coordinates"":[83.04924801684976,19.44852590118764]}"
1392,2.4972002529377525E-4,"{""geodesic"":false,""type"":""Point"",""coordinates"":[83.85773177255733,19.44852590118764]}"
1393,2.4254305179086523E-4,"{""geodesic"":false,""type"":""Point"",""coordinates"":[84.03739482938123,19.44852590118764]}"
1394,2.3303235892934692E-4,"{""geodesic"":false,""type"":""Point"",""coordinates"":[84.93571011350076,19.44852590118764]}"
1395,2.3287713588643555E-4,"{""geodesic"":false,""type"":""Point"",""coordinates"":[85.02554164191271,19.44852590118764]}"
1396,2.1486279323451897E-4,"{""geodesic"":false,""type"":""Point"",""coordinates"":[85.11537317032466,19.44852590118764]}"
1397,1.8469779071687972E-4,"{""geodesic"":false,""type"":""Point"",""coordinates"":[74.06609517565454,19.538357429599593]}"
1398,1.8027453682705456E-4,"{""geodesic"":false,""type"":""Point"",""coordinates"":[74.51525281771431,19.538357429599593]}"
1399,1.9742574812969514E-4,"{""geodesic"":false,""type"":""Point"",""coordinates"":[75.59323115865773,19.538357429599593]}"
1400,1.9394624310146305E-4,"{""geodesic"":false,""type"":""Point"",""coordinates"":[76.85087255642506,19.538357429599593]}"
1401,1.873316392112142E-4,"{""geodesic"":false,""type"":""Point"",""coordinates"":[76.94070408483701,19.538357429599593]}"
1402,2.0809213855436918E-4,"{""geodesic"":false,""type"":""Point"",""coordinates"":[78.73733465307606,19.538357429599593]}"
1403,2.2729329758560212E-4,"{""geodesic"":false,""type"":""Point"",""coordinates"":[79.00682923831191,19.538357429599593]}"
1404,2.268739594231344E-4,"{""geodesic"":false,""type"":""Point"",""coordinates"":[79.09666076672387,19.538357429599593]}"
1405,2.3178507510198852E-4,"{""geodesic"":false,""type"":""Point"",""coordinates"":[79.27632382354777,19.538357429599593]}"
1406,2.4132931319373362E-4,"{""geodesic"":false,""type"":""Point"",""coordinates"":[80.89329133496291,19.538357429599593]}"
1407,2.3397432408358998E-4,"{""geodesic"":false,""type"":""Point"",""coordinates"":[81.61194356225853,19.538357429599593]}"
1408,2.1463982449906017E-4,"{""geodesic"":false,""type"":""Point"",""coordinates"":[82.33059578955414,19.538357429599593]}"
1409,2.1592235998654143E-4,"{""geodesic"":false,""type"":""Point"",""coordinates"":[83.22891107367366,19.538357429599593]}"
1410,2.5048538510980136E-4,"{""geodesic"":false,""type"":""Point"",""coordinates"":[83.94756330096928,19.538357429599593]}"
1411,2.2139345712396044E-4,"{""geodesic"":false,""type"":""Point"",""coordinates"":[84.12722635779319,19.538357429599593]}"
1412,2.6277030640724095E-4,"{""geodesic"":false,""type"":""Point"",""coordinates"":[84.48655247144099,19.538357429599593]}"
1413,2.4930162787593685E-4,"{""geodesic"":false,""type"":""Point"",""coordinates"":[84.8458785850888,19.538357429599593]}"
1414,2.2651122415871518E-4,"{""geodesic"":false,""type"":""Point"",""coordinates"":[85.02554164191271,19.538357429599593]}"
1415,2.053334773333112E-4,"{""geodesic"":false,""type"":""Point"",""coordinates"":[72.98811683471112,19.628188958011545]}"
1416,1.8780755406822103E-4,"{""geodesic"":false,""type"":""Point"",""coordinates"":[73.70676906200674,19.628188958011545]}"
1417,1.7450911433975898E-4,"{""geodesic"":false,""type"":""Point"",""coordinates"":[73.97626364724259,19.628188958011545]}"
1418,1.7670241708323876E-4,"{""geodesic"":false,""type"":""Point"",""coordinates"":[74.24575823247845,19.628188958011545]}"
1419,1.885676373601186E-4,"{""geodesic"":false,""type"":""Point"",""coordinates"":[75.05424198818602,19.628188958011545]}"
1420,1.9796464412444588E-4,"{""geodesic"":false,""type"":""Point"",""coordinates"":[75.41356810183383,19.628188958011545]}"
1421,1.9012528118619924E-4,"{""geodesic"":false,""type"":""Point"",""coordinates"":[76.04238880071749,19.628188958011545]}"
1422,1.9509700500820124E-4,"{""geodesic"":false,""type"":""Point"",""coordinates"":[76.49154644277725,19.628188958011545]}"
1423,1.8075797659797936E-4,"{""geodesic"":false,""type"":""Point"",""coordinates"":[77.30003019848482,19.628188958011545]}"
1424,1.9309241905744558E-4,"{""geodesic"":false,""type"":""Point"",""coordinates"":[77.74918784054458,19.628188958011545]}"
1425,1.9416177748821407E-4,"{""geodesic"":false,""type"":""Point"",""coordinates"":[78.19834548260434,19.628188958011545]}"
1426,2.0768057413068035E-4,"{""geodesic"":false,""type"":""Point"",""coordinates"":[78.55767159625215,19.628188958011545]}"
1427,2.2735645928245648E-4,"{""geodesic"":false,""type"":""Point"",""coordinates"":[79.09666076672387,19.628188958011545]}"
1428,2.3258198407858293E-4,"{""geodesic"":false,""type"":""Point"",""coordinates"":[81.61194356225853,19.628188958011545]}"
1429,2.1856716483914746E-4,"{""geodesic"":false,""type"":""Point"",""coordinates"":[82.15093273273024,19.628188958011545]}"
1430,2.34329007089606E-4,"{""geodesic"":false,""type"":""Point"",""coordinates"":[82.7797534316139,19.628188958011545]}"
1431,2.1268150263204966E-4,"{""geodesic"":false,""type"":""Point"",""coordinates"":[83.04924801684976,19.628188958011545]}"
1432,2.1053675923337026E-4,"{""geodesic"":false,""type"":""Point"",""coordinates"":[83.13907954526171,19.628188958011545]}"
1433,2.133101654508456E-4,"{""geodesic"":false,""type"":""Point"",""coordinates"":[83.22891107367366,19.628188958011545]}"
1434,2.3070459964155948E-4,"{""geodesic"":false,""type"":""Point"",""coordinates"":[83.40857413049757,19.628188958011545]}"
1435,2.4963724953737816E-4,"{""geodesic"":false,""type"":""Point"",""coordinates"":[83.67806871573343,19.628188958011545]}"
1436,2.553953197532447E-4,"{""geodesic"":false,""type"":""Point"",""coordinates"":[84.30688941461709,19.628188958011545]}"
1437,2.6639778035457645E-4,"{""geodesic"":false,""type"":""Point"",""coordinates"":[84.57638399985295,19.628188958011545]}"
1438,2.3406309929187167E-4,"{""geodesic"":false,""type"":""Point"",""coordinates"":[85.20520469873661,19.628188958011545]}"
1439,2.1414089691364647E-4,"{""geodesic"":false,""type"":""Point"",""coordinates"":[72.98811683471112,19.718020486423494]}"
1440,1.8528234553168732E-4,"{""geodesic"":false,""type"":""Point"",""coordinates"":[74.42542128930235,19.718020486423494]}"
1441,1.8787645854313997E-4,"{""geodesic"":false,""type"":""Point"",""coordinates"":[75.68306268706968,19.718020486423494]}"
1442,1.9422530423102868E-4,"{""geodesic"":false,""type"":""Point"",""coordinates"":[75.86272574389359,19.718020486423494]}"
1443,1.9392158205007798E-4,"{""geodesic"":false,""type"":""Point"",""coordinates"":[76.85087255642506,19.718020486423494]}"
1444,1.8180121199533504E-4,"{""geodesic"":false,""type"":""Point"",""coordinates"":[77.12036714166092,19.718020486423494]}"
1445,2.0043417020177925E-4,"{""geodesic"":false,""type"":""Point"",""coordinates"":[78.19834548260434,19.718020486423494]}"
1446,2.2910461288506076E-4,"{""geodesic"":false,""type"":""Point"",""coordinates"":[79.18649229513582,19.718020486423494]}"
1447,2.3187988993247967E-4,"{""geodesic"":false,""type"":""Point"",""coordinates"":[79.72548146560753,19.718020486423494]}"
1448,2.678572726516954E-4,"{""geodesic"":false,""type"":""Point"",""coordinates"":[80.44413369290315,19.718020486423494]}"
1449,2.480635564120478E-4,"{""geodesic"":false,""type"":""Point"",""coordinates"":[81.34244897702267,19.718020486423494]}"
1450,2.414170908521562E-4,"{""geodesic"":false,""type"":""Point"",""coordinates"":[81.61194356225853,19.718020486423494]}"
1451,2.3000685158571578E-4,"{""geodesic"":false,""type"":""Point"",""coordinates"":[82.33059578955414,19.718020486423494]}"
1452,2.2931857981486407E-4,"{""geodesic"":false,""type"":""Point"",""coordinates"":[83.94756330096928,19.718020486423494]}"
1453,2.242921211836895E-4,"{""geodesic"":false,""type"":""Point"",""coordinates"":[84.03739482938123,19.718020486423494]}"
1454,2.3167886340267027E-4,"{""geodesic"":false,""type"":""Point"",""coordinates"":[85.11537317032466,19.718020486423494]}"
1455,2.4188976136870586E-4,"{""geodesic"":false,""type"":""Point"",""coordinates"":[85.20520469873661,19.718020486423494]}"
1456,1.872068855416365E-4,"{""geodesic"":false,""type"":""Point"",""coordinates"":[72.71862224947526,19.807852014835447]}"
1457,2.1062633717969253E-4,"{""geodesic"":false,""type"":""Point"",""coordinates"":[73.25761141994698,19.807852014835447]}"
1458,1.971349990942583E-4,"{""geodesic"":false,""type"":""Point"",""coordinates"":[73.34744294835893,19.807852014835447]}"
1459,1.8505381697575475E-4,"{""geodesic"":false,""type"":""Point"",""coordinates"":[73.52710600518283,19.807852014835447]}"
1460,1.865318574615054E-4,"{""geodesic"":false,""type"":""Point"",""coordinates"":[73.70676906200674,19.807852014835447]}"
1461,1.8516699989983132E-4,"{""geodesic"":false,""type"":""Point"",""coordinates"":[74.87457893136211,19.807852014835447]}"
1462,2.044881695652894E-4,"{""geodesic"":false,""type"":""Point"",""coordinates"":[75.50339963024578,19.807852014835447]}"
1463,1.8439564707499101E-4,"{""geodesic"":false,""type"":""Point"",""coordinates"":[75.95255727230554,19.807852014835447]}"
1464,1.9913238565634679E-4,"{""geodesic"":false,""type"":""Point"",""coordinates"":[76.4017149143653,19.807852014835447]}"
1465,1.8900899645119343E-4,"{""geodesic"":false,""type"":""Point"",""coordinates"":[77.30003019848482,19.807852014835447]}"
1466,2.0060858872534393E-4,"{""geodesic"":false,""type"":""Point"",""coordinates"":[77.74918784054458,19.807852014835447]}"
1467,2.089526953166041E-4,"{""geodesic"":false,""type"":""Point"",""coordinates"":[77.83901936895654,19.807852014835447]}"
1468,1.9589564243575972E-4,"{""geodesic"":false,""type"":""Point"",""coordinates"":[77.92885089736849,19.807852014835447]}"
1469,1.9934090939009337E-4,"{""geodesic"":false,""type"":""Point"",""coordinates"":[78.10851395419239,19.807852014835447]}"
1470,2.2562485699503283E-4,"{""geodesic"":false,""type"":""Point"",""coordinates"":[79.36615535195972,19.807852014835447]}"
1471,2.3546107009315764E-4,"{""geodesic"":false,""type"":""Point"",""coordinates"":[79.45598688037167,19.807852014835447]}"
1472,2.4359257995056806E-4,"{""geodesic"":false,""type"":""Point"",""coordinates"":[81.43228050543462,19.807852014835447]}"
1473,2.3877944116613346E-4,"{""geodesic"":false,""type"":""Point"",""coordinates"":[82.24076426114219,19.807852014835447]}"
1474,2.481443358143494E-4,"{""geodesic"":false,""type"":""Point"",""coordinates"":[82.4204273179661,19.807852014835447]}"
1475,2.4583380030966336E-4,"{""geodesic"":false,""type"":""Point"",""coordinates"":[83.40857413049757,19.807852014835447]}"
1476,2.3639705049392535E-4,"{""geodesic"":false,""type"":""Point"",""coordinates"":[83.49840565890952,19.807852014835447]}"
1477,1.8022098094800615E-4,"{""geodesic"":false,""type"":""Point"",""coordinates"":[73.70676906200674,19.8976835432474]}"
1478,1.936306808880128E-4,"{""geodesic"":false,""type"":""Point"",""coordinates"":[73.97626364724259,19.8976835432474]}"
1479,2.069765666204541E-4,"{""geodesic"":false,""type"":""Point"",""coordinates"":[75.23390504500992,19.8976835432474]}"
1480,1.9663021708756742E-4,"{""geodesic"":false,""type"":""Point"",""coordinates"":[75.32373657342187,19.8976835432474]}"
1481,1.99266830868965E-4,"{""geodesic"":false,""type"":""Point"",""coordinates"":[75.41356810183383,19.8976835432474]}"
1482,2.2886885261204804E-4,"{""geodesic"":false,""type"":""Point"",""coordinates"":[79.00682923831191,19.8976835432474]}"
1483,2.5195681945200225E-4,"{""geodesic"":false,""type"":""Point"",""coordinates"":[80.713628278139,19.8976835432474]}"
1484,2.2132250041983603E-4,"{""geodesic"":false,""type"":""Point"",""coordinates"":[81.61194356225853,19.8976835432474]}"
1485,2.3947768392265317E-4,"{""geodesic"":false,""type"":""Point"",""coordinates"":[82.24076426114219,19.8976835432474]}"
1486,2.3208529651969423E-4,"{""geodesic"":false,""type"":""Point"",""coordinates"":[83.49840565890952,19.8976835432474]}"
1487,2.1857055902575317E-4,"{""geodesic"":false,""type"":""Point"",""coordinates"":[84.12722635779319,19.8976835432474]}"
1488,2.628215398376311E-4,"{""geodesic"":false,""type"":""Point"",""coordinates"":[84.39672094302904,19.8976835432474]}"
1489,2.612605808901442E-4,"{""geodesic"":false,""type"":""Point"",""coordinates"":[84.8458785850888,19.8976835432474]}"
1490,2.114355357687571E-4,"{""geodesic"":false,""type"":""Point"",""coordinates"":[85.74419386920833,19.8976835432474]}"
1491,2.0497476204847464E-4,"{""geodesic"":false,""type"":""Point"",""coordinates"":[85.92385692603223,19.8976835432474]}"
1492,1.933244979303632E-4,"{""geodesic"":false,""type"":""Point"",""coordinates"":[72.89828530629917,19.987515071659352]}"
1493,1.9626386424215485E-4,"{""geodesic"":false,""type"":""Point"",""coordinates"":[73.88643211883064,19.987515071659352]}"
1494,1.8661369244726296E-4,"{""geodesic"":false,""type"":""Point"",""coordinates"":[74.24575823247845,19.987515071659352]}"
1495,1.8191947548295708E-4,"{""geodesic"":false,""type"":""Point"",""coordinates"":[74.3355897608904,19.987515071659352]}"
1496,1.877064622090174E-4,"{""geodesic"":false,""type"":""Point"",""coordinates"":[75.05424198818602,19.987515071659352]}"
1497,1.7369113904397454E-4,"{""geodesic"":false,""type"":""Point"",""coordinates"":[76.4017149143653,19.987515071659352]}"
1498,1.9095610017741133E-4,"{""geodesic"":false,""type"":""Point"",""coordinates"":[77.56952478372068,19.987515071659352]}"
1499,1.941371866591897E-4,"{""geodesic"":false,""type"":""Point"",""coordinates"":[77.65935631213263,19.987515071659352]}"
1500,2.2146962330453726E-4,"{""geodesic"":false,""type"":""Point"",""coordinates"":[78.55767159625215,19.987515071659352]}"
1501,2.319320580127349E-4,"{""geodesic"":false,""type"":""Point"",""coordinates"":[79.00682923831191,19.987515071659352]}"
1502,2.4099606595939728E-4,"{""geodesic"":false,""type"":""Point"",""coordinates"":[79.09666076672387,19.987515071659352]}"
1503,2.377627155495694E-4,"{""geodesic"":false,""type"":""Point"",""coordinates"":[79.90514452243143,19.987515071659352]}"
1504,2.5481221008761043E-4,"{""geodesic"":false,""type"":""Point"",""coordinates"":[80.98312286337486,19.987515071659352]}"
1505,2.1630413706152685E-4,"{""geodesic"":false,""type"":""Point"",""coordinates"":[81.79160661908243,19.987515071659352]}"
1506,2.1405767078444988E-4,"{""geodesic"":false,""type"":""Point"",""coordinates"":[82.06110120431829,19.987515071659352]}"
1507,2.4644962719393604E-4,"{""geodesic"":false,""type"":""Point"",""coordinates"":[82.60009037479,19.987515071659352]}"
1508,2.4112604918044822E-4,"{""geodesic"":false,""type"":""Point"",""coordinates"":[83.31874260208562,19.987515071659352]}"
1509,2.2770087684956055E-4,"{""geodesic"":false,""type"":""Point"",""coordinates"":[83.67806871573343,19.987515071659352]}"
1510,2.479592106142728E-4,"{""geodesic"":false,""type"":""Point"",""coordinates"":[83.76790024414538,19.987515071659352]}"
1511,2.2703105533413787E-4,"{""geodesic"":false,""type"":""Point"",""coordinates"":[83.85773177255733,19.987515071659352]}"
1512,2.580098969653873E-4,"{""geodesic"":false,""type"":""Point"",""coordinates"":[84.6662155282649,19.987515071659352]}"
1513,2.556139183891409E-4,"{""geodesic"":false,""type"":""Point"",""coordinates"":[84.75604705667685,19.987515071659352]}"
1514,2.3847669129636813E-4,"{""geodesic"":false,""type"":""Point"",""coordinates"":[85.02554164191271,19.987515071659352]}"
1515,2.331867117162856E-4,"{""geodesic"":false,""type"":""Point"",""coordinates"":[85.38486775556052,19.987515071659352]}"
1516,2.314021195964552E-4,"{""geodesic"":false,""type"":""Point"",""coordinates"":[85.47469928397247,19.987515071659352]}"
1517,2.041840402243177E-4,"{""geodesic"":false,""type"":""Point"",""coordinates"":[86.01368845444418,19.987515071659352]}"
1518,2.0852665503462556E-4,"{""geodesic"":false,""type"":""Point"",""coordinates"":[86.19335151126809,19.987515071659352]}"
1519,2.0228971104343033E-4,"{""geodesic"":false,""type"":""Point"",""coordinates"":[86.37301456809199,19.987515071659352]}"
1520,1.814909952384027E-4,"{""geodesic"":false,""type"":""Point"",""coordinates"":[74.1559267040665,20.077346600071305]}"
1521,1.81542640980063E-4,"{""geodesic"":false,""type"":""Point"",""coordinates"":[74.51525281771431,20.077346600071305]}"
1522,1.719612469314112E-4,"{""geodesic"":false,""type"":""Point"",""coordinates"":[74.87457893136211,20.077346600071305]}"
1523,1.7754095017132694E-4,"{""geodesic"":false,""type"":""Point"",""coordinates"":[75.32373657342187,20.077346600071305]}"
1524,1.7747459427480542E-4,"{""geodesic"":false,""type"":""Point"",""coordinates"":[76.31188338595335,20.077346600071305]}"
1525,1.869489638725444E-4,"{""geodesic"":false,""type"":""Point"",""coordinates"":[76.4017149143653,20.077346600071305]}"
1526,1.8196398430756218E-4,"{""geodesic"":false,""type"":""Point"",""coordinates"":[76.49154644277725,20.077346600071305]}"
1527,1.8329274361945076E-4,"{""geodesic"":false,""type"":""Point"",""coordinates"":[76.94070408483701,20.077346600071305]}"
1528,1.8627432947611674E-4,"{""geodesic"":false,""type"":""Point"",""coordinates"":[77.12036714166092,20.077346600071305]}"
1529,1.9090675097144943E-4,"{""geodesic"":false,""type"":""Point"",""coordinates"":[77.92885089736849,20.077346600071305]}"
1530,2.1267438940187968E-4,"{""geodesic"":false,""type"":""Point"",""coordinates"":[78.4678400678402,20.077346600071305]}"
1531,2.3748720752149907E-4,"{""geodesic"":false,""type"":""Point"",""coordinates"":[79.36615535195972,20.077346600071305]}"
1532,2.4425272247974056E-4,"{""geodesic"":false,""type"":""Point"",""coordinates"":[79.63564993719558,20.077346600071305]}"
1533,2.397919007590254E-4,"{""geodesic"":false,""type"":""Point"",""coordinates"":[79.72548146560753,20.077346600071305]}"
1534,2.625192900567048E-4,"{""geodesic"":false,""type"":""Point"",""coordinates"":[80.3543021644912,20.077346600071305]}"
1535,2.1150931577428551E-4,"{""geodesic"":false,""type"":""Point"",""coordinates"":[81.61194356225853,20.077346600071305]}"
1536,2.5766121359168553E-4,"{""geodesic"":false,""type"":""Point"",""coordinates"":[82.4204273179661,20.077346600071305]}"
1537,2.4258436105622873E-4,"{""geodesic"":false,""type"":""Point"",""coordinates"":[83.22891107367366,20.077346600071305]}"
1538,2.3106500203654863E-4,"{""geodesic"":false,""type"":""Point"",""coordinates"":[83.49840565890952,20.077346600071305]}"
1539,2.6515912023835015E-4,"{""geodesic"":false,""type"":""Point"",""coordinates"":[84.57638399985295,20.077346600071305]}"
1540,2.3272071295648943E-4,"{""geodesic"":false,""type"":""Point"",""coordinates"":[85.02554164191271,20.077346600071305]}"
1541,2.2796610529392965E-4,"{""geodesic"":false,""type"":""Point"",""coordinates"":[85.83402539762028,20.077346600071305]}"
1542,2.0031130416947005E-4,"{""geodesic"":false,""type"":""Point"",""coordinates"":[86.37301456809199,20.077346600071305]}"
1543,2.0701993470212136E-4,"{""geodesic"":false,""type"":""Point"",""coordinates"":[73.34744294835893,20.167178128483258]}"
1544,2.1507610128542915E-4,"{""geodesic"":false,""type"":""Point"",""coordinates"":[73.43727447677088,20.167178128483258]}"
1545,1.7808187592340205E-4,"{""geodesic"":false,""type"":""Point"",""coordinates"":[74.78474740295016,20.167178128483258]}"
1546,1.8053264774913662E-4,"{""geodesic"":false,""type"":""Point"",""coordinates"":[75.86272574389359,20.167178128483258]}"
1547,1.732335676834849E-4,"{""geodesic"":false,""type"":""Point"",""coordinates"":[75.95255727230554,20.167178128483258]}"
1548,1.7666409511167623E-4,"{""geodesic"":false,""type"":""Point"",""coordinates"":[76.2220518575414,20.167178128483258]}"
1549,1.9561127228788142E-4,"{""geodesic"":false,""type"":""Point"",""coordinates"":[77.74918784054458,20.167178128483258]}"
1550,1.979074892537861E-4,"{""geodesic"":false,""type"":""Point"",""coordinates"":[77.83901936895654,20.167178128483258]}"
1551,2.054323235352298E-4,"{""geodesic"":false,""type"":""Point"",""coordinates"":[77.92885089736849,20.167178128483258]}"
1552,2.1335884705496862E-4,"{""geodesic"":false,""type"":""Point"",""coordinates"":[78.37800853942825,20.167178128483258]}"
1553,2.1978371501452971E-4,"{""geodesic"":false,""type"":""Point"",""coordinates"":[78.73733465307606,20.167178128483258]}"
1554,2.2637528421104813E-4,"{""geodesic"":false,""type"":""Point"",""coordinates"":[79.18649229513582,20.167178128483258]}"
1555,2.3979154270433746E-4,"{""geodesic"":false,""type"":""Point"",""coordinates"":[79.36615535195972,20.167178128483258]}"
1556,2.4299865589055966E-4,"{""geodesic"":false,""type"":""Point"",""coordinates"":[79.45598688037167,20.167178128483258]}"
1557,2.336766543997174E-4,"{""geodesic"":false,""type"":""Point"",""coordinates"":[79.54581840878363,20.167178128483258]}"
1558,2.658059886949505E-4,"{""geodesic"":false,""type"":""Point"",""coordinates"":[80.5339652213151,20.167178128483258]}"
1559,2.6218798296583654E-4,"{""geodesic"":false,""type"":""Point"",""coordinates"":[80.713628278139,20.167178128483258]}"
1560,2.277197893068765E-4,"{""geodesic"":false,""type"":""Point"",""coordinates"":[81.25261744861072,20.167178128483258]}"
1561,2.3068745062249682E-4,"{""geodesic"":false,""type"":""Point"",""coordinates"":[83.94756330096928,20.167178128483258]}"
1562,2.1170361061722604E-4,"{""geodesic"":false,""type"":""Point"",""coordinates"":[84.21705788620514,20.167178128483258]}"
1563,2.2318153127926177E-4,"{""geodesic"":false,""type"":""Point"",""coordinates"":[84.39672094302904,20.167178128483258]}"
1564,2.641826492497983E-4,"{""geodesic"":false,""type"":""Point"",""coordinates"":[84.75604705667685,20.167178128483258]}"
1565,2.3920497524385382E-4,"{""geodesic"":false,""type"":""Point"",""coordinates"":[85.20520469873661,20.167178128483258]}"
1566,2.45114440747937E-4,"{""geodesic"":false,""type"":""Point"",""coordinates"":[85.47469928397247,20.167178128483258]}"
1567,2.2159570589051883E-4,"{""geodesic"":false,""type"":""Point"",""coordinates"":[86.10351998285613,20.167178128483258]}"
1568,2.1853255056941383E-4,"{""geodesic"":false,""type"":""Point"",""coordinates"":[86.28318303968004,20.167178128483258]}"
1569,1.8725798582053051E-4,"{""geodesic"":false,""type"":""Point"",""coordinates"":[73.70676906200674,20.25700965689521]}"
1570,1.7062892987192084E-4,"{""geodesic"":false,""type"":""Point"",""coordinates"":[74.60508434612626,20.25700965689521]}"
1571,1.674914830543184E-4,"{""geodesic"":false,""type"":""Point"",""coordinates"":[74.87457893136211,20.25700965689521]}"
1572,1.9503462399410632E-4,"{""geodesic"":false,""type"":""Point"",""coordinates"":[75.95255727230554,20.25700965689521]}"
1573,1.7086575578746083E-4,"{""geodesic"":false,""type"":""Point"",""coordinates"":[76.5813779711892,20.25700965689521]}"
1574,1.8518571865733612E-4,"{""geodesic"":false,""type"":""Point"",""coordinates"":[77.12036714166092,20.25700965689521]}"
1575,1.858169627761672E-4,"{""geodesic"":false,""type"":""Point"",""coordinates"":[77.21019867007287,20.25700965689521]}"
1576,1.8737445297047826E-4,"{""geodesic"":false,""type"":""Point"",""coordinates"":[77.30003019848482,20.25700965689521]}"
1577,1.880253778556043E-4,"{""geodesic"":false,""type"":""Point"",""coordinates"":[77.47969325530873,20.25700965689521]}"
1578,1.954587640610867E-4,"{""geodesic"":false,""type"":""Point"",""coordinates"":[78.01868242578044,20.25700965689521]}"
1579,2.028916970340689E-4,"{""geodesic"":false,""type"":""Point"",""coordinates"":[78.19834548260434,20.25700965689521]}"
1580,2.1739140795864974E-4,"{""geodesic"":false,""type"":""Point"",""coordinates"":[78.6475031246641,20.25700965689521]}"
1581,2.299569141171264E-4,"{""geodesic"":false,""type"":""Point"",""coordinates"":[79.00682923831191,20.25700965689521]}"
1582,2.1744974285896546E-4,"{""geodesic"":false,""type"":""Point"",""coordinates"":[79.18649229513582,20.25700965689521]}"
1583,2.3487886751083747E-4,"{""geodesic"":false,""type"":""Point"",""coordinates"":[79.36615535195972,20.25700965689521]}"
1584,2.3746606383190136E-4,"{""geodesic"":false,""type"":""Point"",""coordinates"":[79.54581840878363,20.25700965689521]}"
1585,2.4298427522979955E-4,"{""geodesic"":false,""type"":""Point"",""coordinates"":[79.99497605084339,20.25700965689521]}"
1586,2.6464208730466224E-4,"{""geodesic"":false,""type"":""Point"",""coordinates"":[80.713628278139,20.25700965689521]}"
1587,2.1651412239402832E-4,"{""geodesic"":false,""type"":""Point"",""coordinates"":[82.4204273179661,20.25700965689521]}"
1588,2.3627175957094374E-4,"{""geodesic"":false,""type"":""Point"",""coordinates"":[82.51025884637805,20.25700965689521]}"
1589,2.539252335523207E-4,"{""geodesic"":false,""type"":""Point"",""coordinates"":[83.04924801684976,20.25700965689521]}"
1590,2.4120812241406426E-4,"{""geodesic"":false,""type"":""Point"",""coordinates"":[83.22891107367366,20.25700965689521]}"
1591,2.3999860723215727E-4,"{""geodesic"":false,""type"":""Point"",""coordinates"":[83.49840565890952,20.25700965689521]}"
1592,2.5128090693582824E-4,"{""geodesic"":false,""type"":""Point"",""coordinates"":[85.56453081238442,20.25700965689521]}"
1593,1.907510655089977E-4,"{""geodesic"":false,""type"":""Point"",""coordinates"":[72.89828530629917,20.346841185307163]}"
1594,1.8305009763105095E-4,"{""geodesic"":false,""type"":""Point"",""coordinates"":[73.88643211883064,20.346841185307163]}"
1595,1.6953956241780308E-4,"{""geodesic"":false,""type"":""Point"",""coordinates"":[74.24575823247845,20.346841185307163]}"
1596,1.752959994123143E-4,"{""geodesic"":false,""type"":""Point"",""coordinates"":[74.60508434612626,20.346841185307163]}"
1597,1.7517011911775412E-4,"{""geodesic"":false,""type"":""Point"",""coordinates"":[74.69491587453821,20.346841185307163]}"
1598,1.8880986612090347E-4,"{""geodesic"":false,""type"":""Point"",""coordinates"":[77.21019867007287,20.346841185307163]}"
1599,1.970091069636851E-4,"{""geodesic"":false,""type"":""Point"",""coordinates"":[77.65935631213263,20.346841185307163]}"
1600,2.0874940671341364E-4,"{""geodesic"":false,""type"":""Point"",""coordinates"":[78.37800853942825,20.346841185307163]}"
1601,2.3753748412740257E-4,"{""geodesic"":false,""type"":""Point"",""coordinates"":[79.36615535195972,20.346841185307163]}"
1602,2.629617321998102E-4,"{""geodesic"":false,""type"":""Point"",""coordinates"":[80.44413369290315,20.346841185307163]}"
1603,2.558149225634814E-4,"{""geodesic"":false,""type"":""Point"",""coordinates"":[80.713628278139,20.346841185307163]}"
1604,2.4383521151323452E-4,"{""geodesic"":false,""type"":""Point"",""coordinates"":[80.89329133496291,20.346841185307163]}"
1605,2.3548190671132674E-4,"{""geodesic"":false,""type"":""Point"",""coordinates"":[81.25261744861072,20.346841185307163]}"
1606,2.337882937981909E-4,"{""geodesic"":false,""type"":""Point"",""coordinates"":[82.24076426114219,20.346841185307163]}"
1607,2.545212617409987E-4,"{""geodesic"":false,""type"":""Point"",""coordinates"":[83.40857413049757,20.346841185307163]}"
1608,2.541496242099764E-4,"{""geodesic"":false,""type"":""Point"",""coordinates"":[83.67806871573343,20.346841185307163]}"
1609,2.5426539940716635E-4,"{""geodesic"":false,""type"":""Point"",""coordinates"":[84.93571011350076,20.346841185307163]}"
1610,2.547148557023416E-4,"{""geodesic"":false,""type"":""Point"",""coordinates"":[85.02554164191271,20.346841185307163]}"
1611,2.5081359834907603E-4,"{""geodesic"":false,""type"":""Point"",""coordinates"":[85.47469928397247,20.346841185307163]}"
1612,2.1414440481299472E-4,"{""geodesic"":false,""type"":""Point"",""coordinates"":[73.07794836312307,20.436672713719112]}"
1613,1.6524628843276397E-4,"{""geodesic"":false,""type"":""Point"",""coordinates"":[73.88643211883064,20.436672713719112]}"
1614,1.793126088262052E-4,"{""geodesic"":false,""type"":""Point"",""coordinates"":[74.24575823247845,20.436672713719112]}"
1615,1.6597665387979658E-4,"{""geodesic"":false,""type"":""Point"",""coordinates"":[74.3355897608904,20.436672713719112]}"
1616,1.8421574166822333E-4,"{""geodesic"":false,""type"":""Point"",""coordinates"":[74.78474740295016,20.436672713719112]}"
1617,1.7618918137174953E-4,"{""geodesic"":false,""type"":""Point"",""coordinates"":[74.87457893136211,20.436672713719112]}"
1618,1.733620812480812E-4,"{""geodesic"":false,""type"":""Point"",""coordinates"":[76.04238880071749,20.436672713719112]}"
1619,1.988814060213029E-4,"{""geodesic"":false,""type"":""Point"",""coordinates"":[76.94070408483701,20.436672713719112]}"
1620,1.8962039681438074E-4,"{""geodesic"":false,""type"":""Point"",""coordinates"":[77.21019867007287,20.436672713719112]}"
1621,1.86256126209089E-4,"{""geodesic"":false,""type"":""Point"",""coordinates"":[77.65935631213263,20.436672713719112]}"
1622,2.0796593667346636E-4,"{""geodesic"":false,""type"":""Point"",""coordinates"":[78.4678400678402,20.436672713719112]}"
1623,2.0500041790866378E-4,"{""geodesic"":false,""type"":""Point"",""coordinates"":[78.6475031246641,20.436672713719112]}"
1624,2.185885353951587E-4,"{""geodesic"":false,""type"":""Point"",""coordinates"":[78.82716618148801,20.436672713719112]}"
1625,2.2657708368713648E-4,"{""geodesic"":false,""type"":""Point"",""coordinates"":[78.91699770989996,20.436672713719112]}"
1626,2.1528966032265345E-4,"{""geodesic"":false,""type"":""Point"",""coordinates"":[79.18649229513582,20.436672713719112]}"
1627,2.4513971769272297E-4,"{""geodesic"":false,""type"":""Point"",""coordinates"":[79.63564993719558,20.436672713719112]}"
1628,2.4078774071838565E-4,"{""geodesic"":false,""type"":""Point"",""coordinates"":[79.90514452243143,20.436672713719112]}"
1629,2.5118413618157746E-4,"{""geodesic"":false,""type"":""Point"",""coordinates"":[80.17463910766729,20.436672713719112]}"
1630,2.570847652095548E-4,"{""geodesic"":false,""type"":""Point"",""coordinates"":[80.44413369290315,20.436672713719112]}"
1631,2.466939029291716E-4,"{""geodesic"":false,""type"":""Point"",""coordinates"":[81.07295439178681,20.436672713719112]}"
1632,2.380223584649119E-4,"{""geodesic"":false,""type"":""Point"",""coordinates"":[81.34244897702267,20.436672713719112]}"
1633,2.336768926420702E-4,"{""geodesic"":false,""type"":""Point"",""coordinates"":[81.43228050543462,20.436672713719112]}"
1634,2.3309088812932644E-4,"{""geodesic"":false,""type"":""Point"",""coordinates"":[81.88143814749438,20.436672713719112]}"
1635,2.3701732908735457E-4,"{""geodesic"":false,""type"":""Point"",""coordinates"":[82.15093273273024,20.436672713719112]}"
1636,2.288015873730074E-4,"{""geodesic"":false,""type"":""Point"",""coordinates"":[82.4204273179661,20.436672713719112]}"
1637,2.6233470078980946E-4,"{""geodesic"":false,""type"":""Point"",""coordinates"":[82.68992190320195,20.436672713719112]}"
1638,2.616527494092035E-4,"{""geodesic"":false,""type"":""Point"",""coordinates"":[82.95941648843781,20.436672713719112]}"
1639,2.5197303422702704E-4,"{""geodesic"":false,""type"":""Point"",""coordinates"":[83.49840565890952,20.436672713719112]}"
1640,2.4616517232166883E-4,"{""geodesic"":false,""type"":""Point"",""coordinates"":[83.85773177255733,20.436672713719112]}"
1641,2.1367354802362404E-4,"{""geodesic"":false,""type"":""Point"",""coordinates"":[84.21705788620514,20.436672713719112]}"
1642,2.587755061124421E-4,"{""geodesic"":false,""type"":""Point"",""coordinates"":[84.75604705667685,20.436672713719112]}"
1643,2.7160755450647024E-4,"{""geodesic"":false,""type"":""Point"",""coordinates"":[85.02554164191271,20.436672713719112]}"
1644,2.611552180073503E-4,"{""geodesic"":false,""type"":""Point"",""coordinates"":[85.11537317032466,20.436672713719112]}"
1645,2.5371935484253157E-4,"{""geodesic"":false,""type"":""Point"",""coordinates"":[85.20520469873661,20.436672713719112]}"
1646,2.5925255171708897E-4,"{""geodesic"":false,""type"":""Point"",""coordinates"":[85.56453081238442,20.436672713719112]}"
1647,2.319264799251542E-4,"{""geodesic"":false,""type"":""Point"",""coordinates"":[86.46284609650394,20.436672713719112]}"
1648,2.104133565929224E-4,"{""geodesic"":false,""type"":""Point"",""coordinates"":[86.64250915332785,20.436672713719112]}"
1649,1.8300907548917915E-4,"{""geodesic"":false,""type"":""Point"",""coordinates"":[72.89828530629917,20.526504242131065]}"
1650,1.9734915949541005E-4,"{""geodesic"":false,""type"":""Point"",""coordinates"":[72.98811683471112,20.526504242131065]}"
1651,1.9800942509388698E-4,"{""geodesic"":false,""type"":""Point"",""coordinates"":[73.52710600518283,20.526504242131065]}"
1652,1.6630423079722293E-4,"{""geodesic"":false,""type"":""Point"",""coordinates"":[73.97626364724259,20.526504242131065]}"
1653,1.8070230759327608E-4,"{""geodesic"":false,""type"":""Point"",""coordinates"":[74.1559267040665,20.526504242131065]}"
1654,1.7883761335955514E-4,"{""geodesic"":false,""type"":""Point"",""coordinates"":[74.3355897608904,20.526504242131065]}"
1655,1.8610381150893656E-4,"{""geodesic"":false,""type"":""Point"",""coordinates"":[74.51525281771431,20.526504242131065]}"
1656,1.7930747952236102E-4,"{""geodesic"":false,""type"":""Point"",""coordinates"":[74.78474740295016,20.526504242131065]}"
1657,1.7684938711591184E-4,"{""geodesic"":false,""type"":""Point"",""coordinates"":[75.14407351659797,20.526504242131065]}"
1658,1.9327573953590655E-4,"{""geodesic"":false,""type"":""Point"",""coordinates"":[75.23390504500992,20.526504242131065]}"
1659,1.647271299339803E-4,"{""geodesic"":false,""type"":""Point"",""coordinates"":[76.04238880071749,20.526504242131065]}"
1660,1.7088108436123347E-4,"{""geodesic"":false,""type"":""Point"",""coordinates"":[76.13222032912944,20.526504242131065]}"
1661,1.9119458419560644E-4,"{""geodesic"":false,""type"":""Point"",""coordinates"":[76.4017149143653,20.526504242131065]}"
1662,1.8833524668250153E-4,"{""geodesic"":false,""type"":""Point"",""coordinates"":[76.49154644277725,20.526504242131065]}"
1663,1.7857087971853683E-4,"{""geodesic"":false,""type"":""Point"",""coordinates"":[77.21019867007287,20.526504242131065]}"
1664,2.0232944303129208E-4,"{""geodesic"":false,""type"":""Point"",""coordinates"":[78.55767159625215,20.526504242131065]}"
1665,2.1441587060281372E-4,"{""geodesic"":false,""type"":""Point"",""coordinates"":[78.73733465307606,20.526504242131065]}"
1666,2.1744110850739734E-4,"{""geodesic"":false,""type"":""Point"",""coordinates"":[79.36615535195972,20.526504242131065]}"
1667,2.2584171064166979E-4,"{""geodesic"":false,""type"":""Point"",""coordinates"":[79.72548146560753,20.526504242131065]}"
1668,2.4230791447183401E-4,"{""geodesic"":false,""type"":""Point"",""coordinates"":[79.99497605084339,20.526504242131065]}"
1669,2.6023493842331754E-4,"{""geodesic"":false,""type"":""Point"",""coordinates"":[80.62379674972705,20.526504242131065]}"
1670,2.4070079976365848E-4,"{""geodesic"":false,""type"":""Point"",""coordinates"":[81.07295439178681,20.526504242131065]}"
1671,2.498546245840245E-4,"{""geodesic"":false,""type"":""Point"",""coordinates"":[82.51025884637805,20.526504242131065]}"
1672,2.5818655952052153E-4,"{""geodesic"":false,""type"":""Point"",""coordinates"":[82.68992190320195,20.526504242131065]}"
1673,2.6492457000392913E-4,"{""geodesic"":false,""type"":""Point"",""coordinates"":[83.40857413049757,20.526504242131065]}"
1674,2.424083598103433E-4,"{""geodesic"":false,""type"":""Point"",""coordinates"":[83.85773177255733,20.526504242131065]}"
1675,2.3058695876015424E-4,"{""geodesic"":false,""type"":""Point"",""coordinates"":[84.12722635779319,20.526504242131065]}"
1676,2.579005851609503E-4,"{""geodesic"":false,""type"":""Point"",""coordinates"":[84.48655247144099,20.526504242131065]}"
1677,2.608802185797942E-4,"{""geodesic"":false,""type"":""Point"",""coordinates"":[84.57638399985295,20.526504242131065]}"
1678,2.6828604346200994E-4,"{""geodesic"":false,""type"":""Point"",""coordinates"":[85.02554164191271,20.526504242131065]}"
1679,2.469660736758892E-4,"{""geodesic"":false,""type"":""Point"",""coordinates"":[85.38486775556052,20.526504242131065]}"
1680,2.4049906875850266E-4,"{""geodesic"":false,""type"":""Point"",""coordinates"":[86.01368845444418,20.526504242131065]}"
1681,2.3062256241546076E-4,"{""geodesic"":false,""type"":""Point"",""coordinates"":[86.46284609650394,20.526504242131065]}"
1682,2.1683664915078695E-4,"{""geodesic"":false,""type"":""Point"",""coordinates"":[86.55267762491589,20.526504242131065]}"
1683,2.0969704511995395E-4,"{""geodesic"":false,""type"":""Point"",""coordinates"":[73.07794836312307,20.616335770543017]}"
1684,1.9206884373145148E-4,"{""geodesic"":false,""type"":""Point"",""coordinates"":[73.34744294835893,20.616335770543017]}"
1685,1.8905274035205477E-4,"{""geodesic"":false,""type"":""Point"",""coordinates"":[73.79660059041869,20.616335770543017]}"
1686,1.8106117229134628E-4,"{""geodesic"":false,""type"":""Point"",""coordinates"":[74.24575823247845,20.616335770543017]}"
1687,1.7836409767147397E-4,"{""geodesic"":false,""type"":""Point"",""coordinates"":[74.69491587453821,20.616335770543017]}"
1688,1.8722593275869608E-4,"{""geodesic"":false,""type"":""Point"",""coordinates"":[74.78474740295016,20.616335770543017]}"
1689,1.8892137046323037E-4,"{""geodesic"":false,""type"":""Point"",""coordinates"":[74.87457893136211,20.616335770543017]}"
1690,1.7613758230915772E-4,"{""geodesic"":false,""type"":""Point"",""coordinates"":[74.96441045977407,20.616335770543017]}"
1691,1.8318738792879555E-4,"{""geodesic"":false,""type"":""Point"",""coordinates"":[75.86272574389359,20.616335770543017]}"
1692,1.834596796152568E-4,"{""geodesic"":false,""type"":""Point"",""coordinates"":[76.04238880071749,20.616335770543017]}"
1693,1.9511041114307032E-4,"{""geodesic"":false,""type"":""Point"",""coordinates"":[77.03053561324897,20.616335770543017]}"
1694,1.951079255115427E-4,"{""geodesic"":false,""type"":""Point"",""coordinates"":[77.83901936895654,20.616335770543017]}"
1695,1.8915211371531445E-4,"{""geodesic"":false,""type"":""Point"",""coordinates"":[78.01868242578044,20.616335770543017]}"
1696,2.3640950331957662E-4,"{""geodesic"":false,""type"":""Point"",""coordinates"":[79.81531299401948,20.616335770543017]}"
1697,2.405073723241358E-4,"{""geodesic"":false,""type"":""Point"",""coordinates"":[79.90514452243143,20.616335770543017]}"
1698,2.4236029231807687E-4,"{""geodesic"":false,""type"":""Point"",""coordinates"":[80.98312286337486,20.616335770543017]}"
1699,2.3599873101230406E-4,"{""geodesic"":false,""type"":""Point"",""coordinates"":[81.70177509067048,20.616335770543017]}"
1700,2.3526313940807575E-4,"{""geodesic"":false,""type"":""Point"",""coordinates"":[82.15093273273024,20.616335770543017]}"
1701,2.470137637639581E-4,"{""geodesic"":false,""type"":""Point"",""coordinates"":[82.68992190320195,20.616335770543017]}"
1702,2.5040976235633815E-4,"{""geodesic"":false,""type"":""Point"",""coordinates"":[83.94756330096928,20.616335770543017]}"
1703,2.4771084213226854E-4,"{""geodesic"":false,""type"":""Point"",""coordinates"":[84.21705788620514,20.616335770543017]}"
1704,2.469252693320953E-4,"{""geodesic"":false,""type"":""Point"",""coordinates"":[84.30688941461709,20.616335770543017]}"
1705,2.505112565297287E-4,"{""geodesic"":false,""type"":""Point"",""coordinates"":[84.39672094302904,20.616335770543017]}"
1706,2.6079539533514426E-4,"{""geodesic"":false,""type"":""Point"",""coordinates"":[84.8458785850888,20.616335770543017]}"
1707,2.6431026862269556E-4,"{""geodesic"":false,""type"":""Point"",""coordinates"":[85.56453081238442,20.616335770543017]}"
1708,2.3101082656680214E-4,"{""geodesic"":false,""type"":""Point"",""coordinates"":[86.7323406817398,20.616335770543017]}"
1709,1.587935323940042E-4,"{""geodesic"":false,""type"":""Point"",""coordinates"":[73.88643211883064,20.70616729895497]}"
1710,1.5464676168609217E-4,"{""geodesic"":false,""type"":""Point"",""coordinates"":[73.97626364724259,20.70616729895497]}"
1711,1.69985753597612E-4,"{""geodesic"":false,""type"":""Point"",""coordinates"":[74.06609517565454,20.70616729895497]}"
1712,1.8072880002647845E-4,"{""geodesic"":false,""type"":""Point"",""coordinates"":[74.69491587453821,20.70616729895497]}"
1713,1.898872383965408E-4,"{""geodesic"":false,""type"":""Point"",""coordinates"":[74.78474740295016,20.70616729895497]}"
1714,1.8568758464108175E-4,"{""geodesic"":false,""type"":""Point"",""coordinates"":[75.50339963024578,20.70616729895497]}"
1715,1.853072614526592E-4,"{""geodesic"":false,""type"":""Point"",""coordinates"":[76.31188338595335,20.70616729895497]}"
1716,1.8762530996183828E-4,"{""geodesic"":false,""type"":""Point"",""coordinates"":[77.03053561324897,20.70616729895497]}"
1717,1.9636627368885585E-4,"{""geodesic"":false,""type"":""Point"",""coordinates"":[78.19834548260434,20.70616729895497]}"
1718,1.8789065374500845E-4,"{""geodesic"":false,""type"":""Point"",""coordinates"":[78.2881770110163,20.70616729895497]}"
1719,2.0942170797568586E-4,"{""geodesic"":false,""type"":""Point"",""coordinates"":[78.6475031246641,20.70616729895497]}"
1720,2.2095538131916814E-4,"{""geodesic"":false,""type"":""Point"",""coordinates"":[79.27632382354777,20.70616729895497]}"
1721,2.3343970768918273E-4,"{""geodesic"":false,""type"":""Point"",""coordinates"":[79.63564993719558,20.70616729895497]}"
1722,2.391278872178646E-4,"{""geodesic"":false,""type"":""Point"",""coordinates"":[80.89329133496291,20.70616729895497]}"
1723,2.4086506556929047E-4,"{""geodesic"":false,""type"":""Point"",""coordinates"":[81.52211203384657,20.70616729895497]}"
1724,2.336469692339744E-4,"{""geodesic"":false,""type"":""Point"",""coordinates"":[81.88143814749438,20.70616729895497]}"
1725,2.3406792609249E-4,"{""geodesic"":false,""type"":""Point"",""coordinates"":[82.06110120431829,20.70616729895497]}"
1726,2.4021832076467794E-4,"{""geodesic"":false,""type"":""Point"",""coordinates"":[82.24076426114219,20.70616729895497]}"
1727,2.4791451141689653E-4,"{""geodesic"":false,""type"":""Point"",""coordinates"":[84.8458785850888,20.70616729895497]}"
1728,2.5569268776131526E-4,"{""geodesic"":false,""type"":""Point"",""coordinates"":[85.02554164191271,20.70616729895497]}"
1729,2.2352715701908597E-4,"{""geodesic"":false,""type"":""Point"",""coordinates"":[86.82217221015175,20.70616729895497]}"
1730,1.8579790597940795E-4,"{""geodesic"":false,""type"":""Point"",""coordinates"":[72.89828530629917,20.795998827366923]}"
1731,1.8440118183205869E-4,"{""geodesic"":false,""type"":""Point"",""coordinates"":[72.98811683471112,20.795998827366923]}"
1732,1.955591885999531E-4,"{""geodesic"":false,""type"":""Point"",""coordinates"":[73.07794836312307,20.795998827366923]}"
1733,1.7905138590495586E-4,"{""geodesic"":false,""type"":""Point"",""coordinates"":[74.24575823247845,20.795998827366923]}"
1734,1.835953833031718E-4,"{""geodesic"":false,""type"":""Point"",""coordinates"":[74.78474740295016,20.795998827366923]}"
1735,1.7892632516995253E-4,"{""geodesic"":false,""type"":""Point"",""coordinates"":[75.14407351659797,20.795998827366923]}"
1736,1.8515855210444665E-4,"{""geodesic"":false,""type"":""Point"",""coordinates"":[76.2220518575414,20.795998827366923]}"
1737,1.8591449366802293E-4,"{""geodesic"":false,""type"":""Point"",""coordinates"":[76.4017149143653,20.795998827366923]}"
1738,1.9880779892927108E-4,"{""geodesic"":false,""type"":""Point"",""coordinates"":[76.85087255642506,20.795998827366923]}"
1739,1.952557499445087E-4,"{""geodesic"":false,""type"":""Point"",""coordinates"":[77.38986172689677,20.795998827366923]}"
1740,1.8549927133537078E-4,"{""geodesic"":false,""type"":""Point"",""coordinates"":[77.74918784054458,20.795998827366923]}"
1741,1.9590012493381304E-4,"{""geodesic"":false,""type"":""Point"",""coordinates"":[78.2881770110163,20.795998827366923]}"
1742,2.206684323746055E-4,"{""geodesic"":false,""type"":""Point"",""coordinates"":[79.27632382354777,20.795998827366923]}"
1743,2.1681337794190753E-4,"{""geodesic"":false,""type"":""Point"",""coordinates"":[79.36615535195972,20.795998827366923]}"
1744,2.2457934604844452E-4,"{""geodesic"":false,""type"":""Point"",""coordinates"":[79.63564993719558,20.795998827366923]}"
1745,2.2143868452633152E-4,"{""geodesic"":false,""type"":""Point"",""coordinates"":[79.90514452243143,20.795998827366923]}"
1746,2.2594491953818494E-4,"{""geodesic"":false,""type"":""Point"",""coordinates"":[80.17463910766729,20.795998827366923]}"
1747,2.407661052471721E-4,"{""geodesic"":false,""type"":""Point"",""coordinates"":[80.26447063607924,20.795998827366923]}"
1748,2.4363695774959348E-4,"{""geodesic"":false,""type"":""Point"",""coordinates"":[80.89329133496291,20.795998827366923]}"
1749,2.3701653253262915E-4,"{""geodesic"":false,""type"":""Point"",""coordinates"":[81.52211203384657,20.795998827366923]}"
1750,2.520523853567819E-4,"{""geodesic"":false,""type"":""Point"",""coordinates"":[82.24076426114219,20.795998827366923]}"
1751,2.625193701419087E-4,"{""geodesic"":false,""type"":""Point"",""coordinates"":[83.40857413049757,20.795998827366923]}"
1752,2.4722843564851417E-4,"{""geodesic"":false,""type"":""Point"",""coordinates"":[84.30688941461709,20.795998827366923]}"
1753,2.569618105747432E-4,"{""geodesic"":false,""type"":""Point"",""coordinates"":[84.75604705667685,20.795998827366923]}"
1754,2.626795947981785E-4,"{""geodesic"":false,""type"":""Point"",""coordinates"":[84.93571011350076,20.795998827366923]}"
1755,2.82096466223425E-4,"{""geodesic"":false,""type"":""Point"",""coordinates"":[85.29503622714856,20.795998827366923]}"
1756,2.4295521638070033E-4,"{""geodesic"":false,""type"":""Point"",""coordinates"":[86.01368845444418,20.795998827366923]}"
1757,2.5597225295792016E-4,"{""geodesic"":false,""type"":""Point"",""coordinates"":[86.10351998285613,20.795998827366923]}"
1758,2.4538376952630336E-4,"{""geodesic"":false,""type"":""Point"",""coordinates"":[86.28318303968004,20.795998827366923]}"
1759,1.479235930629042E-4,"{""geodesic"":false,""type"":""Point"",""coordinates"":[70.92199168123622,20.885830355778875]}"
1760,1.526650217446733E-4,"{""geodesic"":false,""type"":""Point"",""coordinates"":[71.10165473806012,20.885830355778875]}"
1761,1.5191952839230873E-4,"{""geodesic"":false,""type"":""Point"",""coordinates"":[71.28131779488403,20.885830355778875]}"
1762,1.5794037726404061E-4,"{""geodesic"":false,""type"":""Point"",""coordinates"":[71.37114932329598,20.885830355778875]}"
1763,2.0608392804123072E-4,"{""geodesic"":false,""type"":""Point"",""coordinates"":[73.61693753359478,20.885830355778875]}"
1764,1.975847497648715E-4,"{""geodesic"":false,""type"":""Point"",""coordinates"":[73.79660059041869,20.885830355778875]}"
1765,1.794002958775598E-4,"{""geodesic"":false,""type"":""Point"",""coordinates"":[74.60508434612626,20.885830355778875]}"
1766,1.804756315003211E-4,"{""geodesic"":false,""type"":""Point"",""coordinates"":[74.69491587453821,20.885830355778875]}"
1767,1.897618699748263E-4,"{""geodesic"":false,""type"":""Point"",""coordinates"":[74.78474740295016,20.885830355778875]}"
1768,1.9306114132652675E-4,"{""geodesic"":false,""type"":""Point"",""coordinates"":[75.41356810183383,20.885830355778875]}"
1769,1.9084958217926846E-4,"{""geodesic"":false,""type"":""Point"",""coordinates"":[75.50339963024578,20.885830355778875]}"
1770,1.98530030496676E-4,"{""geodesic"":false,""type"":""Point"",""coordinates"":[75.68306268706968,20.885830355778875]}"
1771,1.9542632613678797E-4,"{""geodesic"":false,""type"":""Point"",""coordinates"":[75.77289421548164,20.885830355778875]}"
1772,1.8492144352584246E-4,"{""geodesic"":false,""type"":""Point"",""coordinates"":[75.95255727230554,20.885830355778875]}"
1773,1.8848569483792836E-4,"{""geodesic"":false,""type"":""Point"",""coordinates"":[77.30003019848482,20.885830355778875]}"
1774,1.8582556711600705E-4,"{""geodesic"":false,""type"":""Point"",""coordinates"":[77.83901936895654,20.885830355778875]}"
1775,2.0260494946625716E-4,"{""geodesic"":false,""type"":""Point"",""coordinates"":[77.92885089736849,20.885830355778875]}"
1776,2.092194544643898E-4,"{""geodesic"":false,""type"":""Point"",""coordinates"":[78.82716618148801,20.885830355778875]}"
1777,2.2060899506140403E-4,"{""geodesic"":false,""type"":""Point"",""coordinates"":[79.18649229513582,20.885830355778875]}"
1778,2.204287335224084E-4,"{""geodesic"":false,""type"":""Point"",""coordinates"":[79.27632382354777,20.885830355778875]}"
1779,2.1950999372378092E-4,"{""geodesic"":false,""type"":""Point"",""coordinates"":[79.72548146560753,20.885830355778875]}"
1780,2.4086426742651434E-4,"{""geodesic"":false,""type"":""Point"",""coordinates"":[80.44413369290315,20.885830355778875]}"
1781,2.471964846555329E-4,"{""geodesic"":false,""type"":""Point"",""coordinates"":[80.62379674972705,20.885830355778875]}"
1782,2.401575681130105E-4,"{""geodesic"":false,""type"":""Point"",""coordinates"":[80.98312286337486,20.885830355778875]}"
1783,2.3327353657652368E-4,"{""geodesic"":false,""type"":""Point"",""coordinates"":[82.15093273273024,20.885830355778875]}"
1784,2.42447929406381E-4,"{""geodesic"":false,""type"":""Point"",""coordinates"":[82.68992190320195,20.885830355778875]}"
1785,2.628261767470636E-4,"{""geodesic"":false,""type"":""Point"",""coordinates"":[83.58823718732147,20.885830355778875]}"
1786,2.8027037789059235E-4,"{""geodesic"":false,""type"":""Point"",""coordinates"":[84.8458785850888,20.885830355778875]}"
1787,2.7836642277246834E-4,"{""geodesic"":false,""type"":""Point"",""coordinates"":[85.29503622714856,20.885830355778875]}"
1788,2.545344273825782E-4,"{""geodesic"":false,""type"":""Point"",""coordinates"":[85.92385692603223,20.885830355778875]}"
1789,2.1697989613101017E-4,"{""geodesic"":false,""type"":""Point"",""coordinates"":[86.9120037385637,20.885830355778875]}"
1790,1.33344159959959E-4,"{""geodesic"":false,""type"":""Point"",""coordinates"":[70.38300251076451,20.975661884190828]}"
1791,1.6243062952763537E-4,"{""geodesic"":false,""type"":""Point"",""coordinates"":[70.92199168123622,20.975661884190828]}"
1792,1.6068393169760888E-4,"{""geodesic"":false,""type"":""Point"",""coordinates"":[71.55081238011988,20.975661884190828]}"
1793,2.0340699440506244E-4,"{""geodesic"":false,""type"":""Point"",""coordinates"":[72.80845377788721,20.975661884190828]}"
1794,1.7447082360123441E-4,"{""geodesic"":false,""type"":""Point"",""coordinates"":[74.06609517565454,20.975661884190828]}"
1795,1.8058766289307746E-4,"{""geodesic"":false,""type"":""Point"",""coordinates"":[74.51525281771431,20.975661884190828]}"
1796,1.9003845683006982E-4,"{""geodesic"":false,""type"":""Point"",""coordinates"":[75.23390504500992,20.975661884190828]}"
1797,1.8595222857069872E-4,"{""geodesic"":false,""type"":""Point"",""coordinates"":[76.2220518575414,20.975661884190828]}"
1798,1.855957749342669E-4,"{""geodesic"":false,""type"":""Point"",""coordinates"":[76.4017149143653,20.975661884190828]}"
1799,2.0227006446413E-4,"{""geodesic"":false,""type"":""Point"",""coordinates"":[77.21019867007287,20.975661884190828]}"
1800,2.0219825401607353E-4,"{""geodesic"":false,""type"":""Point"",""coordinates"":[77.38986172689677,20.975661884190828]}"
1801,1.9829987543613415E-4,"{""geodesic"":false,""type"":""Point"",""coordinates"":[78.2881770110163,20.975661884190828]}"
1802,2.2591884461708352E-4,"{""geodesic"":false,""type"":""Point"",""coordinates"":[79.00682923831191,20.975661884190828]}"
1803,2.252691131706605E-4,"{""geodesic"":false,""type"":""Point"",""coordinates"":[79.45598688037167,20.975661884190828]}"
1804,2.3458929946574444E-4,"{""geodesic"":false,""type"":""Point"",""coordinates"":[79.81531299401948,20.975661884190828]}"
1805,2.3698332342924366E-4,"{""geodesic"":false,""type"":""Point"",""coordinates"":[79.90514452243143,20.975661884190828]}"
1806,2.351650192145343E-4,"{""geodesic"":false,""type"":""Point"",""coordinates"":[80.44413369290315,20.975661884190828]}"
1807,2.451160899610151E-4,"{""geodesic"":false,""type"":""Point"",""coordinates"":[80.89329133496291,20.975661884190828]}"
1808,2.4156079604662658E-4,"{""geodesic"":false,""type"":""Point"",""coordinates"":[81.16278592019876,20.975661884190828]}"
1809,2.4359006918328434E-4,"{""geodesic"":false,""type"":""Point"",""coordinates"":[81.79160661908243,20.975661884190828]}"
1810,2.4081625523642402E-4,"{""geodesic"":false,""type"":""Point"",""coordinates"":[82.24076426114219,20.975661884190828]}"
1811,2.391689603371806E-4,"{""geodesic"":false,""type"":""Point"",""coordinates"":[82.33059578955414,20.975661884190828]}"
1812,2.4029988350802314E-4,"{""geodesic"":false,""type"":""Point"",""coordinates"":[82.60009037479,20.975661884190828]}"
1813,2.69328935733322E-4,"{""geodesic"":false,""type"":""Point"",""coordinates"":[83.04924801684976,20.975661884190828]}"
1814,2.6514726984896904E-4,"{""geodesic"":false,""type"":""Point"",""coordinates"":[83.49840565890952,20.975661884190828]}"
1815,2.534145611225683E-4,"{""geodesic"":false,""type"":""Point"",""coordinates"":[83.67806871573343,20.975661884190828]}"
1816,2.6655873042610303E-4,"{""geodesic"":false,""type"":""Point"",""coordinates"":[84.8458785850888,20.975661884190828]}"
1817,2.8026663726143057E-4,"{""geodesic"":false,""type"":""Point"",""coordinates"":[84.93571011350076,20.975661884190828]}"
1818,2.441076396231246E-4,"{""geodesic"":false,""type"":""Point"",""coordinates"":[86.37301456809199,20.975661884190828]}"
1819,2.4665531513411106E-4,"{""geodesic"":false,""type"":""Point"",""coordinates"":[86.55267762491589,20.975661884190828]}"
1820,2.322365986079283E-4,"{""geodesic"":false,""type"":""Point"",""coordinates"":[86.7323406817398,20.975661884190828]}"
1821,1.4017496336054345E-4,"{""geodesic"":false,""type"":""Point"",""coordinates"":[70.38300251076451,21.065493412602777]}"
1822,1.432198736714002E-4,"{""geodesic"":false,""type"":""Point"",""coordinates"":[71.10165473806012,21.065493412602777]}"
1823,1.7030403483883557E-4,"{""geodesic"":false,""type"":""Point"",""coordinates"":[71.28131779488403,21.065493412602777]}"
1824,1.9000868447086782E-4,"{""geodesic"":false,""type"":""Point"",""coordinates"":[73.43727447677088,21.065493412602777]}"
1825,1.6837352497304348E-4,"{""geodesic"":false,""type"":""Point"",""coordinates"":[74.3355897608904,21.065493412602777]}"
1826,1.713553513646921E-4,"{""geodesic"":false,""type"":""Point"",""coordinates"":[74.42542128930235,21.065493412602777]}"
1827,1.8843544471771747E-4,"{""geodesic"":false,""type"":""Point"",""coordinates"":[74.87457893136211,21.065493412602777]}"
1828,1.8335404850840296E-4,"{""geodesic"":false,""type"":""Point"",""coordinates"":[75.41356810183383,21.065493412602777]}"
1829,2.0276779988352166E-4,"{""geodesic"":false,""type"":""Point"",""coordinates"":[77.38986172689677,21.065493412602777]}"
1830,1.914919874537503E-4,"{""geodesic"":false,""type"":""Point"",""coordinates"":[77.92885089736849,21.065493412602777]}"
1831,1.9977937784174942E-4,"{""geodesic"":false,""type"":""Point"",""coordinates"":[78.19834548260434,21.065493412602777]}"
1832,2.2535448875042716E-4,"{""geodesic"":false,""type"":""Point"",""coordinates"":[79.09666076672387,21.065493412602777]}"
1833,2.263571675731348E-4,"{""geodesic"":false,""type"":""Point"",""coordinates"":[79.72548146560753,21.065493412602777]}"
1834,2.314298572457009E-4,"{""geodesic"":false,""type"":""Point"",""coordinates"":[79.99497605084339,21.065493412602777]}"
1835,2.2568302056656322E-4,"{""geodesic"":false,""type"":""Point"",""coordinates"":[80.26447063607924,21.065493412602777]}"
1836,2.4328557409138908E-4,"{""geodesic"":false,""type"":""Point"",""coordinates"":[80.3543021644912,21.065493412602777]}"
1837,2.4450723305345374E-4,"{""geodesic"":false,""type"":""Point"",""coordinates"":[81.16278592019876,21.065493412602777]}"
1838,2.454807181951901E-4,"{""geodesic"":false,""type"":""Point"",""coordinates"":[81.34244897702267,21.065493412602777]}"
1839,2.4578599574921577E-4,"{""geodesic"":false,""type"":""Point"",""coordinates"":[83.85773177255733,21.065493412602777]}"
1840,2.567334519549355E-4,"{""geodesic"":false,""type"":""Point"",""coordinates"":[84.03739482938123,21.065493412602777]}"
1841,2.5979864263566874E-4,"{""geodesic"":false,""type"":""Point"",""coordinates"":[84.39672094302904,21.065493412602777]}"
1842,2.6073167845512937E-4,"{""geodesic"":false,""type"":""Point"",""coordinates"":[84.57638399985295,21.065493412602777]}"
1843,2.5750633636632575E-4,"{""geodesic"":false,""type"":""Point"",""coordinates"":[85.56453081238442,21.065493412602777]}"
1844,2.6109776675531084E-4,"{""geodesic"":false,""type"":""Point"",""coordinates"":[86.01368845444418,21.065493412602777]}"
1845,2.673448270244861E-4,"{""geodesic"":false,""type"":""Point"",""coordinates"":[86.19335151126809,21.065493412602777]}"
1846,2.5183797631848296E-4,"{""geodesic"":false,""type"":""Point"",""coordinates"":[86.28318303968004,21.065493412602777]}"
1847,2.513848694539056E-4,"{""geodesic"":false,""type"":""Point"",""coordinates"":[86.46284609650394,21.065493412602777]}"
1848,2.2987691848474253E-4,"{""geodesic"":false,""type"":""Point"",""coordinates"":[86.7323406817398,21.065493412602777]}"
1849,1.1914362889897404E-4,"{""geodesic"":false,""type"":""Point"",""coordinates"":[70.11350792552865,21.15532494101473]}"
1850,1.508255772051408E-4,"{""geodesic"":false,""type"":""Point"",""coordinates"":[70.65249709600036,21.15532494101473]}"
1851,1.5154073016542655E-4,"{""geodesic"":false,""type"":""Point"",""coordinates"":[71.10165473806012,21.15532494101473]}"
1852,1.604727413211162E-4,"{""geodesic"":false,""type"":""Point"",""coordinates"":[71.37114932329598,21.15532494101473]}"
1853,1.5779012877679556E-4,"{""geodesic"":false,""type"":""Point"",""coordinates"":[71.46098085170793,21.15532494101473]}"
1854,1.938770239337398E-4,"{""geodesic"":false,""type"":""Point"",""coordinates"":[73.43727447677088,21.15532494101473]}"
1855,1.7711883344162353E-4,"{""geodesic"":false,""type"":""Point"",""coordinates"":[76.04238880071749,21.15532494101473]}"
1856,1.740112987827747E-4,"{""geodesic"":false,""type"":""Point"",""coordinates"":[76.67120949960116,21.15532494101473]}"
1857,1.7184346474777512E-4,"{""geodesic"":false,""type"":""Point"",""coordinates"":[76.85087255642506,21.15532494101473]}"
1858,1.7225761338977621E-4,"{""geodesic"":false,""type"":""Point"",""coordinates"":[77.03053561324897,21.15532494101473]}"
1859,1.9440546650026358E-4,"{""geodesic"":false,""type"":""Point"",""coordinates"":[77.74918784054458,21.15532494101473]}"
1860,2.185468296587045E-4,"{""geodesic"":false,""type"":""Point"",""coordinates"":[79.09666076672387,21.15532494101473]}"
1861,2.3817240592828457E-4,"{""geodesic"":false,""type"":""Point"",""coordinates"":[80.713628278139,21.15532494101473]}"
1862,2.4787922080944533E-4,"{""geodesic"":false,""type"":""Point"",""coordinates"":[80.80345980655096,21.15532494101473]}"
1863,2.505485754008938E-4,"{""geodesic"":false,""type"":""Point"",""coordinates"":[80.89329133496291,21.15532494101473]}"
1864,2.4811871133535046E-4,"{""geodesic"":false,""type"":""Point"",""coordinates"":[81.16278592019876,21.15532494101473]}"
1865,2.4791398831393817E-4,"{""geodesic"":false,""type"":""Point"",""coordinates"":[81.25261744861072,21.15532494101473]}"
1866,2.3867470889870645E-4,"{""geodesic"":false,""type"":""Point"",""coordinates"":[81.88143814749438,21.15532494101473]}"
1867,2.3136438257430176E-4,"{""geodesic"":false,""type"":""Point"",""coordinates"":[82.33059578955414,21.15532494101473]}"
1868,2.562209444283378E-4,"{""geodesic"":false,""type"":""Point"",""coordinates"":[82.60009037479,21.15532494101473]}"
1869,2.6451440681571895E-4,"{""geodesic"":false,""type"":""Point"",""coordinates"":[83.58823718732147,21.15532494101473]}"
1870,2.607583110137313E-4,"{""geodesic"":false,""type"":""Point"",""coordinates"":[84.48655247144099,21.15532494101473]}"
1871,2.6564543322254004E-4,"{""geodesic"":false,""type"":""Point"",""coordinates"":[84.8458785850888,21.15532494101473]}"
1872,2.6526875966198244E-4,"{""geodesic"":false,""type"":""Point"",""coordinates"":[84.93571011350076,21.15532494101473]}"
1873,2.5560209002940386E-4,"{""geodesic"":false,""type"":""Point"",""coordinates"":[85.29503622714856,21.15532494101473]}"
1874,2.633925585762302E-4,"{""geodesic"":false,""type"":""Point"",""coordinates"":[86.01368845444418,21.15532494101473]}"
1875,2.557574539236646E-4,"{""geodesic"":false,""type"":""Point"",""coordinates"":[86.28318303968004,21.15532494101473]}"
1876,1.2338739080895004E-4,"{""geodesic"":false,""type"":""Point"",""coordinates"":[70.2033394539406,21.245156469426682]}"
1877,1.4342204899018136E-4,"{""geodesic"":false,""type"":""Point"",""coordinates"":[70.65249709600036,21.245156469426682]}"
1878,1.4966364885919808E-4,"{""geodesic"":false,""type"":""Point"",""coordinates"":[71.37114932329598,21.245156469426682]}"
1879,2.0448098631103458E-4,"{""geodesic"":false,""type"":""Point"",""coordinates"":[73.16777989153502,21.245156469426682]}"
1880,1.7556857254832778E-4,"{""geodesic"":false,""type"":""Point"",""coordinates"":[74.3355897608904,21.245156469426682]}"
1881,1.9401901972334798E-4,"{""geodesic"":false,""type"":""Point"",""coordinates"":[74.60508434612626,21.245156469426682]}"
1882,1.858399501530778E-4,"{""geodesic"":false,""type"":""Point"",""coordinates"":[74.96441045977407,21.245156469426682]}"
1883,1.786457560072486E-4,"{""geodesic"":false,""type"":""Point"",""coordinates"":[76.04238880071749,21.245156469426682]}"
1884,1.8030762977705724E-4,"{""geodesic"":false,""type"":""Point"",""coordinates"":[76.4017149143653,21.245156469426682]}"
1885,1.7810382566197668E-4,"{""geodesic"":false,""type"":""Point"",""coordinates"":[76.76104102801311,21.245156469426682]}"
1886,1.7796637852514566E-4,"{""geodesic"":false,""type"":""Point"",""coordinates"":[77.12036714166092,21.245156469426682]}"
1887,1.8255433589657317E-4,"{""geodesic"":false,""type"":""Point"",""coordinates"":[78.01868242578044,21.245156469426682]}"
1888,1.8899092102778596E-4,"{""geodesic"":false,""type"":""Point"",""coordinates"":[78.2881770110163,21.245156469426682]}"
1889,2.2433684871742585E-4,"{""geodesic"":false,""type"":""Point"",""coordinates"":[79.63564993719558,21.245156469426682]}"
1890,2.239762847971792E-4,"{""geodesic"":false,""type"":""Point"",""coordinates"":[80.62379674972705,21.245156469426682]}"
1891,2.519671290457433E-4,"{""geodesic"":false,""type"":""Point"",""coordinates"":[81.88143814749438,21.245156469426682]}"
1892,2.5922275629737903E-4,"{""geodesic"":false,""type"":""Point"",""coordinates"":[82.06110120431829,21.245156469426682]}"
1893,2.4439615892617086E-4,"{""geodesic"":false,""type"":""Point"",""coordinates"":[82.51025884637805,21.245156469426682]}"
1894,2.513365782840889E-4,"{""geodesic"":false,""type"":""Point"",""coordinates"":[82.7797534316139,21.245156469426682]}"
1895,2.72195058428727E-4,"{""geodesic"":false,""type"":""Point"",""coordinates"":[83.22891107367366,21.245156469426682]}"
1896,2.533520268185958E-4,"{""geodesic"":false,""type"":""Point"",""coordinates"":[85.29503622714856,21.245156469426682]}"
1897,2.4422682592626694E-4,"{""geodesic"":false,""type"":""Point"",""coordinates"":[85.56453081238442,21.245156469426682]}"
1898,2.544121057779125E-4,"{""geodesic"":false,""type"":""Point"",""coordinates"":[86.01368845444418,21.245156469426682]}"
1899,2.5141797321050565E-4,"{""geodesic"":false,""type"":""Point"",""coordinates"":[86.19335151126809,21.245156469426682]}"
1900,1.5019636198516315E-4,"{""geodesic"":false,""type"":""Point"",""coordinates"":[71.01182320964817,21.334987997838635]}"
1901,1.675525448624251E-4,"{""geodesic"":false,""type"":""Point"",""coordinates"":[71.55081238011988,21.334987997838635]}"
1902,1.5607781694957523E-4,"{""geodesic"":false,""type"":""Point"",""coordinates"":[71.64064390853184,21.334987997838635]}"
1903,2.1177653154417486E-4,"{""geodesic"":false,""type"":""Point"",""coordinates"":[72.80845377788721,21.334987997838635]}"
1904,1.9207585202506245E-4,"{""geodesic"":false,""type"":""Point"",""coordinates"":[73.88643211883064,21.334987997838635]}"
1905,1.9193570475324565E-4,"{""geodesic"":false,""type"":""Point"",""coordinates"":[74.1559267040665,21.334987997838635]}"
1906,1.8273449398673608E-4,"{""geodesic"":false,""type"":""Point"",""coordinates"":[74.60508434612626,21.334987997838635]}"
1907,1.8600942502002934E-4,"{""geodesic"":false,""type"":""Point"",""coordinates"":[75.86272574389359,21.334987997838635]}"
1908,1.7377284849485363E-4,"{""geodesic"":false,""type"":""Point"",""coordinates"":[76.04238880071749,21.334987997838635]}"
1909,1.8284296073138383E-4,"{""geodesic"":false,""type"":""Point"",""coordinates"":[76.31188338595335,21.334987997838635]}"
1910,1.697090355314636E-4,"{""geodesic"":false,""type"":""Point"",""coordinates"":[77.12036714166092,21.334987997838635]}"
1911,1.8789185918898722E-4,"{""geodesic"":false,""type"":""Point"",""coordinates"":[77.92885089736849,21.334987997838635]}"
1912,2.013201923496099E-4,"{""geodesic"":false,""type"":""Point"",""coordinates"":[78.10851395419239,21.334987997838635]}"
1913,2.019791261020657E-4,"{""geodesic"":false,""type"":""Point"",""coordinates"":[78.19834548260434,21.334987997838635]}"
1914,2.1899997441856512E-4,"{""geodesic"":false,""type"":""Point"",""coordinates"":[78.91699770989996,21.334987997838635]}"
1915,2.1572798560475634E-4,"{""geodesic"":false,""type"":""Point"",""coordinates"":[79.36615535195972,21.334987997838635]}"
1916,2.4669918774684245E-4,"{""geodesic"":false,""type"":""Point"",""coordinates"":[81.79160661908243,21.334987997838635]}"
1917,2.5248230565436987E-4,"{""geodesic"":false,""type"":""Point"",""coordinates"":[83.04924801684976,21.334987997838635]}"
1918,2.519620167069152E-4,"{""geodesic"":false,""type"":""Point"",""coordinates"":[83.22891107367366,21.334987997838635]}"
1919,2.6664985241067724E-4,"{""geodesic"":false,""type"":""Point"",""coordinates"":[83.40857413049757,21.334987997838635]}"
1920,2.4251529319777374E-4,"{""geodesic"":false,""type"":""Point"",""coordinates"":[85.92385692603223,21.334987997838635]}"
1921,1.262322477043949E-4,"{""geodesic"":false,""type"":""Point"",""coordinates"":[70.0236763971167,21.424819526250587]}"
1922,1.6773302080742126E-4,"{""geodesic"":false,""type"":""Point"",""coordinates"":[71.46098085170793,21.424819526250587]}"
1923,1.7382880938828388E-4,"{""geodesic"":false,""type"":""Point"",""coordinates"":[72.17963307900355,21.424819526250587]}"
1924,2.2769327909411078E-4,"{""geodesic"":false,""type"":""Point"",""coordinates"":[72.98811683471112,21.424819526250587]}"
1925,1.9165452964810037E-4,"{""geodesic"":false,""type"":""Point"",""coordinates"":[73.61693753359478,21.424819526250587]}"
1926,1.8468427815030355E-4,"{""geodesic"":false,""type"":""Point"",""coordinates"":[74.06609517565454,21.424819526250587]}"
1927,1.8781560341756256E-4,"{""geodesic"":false,""type"":""Point"",""coordinates"":[74.3355897608904,21.424819526250587]}"
1928,1.9629775796071853E-4,"{""geodesic"":false,""type"":""Point"",""coordinates"":[74.60508434612626,21.424819526250587]}"
1929,1.8972461247269902E-4,"{""geodesic"":false,""type"":""Point"",""coordinates"":[74.78474740295016,21.424819526250587]}"
1930,2.031470090431114E-4,"{""geodesic"":false,""type"":""Point"",""coordinates"":[77.56952478372068,21.424819526250587]}"
1931,1.8200751692723112E-4,"{""geodesic"":false,""type"":""Point"",""coordinates"":[78.19834548260434,21.424819526250587]}"
1932,1.9039149633914943E-4,"{""geodesic"":false,""type"":""Point"",""coordinates"":[78.2881770110163,21.424819526250587]}"
1933,2.086227964097966E-4,"{""geodesic"":false,""type"":""Point"",""coordinates"":[79.36615535195972,21.424819526250587]}"
1934,2.0791447156068846E-4,"{""geodesic"":false,""type"":""Point"",""coordinates"":[79.45598688037167,21.424819526250587]}"
1935,2.2981951595869138E-4,"{""geodesic"":false,""type"":""Point"",""coordinates"":[80.08480757925534,21.424819526250587]}"
1936,2.1212042477882203E-4,"{""geodesic"":false,""type"":""Point"",""coordinates"":[80.5339652213151,21.424819526250587]}"
1937,2.1057173422674776E-4,"{""geodesic"":false,""type"":""Point"",""coordinates"":[80.713628278139,21.424819526250587]}"
1938,2.3610286723613788E-4,"{""geodesic"":false,""type"":""Point"",""coordinates"":[81.43228050543462,21.424819526250587]}"
1939,2.3794485355624174E-4,"{""geodesic"":false,""type"":""Point"",""coordinates"":[81.79160661908243,21.424819526250587]}"
1940,2.466678153379449E-4,"{""geodesic"":false,""type"":""Point"",""coordinates"":[82.24076426114219,21.424819526250587]}"
1941,2.507688357585072E-4,"{""geodesic"":false,""type"":""Point"",""coordinates"":[82.33059578955414,21.424819526250587]}"
1942,2.6477048187751863E-4,"{""geodesic"":false,""type"":""Point"",""coordinates"":[82.60009037479,21.424819526250587]}"
1943,2.6031451643670757E-4,"{""geodesic"":false,""type"":""Point"",""coordinates"":[83.31874260208562,21.424819526250587]}"
1944,2.5799323877787424E-4,"{""geodesic"":false,""type"":""Point"",""coordinates"":[83.40857413049757,21.424819526250587]}"
1945,2.8208913275291653E-4,"{""geodesic"":false,""type"":""Point"",""coordinates"":[84.6662155282649,21.424819526250587]}"
1946,2.7004814186418994E-4,"{""geodesic"":false,""type"":""Point"",""coordinates"":[84.8458785850888,21.424819526250587]}"
1947,2.3349680672179261E-4,"{""geodesic"":false,""type"":""Point"",""coordinates"":[85.47469928397247,21.424819526250587]}"
1948,2.2482275364313576E-4,"{""geodesic"":false,""type"":""Point"",""coordinates"":[85.65436234079637,21.424819526250587]}"
1949,2.3835625113721127E-4,"{""geodesic"":false,""type"":""Point"",""coordinates"":[86.64250915332785,21.424819526250587]}"
1950,2.4060248204995244E-4,"{""geodesic"":false,""type"":""Point"",""coordinates"":[86.82217221015175,21.424819526250587]}"
1951,2.36072659987966E-4,"{""geodesic"":false,""type"":""Point"",""coordinates"":[86.9120037385637,21.424819526250587]}"
1952,1.2360381018181247E-4,"{""geodesic"":false,""type"":""Point"",""coordinates"":[70.2033394539406,21.51465105466254]}"
1953,1.2974685020454517E-4,"{""geodesic"":false,""type"":""Point"",""coordinates"":[70.29317098235255,21.51465105466254]}"
1954,1.5753328451643608E-4,"{""geodesic"":false,""type"":""Point"",""coordinates"":[71.28131779488403,21.51465105466254]}"
1955,1.8062502504355313E-4,"{""geodesic"":false,""type"":""Point"",""coordinates"":[71.99997002217964,21.51465105466254]}"
1956,1.604152943256425E-4,"{""geodesic"":false,""type"":""Point"",""coordinates"":[72.0898015505916,21.51465105466254]}"
1957,2.106885468272272E-4,"{""geodesic"":false,""type"":""Point"",""coordinates"":[73.07794836312307,21.51465105466254]}"
1958,2.077631589738226E-4,"{""geodesic"":false,""type"":""Point"",""coordinates"":[73.25761141994698,21.51465105466254]}"
1959,1.9130138485827687E-4,"{""geodesic"":false,""type"":""Point"",""coordinates"":[74.06609517565454,21.51465105466254]}"
1960,1.8785186786070672E-4,"{""geodesic"":false,""type"":""Point"",""coordinates"":[74.24575823247845,21.51465105466254]}"
1961,1.7732943218359156E-4,"{""geodesic"":false,""type"":""Point"",""coordinates"":[74.78474740295016,21.51465105466254]}"
1962,1.7441836224482316E-4,"{""geodesic"":false,""type"":""Point"",""coordinates"":[75.14407351659797,21.51465105466254]}"
1963,1.7374454933420723E-4,"{""geodesic"":false,""type"":""Point"",""coordinates"":[76.76104102801311,21.51465105466254]}"
1964,2.05566130832941E-4,"{""geodesic"":false,""type"":""Point"",""coordinates"":[80.5339652213151,21.51465105466254]}"
1965,2.1885097180209933E-4,"{""geodesic"":false,""type"":""Point"",""coordinates"":[80.89329133496291,21.51465105466254]}"
1966,2.3429399344315562E-4,"{""geodesic"":false,""type"":""Point"",""coordinates"":[81.07295439178681,21.51465105466254]}"
1967,2.5142071384074994E-4,"{""geodesic"":false,""type"":""Point"",""coordinates"":[81.16278592019876,21.51465105466254]}"
1968,2.3392109052369179E-4,"{""geodesic"":false,""type"":""Point"",""coordinates"":[81.52211203384657,21.51465105466254]}"
1969,2.3435048862250672E-4,"{""geodesic"":false,""type"":""Point"",""coordinates"":[81.79160661908243,21.51465105466254]}"
1970,2.478024576210561E-4,"{""geodesic"":false,""type"":""Point"",""coordinates"":[82.24076426114219,21.51465105466254]}"
1971,2.491276204732413E-4,"{""geodesic"":false,""type"":""Point"",""coordinates"":[82.33059578955414,21.51465105466254]}"
1972,2.47568123643754E-4,"{""geodesic"":false,""type"":""Point"",""coordinates"":[82.4204273179661,21.51465105466254]}"
1973,2.4330369791830548E-4,"{""geodesic"":false,""type"":""Point"",""coordinates"":[84.30688941461709,21.51465105466254]}"
1974,2.377185530851951E-4,"{""geodesic"":false,""type"":""Point"",""coordinates"":[84.39672094302904,21.51465105466254]}"
1975,2.614660864101428E-4,"{""geodesic"":false,""type"":""Point"",""coordinates"":[84.57638399985295,21.51465105466254]}"
1976,2.5252702077110034E-4,"{""geodesic"":false,""type"":""Point"",""coordinates"":[85.11537317032466,21.51465105466254]}"
1977,2.449146481368255E-4,"{""geodesic"":false,""type"":""Point"",""coordinates"":[85.29503622714856,21.51465105466254]}"
1978,2.3071501846714387E-4,"{""geodesic"":false,""type"":""Point"",""coordinates"":[85.92385692603223,21.51465105466254]}"
1979,2.2173970401111987E-4,"{""geodesic"":false,""type"":""Point"",""coordinates"":[86.28318303968004,21.51465105466254]}"
1980,1.2461850725989983E-4,"{""geodesic"":false,""type"":""Point"",""coordinates"":[70.11350792552865,21.604482583074493]}"
1981,1.360589901386074E-4,"{""geodesic"":false,""type"":""Point"",""coordinates"":[70.47283403917646,21.604482583074493]}"
1982,1.7062546160122205E-4,"{""geodesic"":false,""type"":""Point"",""coordinates"":[71.99997002217964,21.604482583074493]}"
1983,1.8278589691629883E-4,"{""geodesic"":false,""type"":""Point"",""coordinates"":[72.71862224947526,21.604482583074493]}"
1984,2.1965890657369775E-4,"{""geodesic"":false,""type"":""Point"",""coordinates"":[73.16777989153502,21.604482583074493]}"
1985,1.8195103793219026E-4,"{""geodesic"":false,""type"":""Point"",""coordinates"":[73.70676906200674,21.604482583074493]}"
1986,1.7356780189126066E-4,"{""geodesic"":false,""type"":""Point"",""coordinates"":[74.60508434612626,21.604482583074493]}"
1987,1.782612452555186E-4,"{""geodesic"":false,""type"":""Point"",""coordinates"":[77.12036714166092,21.604482583074493]}"
1988,1.722099068942722E-4,"{""geodesic"":false,""type"":""Point"",""coordinates"":[77.21019867007287,21.604482583074493]}"
1989,1.787290013999585E-4,"{""geodesic"":false,""type"":""Point"",""coordinates"":[78.55767159625215,21.604482583074493]}"
1990,2.1464772601165004E-4,"{""geodesic"":false,""type"":""Point"",""coordinates"":[80.62379674972705,21.604482583074493]}"
1991,2.0582196625561178E-4,"{""geodesic"":false,""type"":""Point"",""coordinates"":[80.80345980655096,21.604482583074493]}"
1992,2.2732508476574944E-4,"{""geodesic"":false,""type"":""Point"",""coordinates"":[81.07295439178681,21.604482583074493]}"
1993,2.3775229436345365E-4,"{""geodesic"":false,""type"":""Point"",""coordinates"":[82.15093273273024,21.604482583074493]}"
1994,2.559079581124432E-4,"{""geodesic"":false,""type"":""Point"",""coordinates"":[82.60009037479,21.604482583074493]}"
1995,2.6054470329653893E-4,"{""geodesic"":false,""type"":""Point"",""coordinates"":[83.40857413049757,21.604482583074493]}"
1996,2.5133211847401754E-4,"{""geodesic"":false,""type"":""Point"",""coordinates"":[83.49840565890952,21.604482583074493]}"
1997,2.5921509715036965E-4,"{""geodesic"":false,""type"":""Point"",""coordinates"":[83.94756330096928,21.604482583074493]}"
1998,2.447063223605571E-4,"{""geodesic"":false,""type"":""Point"",""coordinates"":[84.93571011350076,21.604482583074493]}"
1999,2.3856857431463826E-4,"{""geodesic"":false,""type"":""Point"",""coordinates"":[85.11537317032466,21.604482583074493]}"
2000,2.2349092136103387E-4,"{""geodesic"":false,""type"":""Point"",""coordinates"":[86.46284609650394,21.604482583074493]}"
2001,2.498121472731522E-4,"{""geodesic"":false,""type"":""Point"",""coordinates"":[86.7323406817398,21.604482583074493]}"
2002,1.7520904659974268E-4,"{""geodesic"":false,""type"":""Point"",""coordinates"":[88.25947666474299,21.604482583074493]}"
2003,1.2301760369883016E-4,"{""geodesic"":false,""type"":""Point"",""coordinates"":[69.84401334029279,21.69431411148644]}"
2004,1.6091747602632082E-4,"{""geodesic"":false,""type"":""Point"",""coordinates"":[71.10165473806012,21.69431411148644]}"
2005,1.5106065997962348E-4,"{""geodesic"":false,""type"":""Point"",""coordinates"":[71.19148626647208,21.69431411148644]}"
2006,1.5363112259742475E-4,"{""geodesic"":false,""type"":""Point"",""coordinates"":[71.64064390853184,21.69431411148644]}"
2007,1.8292291054660016E-4,"{""geodesic"":false,""type"":""Point"",""coordinates"":[72.62879072106331,21.69431411148644]}"
2008,1.971621268876669E-4,"{""geodesic"":false,""type"":""Point"",""coordinates"":[72.98811683471112,21.69431411148644]}"
2009,1.9023977713000662E-4,"{""geodesic"":false,""type"":""Point"",""coordinates"":[73.43727447677088,21.69431411148644]}"
2010,1.8207633811972247E-4,"{""geodesic"":false,""type"":""Point"",""coordinates"":[73.70676906200674,21.69431411148644]}"
2011,1.6807286642557794E-4,"{""geodesic"":false,""type"":""Point"",""coordinates"":[74.06609517565454,21.69431411148644]}"
2012,1.7125354666628308E-4,"{""geodesic"":false,""type"":""Point"",""coordinates"":[74.69491587453821,21.69431411148644]}"
2013,1.6182957792684378E-4,"{""geodesic"":false,""type"":""Point"",""coordinates"":[75.32373657342187,21.69431411148644]}"
2014,1.71877349143741E-4,"{""geodesic"":false,""type"":""Point"",""coordinates"":[76.5813779711892,21.69431411148644]}"
2015,1.6241904181717049E-4,"{""geodesic"":false,""type"":""Point"",""coordinates"":[77.74918784054458,21.69431411148644]}"
2016,1.677235471086305E-4,"{""geodesic"":false,""type"":""Point"",""coordinates"":[77.83901936895654,21.69431411148644]}"
2017,1.7426658057737894E-4,"{""geodesic"":false,""type"":""Point"",""coordinates"":[78.01868242578044,21.69431411148644]}"
2018,1.6620560769898342E-4,"{""geodesic"":false,""type"":""Point"",""coordinates"":[78.10851395419239,21.69431411148644]}"
2019,1.9239034632179307E-4,"{""geodesic"":false,""type"":""Point"",""coordinates"":[79.00682923831191,21.69431411148644]}"
2020,2.1605692422100095E-4,"{""geodesic"":false,""type"":""Point"",""coordinates"":[80.89329133496291,21.69431411148644]}"
2021,2.4035836328402513E-4,"{""geodesic"":false,""type"":""Point"",""coordinates"":[81.16278592019876,21.69431411148644]}"
2022,2.187030946717773E-4,"{""geodesic"":false,""type"":""Point"",""coordinates"":[81.34244897702267,21.69431411148644]}"
2023,2.643816586530995E-4,"{""geodesic"":false,""type"":""Point"",""coordinates"":[83.31874260208562,21.69431411148644]}"
2024,2.592375051721267E-4,"{""geodesic"":false,""type"":""Point"",""coordinates"":[83.49840565890952,21.69431411148644]}"
2025,2.4908469583413977E-4,"{""geodesic"":false,""type"":""Point"",""coordinates"":[84.12722635779319,21.69431411148644]}"
2026,2.4216062525542363E-4,"{""geodesic"":false,""type"":""Point"",""coordinates"":[84.48655247144099,21.69431411148644]}"
2027,2.3159816366332127E-4,"{""geodesic"":false,""type"":""Point"",""coordinates"":[84.8458785850888,21.69431411148644]}"
2028,2.433817473462325E-4,"{""geodesic"":false,""type"":""Point"",""coordinates"":[85.83402539762028,21.69431411148644]}"
2029,1.8732194823863863E-4,"{""geodesic"":false,""type"":""Point"",""coordinates"":[86.19335151126809,21.69431411148644]}"
2030,2.1814181217532494E-4,"{""geodesic"":false,""type"":""Point"",""coordinates"":[86.46284609650394,21.69431411148644]}"
2031,2.368684928857644E-4,"{""geodesic"":false,""type"":""Point"",""coordinates"":[87.00183526697566,21.69431411148644]}"
2032,1.9938960599395923E-4,"{""geodesic"":false,""type"":""Point"",""coordinates"":[87.54082443744737,21.69431411148644]}"
2033,1.987450592315815E-4,"{""geodesic"":false,""type"":""Point"",""coordinates"":[87.63065596585932,21.69431411148644]}"
2034,1.8843459623470572E-4,"{""geodesic"":false,""type"":""Point"",""coordinates"":[88.07981360791908,21.69431411148644]}"
2035,1.7157217247157228E-4,"{""geodesic"":false,""type"":""Point"",""coordinates"":[88.7984658352147,21.69431411148644]}"
2036,1.3757530706052942E-4,"{""geodesic"":false,""type"":""Point"",""coordinates"":[70.29317098235255,21.784145639898394]}"
2037,1.8967807727526134E-4,"{""geodesic"":false,""type"":""Point"",""coordinates"":[72.89828530629917,21.784145639898394]}"
2038,1.9616950308704836E-4,"{""geodesic"":false,""type"":""Point"",""coordinates"":[72.98811683471112,21.784145639898394]}"
2039,1.957337385708467E-4,"{""geodesic"":false,""type"":""Point"",""coordinates"":[73.25761141994698,21.784145639898394]}"
2040,1.7487489965832117E-4,"{""geodesic"":false,""type"":""Point"",""coordinates"":[73.70676906200674,21.784145639898394]}"
2041,1.7574339996077597E-4,"{""geodesic"":false,""type"":""Point"",""coordinates"":[74.24575823247845,21.784145639898394]}"
2042,1.7072583458227586E-4,"{""geodesic"":false,""type"":""Point"",""coordinates"":[75.32373657342187,21.784145639898394]}"
2043,1.6700454218242583E-4,"{""geodesic"":false,""type"":""Point"",""coordinates"":[75.50339963024578,21.784145639898394]}"
2044,1.7659947338375182E-4,"{""geodesic"":false,""type"":""Point"",""coordinates"":[75.95255727230554,21.784145639898394]}"
2045,1.798400109309336E-4,"{""geodesic"":false,""type"":""Point"",""coordinates"":[77.47969325530873,21.784145639898394]}"
2046,1.7103197827183014E-4,"{""geodesic"":false,""type"":""Point"",""coordinates"":[77.74918784054458,21.784145639898394]}"
2047,1.6317001089431545E-4,"{""geodesic"":false,""type"":""Point"",""coordinates"":[78.19834548260434,21.784145639898394]}"
2048,1.8929071455896527E-4,"{""geodesic"":false,""type"":""Point"",""coordinates"":[79.00682923831191,21.784145639898394]}"
2049,2.2822663215605026E-4,"{""geodesic"":false,""type"":""Point"",""coordinates"":[81.34244897702267,21.784145639898394]}"
2050,2.523146287021821E-4,"{""geodesic"":false,""type"":""Point"",""coordinates"":[82.4204273179661,21.784145639898394]}"
2051,2.533684540561693E-4,"{""geodesic"":false,""type"":""Point"",""coordinates"":[83.04924801684976,21.784145639898394]}"
2052,2.674271025537532E-4,"{""geodesic"":false,""type"":""Point"",""coordinates"":[83.67806871573343,21.784145639898394]}"
2053,2.41256462165038E-4,"{""geodesic"":false,""type"":""Point"",""coordinates"":[84.57638399985295,21.784145639898394]}"
2054,2.523700170511768E-4,"{""geodesic"":false,""type"":""Point"",""coordinates"":[84.8458785850888,21.784145639898394]}"
2055,2.520368269634986E-4,"{""geodesic"":false,""type"":""Point"",""coordinates"":[84.93571011350076,21.784145639898394]}"
2056,2.2955974334740387E-4,"{""geodesic"":false,""type"":""Point"",""coordinates"":[85.56453081238442,21.784145639898394]}"
2057,1.9377235619777832E-4,"{""geodesic"":false,""type"":""Point"",""coordinates"":[86.37301456809199,21.784145639898394]}"
2058,2.5024696576375833E-4,"{""geodesic"":false,""type"":""Point"",""coordinates"":[86.64250915332785,21.784145639898394]}"
2059,1.6306638714205787E-4,"{""geodesic"":false,""type"":""Point"",""coordinates"":[88.7984658352147,21.784145639898394]}"
2060,1.5834901206826426E-4,"{""geodesic"":false,""type"":""Point"",""coordinates"":[88.88829736362665,21.784145639898394]}"
2061,1.1417394795389093E-4,"{""geodesic"":false,""type"":""Point"",""coordinates"":[69.75418181188084,21.873977168310347]}"
2062,1.2456332887962626E-4,"{""geodesic"":false,""type"":""Point"",""coordinates"":[70.29317098235255,21.873977168310347]}"
2063,1.7271506210617173E-4,"{""geodesic"":false,""type"":""Point"",""coordinates"":[71.55081238011988,21.873977168310347]}"
2064,1.9497147157270236E-4,"{""geodesic"":false,""type"":""Point"",""coordinates"":[72.89828530629917,21.873977168310347]}"
2065,1.9856441158514135E-4,"{""geodesic"":false,""type"":""Point"",""coordinates"":[72.98811683471112,21.873977168310347]}"
2066,1.8859396326830768E-4,"{""geodesic"":false,""type"":""Point"",""coordinates"":[73.88643211883064,21.873977168310347]}"
2067,1.8159235482817477E-4,"{""geodesic"":false,""type"":""Point"",""coordinates"":[74.06609517565454,21.873977168310347]}"
2068,1.7096277853370244E-4,"{""geodesic"":false,""type"":""Point"",""coordinates"":[74.3355897608904,21.873977168310347]}"
2069,1.808264519672788E-4,"{""geodesic"":false,""type"":""Point"",""coordinates"":[74.78474740295016,21.873977168310347]}"
2070,1.776569630975594E-4,"{""geodesic"":false,""type"":""Point"",""coordinates"":[74.87457893136211,21.873977168310347]}"
2071,1.837246491656437E-4,"{""geodesic"":false,""type"":""Point"",""coordinates"":[75.23390504500992,21.873977168310347]}"
2072,1.8200817870774218E-4,"{""geodesic"":false,""type"":""Point"",""coordinates"":[76.2220518575414,21.873977168310347]}"
2073,1.7768955810832832E-4,"{""geodesic"":false,""type"":""Point"",""coordinates"":[76.4017149143653,21.873977168310347]}"
2074,1.81325517944963E-4,"{""geodesic"":false,""type"":""Point"",""coordinates"":[77.30003019848482,21.873977168310347]}"
2075,1.703895018436463E-4,"{""geodesic"":false,""type"":""Point"",""coordinates"":[78.01868242578044,21.873977168310347]}"
2076,2.1335646375557747E-4,"{""geodesic"":false,""type"":""Point"",""coordinates"":[80.5339652213151,21.873977168310347]}"
2077,2.0683754699088068E-4,"{""geodesic"":false,""type"":""Point"",""coordinates"":[80.62379674972705,21.873977168310347]}"
2078,2.3114841126450875E-4,"{""geodesic"":false,""type"":""Point"",""coordinates"":[81.61194356225853,21.873977168310347]}"
2079,2.4002159316131538E-4,"{""geodesic"":false,""type"":""Point"",""coordinates"":[81.88143814749438,21.873977168310347]}"
2080,2.545526315790624E-4,"{""geodesic"":false,""type"":""Point"",""coordinates"":[82.33059578955414,21.873977168310347]}"
2081,2.682683326393826E-4,"{""geodesic"":false,""type"":""Point"",""coordinates"":[82.95941648843781,21.873977168310347]}"
2082,2.507315695958863E-4,"{""geodesic"":false,""type"":""Point"",""coordinates"":[83.22891107367366,21.873977168310347]}"
2083,2.7128397774561796E-4,"{""geodesic"":false,""type"":""Point"",""coordinates"":[83.40857413049757,21.873977168310347]}"
2084,2.3412952831056627E-4,"{""geodesic"":false,""type"":""Point"",""coordinates"":[84.57638399985295,21.873977168310347]}"
2085,2.3374365365551737E-4,"{""geodesic"":false,""type"":""Point"",""coordinates"":[87.18149832379956,21.873977168310347]}"
2086,2.067808471793397E-4,"{""geodesic"":false,""type"":""Point"",""coordinates"":[87.45099290903542,21.873977168310347]}"
2087,2.1452990470466132E-4,"{""geodesic"":false,""type"":""Point"",""coordinates"":[87.54082443744737,21.873977168310347]}"
2088,1.923356781592911E-4,"{""geodesic"":false,""type"":""Point"",""coordinates"":[88.52897124997884,21.873977168310347]}"
2089,1.7301223347720895E-4,"{""geodesic"":false,""type"":""Point"",""coordinates"":[88.88829736362665,21.873977168310347]}"
2090,1.0566218224658511E-4,"{""geodesic"":false,""type"":""Point"",""coordinates"":[69.21519264140913,21.9638086967223]}"
2091,1.1874077240657196E-4,"{""geodesic"":false,""type"":""Point"",""coordinates"":[69.66435028346889,21.9638086967223]}"
2092,1.4357419077900787E-4,"{""geodesic"":false,""type"":""Point"",""coordinates"":[70.65249709600036,21.9638086967223]}"
2093,1.71388544331546E-4,"{""geodesic"":false,""type"":""Point"",""coordinates"":[70.83216015282427,21.9638086967223]}"
2094,1.5640631862066717E-4,"{""geodesic"":false,""type"":""Point"",""coordinates"":[70.92199168123622,21.9638086967223]}"
2095,1.553744434454983E-4,"{""geodesic"":false,""type"":""Point"",""coordinates"":[71.10165473806012,21.9638086967223]}"
2096,1.9713547955071194E-4,"{""geodesic"":false,""type"":""Point"",""coordinates"":[72.98811683471112,21.9638086967223]}"
2097,1.929773856657249E-4,"{""geodesic"":false,""type"":""Point"",""coordinates"":[73.07794836312307,21.9638086967223]}"
2098,1.8859177368076097E-4,"{""geodesic"":false,""type"":""Point"",""coordinates"":[73.61693753359478,21.9638086967223]}"
2099,1.8958145494110744E-4,"{""geodesic"":false,""type"":""Point"",""coordinates"":[73.97626364724259,21.9638086967223]}"
2100,1.8977675258443957E-4,"{""geodesic"":false,""type"":""Point"",""coordinates"":[74.06609517565454,21.9638086967223]}"
2101,1.799731887053874E-4,"{""geodesic"":false,""type"":""Point"",""coordinates"":[74.42542128930235,21.9638086967223]}"
2102,1.8954708967259845E-4,"{""geodesic"":false,""type"":""Point"",""coordinates"":[75.59323115865773,21.9638086967223]}"
2103,1.8690825159046632E-4,"{""geodesic"":false,""type"":""Point"",""coordinates"":[76.04238880071749,21.9638086967223]}"
2104,1.736343019572212E-4,"{""geodesic"":false,""type"":""Point"",""coordinates"":[76.5813779711892,21.9638086967223]}"
2105,1.7298726269415892E-4,"{""geodesic"":false,""type"":""Point"",""coordinates"":[77.21019867007287,21.9638086967223]}"
2106,1.619175612868315E-4,"{""geodesic"":false,""type"":""Point"",""coordinates"":[77.65935631213263,21.9638086967223]}"
2107,1.6520396916239871E-4,"{""geodesic"":false,""type"":""Point"",""coordinates"":[77.74918784054458,21.9638086967223]}"
2108,1.7557734260149755E-4,"{""geodesic"":false,""type"":""Point"",""coordinates"":[77.92885089736849,21.9638086967223]}"
2109,1.6689021455793945E-4,"{""geodesic"":false,""type"":""Point"",""coordinates"":[78.01868242578044,21.9638086967223]}"
2110,1.6135203465582785E-4,"{""geodesic"":false,""type"":""Point"",""coordinates"":[78.10851395419239,21.9638086967223]}"
2111,1.7866651761396695E-4,"{""geodesic"":false,""type"":""Point"",""coordinates"":[79.27632382354777,21.9638086967223]}"
2112,1.7510815529605276E-4,"{""geodesic"":false,""type"":""Point"",""coordinates"":[79.36615535195972,21.9638086967223]}"
2113,2.061822308003578E-4,"{""geodesic"":false,""type"":""Point"",""coordinates"":[80.26447063607924,21.9638086967223]}"
2114,2.5162282217065665E-4,"{""geodesic"":false,""type"":""Point"",""coordinates"":[82.60009037479,21.9638086967223]}"
2115,2.7098655452722066E-4,"{""geodesic"":false,""type"":""Point"",""coordinates"":[82.7797534316139,21.9638086967223]}"
2116,2.513195041056752E-4,"{""geodesic"":false,""type"":""Point"",""coordinates"":[83.04924801684976,21.9638086967223]}"
2117,2.591062633811428E-4,"{""geodesic"":false,""type"":""Point"",""coordinates"":[83.31874260208562,21.9638086967223]}"
2118,2.67005734316682E-4,"{""geodesic"":false,""type"":""Point"",""coordinates"":[83.67806871573343,21.9638086967223]}"
2119,2.8427303764249826E-4,"{""geodesic"":false,""type"":""Point"",""coordinates"":[83.76790024414538,21.9638086967223]}"
2120,2.682352302507359E-4,"{""geodesic"":false,""type"":""Point"",""coordinates"":[84.12722635779319,21.9638086967223]}"
2121,2.617350250156007E-4,"{""geodesic"":false,""type"":""Point"",""coordinates"":[84.30688941461709,21.9638086967223]}"
2122,2.0982064936602432E-4,"{""geodesic"":false,""type"":""Point"",""coordinates"":[85.20520469873661,21.9638086967223]}"
2123,2.19162569707822E-4,"{""geodesic"":false,""type"":""Point"",""coordinates"":[86.37301456809199,21.9638086967223]}"
2124,2.318551150303694E-4,"{""geodesic"":false,""type"":""Point"",""coordinates"":[86.55267762491589,21.9638086967223]}"
2125,2.324489580305933E-4,"{""geodesic"":false,""type"":""Point"",""coordinates"":[87.27132985221151,21.9638086967223]}"
2126,1.8697895744563015E-4,"{""geodesic"":false,""type"":""Point"",""coordinates"":[88.43913972156689,21.9638086967223]}"
2127,1.855810312932553E-4,"{""geodesic"":false,""type"":""Point"",""coordinates"":[88.52897124997884,21.9638086967223]}"
2128,1.7872144632264254E-4,"{""geodesic"":false,""type"":""Point"",""coordinates"":[88.88829736362665,21.9638086967223]}"
2129,1.764502560690509E-4,"{""geodesic"":false,""type"":""Point"",""coordinates"":[88.9781288920386,21.9638086967223]}"
2130,9.672842380947279E-5,"{""geodesic"":false,""type"":""Point"",""coordinates"":[69.21519264140913,22.053640225134252]}"
2131,1.1965975962361713E-4,"{""geodesic"":false,""type"":""Point"",""coordinates"":[69.66435028346889,22.053640225134252]}"
2132,1.4204527886769888E-4,"{""geodesic"":false,""type"":""Point"",""coordinates"":[70.47283403917646,22.053640225134252]}"
2133,1.5446383310933036E-4,"{""geodesic"":false,""type"":""Point"",""coordinates"":[70.56266556758841,22.053640225134252]}"
2134,1.7576411450604364E-4,"{""geodesic"":false,""type"":""Point"",""coordinates"":[71.46098085170793,22.053640225134252]}"
2135,1.7792383173281218E-4,"{""geodesic"":false,""type"":""Point"",""coordinates"":[71.99997002217964,22.053640225134252]}"
2136,1.810700061508319E-4,"{""geodesic"":false,""type"":""Point"",""coordinates"":[72.0898015505916,22.053640225134252]}"
2137,1.9358111944619077E-4,"{""geodesic"":false,""type"":""Point"",""coordinates"":[72.98811683471112,22.053640225134252]}"
2138,1.8944287683522246E-4,"{""geodesic"":false,""type"":""Point"",""coordinates"":[73.34744294835893,22.053640225134252]}"
2139,1.941029694547094E-4,"{""geodesic"":false,""type"":""Point"",""coordinates"":[73.52710600518283,22.053640225134252]}"
2140,1.9306914784338416E-4,"{""geodesic"":false,""type"":""Point"",""coordinates"":[73.61693753359478,22.053640225134252]}"
2141,1.9740320446929308E-4,"{""geodesic"":false,""type"":""Point"",""coordinates"":[74.3355897608904,22.053640225134252]}"
2142,1.8214973231818975E-4,"{""geodesic"":false,""type"":""Point"",""coordinates"":[74.60508434612626,22.053640225134252]}"
2143,1.7676977041778004E-4,"{""geodesic"":false,""type"":""Point"",""coordinates"":[75.05424198818602,22.053640225134252]}"
2144,1.776303328185588E-4,"{""geodesic"":false,""type"":""Point"",""coordinates"":[75.41356810183383,22.053640225134252]}"
2145,1.7940466931279432E-4,"{""geodesic"":false,""type"":""Point"",""coordinates"":[76.4017149143653,22.053640225134252]}"
2146,1.6854888585706714E-4,"{""geodesic"":false,""type"":""Point"",""coordinates"":[76.76104102801311,22.053640225134252]}"
2147,1.6635585097365092E-4,"{""geodesic"":false,""type"":""Point"",""coordinates"":[77.30003019848482,22.053640225134252]}"
2148,1.69534853838967E-4,"{""geodesic"":false,""type"":""Point"",""coordinates"":[77.56952478372068,22.053640225134252]}"
2149,1.626175991545453E-4,"{""geodesic"":false,""type"":""Point"",""coordinates"":[78.19834548260434,22.053640225134252]}"
2150,1.5840598579484408E-4,"{""geodesic"":false,""type"":""Point"",""coordinates"":[78.37800853942825,22.053640225134252]}"
2151,1.9415560634257343E-4,"{""geodesic"":false,""type"":""Point"",""coordinates"":[79.72548146560753,22.053640225134252]}"
2152,2.2876270996245236E-4,"{""geodesic"":false,""type"":""Point"",""coordinates"":[80.08480757925534,22.053640225134252]}"
2153,1.9316147493379367E-4,"{""geodesic"":false,""type"":""Point"",""coordinates"":[80.89329133496291,22.053640225134252]}"
2154,1.9702244708470705E-4,"{""geodesic"":false,""type"":""Point"",""coordinates"":[80.98312286337486,22.053640225134252]}"
2155,2.2531045715599472E-4,"{""geodesic"":false,""type"":""Point"",""coordinates"":[81.16278592019876,22.053640225134252]}"
2156,2.489690921099794E-4,"{""geodesic"":false,""type"":""Point"",""coordinates"":[82.24076426114219,22.053640225134252]}"
2157,2.675811456468925E-4,"{""geodesic"":false,""type"":""Point"",""coordinates"":[83.49840565890952,22.053640225134252]}"
2158,2.6306300616107925E-4,"{""geodesic"":false,""type"":""Point"",""coordinates"":[83.58823718732147,22.053640225134252]}"
2159,2.771502083856175E-4,"{""geodesic"":false,""type"":""Point"",""coordinates"":[83.67806871573343,22.053640225134252]}"
2160,2.8713759250269613E-4,"{""geodesic"":false,""type"":""Point"",""coordinates"":[83.76790024414538,22.053640225134252]}"
2161,2.719768308083115E-4,"{""geodesic"":false,""type"":""Point"",""coordinates"":[84.12722635779319,22.053640225134252]}"
2162,2.3939970600650914E-4,"{""geodesic"":false,""type"":""Point"",""coordinates"":[84.39672094302904,22.053640225134252]}"
2163,2.065745270807087E-4,"{""geodesic"":false,""type"":""Point"",""coordinates"":[85.29503622714856,22.053640225134252]}"
2164,2.282410541965495E-4,"{""geodesic"":false,""type"":""Point"",""coordinates"":[85.47469928397247,22.053640225134252]}"
2165,2.12696641727288E-4,"{""geodesic"":false,""type"":""Point"",""coordinates"":[85.83402539762028,22.053640225134252]}"
2166,2.013685566591909E-4,"{""geodesic"":false,""type"":""Point"",""coordinates"":[86.01368845444418,22.053640225134252]}"
2167,2.342235692898857E-4,"{""geodesic"":false,""type"":""Point"",""coordinates"":[86.37301456809199,22.053640225134252]}"
2168,2.425618968937796E-4,"{""geodesic"":false,""type"":""Point"",""coordinates"":[86.55267762491589,22.053640225134252]}"
2169,2.357606350108378E-4,"{""geodesic"":false,""type"":""Point"",""coordinates"":[87.00183526697566,22.053640225134252]}"
2170,2.1445505433585695E-4,"{""geodesic"":false,""type"":""Point"",""coordinates"":[87.54082443744737,22.053640225134252]}"
2171,1.958986454439626E-4,"{""geodesic"":false,""type"":""Point"",""coordinates"":[87.98998207950713,22.053640225134252]}"
2172,2.10059771930848E-4,"{""geodesic"":false,""type"":""Point"",""coordinates"":[88.25947666474299,22.053640225134252]}"
2173,1.9434892956332394E-4,"{""geodesic"":false,""type"":""Point"",""coordinates"":[88.70863430680275,22.053640225134252]}"
2174,1.32159338155276E-4,"{""geodesic"":false,""type"":""Point"",""coordinates"":[69.84401334029279,22.143471753546205]}"
2175,1.2900944509197537E-4,"{""geodesic"":false,""type"":""Point"",""coordinates"":[70.11350792552865,22.143471753546205]}"
2176,1.5329668927319167E-4,"{""geodesic"":false,""type"":""Point"",""coordinates"":[70.56266556758841,22.143471753546205]}"
2177,1.5198949206903005E-4,"{""geodesic"":false,""type"":""Point"",""coordinates"":[70.83216015282427,22.143471753546205]}"
2178,1.738827785539877E-4,"{""geodesic"":false,""type"":""Point"",""coordinates"":[71.99997002217964,22.143471753546205]}"
2179,1.7321224199476885E-4,"{""geodesic"":false,""type"":""Point"",""coordinates"":[72.2694646074155,22.143471753546205]}"
2180,1.8669354265912029E-4,"{""geodesic"":false,""type"":""Point"",""coordinates"":[74.06609517565454,22.143471753546205]}"
2181,1.9840924097801438E-4,"{""geodesic"":false,""type"":""Point"",""coordinates"":[74.78474740295016,22.143471753546205]}"
2182,1.7008555661382154E-4,"{""geodesic"":false,""type"":""Point"",""coordinates"":[75.77289421548164,22.143471753546205]}"
2183,1.631103104208754E-4,"{""geodesic"":false,""type"":""Point"",""coordinates"":[76.85087255642506,22.143471753546205]}"
2184,1.5456715180337994E-4,"{""geodesic"":false,""type"":""Point"",""coordinates"":[77.03053561324897,22.143471753546205]}"
2185,1.8672875544244543E-4,"{""geodesic"":false,""type"":""Point"",""coordinates"":[77.92885089736849,22.143471753546205]}"
2186,1.7430494721369777E-4,"{""geodesic"":false,""type"":""Point"",""coordinates"":[78.37800853942825,22.143471753546205]}"
2187,1.6819218460270018E-4,"{""geodesic"":false,""type"":""Point"",""coordinates"":[79.00682923831191,22.143471753546205]}"
2188,1.8892729016444708E-4,"{""geodesic"":false,""type"":""Point"",""coordinates"":[79.72548146560753,22.143471753546205]}"
2189,2.0522229280049077E-4,"{""geodesic"":false,""type"":""Point"",""coordinates"":[80.62379674972705,22.143471753546205]}"
2190,2.5887869648584094E-4,"{""geodesic"":false,""type"":""Point"",""coordinates"":[82.68992190320195,22.143471753546205]}"
2191,2.6612837218217757E-4,"{""geodesic"":false,""type"":""Point"",""coordinates"":[84.03739482938123,22.143471753546205]}"
2192,2.4369320879364146E-4,"{""geodesic"":false,""type"":""Point"",""coordinates"":[84.39672094302904,22.143471753546205]}"
2193,2.3900389226180324E-4,"{""geodesic"":false,""type"":""Point"",""coordinates"":[84.57638399985295,22.143471753546205]}"
2194,2.2416458060160478E-4,"{""geodesic"":false,""type"":""Point"",""coordinates"":[86.46284609650394,22.143471753546205]}"
2195,2.3597797915189317E-4,"{""geodesic"":false,""type"":""Point"",""coordinates"":[86.64250915332785,22.143471753546205]}"
2196,2.235826766114618E-4,"{""geodesic"":false,""type"":""Point"",""coordinates"":[87.18149832379956,22.143471753546205]}"
2197,2.175637514251187E-4,"{""geodesic"":false,""type"":""Point"",""coordinates"":[87.45099290903542,22.143471753546205]}"
2198,2.0230534367741659E-4,"{""geodesic"":false,""type"":""Point"",""coordinates"":[87.63065596585932,22.143471753546205]}"
2199,1.8270581403805248E-4,"{""geodesic"":false,""type"":""Point"",""coordinates"":[88.88829736362665,22.143471753546205]}"
2200,1.779168968247986E-4,"{""geodesic"":false,""type"":""Point"",""coordinates"":[92.84088461375255,22.143471753546205]}"
2201,9.022661031984695E-5,"{""geodesic"":false,""type"":""Point"",""coordinates"":[69.12536111299718,22.233303281958158]}"
2202,1.0568427419039763E-4,"{""geodesic"":false,""type"":""Point"",""coordinates"":[69.39485569823303,22.233303281958158]}"
2203,1.0893343145471422E-4,"{""geodesic"":false,""type"":""Point"",""coordinates"":[69.48468722664498,22.233303281958158]}"
2204,1.2246313621720452E-4,"{""geodesic"":false,""type"":""Point"",""coordinates"":[69.75418181188084,22.233303281958158]}"
2205,1.2764211218144634E-4,"{""geodesic"":false,""type"":""Point"",""coordinates"":[69.84401334029279,22.233303281958158]}"
2206,1.306364313918911E-4,"{""geodesic"":false,""type"":""Point"",""coordinates"":[69.93384486870475,22.233303281958158]}"
2207,1.4766052881984686E-4,"{""geodesic"":false,""type"":""Point"",""coordinates"":[70.38300251076451,22.233303281958158]}"
2208,1.5203630153871127E-4,"{""geodesic"":false,""type"":""Point"",""coordinates"":[70.56266556758841,22.233303281958158]}"
2209,1.5924106248851086E-4,"{""geodesic"":false,""type"":""Point"",""coordinates"":[71.28131779488403,22.233303281958158]}"
2210,1.6797204173523518E-4,"{""geodesic"":false,""type"":""Point"",""coordinates"":[71.64064390853184,22.233303281958158]}"
2211,1.756170827668125E-4,"{""geodesic"":false,""type"":""Point"",""coordinates"":[72.0898015505916,22.233303281958158]}"
2212,1.733177069557849E-4,"{""geodesic"":false,""type"":""Point"",""coordinates"":[72.17963307900355,22.233303281958158]}"
2213,1.8514483368224497E-4,"{""geodesic"":false,""type"":""Point"",""coordinates"":[73.61693753359478,22.233303281958158]}"
2214,1.8897867544113663E-4,"{""geodesic"":false,""type"":""Point"",""coordinates"":[74.69491587453821,22.233303281958158]}"
2215,1.8186248510649732E-4,"{""geodesic"":false,""type"":""Point"",""coordinates"":[75.50339963024578,22.233303281958158]}"
2216,1.7180325072426567E-4,"{""geodesic"":false,""type"":""Point"",""coordinates"":[76.13222032912944,22.233303281958158]}"
2217,1.6950422882219026E-4,"{""geodesic"":false,""type"":""Point"",""coordinates"":[76.4017149143653,22.233303281958158]}"
2218,1.6879949948026105E-4,"{""geodesic"":false,""type"":""Point"",""coordinates"":[76.85087255642506,22.233303281958158]}"
2219,1.6188035644495972E-4,"{""geodesic"":false,""type"":""Point"",""coordinates"":[76.94070408483701,22.233303281958158]}"
2220,1.6286053945660465E-4,"{""geodesic"":false,""type"":""Point"",""coordinates"":[77.12036714166092,22.233303281958158]}"
2221,1.673811489833334E-4,"{""geodesic"":false,""type"":""Point"",""coordinates"":[77.56952478372068,22.233303281958158]}"
2222,1.6690980925297108E-4,"{""geodesic"":false,""type"":""Point"",""coordinates"":[78.73733465307606,22.233303281958158]}"
2223,1.7173615080054455E-4,"{""geodesic"":false,""type"":""Point"",""coordinates"":[79.09666076672387,22.233303281958158]}"
2224,2.0570153080677093E-4,"{""geodesic"":false,""type"":""Point"",""coordinates"":[79.99497605084339,22.233303281958158]}"
2225,1.9797777158648977E-4,"{""geodesic"":false,""type"":""Point"",""coordinates"":[80.5339652213151,22.233303281958158]}"
2226,1.9314540690203513E-4,"{""geodesic"":false,""type"":""Point"",""coordinates"":[80.713628278139,22.233303281958158]}"
2227,2.165541498941746E-4,"{""geodesic"":false,""type"":""Point"",""coordinates"":[81.34244897702267,22.233303281958158]}"
2228,2.2773590793442799E-4,"{""geodesic"":false,""type"":""Point"",""coordinates"":[81.70177509067048,22.233303281958158]}"
2229,2.356797555371966E-4,"{""geodesic"":false,""type"":""Point"",""coordinates"":[81.79160661908243,22.233303281958158]}"
2230,2.387194399547677E-4,"{""geodesic"":false,""type"":""Point"",""coordinates"":[81.88143814749438,22.233303281958158]}"
2231,2.419067381626001E-4,"{""geodesic"":false,""type"":""Point"",""coordinates"":[81.97126967590633,22.233303281958158]}"
2232,2.548542942791744E-4,"{""geodesic"":false,""type"":""Point"",""coordinates"":[82.15093273273024,22.233303281958158]}"
2233,2.6907094540731027E-4,"{""geodesic"":false,""type"":""Point"",""coordinates"":[83.49840565890952,22.233303281958158]}"
2234,2.6300109284384916E-4,"{""geodesic"":false,""type"":""Point"",""coordinates"":[84.03739482938123,22.233303281958158]}"
2235,2.2207934852679025E-4,"{""geodesic"":false,""type"":""Point"",""coordinates"":[85.29503622714856,22.233303281958158]}"
2236,2.321637297354757E-4,"{""geodesic"":false,""type"":""Point"",""coordinates"":[85.74419386920833,22.233303281958158]}"
2237,2.4535782866777343E-4,"{""geodesic"":false,""type"":""Point"",""coordinates"":[86.55267762491589,22.233303281958158]}"
2238,2.341651900263513E-4,"{""geodesic"":false,""type"":""Point"",""coordinates"":[86.9120037385637,22.233303281958158]}"
2239,2.2089974702089934E-4,"{""geodesic"":false,""type"":""Point"",""coordinates"":[88.25947666474299,22.233303281958158]}"
2240,1.6969969177268535E-4,"{""geodesic"":false,""type"":""Point"",""coordinates"":[92.75105308534059,22.233303281958158]}"
2241,1.798411867935968E-4,"{""geodesic"":false,""type"":""Point"",""coordinates"":[92.84088461375255,22.233303281958158]}"
2242,1.4803798346983119E-4,"{""geodesic"":false,""type"":""Point"",""coordinates"":[93.1103791989884,22.233303281958158]}"
2243,1.591326648027893E-4,"{""geodesic"":false,""type"":""Point"",""coordinates"":[71.82030696535574,22.32313481037011]}"
2244,1.7594045417606912E-4,"{""geodesic"":false,""type"":""Point"",""coordinates"":[71.99997002217964,22.32313481037011]}"
2245,1.824991346392351E-4,"{""geodesic"":false,""type"":""Point"",""coordinates"":[72.2694646074155,22.32313481037011]}"
2246,2.0230299036635917E-4,"{""geodesic"":false,""type"":""Point"",""coordinates"":[73.70676906200674,22.32313481037011]}"
2247,1.944074412939681E-4,"{""geodesic"":false,""type"":""Point"",""coordinates"":[73.88643211883064,22.32313481037011]}"
2248,1.8983426596220452E-4,"{""geodesic"":false,""type"":""Point"",""coordinates"":[74.24575823247845,22.32313481037011]}"
2249,1.7089809918877788E-4,"{""geodesic"":false,""type"":""Point"",""coordinates"":[74.87457893136211,22.32313481037011]}"
2250,1.695726611122774E-4,"{""geodesic"":false,""type"":""Point"",""coordinates"":[75.41356810183383,22.32313481037011]}"
2251,1.9000897185615577E-4,"{""geodesic"":false,""type"":""Point"",""coordinates"":[75.86272574389359,22.32313481037011]}"
2252,1.8713906494558885E-4,"{""geodesic"":false,""type"":""Point"",""coordinates"":[76.49154644277725,22.32313481037011]}"
2253,1.765295673491707E-4,"{""geodesic"":false,""type"":""Point"",""coordinates"":[77.47969325530873,22.32313481037011]}"
2254,1.7056554824805868E-4,"{""geodesic"":false,""type"":""Point"",""coordinates"":[77.83901936895654,22.32313481037011]}"
2255,1.6788785783712263E-4,"{""geodesic"":false,""type"":""Point"",""coordinates"":[78.10851395419239,22.32313481037011]}"
2256,1.6105868057951533E-4,"{""geodesic"":false,""type"":""Point"",""coordinates"":[78.37800853942825,22.32313481037011]}"
2257,1.7491618638917767E-4,"{""geodesic"":false,""type"":""Point"",""coordinates"":[79.45598688037167,22.32313481037011]}"
2258,1.815163064197346E-4,"{""geodesic"":false,""type"":""Point"",""coordinates"":[80.62379674972705,22.32313481037011]}"
2259,1.834382685662757E-4,"{""geodesic"":false,""type"":""Point"",""coordinates"":[80.80345980655096,22.32313481037011]}"
2260,2.4940450877182393E-4,"{""geodesic"":false,""type"":""Point"",""coordinates"":[82.4204273179661,22.32313481037011]}"
2261,2.6153394469420653E-4,"{""geodesic"":false,""type"":""Point"",""coordinates"":[82.60009037479,22.32313481037011]}"
2262,2.385265339126516E-4,"{""geodesic"":false,""type"":""Point"",""coordinates"":[82.7797534316139,22.32313481037011]}"
2263,2.3659412751341315E-4,"{""geodesic"":false,""type"":""Point"",""coordinates"":[83.49840565890952,22.32313481037011]}"
2264,2.3351880881626288E-4,"{""geodesic"":false,""type"":""Point"",""coordinates"":[86.01368845444418,22.32313481037011]}"
2265,2.191852674707777E-4,"{""geodesic"":false,""type"":""Point"",""coordinates"":[86.37301456809199,22.32313481037011]}"
2266,2.3019550085934154E-4,"{""geodesic"":false,""type"":""Point"",""coordinates"":[86.46284609650394,22.32313481037011]}"
2267,2.1815377998575286E-4,"{""geodesic"":false,""type"":""Point"",""coordinates"":[87.27132985221151,22.32313481037011]}"
2268,2.228193556841167E-4,"{""geodesic"":false,""type"":""Point"",""coordinates"":[88.16964513633103,22.32313481037011]}"
2269,2.2152582125122084E-4,"{""geodesic"":false,""type"":""Point"",""coordinates"":[88.25947666474299,22.32313481037011]}"
2270,1.8806026106849954E-4,"{""geodesic"":false,""type"":""Point"",""coordinates"":[88.88829736362665,22.32313481037011]}"
2271,1.8808952039737136E-4,"{""geodesic"":false,""type"":""Point"",""coordinates"":[88.9781288920386,22.32313481037011]}"
2272,1.6436539931604846E-4,"{""geodesic"":false,""type"":""Point"",""coordinates"":[93.02054767057645,22.32313481037011]}"
2273,1.3284232762414378E-4,"{""geodesic"":false,""type"":""Point"",""coordinates"":[69.84401334029279,22.41296633878206]}"
2274,1.3565868780214167E-4,"{""geodesic"":false,""type"":""Point"",""coordinates"":[70.11350792552865,22.41296633878206]}"
2275,1.6294772819947268E-4,"{""geodesic"":false,""type"":""Point"",""coordinates"":[71.10165473806012,22.41296633878206]}"
2276,1.58413606043974E-4,"{""geodesic"":false,""type"":""Point"",""coordinates"":[71.28131779488403,22.41296633878206]}"
2277,1.6763575101545595E-4,"{""geodesic"":false,""type"":""Point"",""coordinates"":[71.37114932329598,22.41296633878206]}"
2278,1.627468380025979E-4,"{""geodesic"":false,""type"":""Point"",""coordinates"":[71.46098085170793,22.41296633878206]}"
2279,1.6962865749788086E-4,"{""geodesic"":false,""type"":""Point"",""coordinates"":[71.55081238011988,22.41296633878206]}"
2280,1.6980925124323115E-4,"{""geodesic"":false,""type"":""Point"",""coordinates"":[72.44912766423941,22.41296633878206]}"
2281,2.11597534174004E-4,"{""geodesic"":false,""type"":""Point"",""coordinates"":[73.07794836312307,22.41296633878206]}"
2282,2.2247147999926288E-4,"{""geodesic"":false,""type"":""Point"",""coordinates"":[73.25761141994698,22.41296633878206]}"
2283,1.6778784808609603E-4,"{""geodesic"":false,""type"":""Point"",""coordinates"":[75.59323115865773,22.41296633878206]}"
2284,1.7468125359962987E-4,"{""geodesic"":false,""type"":""Point"",""coordinates"":[75.68306268706968,22.41296633878206]}"
2285,1.9018324858688222E-4,"{""geodesic"":false,""type"":""Point"",""coordinates"":[76.49154644277725,22.41296633878206]}"
2286,1.6332535211453526E-4,"{""geodesic"":false,""type"":""Point"",""coordinates"":[77.56952478372068,22.41296633878206]}"
2287,1.6748003712713442E-4,"{""geodesic"":false,""type"":""Point"",""coordinates"":[77.65935631213263,22.41296633878206]}"
2288,1.7561352579324515E-4,"{""geodesic"":false,""type"":""Point"",""coordinates"":[78.2881770110163,22.41296633878206]}"
2289,1.5187564092491746E-4,"{""geodesic"":false,""type"":""Point"",""coordinates"":[78.73733465307606,22.41296633878206]}"
2290,1.3787584824410774E-4,"{""geodesic"":false,""type"":""Point"",""coordinates"":[78.82716618148801,22.41296633878206]}"
2291,1.6641927463187758E-4,"{""geodesic"":false,""type"":""Point"",""coordinates"":[79.00682923831191,22.41296633878206]}"
2292,1.834763705940535E-4,"{""geodesic"":false,""type"":""Point"",""coordinates"":[79.81531299401948,22.41296633878206]}"
2293,1.9418277375797706E-4,"{""geodesic"":false,""type"":""Point"",""coordinates"":[80.3543021644912,22.41296633878206]}"
2294,1.8398511580601772E-4,"{""geodesic"":false,""type"":""Point"",""coordinates"":[80.5339652213151,22.41296633878206]}"
2295,1.9030737371871997E-4,"{""geodesic"":false,""type"":""Point"",""coordinates"":[80.80345980655096,22.41296633878206]}"
2296,1.9875792293296978E-4,"{""geodesic"":false,""type"":""Point"",""coordinates"":[81.43228050543462,22.41296633878206]}"
2297,2.4186618860245137E-4,"{""geodesic"":false,""type"":""Point"",""coordinates"":[83.40857413049757,22.41296633878206]}"
2298,2.299673143048704E-4,"{""geodesic"":false,""type"":""Point"",""coordinates"":[83.49840565890952,22.41296633878206]}"
2299,2.2213309645540265E-4,"{""geodesic"":false,""type"":""Point"",""coordinates"":[83.67806871573343,22.41296633878206]}"
2300,2.3828950716559943E-4,"{""geodesic"":false,""type"":""Point"",""coordinates"":[83.76790024414538,22.41296633878206]}"
2301,2.451887977184083E-4,"{""geodesic"":false,""type"":""Point"",""coordinates"":[84.48655247144099,22.41296633878206]}"
2302,2.4353057245796796E-4,"{""geodesic"":false,""type"":""Point"",""coordinates"":[84.6662155282649,22.41296633878206]}"
2303,2.326549171066701E-4,"{""geodesic"":false,""type"":""Point"",""coordinates"":[86.55267762491589,22.41296633878206]}"
2304,2.4573997226937436E-4,"{""geodesic"":false,""type"":""Point"",""coordinates"":[86.7323406817398,22.41296633878206]}"
2305,2.2617027927587132E-4,"{""geodesic"":false,""type"":""Point"",""coordinates"":[87.36116138062346,22.41296633878206]}"
2306,2.1443112785878889E-4,"{""geodesic"":false,""type"":""Point"",""coordinates"":[87.54082443744737,22.41296633878206]}"
2307,2.2007040397440433E-4,"{""geodesic"":false,""type"":""Point"",""coordinates"":[87.72048749427127,22.41296633878206]}"
2308,2.278005621545503E-4,"{""geodesic"":false,""type"":""Point"",""coordinates"":[88.43913972156689,22.41296633878206]}"
2309,2.1083938265411558E-4,"{""geodesic"":false,""type"":""Point"",""coordinates"":[88.7984658352147,22.41296633878206]}"
2310,1.9721049380505798E-4,"{""geodesic"":false,""type"":""Point"",""coordinates"":[88.88829736362665,22.41296633878206]}"
2311,1.337329743230996E-4,"{""geodesic"":false,""type"":""Point"",""coordinates"":[70.29317098235255,22.502797867194012]}"
2312,1.4993977547589582E-4,"{""geodesic"":false,""type"":""Point"",""coordinates"":[70.92199168123622,22.502797867194012]}"
2313,1.4713108065934644E-4,"{""geodesic"":false,""type"":""Point"",""coordinates"":[71.10165473806012,22.502797867194012]}"
2314,1.6522013600660558E-4,"{""geodesic"":false,""type"":""Point"",""coordinates"":[71.55081238011988,22.502797867194012]}"
2315,1.666349713499988E-4,"{""geodesic"":false,""type"":""Point"",""coordinates"":[71.91013849376769,22.502797867194012]}"
2316,1.6832231056298835E-4,"{""geodesic"":false,""type"":""Point"",""coordinates"":[72.2694646074155,22.502797867194012]}"
2317,1.6956416611173567E-4,"{""geodesic"":false,""type"":""Point"",""coordinates"":[72.44912766423941,22.502797867194012]}"
2318,1.6867321152563806E-4,"{""geodesic"":false,""type"":""Point"",""coordinates"":[72.53895919265136,22.502797867194012]}"
2319,1.8611128904429296E-4,"{""geodesic"":false,""type"":""Point"",""coordinates"":[73.79660059041869,22.502797867194012]}"
2320,1.770640014438414E-4,"{""geodesic"":false,""type"":""Point"",""coordinates"":[74.69491587453821,22.502797867194012]}"
2321,1.9339020351925813E-4,"{""geodesic"":false,""type"":""Point"",""coordinates"":[76.31188338595335,22.502797867194012]}"
2322,1.9104922234997892E-4,"{""geodesic"":false,""type"":""Point"",""coordinates"":[76.49154644277725,22.502797867194012]}"
2323,1.7893731582076412E-4,"{""geodesic"":false,""type"":""Point"",""coordinates"":[76.76104102801311,22.502797867194012]}"
2324,1.6847129199782423E-4,"{""geodesic"":false,""type"":""Point"",""coordinates"":[77.21019867007287,22.502797867194012]}"
2325,1.7313151922760327E-4,"{""geodesic"":false,""type"":""Point"",""coordinates"":[78.55767159625215,22.502797867194012]}"
2326,1.6418586527824704E-4,"{""geodesic"":false,""type"":""Point"",""coordinates"":[79.27632382354777,22.502797867194012]}"
2327,1.6781805772091596E-4,"{""geodesic"":false,""type"":""Point"",""coordinates"":[79.63564993719558,22.502797867194012]}"
2328,1.8486115559561772E-4,"{""geodesic"":false,""type"":""Point"",""coordinates"":[80.3543021644912,22.502797867194012]}"
2329,1.919522386501688E-4,"{""geodesic"":false,""type"":""Point"",""coordinates"":[80.44413369290315,22.502797867194012]}"
2330,2.466616218849977E-4,"{""geodesic"":false,""type"":""Point"",""coordinates"":[82.60009037479,22.502797867194012]}"
2331,2.3500672435470936E-4,"{""geodesic"":false,""type"":""Point"",""coordinates"":[84.03739482938123,22.502797867194012]}"
2332,2.2783156891988652E-4,"{""geodesic"":false,""type"":""Point"",""coordinates"":[84.30688941461709,22.502797867194012]}"
2333,2.3209981121482975E-4,"{""geodesic"":false,""type"":""Point"",""coordinates"":[84.75604705667685,22.502797867194012]}"
2334,2.313981616695288E-4,"{""geodesic"":false,""type"":""Point"",""coordinates"":[85.29503622714856,22.502797867194012]}"
2335,2.1761234261199612E-4,"{""geodesic"":false,""type"":""Point"",""coordinates"":[85.56453081238442,22.502797867194012]}"
2336,2.200725779413806E-4,"{""geodesic"":false,""type"":""Point"",""coordinates"":[85.92385692603223,22.502797867194012]}"
2337,2.2943149761530583E-4,"{""geodesic"":false,""type"":""Point"",""coordinates"":[86.19335151126809,22.502797867194012]}"
2338,2.3692897903310024E-4,"{""geodesic"":false,""type"":""Point"",""coordinates"":[87.00183526697566,22.502797867194012]}"
2339,1.5000995823219072E-4,"{""geodesic"":false,""type"":""Point"",""coordinates"":[92.84088461375255,22.502797867194012]}"
2340,1.313205686137783E-4,"{""geodesic"":false,""type"":""Point"",""coordinates"":[70.29317098235255,22.592629395605965]}"
2341,1.514135076358192E-4,"{""geodesic"":false,""type"":""Point"",""coordinates"":[70.74232862441231,22.592629395605965]}"
2342,1.7497281541325956E-4,"{""geodesic"":false,""type"":""Point"",""coordinates"":[72.0898015505916,22.592629395605965]}"
2343,1.775707674951567E-4,"{""geodesic"":false,""type"":""Point"",""coordinates"":[72.53895919265136,22.592629395605965]}"
2344,1.7742814420191122E-4,"{""geodesic"":false,""type"":""Point"",""coordinates"":[72.71862224947526,22.592629395605965]}"
2345,1.9361310156559397E-4,"{""geodesic"":false,""type"":""Point"",""coordinates"":[73.43727447677088,22.592629395605965]}"
2346,1.9252034961354494E-4,"{""geodesic"":false,""type"":""Point"",""coordinates"":[73.70676906200674,22.592629395605965]}"
2347,1.941303567105841E-4,"{""geodesic"":false,""type"":""Point"",""coordinates"":[73.79660059041869,22.592629395605965]}"
2348,1.882959343378022E-4,"{""geodesic"":false,""type"":""Point"",""coordinates"":[73.97626364724259,22.592629395605965]}"
2349,1.7761221332383262E-4,"{""geodesic"":false,""type"":""Point"",""coordinates"":[74.24575823247845,22.592629395605965]}"
2350,1.614281511093202E-4,"{""geodesic"":false,""type"":""Point"",""coordinates"":[75.32373657342187,22.592629395605965]}"
2351,1.5310032699752225E-4,"{""geodesic"":false,""type"":""Point"",""coordinates"":[75.50339963024578,22.592629395605965]}"
2352,1.7660056053932886E-4,"{""geodesic"":false,""type"":""Point"",""coordinates"":[75.86272574389359,22.592629395605965]}"
2353,1.9218949072974067E-4,"{""geodesic"":false,""type"":""Point"",""coordinates"":[76.76104102801311,22.592629395605965]}"
2354,1.7345617795285772E-4,"{""geodesic"":false,""type"":""Point"",""coordinates"":[77.30003019848482,22.592629395605965]}"
2355,1.7635031202928054E-4,"{""geodesic"":false,""type"":""Point"",""coordinates"":[77.83901936895654,22.592629395605965]}"
2356,1.7641423680232838E-4,"{""geodesic"":false,""type"":""Point"",""coordinates"":[78.37800853942825,22.592629395605965]}"
2357,1.7953430513884574E-4,"{""geodesic"":false,""type"":""Point"",""coordinates"":[78.73733465307606,22.592629395605965]}"
2358,1.6206999667080078E-4,"{""geodesic"":false,""type"":""Point"",""coordinates"":[79.18649229513582,22.592629395605965]}"
2359,1.6969226711086269E-4,"{""geodesic"":false,""type"":""Point"",""coordinates"":[79.36615535195972,22.592629395605965]}"
2360,1.6624177976283668E-4,"{""geodesic"":false,""type"":""Point"",""coordinates"":[79.81531299401948,22.592629395605965]}"
2361,1.6995362692019865E-4,"{""geodesic"":false,""type"":""Point"",""coordinates"":[79.99497605084339,22.592629395605965]}"
2362,1.705158682284672E-4,"{""geodesic"":false,""type"":""Point"",""coordinates"":[81.52211203384657,22.592629395605965]}"
2363,2.2818266178313798E-4,"{""geodesic"":false,""type"":""Point"",""coordinates"":[82.4204273179661,22.592629395605965]}"
2364,2.3518972654163476E-4,"{""geodesic"":false,""type"":""Point"",""coordinates"":[83.04924801684976,22.592629395605965]}"
2365,2.3436448771372586E-4,"{""geodesic"":false,""type"":""Point"",""coordinates"":[84.12722635779319,22.592629395605965]}"
2366,2.2106868304687925E-4,"{""geodesic"":false,""type"":""Point"",""coordinates"":[84.57638399985295,22.592629395605965]}"
2367,2.3499810003878435E-4,"{""geodesic"":false,""type"":""Point"",""coordinates"":[85.74419386920833,22.592629395605965]}"
2368,2.3652790308759792E-4,"{""geodesic"":false,""type"":""Point"",""coordinates"":[85.83402539762028,22.592629395605965]}"
2369,2.2493008334977907E-4,"{""geodesic"":false,""type"":""Point"",""coordinates"":[85.92385692603223,22.592629395605965]}"
2370,2.3370722621678E-4,"{""geodesic"":false,""type"":""Point"",""coordinates"":[86.01368845444418,22.592629395605965]}"
2371,2.2758329752370815E-4,"{""geodesic"":false,""type"":""Point"",""coordinates"":[86.37301456809199,22.592629395605965]}"
2372,2.2378083776086443E-4,"{""geodesic"":false,""type"":""Point"",""coordinates"":[87.63065596585932,22.592629395605965]}"
2373,2.1242226404862677E-4,"{""geodesic"":false,""type"":""Point"",""coordinates"":[87.72048749427127,22.592629395605965]}"
2374,2.2569863547072038E-4,"{""geodesic"":false,""type"":""Point"",""coordinates"":[88.07981360791908,22.592629395605965]}"
2375,1.770814111237996E-4,"{""geodesic"":false,""type"":""Point"",""coordinates"":[92.75105308534059,22.592629395605965]}"
2376,1.485837424138461E-4,"{""geodesic"":false,""type"":""Point"",""coordinates"":[92.9307161421645,22.592629395605965]}"
2377,1.3493625418999959E-4,"{""geodesic"":false,""type"":""Point"",""coordinates"":[93.02054767057645,22.592629395605965]}"
2378,1.447410880967546E-4,"{""geodesic"":false,""type"":""Point"",""coordinates"":[70.83216015282427,22.682460924017917]}"
2379,1.5303437045620816E-4,"{""geodesic"":false,""type"":""Point"",""coordinates"":[71.01182320964817,22.682460924017917]}"
2380,1.569916719735901E-4,"{""geodesic"":false,""type"":""Point"",""coordinates"":[71.19148626647208,22.682460924017917]}"
2381,1.668042914851116E-4,"{""geodesic"":false,""type"":""Point"",""coordinates"":[71.99997002217964,22.682460924017917]}"
2382,1.898765607678661E-4,"{""geodesic"":false,""type"":""Point"",""coordinates"":[72.71862224947526,22.682460924017917]}"
2383,1.838384338345831E-4,"{""geodesic"":false,""type"":""Point"",""coordinates"":[73.07794836312307,22.682460924017917]}"
2384,1.8501449070878958E-4,"{""geodesic"":false,""type"":""Point"",""coordinates"":[73.16777989153502,22.682460924017917]}"
2385,1.8483271632370834E-4,"{""geodesic"":false,""type"":""Point"",""coordinates"":[73.43727447677088,22.682460924017917]}"
2386,1.919981578982667E-4,"{""geodesic"":false,""type"":""Point"",""coordinates"":[73.52710600518283,22.682460924017917]}"
2387,1.857376498691662E-4,"{""geodesic"":false,""type"":""Point"",""coordinates"":[73.70676906200674,22.682460924017917]}"
2388,1.6409892744046725E-4,"{""geodesic"":false,""type"":""Point"",""coordinates"":[74.78474740295016,22.682460924017917]}"
2389,1.5837129028248824E-4,"{""geodesic"":false,""type"":""Point"",""coordinates"":[74.96441045977407,22.682460924017917]}"
2390,1.5081168065702813E-4,"{""geodesic"":false,""type"":""Point"",""coordinates"":[75.23390504500992,22.682460924017917]}"
2391,1.5717558605808939E-4,"{""geodesic"":false,""type"":""Point"",""coordinates"":[75.32373657342187,22.682460924017917]}"
2392,1.5110366711687135E-4,"{""geodesic"":false,""type"":""Point"",""coordinates"":[75.50339963024578,22.682460924017917]}"
2393,1.7606760183305287E-4,"{""geodesic"":false,""type"":""Point"",""coordinates"":[75.86272574389359,22.682460924017917]}"
2394,1.6755854461872173E-4,"{""geodesic"":false,""type"":""Point"",""coordinates"":[76.31188338595335,22.682460924017917]}"
2395,1.7253609258729885E-4,"{""geodesic"":false,""type"":""Point"",""coordinates"":[76.5813779711892,22.682460924017917]}"
2396,1.6603442469552751E-4,"{""geodesic"":false,""type"":""Point"",""coordinates"":[78.10851395419239,22.682460924017917]}"
2397,1.7071613176218432E-4,"{""geodesic"":false,""type"":""Point"",""coordinates"":[78.37800853942825,22.682460924017917]}"
2398,1.621702903926795E-4,"{""geodesic"":false,""type"":""Point"",""coordinates"":[78.73733465307606,22.682460924017917]}"
2399,1.6365409129194699E-4,"{""geodesic"":false,""type"":""Point"",""coordinates"":[78.82716618148801,22.682460924017917]}"
2400,1.7805732989231344E-4,"{""geodesic"":false,""type"":""Point"",""coordinates"":[79.09666076672387,22.682460924017917]}"
2401,1.6992119001498602E-4,"{""geodesic"":false,""type"":""Point"",""coordinates"":[79.36615535195972,22.682460924017917]}"
2402,1.6950914390327426E-4,"{""geodesic"":false,""type"":""Point"",""coordinates"":[79.99497605084339,22.682460924017917]}"
2403,1.8589270523824584E-4,"{""geodesic"":false,""type"":""Point"",""coordinates"":[80.3543021644912,22.682460924017917]}"
2404,1.8260373997787277E-4,"{""geodesic"":false,""type"":""Point"",""coordinates"":[80.62379674972705,22.682460924017917]}"
2405,1.8548954210045074E-4,"{""geodesic"":false,""type"":""Point"",""coordinates"":[80.89329133496291,22.682460924017917]}"
2406,1.5966322699498996E-4,"{""geodesic"":false,""type"":""Point"",""coordinates"":[81.16278592019876,22.682460924017917]}"
2407,2.2923108810818786E-4,"{""geodesic"":false,""type"":""Point"",""coordinates"":[84.39672094302904,22.682460924017917]}"
2408,2.2928608655754597E-4,"{""geodesic"":false,""type"":""Point"",""coordinates"":[86.64250915332785,22.682460924017917]}"
2409,2.26896568242222E-4,"{""geodesic"":false,""type"":""Point"",""coordinates"":[87.98998207950713,22.682460924017917]}"
2410,2.2962013313026513E-4,"{""geodesic"":false,""type"":""Point"",""coordinates"":[88.52897124997884,22.682460924017917]}"
2411,1.6508421387845625E-4,"{""geodesic"":false,""type"":""Point"",""coordinates"":[92.9307161421645,22.682460924017917]}"
2412,1.1709672967550794E-4,"{""geodesic"":false,""type"":""Point"",""coordinates"":[69.57451875505694,22.77229245242987]}"
2413,1.5549013159205373E-4,"{""geodesic"":false,""type"":""Point"",""coordinates"":[71.19148626647208,22.77229245242987]}"
2414,1.6949345650414758E-4,"{""geodesic"":false,""type"":""Point"",""coordinates"":[71.55081238011988,22.77229245242987]}"
2415,1.79736856683647E-4,"{""geodesic"":false,""type"":""Point"",""coordinates"":[72.35929613582745,22.77229245242987]}"
2416,1.897508362633964E-4,"{""geodesic"":false,""type"":""Point"",""coordinates"":[72.98811683471112,22.77229245242987]}"
2417,1.864870681704148E-4,"{""geodesic"":false,""type"":""Point"",""coordinates"":[73.34744294835893,22.77229245242987]}"
2418,1.562828618737172E-4,"{""geodesic"":false,""type"":""Point"",""coordinates"":[74.78474740295016,22.77229245242987]}"
2419,1.7311467758099715E-4,"{""geodesic"":false,""type"":""Point"",""coordinates"":[77.30003019848482,22.77229245242987]}"
2420,1.72221623295987E-4,"{""geodesic"":false,""type"":""Point"",""coordinates"":[78.10851395419239,22.77229245242987]}"
2421,1.748736961561916E-4,"{""geodesic"":false,""type"":""Point"",""coordinates"":[79.00682923831191,22.77229245242987]}"
2422,1.7311741860382923E-4,"{""geodesic"":false,""type"":""Point"",""coordinates"":[79.45598688037167,22.77229245242987]}"
2423,1.736371281576673E-4,"{""geodesic"":false,""type"":""Point"",""coordinates"":[79.99497605084339,22.77229245242987]}"
2424,1.8047277608035167E-4,"{""geodesic"":false,""type"":""Point"",""coordinates"":[80.08480757925534,22.77229245242987]}"
2425,1.7394886129663205E-4,"{""geodesic"":false,""type"":""Point"",""coordinates"":[80.17463910766729,22.77229245242987]}"
2426,1.776369665440052E-4,"{""geodesic"":false,""type"":""Point"",""coordinates"":[80.3543021644912,22.77229245242987]}"
2427,1.7075811897798618E-4,"{""geodesic"":false,""type"":""Point"",""coordinates"":[80.80345980655096,22.77229245242987]}"
2428,2.0231802574247545E-4,"{""geodesic"":false,""type"":""Point"",""coordinates"":[82.06110120431829,22.77229245242987]}"
2429,2.3131212378586606E-4,"{""geodesic"":false,""type"":""Point"",""coordinates"":[82.68992190320195,22.77229245242987]}"
2430,2.094392516077841E-4,"{""geodesic"":false,""type"":""Point"",""coordinates"":[83.04924801684976,22.77229245242987]}"
2431,2.2566668637933457E-4,"{""geodesic"":false,""type"":""Point"",""coordinates"":[85.11537317032466,22.77229245242987]}"
2432,2.12491173738371E-4,"{""geodesic"":false,""type"":""Point"",""coordinates"":[85.20520469873661,22.77229245242987]}"
2433,2.2028843298485445E-4,"{""geodesic"":false,""type"":""Point"",""coordinates"":[85.47469928397247,22.77229245242987]}"
2434,2.2812178004333293E-4,"{""geodesic"":false,""type"":""Point"",""coordinates"":[86.37301456809199,22.77229245242987]}"
2435,2.356928380699236E-4,"{""geodesic"":false,""type"":""Point"",""coordinates"":[86.64250915332785,22.77229245242987]}"
2436,2.1943817575561172E-4,"{""geodesic"":false,""type"":""Point"",""coordinates"":[87.27132985221151,22.77229245242987]}"
2437,2.181339803780031E-4,"{""geodesic"":false,""type"":""Point"",""coordinates"":[87.54082443744737,22.77229245242987]}"
2438,2.3680731409360506E-4,"{""geodesic"":false,""type"":""Point"",""coordinates"":[88.34930819315494,22.77229245242987]}"
2439,2.4654823568398933E-4,"{""geodesic"":false,""type"":""Point"",""coordinates"":[88.43913972156689,22.77229245242987]}"
2440,1.6307932751505268E-4,"{""geodesic"":false,""type"":""Point"",""coordinates"":[92.57139002851669,22.77229245242987]}"
2441,1.4782486635059788E-4,"{""geodesic"":false,""type"":""Point"",""coordinates"":[71.28131779488403,22.862123980841822]}"
2442,1.5454305568060185E-4,"{""geodesic"":false,""type"":""Point"",""coordinates"":[71.37114932329598,22.862123980841822]}"
2443,1.5640654782020052E-4,"{""geodesic"":false,""type"":""Point"",""coordinates"":[71.46098085170793,22.862123980841822]}"
2444,1.544971305536482E-4,"{""geodesic"":false,""type"":""Point"",""coordinates"":[71.64064390853184,22.862123980841822]}"
2445,1.6604883552765484E-4,"{""geodesic"":false,""type"":""Point"",""coordinates"":[71.91013849376769,22.862123980841822]}"
2446,1.611713171086101E-4,"{""geodesic"":false,""type"":""Point"",""coordinates"":[72.0898015505916,22.862123980841822]}"
2447,1.879077270394644E-4,"{""geodesic"":false,""type"":""Point"",""coordinates"":[72.71862224947526,22.862123980841822]}"
2448,1.751066255716343E-4,"{""geodesic"":false,""type"":""Point"",""coordinates"":[73.34744294835893,22.862123980841822]}"
2449,1.9548069798224746E-4,"{""geodesic"":false,""type"":""Point"",""coordinates"":[73.61693753359478,22.862123980841822]}"
2450,1.5351344181999967E-4,"{""geodesic"":false,""type"":""Point"",""coordinates"":[75.14407351659797,22.862123980841822]}"
2451,1.6645228991776572E-4,"{""geodesic"":false,""type"":""Point"",""coordinates"":[75.77289421548164,22.862123980841822]}"
2452,1.8131553788198725E-4,"{""geodesic"":false,""type"":""Point"",""coordinates"":[76.5813779711892,22.862123980841822]}"
2453,1.9092380941032367E-4,"{""geodesic"":false,""type"":""Point"",""coordinates"":[76.94070408483701,22.862123980841822]}"
2454,2.013854684889939E-4,"{""geodesic"":false,""type"":""Point"",""coordinates"":[80.26447063607924,22.862123980841822]}"
2455,2.0873312996507408E-4,"{""geodesic"":false,""type"":""Point"",""coordinates"":[82.06110120431829,22.862123980841822]}"
2456,2.1172328101055885E-4,"{""geodesic"":false,""type"":""Point"",""coordinates"":[82.24076426114219,22.862123980841822]}"
2457,2.1624699908211694E-4,"{""geodesic"":false,""type"":""Point"",""coordinates"":[84.39672094302904,22.862123980841822]}"
2458,2.219987840209237E-4,"{""geodesic"":false,""type"":""Point"",""coordinates"":[85.92385692603223,22.862123980841822]}"
2459,2.2446073272773415E-4,"{""geodesic"":false,""type"":""Point"",""coordinates"":[86.46284609650394,22.862123980841822]}"
2460,2.3582316360696906E-4,"{""geodesic"":false,""type"":""Point"",""coordinates"":[87.00183526697566,22.862123980841822]}"
2461,2.3047577458926952E-4,"{""geodesic"":false,""type"":""Point"",""coordinates"":[87.09166679538761,22.862123980841822]}"
2462,2.237730164240294E-4,"{""geodesic"":false,""type"":""Point"",""coordinates"":[87.27132985221151,22.862123980841822]}"
2463,2.2062776607285802E-4,"{""geodesic"":false,""type"":""Point"",""coordinates"":[87.63065596585932,22.862123980841822]}"
2464,2.1209161001279928E-4,"{""geodesic"":false,""type"":""Point"",""coordinates"":[87.72048749427127,22.862123980841822]}"
2465,2.3860738865519535E-4,"{""geodesic"":false,""type"":""Point"",""coordinates"":[88.34930819315494,22.862123980841822]}"
2466,2.3432430291098213E-4,"{""geodesic"":false,""type"":""Point"",""coordinates"":[88.43913972156689,22.862123980841822]}"
2467,2.3417302466735207E-4,"{""geodesic"":false,""type"":""Point"",""coordinates"":[88.61880277839079,22.862123980841822]}"
2468,2.2636132182067244E-4,"{""geodesic"":false,""type"":""Point"",""coordinates"":[88.70863430680275,22.862123980841822]}"
2469,9.658494480857236E-5,"{""geodesic"":false,""type"":""Point"",""coordinates"":[69.03552958458522,22.951955509253775]}"
2470,1.1179112807102105E-4,"{""geodesic"":false,""type"":""Point"",""coordinates"":[69.30502416982108,22.951955509253775]}"
2471,1.2049374326421629E-4,"{""geodesic"":false,""type"":""Point"",""coordinates"":[69.39485569823303,22.951955509253775]}"
2472,1.5221876867824836E-4,"{""geodesic"":false,""type"":""Point"",""coordinates"":[71.46098085170793,22.951955509253775]}"
2473,1.5280665295239052E-4,"{""geodesic"":false,""type"":""Point"",""coordinates"":[71.64064390853184,22.951955509253775]}"
2474,1.6560829112067577E-4,"{""geodesic"":false,""type"":""Point"",""coordinates"":[71.82030696535574,22.951955509253775]}"
2475,1.9525358170622095E-4,"{""geodesic"":false,""type"":""Point"",""coordinates"":[72.80845377788721,22.951955509253775]}"
2476,1.8602862583487172E-4,"{""geodesic"":false,""type"":""Point"",""coordinates"":[73.16777989153502,22.951955509253775]}"
2477,1.8395669909104342E-4,"{""geodesic"":false,""type"":""Point"",""coordinates"":[73.88643211883064,22.951955509253775]}"
2478,1.7997971628553092E-4,"{""geodesic"":false,""type"":""Point"",""coordinates"":[74.06609517565454,22.951955509253775]}"
2479,1.6904484723277157E-4,"{""geodesic"":false,""type"":""Point"",""coordinates"":[74.42542128930235,22.951955509253775]}"
2480,1.6632921568491372E-4,"{""geodesic"":false,""type"":""Point"",""coordinates"":[74.87457893136211,22.951955509253775]}"
2481,1.6174576704802184E-4,"{""geodesic"":false,""type"":""Point"",""coordinates"":[75.32373657342187,22.951955509253775]}"
2482,1.490099864207819E-4,"{""geodesic"":false,""type"":""Point"",""coordinates"":[75.68306268706968,22.951955509253775]}"
2483,1.5570588366343443E-4,"{""geodesic"":false,""type"":""Point"",""coordinates"":[75.86272574389359,22.951955509253775]}"
2484,1.7309442623916917E-4,"{""geodesic"":false,""type"":""Point"",""coordinates"":[77.03053561324897,22.951955509253775]}"
2485,1.876168923638281E-4,"{""geodesic"":false,""type"":""Point"",""coordinates"":[77.30003019848482,22.951955509253775]}"
2486,1.9191386462256784E-4,"{""geodesic"":false,""type"":""Point"",""coordinates"":[77.38986172689677,22.951955509253775]}"
2487,1.6371101000019696E-4,"{""geodesic"":false,""type"":""Point"",""coordinates"":[78.10851395419239,22.951955509253775]}"
2488,1.6602110603908206E-4,"{""geodesic"":false,""type"":""Point"",""coordinates"":[78.82716618148801,22.951955509253775]}"
2489,1.6446498765275612E-4,"{""geodesic"":false,""type"":""Point"",""coordinates"":[79.54581840878363,22.951955509253775]}"
2490,1.9128931118933865E-4,"{""geodesic"":false,""type"":""Point"",""coordinates"":[80.17463910766729,22.951955509253775]}"
2491,1.7587659356775378E-4,"{""geodesic"":false,""type"":""Point"",""coordinates"":[81.43228050543462,22.951955509253775]}"
2492,2.1835780128557608E-4,"{""geodesic"":false,""type"":""Point"",""coordinates"":[81.88143814749438,22.951955509253775]}"
2493,2.1710258459747053E-4,"{""geodesic"":false,""type"":""Point"",""coordinates"":[82.15093273273024,22.951955509253775]}"
2494,2.0021523637232293E-4,"{""geodesic"":false,""type"":""Point"",""coordinates"":[82.7797534316139,22.951955509253775]}"
2495,1.942203220472247E-4,"{""geodesic"":false,""type"":""Point"",""coordinates"":[83.58823718732147,22.951955509253775]}"
2496,2.0866297758343117E-4,"{""geodesic"":false,""type"":""Point"",""coordinates"":[83.85773177255733,22.951955509253775]}"
2497,2.0900315589916234E-4,"{""geodesic"":false,""type"":""Point"",""coordinates"":[83.94756330096928,22.951955509253775]}"
2498,2.1047792124172625E-4,"{""geodesic"":false,""type"":""Point"",""coordinates"":[84.57638399985295,22.951955509253775]}"
2499,2.0849193033341167E-4,"{""geodesic"":false,""type"":""Point"",""coordinates"":[85.38486775556052,22.951955509253775]}"
2500,2.1929151289022116E-4,"{""geodesic"":false,""type"":""Point"",""coordinates"":[85.74419386920833,22.951955509253775]}"
2501,2.2562836447363816E-4,"{""geodesic"":false,""type"":""Point"",""coordinates"":[86.01368845444418,22.951955509253775]}"
2502,2.2489744601788547E-4,"{""geodesic"":false,""type"":""Point"",""coordinates"":[86.19335151126809,22.951955509253775]}"
2503,2.309010530677401E-4,"{""geodesic"":false,""type"":""Point"",""coordinates"":[86.28318303968004,22.951955509253775]}"
2504,2.1999636408825575E-4,"{""geodesic"":false,""type"":""Point"",""coordinates"":[86.37301456809199,22.951955509253775]}"
2505,2.213045995134817E-4,"{""geodesic"":false,""type"":""Point"",""coordinates"":[87.81031902268322,22.951955509253775]}"
2506,2.1998210182924227E-4,"{""geodesic"":false,""type"":""Point"",""coordinates"":[87.90015055109518,22.951955509253775]}"
2507,2.4630873682287863E-4,"{""geodesic"":false,""type"":""Point"",""coordinates"":[88.34930819315494,22.951955509253775]}"
2508,1.5289757052828616E-4,"{""geodesic"":false,""type"":""Point"",""coordinates"":[92.75105308534059,22.951955509253775]}"
2509,1.6263973595776734E-4,"{""geodesic"":false,""type"":""Point"",""coordinates"":[92.9307161421645,22.951955509253775]}"
2510,1.2525904406756876E-4,"{""geodesic"":false,""type"":""Point"",""coordinates"":[69.66435028346889,23.041787037665724]}"
2511,1.401355865405436E-4,"{""geodesic"":false,""type"":""Point"",""coordinates"":[71.01182320964817,23.041787037665724]}"
2512,1.4435619400666007E-4,"{""geodesic"":false,""type"":""Point"",""coordinates"":[71.28131779488403,23.041787037665724]}"
2513,1.435518279940263E-4,"{""geodesic"":false,""type"":""Point"",""coordinates"":[71.37114932329598,23.041787037665724]}"
2514,1.4885218767943066E-4,"{""geodesic"":false,""type"":""Point"",""coordinates"":[71.55081238011988,23.041787037665724]}"
2515,1.5077414270090356E-4,"{""geodesic"":false,""type"":""Point"",""coordinates"":[71.73047543694379,23.041787037665724]}"
2516,1.587180259890733E-4,"{""geodesic"":false,""type"":""Point"",""coordinates"":[71.91013849376769,23.041787037665724]}"
2517,1.87454963761872E-4,"{""geodesic"":false,""type"":""Point"",""coordinates"":[72.44912766423941,23.041787037665724]}"
2518,1.9988210428228303E-4,"{""geodesic"":false,""type"":""Point"",""coordinates"":[72.62879072106331,23.041787037665724]}"
2519,2.0537062832194392E-4,"{""geodesic"":false,""type"":""Point"",""coordinates"":[72.71862224947526,23.041787037665724]}"
2520,1.8066891467512087E-4,"{""geodesic"":false,""type"":""Point"",""coordinates"":[73.88643211883064,23.041787037665724]}"
2521,1.5376565032338004E-4,"{""geodesic"":false,""type"":""Point"",""coordinates"":[75.32373657342187,23.041787037665724]}"
2522,1.5386032208685878E-4,"{""geodesic"":false,""type"":""Point"",""coordinates"":[75.50339963024578,23.041787037665724]}"
2523,1.6977414750637566E-4,"{""geodesic"":false,""type"":""Point"",""coordinates"":[78.19834548260434,23.041787037665724]}"
2524,1.5668456490181828E-4,"{""geodesic"":false,""type"":""Point"",""coordinates"":[78.55767159625215,23.041787037665724]}"
2525,1.6417052574065595E-4,"{""geodesic"":false,""type"":""Point"",""coordinates"":[79.00682923831191,23.041787037665724]}"
2526,1.8429627730955536E-4,"{""geodesic"":false,""type"":""Point"",""coordinates"":[80.17463910766729,23.041787037665724]}"
2527,1.7610017783778085E-4,"{""geodesic"":false,""type"":""Point"",""coordinates"":[80.62379674972705,23.041787037665724]}"
2528,1.6790561172975898E-4,"{""geodesic"":false,""type"":""Point"",""coordinates"":[81.07295439178681,23.041787037665724]}"
2529,2.095008953560948E-4,"{""geodesic"":false,""type"":""Point"",""coordinates"":[82.68992190320195,23.041787037665724]}"
2530,2.041228943835615E-4,"{""geodesic"":false,""type"":""Point"",""coordinates"":[83.04924801684976,23.041787037665724]}"
2531,1.9016172703151615E-4,"{""geodesic"":false,""type"":""Point"",""coordinates"":[83.40857413049757,23.041787037665724]}"
2532,1.7990619023975572E-4,"{""geodesic"":false,""type"":""Point"",""coordinates"":[83.49840565890952,23.041787037665724]}"
2533,2.1228784658843634E-4,"{""geodesic"":false,""type"":""Point"",""coordinates"":[84.6662155282649,23.041787037665724]}"
2534,2.3932421746442008E-4,"{""geodesic"":false,""type"":""Point"",""coordinates"":[85.65436234079637,23.041787037665724]}"
2535,2.3405002603885878E-4,"{""geodesic"":false,""type"":""Point"",""coordinates"":[86.01368845444418,23.041787037665724]}"
2536,2.2548251470739546E-4,"{""geodesic"":false,""type"":""Point"",""coordinates"":[86.19335151126809,23.041787037665724]}"
2537,2.266612631886349E-4,"{""geodesic"":false,""type"":""Point"",""coordinates"":[86.55267762491589,23.041787037665724]}"
2538,2.229635722352037E-4,"{""geodesic"":false,""type"":""Point"",""coordinates"":[87.54082443744737,23.041787037665724]}"
2539,2.1810736386622674E-4,"{""geodesic"":false,""type"":""Point"",""coordinates"":[88.07981360791908,23.041787037665724]}"
2540,1.4410057101339602E-4,"{""geodesic"":false,""type"":""Point"",""coordinates"":[93.02054767057645,23.041787037665724]}"
2541,8.582001817141148E-5,"{""geodesic"":false,""type"":""Point"",""coordinates"":[68.94569805617327,23.131618566077677]}"
2542,9.05554999722998E-5,"{""geodesic"":false,""type"":""Point"",""coordinates"":[69.03552958458522,23.131618566077677]}"
2543,1.1242688014428777E-4,"{""geodesic"":false,""type"":""Point"",""coordinates"":[69.48468722664498,23.131618566077677]}"
2544,1.3285340942773225E-4,"{""geodesic"":false,""type"":""Point"",""coordinates"":[71.01182320964817,23.131618566077677]}"
2545,1.4393948761481711E-4,"{""geodesic"":false,""type"":""Point"",""coordinates"":[71.73047543694379,23.131618566077677]}"
2546,1.6387099917579428E-4,"{""geodesic"":false,""type"":""Point"",""coordinates"":[71.91013849376769,23.131618566077677]}"
2547,1.7092407797378978E-4,"{""geodesic"":false,""type"":""Point"",""coordinates"":[73.34744294835893,23.131618566077677]}"
2548,1.794259826637491E-4,"{""geodesic"":false,""type"":""Point"",""coordinates"":[73.88643211883064,23.131618566077677]}"
2549,1.6546166003418268E-4,"{""geodesic"":false,""type"":""Point"",""coordinates"":[74.1559267040665,23.131618566077677]}"
2550,1.5040739163815436E-4,"{""geodesic"":false,""type"":""Point"",""coordinates"":[74.96441045977407,23.131618566077677]}"
2551,1.5648059639518104E-4,"{""geodesic"":false,""type"":""Point"",""coordinates"":[76.85087255642506,23.131618566077677]}"
2552,1.6409320843779472E-4,"{""geodesic"":false,""type"":""Point"",""coordinates"":[77.03053561324897,23.131618566077677]}"
2553,1.6879439518310908E-4,"{""geodesic"":false,""type"":""Point"",""coordinates"":[77.65935631213263,23.131618566077677]}"
2554,1.7536771066793913E-4,"{""geodesic"":false,""type"":""Point"",""coordinates"":[77.92885089736849,23.131618566077677]}"
2555,1.6655738138805456E-4,"{""geodesic"":false,""type"":""Point"",""coordinates"":[79.09666076672387,23.131618566077677]}"
2556,1.833123451478334E-4,"{""geodesic"":false,""type"":""Point"",""coordinates"":[79.99497605084339,23.131618566077677]}"
2557,1.8071022516191428E-4,"{""geodesic"":false,""type"":""Point"",""coordinates"":[81.16278592019876,23.131618566077677]}"
2558,1.7705331232701062E-4,"{""geodesic"":false,""type"":""Point"",""coordinates"":[81.25261744861072,23.131618566077677]}"
2559,2.058692018143407E-4,"{""geodesic"":false,""type"":""Point"",""coordinates"":[82.24076426114219,23.131618566077677]}"
2560,1.980454888965343E-4,"{""geodesic"":false,""type"":""Point"",""coordinates"":[82.95941648843781,23.131618566077677]}"
2561,2.0437319458318793E-4,"{""geodesic"":false,""type"":""Point"",""coordinates"":[83.04924801684976,23.131618566077677]}"
2562,1.7698898207009486E-4,"{""geodesic"":false,""type"":""Point"",""coordinates"":[84.21705788620514,23.131618566077677]}"
2563,1.891264562787823E-4,"{""geodesic"":false,""type"":""Point"",""coordinates"":[85.11537317032466,23.131618566077677]}"
2564,2.3340105288794467E-4,"{""geodesic"":false,""type"":""Point"",""coordinates"":[85.83402539762028,23.131618566077677]}"
2565,2.3155925812222184E-4,"{""geodesic"":false,""type"":""Point"",""coordinates"":[85.92385692603223,23.131618566077677]}"
2566,2.257411227306672E-4,"{""geodesic"":false,""type"":""Point"",""coordinates"":[86.01368845444418,23.131618566077677]}"
2567,2.2118589009836686E-4,"{""geodesic"":false,""type"":""Point"",""coordinates"":[86.64250915332785,23.131618566077677]}"
2568,2.1942377376219844E-4,"{""geodesic"":false,""type"":""Point"",""coordinates"":[88.70863430680275,23.131618566077677]}"
2569,1.4458304841700372E-4,"{""geodesic"":false,""type"":""Point"",""coordinates"":[93.20021072740035,23.131618566077677]}"
2570,1.3641715881969668E-4,"{""geodesic"":false,""type"":""Point"",""coordinates"":[93.29004225581231,23.131618566077677]}"
2571,9.470399341510459E-5,"{""geodesic"":false,""type"":""Point"",""coordinates"":[68.58637194252546,23.22145009448963]}"
2572,1.026389074230538E-4,"{""geodesic"":false,""type"":""Point"",""coordinates"":[69.30502416982108,23.22145009448963]}"
2573,1.1260223762209769E-4,"{""geodesic"":false,""type"":""Point"",""coordinates"":[69.39485569823303,23.22145009448963]}"
2574,1.2217905878255793E-4,"{""geodesic"":false,""type"":""Point"",""coordinates"":[71.55081238011988,23.22145009448963]}"
2575,1.6724974277532178E-4,"{""geodesic"":false,""type"":""Point"",""coordinates"":[73.61693753359478,23.22145009448963]}"
2576,1.804835412695987E-4,"{""geodesic"":false,""type"":""Point"",""coordinates"":[74.42542128930235,23.22145009448963]}"
2577,1.5508506326804E-4,"{""geodesic"":false,""type"":""Point"",""coordinates"":[75.32373657342187,23.22145009448963]}"
2578,1.5608704354810066E-4,"{""geodesic"":false,""type"":""Point"",""coordinates"":[75.59323115865773,23.22145009448963]}"
2579,1.7894339134982436E-4,"{""geodesic"":false,""type"":""Point"",""coordinates"":[77.30003019848482,23.22145009448963]}"
2580,1.6964341163096673E-4,"{""geodesic"":false,""type"":""Point"",""coordinates"":[77.65935631213263,23.22145009448963]}"
2581,1.7090054777739867E-4,"{""geodesic"":false,""type"":""Point"",""coordinates"":[77.74918784054458,23.22145009448963]}"
2582,1.771929472643903E-4,"{""geodesic"":false,""type"":""Point"",""coordinates"":[79.18649229513582,23.22145009448963]}"
2583,1.813712950778638E-4,"{""geodesic"":false,""type"":""Point"",""coordinates"":[79.27632382354777,23.22145009448963]}"
2584,1.757783281668982E-4,"{""geodesic"":false,""type"":""Point"",""coordinates"":[80.44413369290315,23.22145009448963]}"
2585,1.795442733074866E-4,"{""geodesic"":false,""type"":""Point"",""coordinates"":[80.5339652213151,23.22145009448963]}"
2586,1.9359807628593784E-4,"{""geodesic"":false,""type"":""Point"",""coordinates"":[81.97126967590633,23.22145009448963]}"
2587,2.0296166415533724E-4,"{""geodesic"":false,""type"":""Point"",""coordinates"":[82.33059578955414,23.22145009448963]}"
2588,1.880455465905012E-4,"{""geodesic"":false,""type"":""Point"",""coordinates"":[82.68992190320195,23.22145009448963]}"
2589,1.9378433255263114E-4,"{""geodesic"":false,""type"":""Point"",""coordinates"":[82.86958496002586,23.22145009448963]}"
2590,1.8816012056755503E-4,"{""geodesic"":false,""type"":""Point"",""coordinates"":[82.95941648843781,23.22145009448963]}"
2591,1.696135115080666E-4,"{""geodesic"":false,""type"":""Point"",""coordinates"":[83.85773177255733,23.22145009448963]}"
2592,1.7170496151059766E-4,"{""geodesic"":false,""type"":""Point"",""coordinates"":[83.94756330096928,23.22145009448963]}"
2593,1.8248604347607413E-4,"{""geodesic"":false,""type"":""Point"",""coordinates"":[84.03739482938123,23.22145009448963]}"
2594,1.84763334545948E-4,"{""geodesic"":false,""type"":""Point"",""coordinates"":[84.12722635779319,23.22145009448963]}"
2595,1.9656912838910125E-4,"{""geodesic"":false,""type"":""Point"",""coordinates"":[85.29503622714856,23.22145009448963]}"
2596,2.2328485070783168E-4,"{""geodesic"":false,""type"":""Point"",""coordinates"":[85.56453081238442,23.22145009448963]}"
2597,2.3498924385557515E-4,"{""geodesic"":false,""type"":""Point"",""coordinates"":[85.65436234079637,23.22145009448963]}"
2598,2.177411410400688E-4,"{""geodesic"":false,""type"":""Point"",""coordinates"":[88.34930819315494,23.22145009448963]}"
2599,1.78087783310897E-4,"{""geodesic"":false,""type"":""Point"",""coordinates"":[91.49341168757326,23.22145009448963]}"
2600,1.7854330541868684E-4,"{""geodesic"":false,""type"":""Point"",""coordinates"":[91.76290627280912,23.22145009448963]}"
2601,1.456128040523172E-4,"{""geodesic"":false,""type"":""Point"",""coordinates"":[92.57139002851669,23.22145009448963]}"
2602,1.0271042921207952E-4,"{""geodesic"":false,""type"":""Point"",""coordinates"":[68.76603499934937,23.311281622901582]}"
2603,1.2372507503557857E-4,"{""geodesic"":false,""type"":""Point"",""coordinates"":[69.75418181188084,23.311281622901582]}"
2604,1.1262365483859043E-4,"{""geodesic"":false,""type"":""Point"",""coordinates"":[71.46098085170793,23.311281622901582]}"
2605,1.4595171704582827E-4,"{""geodesic"":false,""type"":""Point"",""coordinates"":[71.82030696535574,23.311281622901582]}"
2606,1.4480318000886872E-4,"{""geodesic"":false,""type"":""Point"",""coordinates"":[71.99997002217964,23.311281622901582]}"
2607,1.8300047514501776E-4,"{""geodesic"":false,""type"":""Point"",""coordinates"":[72.44912766423941,23.311281622901582]}"
2608,1.754311591454212E-4,"{""geodesic"":false,""type"":""Point"",""coordinates"":[73.52710600518283,23.311281622901582]}"
2609,1.6674795083070087E-4,"{""geodesic"":false,""type"":""Point"",""coordinates"":[73.79660059041869,23.311281622901582]}"
2610,1.7726340654689837E-4,"{""geodesic"":false,""type"":""Point"",""coordinates"":[74.1559267040665,23.311281622901582]}"
2611,1.520289127205442E-4,"{""geodesic"":false,""type"":""Point"",""coordinates"":[75.41356810183383,23.311281622901582]}"
2612,1.62433999368371E-4,"{""geodesic"":false,""type"":""Point"",""coordinates"":[76.5813779711892,23.311281622901582]}"
2613,1.7286141518212572E-4,"{""geodesic"":false,""type"":""Point"",""coordinates"":[77.92885089736849,23.311281622901582]}"
2614,1.6339748783025717E-4,"{""geodesic"":false,""type"":""Point"",""coordinates"":[78.10851395419239,23.311281622901582]}"
2615,1.7830799594387246E-4,"{""geodesic"":false,""type"":""Point"",""coordinates"":[78.6475031246641,23.311281622901582]}"
2616,1.7429048619373448E-4,"{""geodesic"":false,""type"":""Point"",""coordinates"":[79.00682923831191,23.311281622901582]}"
2617,1.6825139252112396E-4,"{""geodesic"":false,""type"":""Point"",""coordinates"":[79.63564993719558,23.311281622901582]}"
2618,1.6709023854040032E-4,"{""geodesic"":false,""type"":""Point"",""coordinates"":[79.90514452243143,23.311281622901582]}"
2619,1.7264384505419128E-4,"{""geodesic"":false,""type"":""Point"",""coordinates"":[80.17463910766729,23.311281622901582]}"
2620,1.6207271479683265E-4,"{""geodesic"":false,""type"":""Point"",""coordinates"":[80.44413369290315,23.311281622901582]}"
2621,1.7558070455537956E-4,"{""geodesic"":false,""type"":""Point"",""coordinates"":[80.5339652213151,23.311281622901582]}"
2622,1.849565160153681E-4,"{""geodesic"":false,""type"":""Point"",""coordinates"":[80.80345980655096,23.311281622901582]}"
2623,1.925917736975389E-4,"{""geodesic"":false,""type"":""Point"",""coordinates"":[80.89329133496291,23.311281622901582]}"
2624,1.9459153009538215E-4,"{""geodesic"":false,""type"":""Point"",""coordinates"":[81.43228050543462,23.311281622901582]}"
2625,1.9433703974351213E-4,"{""geodesic"":false,""type"":""Point"",""coordinates"":[81.70177509067048,23.311281622901582]}"
2626,1.847133615437077E-4,"{""geodesic"":false,""type"":""Point"",""coordinates"":[81.97126967590633,23.311281622901582]}"
2627,1.9567217346667804E-4,"{""geodesic"":false,""type"":""Point"",""coordinates"":[82.15093273273024,23.311281622901582]}"
2628,1.8258515933974078E-4,"{""geodesic"":false,""type"":""Point"",""coordinates"":[84.30688941461709,23.311281622901582]}"
2629,2.0350584567621562E-4,"{""geodesic"":false,""type"":""Point"",""coordinates"":[84.93571011350076,23.311281622901582]}"
2630,1.8275696111048008E-4,"{""geodesic"":false,""type"":""Point"",""coordinates"":[85.20520469873661,23.311281622901582]}"
2631,2.0095432227291112E-4,"{""geodesic"":false,""type"":""Point"",""coordinates"":[85.38486775556052,23.311281622901582]}"
2632,2.0754839989101887E-4,"{""geodesic"":false,""type"":""Point"",""coordinates"":[85.47469928397247,23.311281622901582]}"
2633,2.3333664182024344E-4,"{""geodesic"":false,""type"":""Point"",""coordinates"":[85.74419386920833,23.311281622901582]}"
2634,2.1809097024450087E-4,"{""geodesic"":false,""type"":""Point"",""coordinates"":[86.19335151126809,23.311281622901582]}"
2635,2.2028239244063107E-4,"{""geodesic"":false,""type"":""Point"",""coordinates"":[86.28318303968004,23.311281622901582]}"
2636,2.3577086752148046E-4,"{""geodesic"":false,""type"":""Point"",""coordinates"":[86.55267762491589,23.311281622901582]}"
2637,2.3300463070350018E-4,"{""geodesic"":false,""type"":""Point"",""coordinates"":[87.00183526697566,23.311281622901582]}"
2638,2.224818333992823E-4,"{""geodesic"":false,""type"":""Point"",""coordinates"":[87.54082443744737,23.311281622901582]}"
2639,1.440162140386739E-4,"{""geodesic"":false,""type"":""Point"",""coordinates"":[93.1103791989884,23.311281622901582]}"
2640,1.438796733404068E-4,"{""geodesic"":false,""type"":""Point"",""coordinates"":[93.20021072740035,23.311281622901582]}"
2641,1.4641743535161316E-4,"{""geodesic"":false,""type"":""Point"",""coordinates"":[93.29004225581231,23.311281622901582]}"
2642,8.996639410277113E-5,"{""geodesic"":false,""type"":""Point"",""coordinates"":[68.58637194252546,23.401113151313535]}"
2643,1.3175760207630445E-4,"{""geodesic"":false,""type"":""Point"",""coordinates"":[70.38300251076451,23.401113151313535]}"
2644,1.2962870290903E-4,"{""geodesic"":false,""type"":""Point"",""coordinates"":[70.47283403917646,23.401113151313535]}"
2645,1.2409922862223303E-4,"{""geodesic"":false,""type"":""Point"",""coordinates"":[70.74232862441231,23.401113151313535]}"
2646,1.3768418628773934E-4,"{""geodesic"":false,""type"":""Point"",""coordinates"":[71.64064390853184,23.401113151313535]}"
2647,1.573388300276542E-4,"{""geodesic"":false,""type"":""Point"",""coordinates"":[71.82030696535574,23.401113151313535]}"
2648,1.6444154108320212E-4,"{""geodesic"":false,""type"":""Point"",""coordinates"":[72.17963307900355,23.401113151313535]}"
2649,1.6539919651408026E-4,"{""geodesic"":false,""type"":""Point"",""coordinates"":[72.2694646074155,23.401113151313535]}"
2650,1.7357464177914596E-4,"{""geodesic"":false,""type"":""Point"",""coordinates"":[73.07794836312307,23.401113151313535]}"
2651,1.6928474511698278E-4,"{""geodesic"":false,""type"":""Point"",""coordinates"":[73.16777989153502,23.401113151313535]}"
2652,1.7321596471144362E-4,"{""geodesic"":false,""type"":""Point"",""coordinates"":[73.79660059041869,23.401113151313535]}"
2653,1.6603895916559298E-4,"{""geodesic"":false,""type"":""Point"",""coordinates"":[74.24575823247845,23.401113151313535]}"
2654,1.68424623550505E-4,"{""geodesic"":false,""type"":""Point"",""coordinates"":[74.51525281771431,23.401113151313535]}"
2655,1.599375102395737E-4,"{""geodesic"":false,""type"":""Point"",""coordinates"":[74.87457893136211,23.401113151313535]}"
2656,1.4992385197223448E-4,"{""geodesic"":false,""type"":""Point"",""coordinates"":[75.68306268706968,23.401113151313535]}"
2657,1.5332698740906227E-4,"{""geodesic"":false,""type"":""Point"",""coordinates"":[75.77289421548164,23.401113151313535]}"
2658,1.5129793478154714E-4,"{""geodesic"":false,""type"":""Point"",""coordinates"":[75.86272574389359,23.401113151313535]}"
2659,1.63663378381562E-4,"{""geodesic"":false,""type"":""Point"",""coordinates"":[77.21019867007287,23.401113151313535]}"
2660,1.7798620511398817E-4,"{""geodesic"":false,""type"":""Point"",""coordinates"":[77.74918784054458,23.401113151313535]}"
2661,1.6804587141806265E-4,"{""geodesic"":false,""type"":""Point"",""coordinates"":[79.00682923831191,23.401113151313535]}"
2662,1.785689534231715E-4,"{""geodesic"":false,""type"":""Point"",""coordinates"":[79.36615535195972,23.401113151313535]}"
2663,1.682413513296247E-4,"{""geodesic"":false,""type"":""Point"",""coordinates"":[80.3543021644912,23.401113151313535]}"
2664,1.817581550914635E-4,"{""geodesic"":false,""type"":""Point"",""coordinates"":[80.5339652213151,23.401113151313535]}"
2665,1.7677842110422912E-4,"{""geodesic"":false,""type"":""Point"",""coordinates"":[80.713628278139,23.401113151313535]}"
2666,1.8882089977082973E-4,"{""geodesic"":false,""type"":""Point"",""coordinates"":[80.98312286337486,23.401113151313535]}"
2667,1.8104485028109913E-4,"{""geodesic"":false,""type"":""Point"",""coordinates"":[81.97126967590633,23.401113151313535]}"
2668,1.8435820107753572E-4,"{""geodesic"":false,""type"":""Point"",""coordinates"":[82.4204273179661,23.401113151313535]}"
2669,1.7566429470147762E-4,"{""geodesic"":false,""type"":""Point"",""coordinates"":[82.68992190320195,23.401113151313535]}"
2670,2.0007590301184268E-4,"{""geodesic"":false,""type"":""Point"",""coordinates"":[83.04924801684976,23.401113151313535]}"
2671,2.0015481536819456E-4,"{""geodesic"":false,""type"":""Point"",""coordinates"":[83.31874260208562,23.401113151313535]}"
2672,1.9860423900478757E-4,"{""geodesic"":false,""type"":""Point"",""coordinates"":[83.49840565890952,23.401113151313535]}"
2673,1.665012593358943E-4,"{""geodesic"":false,""type"":""Point"",""coordinates"":[83.58823718732147,23.401113151313535]}"
2674,1.7270721917203783E-4,"{""geodesic"":false,""type"":""Point"",""coordinates"":[85.11537317032466,23.401113151313535]}"
2675,2.1485124936981455E-4,"{""geodesic"":false,""type"":""Point"",""coordinates"":[85.65436234079637,23.401113151313535]}"
2676,2.3362429695472504E-4,"{""geodesic"":false,""type"":""Point"",""coordinates"":[85.83402539762028,23.401113151313535]}"
2677,2.217566993514123E-4,"{""geodesic"":false,""type"":""Point"",""coordinates"":[87.00183526697566,23.401113151313535]}"
2678,2.2944831464373437E-4,"{""geodesic"":false,""type"":""Point"",""coordinates"":[87.54082443744737,23.401113151313535]}"
2679,2.3286156906049198E-4,"{""geodesic"":false,""type"":""Point"",""coordinates"":[87.63065596585932,23.401113151313535]}"
2680,2.1638955056277022E-4,"{""geodesic"":false,""type"":""Point"",""coordinates"":[88.07981360791908,23.401113151313535]}"
2681,1.3884083396873667E-4,"{""geodesic"":false,""type"":""Point"",""coordinates"":[92.75105308534059,23.401113151313535]}"
2682,1.4678686947711803E-4,"{""geodesic"":false,""type"":""Point"",""coordinates"":[92.84088461375255,23.401113151313535]}"
2683,1.1369281263748322E-4,"{""geodesic"":false,""type"":""Point"",""coordinates"":[69.75418181188084,23.490944679725487]}"
2684,1.0466093143216697E-4,"{""geodesic"":false,""type"":""Point"",""coordinates"":[69.84401334029279,23.490944679725487]}"
2685,1.302966913348363E-4,"{""geodesic"":false,""type"":""Point"",""coordinates"":[71.55081238011988,23.490944679725487]}"
2686,1.39031366798141E-4,"{""geodesic"":false,""type"":""Point"",""coordinates"":[71.64064390853184,23.490944679725487]}"
2687,1.6500775067903039E-4,"{""geodesic"":false,""type"":""Point"",""coordinates"":[72.44912766423941,23.490944679725487]}"
2688,1.711337288622253E-4,"{""geodesic"":false,""type"":""Point"",""coordinates"":[72.89828530629917,23.490944679725487]}"
2689,1.7140999516978528E-4,"{""geodesic"":false,""type"":""Point"",""coordinates"":[73.61693753359478,23.490944679725487]}"
2690,1.6694175007242072E-4,"{""geodesic"":false,""type"":""Point"",""coordinates"":[74.1559267040665,23.490944679725487]}"
2691,1.8489747457967973E-4,"{""geodesic"":false,""type"":""Point"",""coordinates"":[74.60508434612626,23.490944679725487]}"
2692,1.6424814204310585E-4,"{""geodesic"":false,""type"":""Point"",""coordinates"":[74.69491587453821,23.490944679725487]}"
2693,1.4796367069529285E-4,"{""geodesic"":false,""type"":""Point"",""coordinates"":[75.14407351659797,23.490944679725487]}"
2694,1.475085674754548E-4,"{""geodesic"":false,""type"":""Point"",""coordinates"":[75.23390504500992,23.490944679725487]}"
2695,1.507766894194842E-4,"{""geodesic"":false,""type"":""Point"",""coordinates"":[76.13222032912944,23.490944679725487]}"
2696,1.6060942950614398E-4,"{""geodesic"":false,""type"":""Point"",""coordinates"":[76.4017149143653,23.490944679725487]}"
2697,1.5624751881774203E-4,"{""geodesic"":false,""type"":""Point"",""coordinates"":[76.49154644277725,23.490944679725487]}"
2698,1.733769249131181E-4,"{""geodesic"":false,""type"":""Point"",""coordinates"":[77.38986172689677,23.490944679725487]}"
2699,1.717864125269782E-4,"{""geodesic"":false,""type"":""Point"",""coordinates"":[77.56952478372068,23.490944679725487]}"
2700,1.7765181009045823E-4,"{""geodesic"":false,""type"":""Point"",""coordinates"":[77.74918784054458,23.490944679725487]}"
2701,1.659763240072744E-4,"{""geodesic"":false,""type"":""Point"",""coordinates"":[78.37800853942825,23.490944679725487]}"
2702,1.7513527092638038E-4,"{""geodesic"":false,""type"":""Point"",""coordinates"":[79.00682923831191,23.490944679725487]}"
2703,1.728732002836253E-4,"{""geodesic"":false,""type"":""Point"",""coordinates"":[79.09666076672387,23.490944679725487]}"
2704,1.8062962450800889E-4,"{""geodesic"":false,""type"":""Point"",""coordinates"":[79.27632382354777,23.490944679725487]}"
2705,1.7733206618822194E-4,"{""geodesic"":false,""type"":""Point"",""coordinates"":[79.72548146560753,23.490944679725487]}"
2706,1.6770990421108512E-4,"{""geodesic"":false,""type"":""Point"",""coordinates"":[79.90514452243143,23.490944679725487]}"
2707,1.736213635794771E-4,"{""geodesic"":false,""type"":""Point"",""coordinates"":[79.99497605084339,23.490944679725487]}"
2708,1.6960995976348275E-4,"{""geodesic"":false,""type"":""Point"",""coordinates"":[80.17463910766729,23.490944679725487]}"
2709,1.8451987495717045E-4,"{""geodesic"":false,""type"":""Point"",""coordinates"":[80.62379674972705,23.490944679725487]}"
2710,1.833100426702614E-4,"{""geodesic"":false,""type"":""Point"",""coordinates"":[80.98312286337486,23.490944679725487]}"
2711,1.9726835279501579E-4,"{""geodesic"":false,""type"":""Point"",""coordinates"":[81.61194356225853,23.490944679725487]}"
2712,1.8053979767989942E-4,"{""geodesic"":false,""type"":""Point"",""coordinates"":[81.70177509067048,23.490944679725487]}"
2713,1.5709368512570622E-4,"{""geodesic"":false,""type"":""Point"",""coordinates"":[82.33059578955414,23.490944679725487]}"
2714,1.6629562657275278E-4,"{""geodesic"":false,""type"":""Point"",""coordinates"":[82.4204273179661,23.490944679725487]}"
2715,1.9233637391663716E-4,"{""geodesic"":false,""type"":""Point"",""coordinates"":[82.68992190320195,23.490944679725487]}"
2716,1.8306858491432562E-4,"{""geodesic"":false,""type"":""Point"",""coordinates"":[83.49840565890952,23.490944679725487]}"
2717,1.8009394567380528E-4,"{""geodesic"":false,""type"":""Point"",""coordinates"":[83.94756330096928,23.490944679725487]}"
2718,1.953293309740964E-4,"{""geodesic"":false,""type"":""Point"",""coordinates"":[84.93571011350076,23.490944679725487]}"
2719,1.9070539619965804E-4,"{""geodesic"":false,""type"":""Point"",""coordinates"":[85.20520469873661,23.490944679725487]}"
2720,2.3977710199733085E-4,"{""geodesic"":false,""type"":""Point"",""coordinates"":[87.09166679538761,23.490944679725487]}"
2721,2.3836986079411437E-4,"{""geodesic"":false,""type"":""Point"",""coordinates"":[87.54082443744737,23.490944679725487]}"
2722,2.2295347718056388E-4,"{""geodesic"":false,""type"":""Point"",""coordinates"":[88.52897124997884,23.490944679725487]}"
2723,2.191485282013167E-4,"{""geodesic"":false,""type"":""Point"",""coordinates"":[88.61880277839079,23.490944679725487]}"
2724,1.5703240521119615E-4,"{""geodesic"":false,""type"":""Point"",""coordinates"":[92.48155850010474,23.490944679725487]}"
2725,9.488448624216465E-5,"{""geodesic"":false,""type"":""Point"",""coordinates"":[68.49654041411351,23.58077620813744]}"
2726,1.295251542361604E-4,"{""geodesic"":false,""type"":""Point"",""coordinates"":[70.83216015282427,23.58077620813744]}"
2727,1.5216563732414385E-4,"{""geodesic"":false,""type"":""Point"",""coordinates"":[71.91013849376769,23.58077620813744]}"
2728,1.4554716978793268E-4,"{""geodesic"":false,""type"":""Point"",""coordinates"":[71.99997002217964,23.58077620813744]}"
2729,1.5000902802061742E-4,"{""geodesic"":false,""type"":""Point"",""coordinates"":[72.0898015505916,23.58077620813744]}"
2730,1.694778619035946E-4,"{""geodesic"":false,""type"":""Point"",""coordinates"":[72.71862224947526,23.58077620813744]}"
2731,1.6787114994434326E-4,"{""geodesic"":false,""type"":""Point"",""coordinates"":[73.34744294835893,23.58077620813744]}"
2732,1.6835221327569442E-4,"{""geodesic"":false,""type"":""Point"",""coordinates"":[73.43727447677088,23.58077620813744]}"
2733,1.7404471920021052E-4,"{""geodesic"":false,""type"":""Point"",""coordinates"":[74.1559267040665,23.58077620813744]}"
2734,1.5846732175463273E-4,"{""geodesic"":false,""type"":""Point"",""coordinates"":[75.68306268706968,23.58077620813744]}"
2735,1.4470229651759658E-4,"{""geodesic"":false,""type"":""Point"",""coordinates"":[76.13222032912944,23.58077620813744]}"
2736,1.599947445949241E-4,"{""geodesic"":false,""type"":""Point"",""coordinates"":[76.49154644277725,23.58077620813744]}"
2737,1.5051407759098973E-4,"{""geodesic"":false,""type"":""Point"",""coordinates"":[76.5813779711892,23.58077620813744]}"
2738,1.47988486868381E-4,"{""geodesic"":false,""type"":""Point"",""coordinates"":[76.67120949960116,23.58077620813744]}"
2739,1.6765636504258532E-4,"{""geodesic"":false,""type"":""Point"",""coordinates"":[77.65935631213263,23.58077620813744]}"
2740,1.7321403462752574E-4,"{""geodesic"":false,""type"":""Point"",""coordinates"":[77.83901936895654,23.58077620813744]}"
2741,1.5427067195392327E-4,"{""geodesic"":false,""type"":""Point"",""coordinates"":[77.92885089736849,23.58077620813744]}"
2742,1.6541433162498955E-4,"{""geodesic"":false,""type"":""Point"",""coordinates"":[78.37800853942825,23.58077620813744]}"
2743,1.7609934391262934E-4,"{""geodesic"":false,""type"":""Point"",""coordinates"":[80.26447063607924,23.58077620813744]}"
2744,1.9237582317542146E-4,"{""geodesic"":false,""type"":""Point"",""coordinates"":[80.5339652213151,23.58077620813744]}"
2745,1.922046731223181E-4,"{""geodesic"":false,""type"":""Point"",""coordinates"":[81.07295439178681,23.58077620813744]}"
2746,1.909621282315547E-4,"{""geodesic"":false,""type"":""Point"",""coordinates"":[81.34244897702267,23.58077620813744]}"
2747,1.8983789559784252E-4,"{""geodesic"":false,""type"":""Point"",""coordinates"":[81.61194356225853,23.58077620813744]}"
2748,1.8658193057949888E-4,"{""geodesic"":false,""type"":""Point"",""coordinates"":[82.95941648843781,23.58077620813744]}"
2749,1.9568857344921575E-4,"{""geodesic"":false,""type"":""Point"",""coordinates"":[83.22891107367366,23.58077620813744]}"
2750,1.7884086396556862E-4,"{""geodesic"":false,""type"":""Point"",""coordinates"":[83.67806871573343,23.58077620813744]}"
2751,1.8306074211232336E-4,"{""geodesic"":false,""type"":""Point"",""coordinates"":[84.21705788620514,23.58077620813744]}"
2752,1.9482829686133814E-4,"{""geodesic"":false,""type"":""Point"",""coordinates"":[84.39672094302904,23.58077620813744]}"
2753,1.8629182159623676E-4,"{""geodesic"":false,""type"":""Point"",""coordinates"":[84.48655247144099,23.58077620813744]}"
2754,1.875028432591108E-4,"{""geodesic"":false,""type"":""Point"",""coordinates"":[84.6662155282649,23.58077620813744]}"
2755,2.249125369585414E-4,"{""geodesic"":false,""type"":""Point"",""coordinates"":[85.56453081238442,23.58077620813744]}"
2756,2.332187869659217E-4,"{""geodesic"":false,""type"":""Point"",""coordinates"":[86.01368845444418,23.58077620813744]}"
2757,2.2114022891533315E-4,"{""geodesic"":false,""type"":""Point"",""coordinates"":[88.61880277839079,23.58077620813744]}"
2758,1.8388083201981197E-4,"{""geodesic"":false,""type"":""Point"",""coordinates"":[91.31374863074936,23.58077620813744]}"
2759,1.7992954974731191E-4,"{""geodesic"":false,""type"":""Point"",""coordinates"":[91.94256932963302,23.58077620813744]}"
2760,1.4740310969626967E-4,"{""geodesic"":false,""type"":""Point"",""coordinates"":[93.02054767057645,23.58077620813744]}"
2761,1.0137164078336783E-4,"{""geodesic"":false,""type"":""Point"",""coordinates"":[69.12536111299718,23.67060773654939]}"
2762,1.1701155594861682E-4,"{""geodesic"":false,""type"":""Point"",""coordinates"":[69.39485569823303,23.67060773654939]}"
2763,1.191948311801185E-4,"{""geodesic"":false,""type"":""Point"",""coordinates"":[69.48468722664498,23.67060773654939]}"
2764,1.075604829515972E-4,"{""geodesic"":false,""type"":""Point"",""coordinates"":[69.57451875505694,23.67060773654939]}"
2765,1.1145215660457111E-4,"{""geodesic"":false,""type"":""Point"",""coordinates"":[69.66435028346889,23.67060773654939]}"
2766,1.2927431197431216E-4,"{""geodesic"":false,""type"":""Point"",""coordinates"":[70.83216015282427,23.67060773654939]}"
2767,1.3866708609596684E-4,"{""geodesic"":false,""type"":""Point"",""coordinates"":[71.46098085170793,23.67060773654939]}"
2768,1.343051848505628E-4,"{""geodesic"":false,""type"":""Point"",""coordinates"":[71.82030696535574,23.67060773654939]}"
2769,1.4569655619437434E-4,"{""geodesic"":false,""type"":""Point"",""coordinates"":[71.99997002217964,23.67060773654939]}"
2770,1.606691073843949E-4,"{""geodesic"":false,""type"":""Point"",""coordinates"":[73.43727447677088,23.67060773654939]}"
2771,1.5677375915261132E-4,"{""geodesic"":false,""type"":""Point"",""coordinates"":[73.52710600518283,23.67060773654939]}"
2772,1.5275091007374087E-4,"{""geodesic"":false,""type"":""Point"",""coordinates"":[74.78474740295016,23.67060773654939]}"
2773,1.477672516183978E-4,"{""geodesic"":false,""type"":""Point"",""coordinates"":[75.14407351659797,23.67060773654939]}"
2774,1.503846918395854E-4,"{""geodesic"":false,""type"":""Point"",""coordinates"":[76.13222032912944,23.67060773654939]}"
2775,1.5404604438882548E-4,"{""geodesic"":false,""type"":""Point"",""coordinates"":[77.21019867007287,23.67060773654939]}"
2776,1.5193568231397896E-4,"{""geodesic"":false,""type"":""Point"",""coordinates"":[77.30003019848482,23.67060773654939]}"
2777,1.7295430286314557E-4,"{""geodesic"":false,""type"":""Point"",""coordinates"":[79.27632382354777,23.67060773654939]}"
2778,1.7598680919415037E-4,"{""geodesic"":false,""type"":""Point"",""coordinates"":[79.90514452243143,23.67060773654939]}"
2779,1.7873846961471531E-4,"{""geodesic"":false,""type"":""Point"",""coordinates"":[80.713628278139,23.67060773654939]}"
2780,1.9601007641452183E-4,"{""geodesic"":false,""type"":""Point"",""coordinates"":[81.61194356225853,23.67060773654939]}"
2781,2.027613592541124E-4,"{""geodesic"":false,""type"":""Point"",""coordinates"":[83.58823718732147,23.67060773654939]}"
2782,1.8471599873016612E-4,"{""geodesic"":false,""type"":""Point"",""coordinates"":[84.21705788620514,23.67060773654939]}"
2783,1.970567178344752E-4,"{""geodesic"":false,""type"":""Point"",""coordinates"":[84.75604705667685,23.67060773654939]}"
2784,2.5419288337019365E-4,"{""geodesic"":false,""type"":""Point"",""coordinates"":[86.37301456809199,23.67060773654939]}"
2785,2.41824003681873E-4,"{""geodesic"":false,""type"":""Point"",""coordinates"":[86.82217221015175,23.67060773654939]}"
2786,2.494929599920686E-4,"{""geodesic"":false,""type"":""Point"",""coordinates"":[87.00183526697566,23.67060773654939]}"
2787,2.1946288200399796E-4,"{""geodesic"":false,""type"":""Point"",""coordinates"":[87.90015055109518,23.67060773654939]}"
2788,1.6243460309231755E-4,"{""geodesic"":false,""type"":""Point"",""coordinates"":[92.21206391486888,23.67060773654939]}"
2789,1.270041329651586E-4,"{""geodesic"":false,""type"":""Point"",""coordinates"":[92.57139002851669,23.67060773654939]}"
2790,8.747883675801229E-5,"{""geodesic"":false,""type"":""Point"",""coordinates"":[68.94569805617327,23.76043926496134]}"
2791,7.85046866166835E-5,"{""geodesic"":false,""type"":""Point"",""coordinates"":[69.30502416982108,23.76043926496134]}"
2792,9.610952764849473E-5,"{""geodesic"":false,""type"":""Point"",""coordinates"":[69.39485569823303,23.76043926496134]}"
2793,1.0754370826518775E-4,"{""geodesic"":false,""type"":""Point"",""coordinates"":[69.75418181188084,23.76043926496134]}"
2794,1.1215349256415058E-4,"{""geodesic"":false,""type"":""Point"",""coordinates"":[69.84401334029279,23.76043926496134]}"
2795,1.3159224382683235E-4,"{""geodesic"":false,""type"":""Point"",""coordinates"":[71.46098085170793,23.76043926496134]}"
2796,1.44355983145211E-4,"{""geodesic"":false,""type"":""Point"",""coordinates"":[72.0898015505916,23.76043926496134]}"
2797,1.4998038495951034E-4,"{""geodesic"":false,""type"":""Point"",""coordinates"":[72.17963307900355,23.76043926496134]}"
2798,1.5207862435744882E-4,"{""geodesic"":false,""type"":""Point"",""coordinates"":[72.35929613582745,23.76043926496134]}"
2799,1.6235419749677135E-4,"{""geodesic"":false,""type"":""Point"",""coordinates"":[74.06609517565454,23.76043926496134]}"
2800,1.5148309658479564E-4,"{""geodesic"":false,""type"":""Point"",""coordinates"":[76.49154644277725,23.76043926496134]}"
2801,1.6895570571215566E-4,"{""geodesic"":false,""type"":""Point"",""coordinates"":[78.10851395419239,23.76043926496134]}"
2802,1.5923596495479123E-4,"{""geodesic"":false,""type"":""Point"",""coordinates"":[78.55767159625215,23.76043926496134]}"
2803,1.6264774022662381E-4,"{""geodesic"":false,""type"":""Point"",""coordinates"":[78.6475031246641,23.76043926496134]}"
2804,1.6767230732495458E-4,"{""geodesic"":false,""type"":""Point"",""coordinates"":[78.82716618148801,23.76043926496134]}"
2805,1.6922648047154473E-4,"{""geodesic"":false,""type"":""Point"",""coordinates"":[79.00682923831191,23.76043926496134]}"
2806,1.7022022200266962E-4,"{""geodesic"":false,""type"":""Point"",""coordinates"":[79.45598688037167,23.76043926496134]}"
2807,1.6439023796749387E-4,"{""geodesic"":false,""type"":""Point"",""coordinates"":[79.81531299401948,23.76043926496134]}"
2808,1.7955858956347046E-4,"{""geodesic"":false,""type"":""Point"",""coordinates"":[80.89329133496291,23.76043926496134]}"
2809,1.8195445162195987E-4,"{""geodesic"":false,""type"":""Point"",""coordinates"":[81.70177509067048,23.76043926496134]}"
2810,1.7432797541958923E-4,"{""geodesic"":false,""type"":""Point"",""coordinates"":[81.79160661908243,23.76043926496134]}"
2811,1.8644861367319811E-4,"{""geodesic"":false,""type"":""Point"",""coordinates"":[81.88143814749438,23.76043926496134]}"
2812,1.961859840779621E-4,"{""geodesic"":false,""type"":""Point"",""coordinates"":[82.60009037479,23.76043926496134]}"
2813,2.0553116938332256E-4,"{""geodesic"":false,""type"":""Point"",""coordinates"":[82.7797534316139,23.76043926496134]}"
2814,2.0179948141123147E-4,"{""geodesic"":false,""type"":""Point"",""coordinates"":[83.13907954526171,23.76043926496134]}"
2815,1.9661342482946685E-4,"{""geodesic"":false,""type"":""Point"",""coordinates"":[83.22891107367366,23.76043926496134]}"
2816,2.1482580921219197E-4,"{""geodesic"":false,""type"":""Point"",""coordinates"":[84.21705788620514,23.76043926496134]}"
2817,1.8799212296377867E-4,"{""geodesic"":false,""type"":""Point"",""coordinates"":[84.6662155282649,23.76043926496134]}"
2818,2.3610970529248018E-4,"{""geodesic"":false,""type"":""Point"",""coordinates"":[86.64250915332785,23.76043926496134]}"
2819,2.2974861796682715E-4,"{""geodesic"":false,""type"":""Point"",""coordinates"":[87.00183526697566,23.76043926496134]}"
2820,2.470789882677466E-4,"{""geodesic"":false,""type"":""Point"",""coordinates"":[87.27132985221151,23.76043926496134]}"
2821,2.2531301915982413E-4,"{""geodesic"":false,""type"":""Point"",""coordinates"":[87.72048749427127,23.76043926496134]}"
2822,2.2004533844832637E-4,"{""geodesic"":false,""type"":""Point"",""coordinates"":[87.98998207950713,23.76043926496134]}"
2823,1.8604589552560668E-4,"{""geodesic"":false,""type"":""Point"",""coordinates"":[91.58324321598522,23.76043926496134]}"
2824,1.7044931131338401E-4,"{""geodesic"":false,""type"":""Point"",""coordinates"":[91.76290627280912,23.76043926496134]}"
2825,1.6763164607111255E-4,"{""geodesic"":false,""type"":""Point"",""coordinates"":[92.12223238645693,23.76043926496134]}"
2826,1.5558507510549905E-4,"{""geodesic"":false,""type"":""Point"",""coordinates"":[92.66122155692864,23.76043926496134]}"
2827,1.4470527243683952E-4,"{""geodesic"":false,""type"":""Point"",""coordinates"":[92.75105308534059,23.76043926496134]}"
2828,1.5496057833347472E-4,"{""geodesic"":false,""type"":""Point"",""coordinates"":[92.84088461375255,23.76043926496134]}"
2829,9.170496875420914E-5,"{""geodesic"":false,""type"":""Point"",""coordinates"":[69.75418181188084,23.850270793373294]}"
2830,1.1257455354675793E-4,"{""geodesic"":false,""type"":""Point"",""coordinates"":[70.83216015282427,23.850270793373294]}"
2831,1.4631733890676003E-4,"{""geodesic"":false,""type"":""Point"",""coordinates"":[72.53895919265136,23.850270793373294]}"
2832,1.4194820922536422E-4,"{""geodesic"":false,""type"":""Point"",""coordinates"":[72.89828530629917,23.850270793373294]}"
2833,1.6578130015496687E-4,"{""geodesic"":false,""type"":""Point"",""coordinates"":[73.97626364724259,23.850270793373294]}"
2834,1.6749762039342553E-4,"{""geodesic"":false,""type"":""Point"",""coordinates"":[74.60508434612626,23.850270793373294]}"
2835,1.5840882433045808E-4,"{""geodesic"":false,""type"":""Point"",""coordinates"":[75.23390504500992,23.850270793373294]}"
2836,1.5242186782552002E-4,"{""geodesic"":false,""type"":""Point"",""coordinates"":[75.86272574389359,23.850270793373294]}"
2837,1.4735214655750111E-4,"{""geodesic"":false,""type"":""Point"",""coordinates"":[76.04238880071749,23.850270793373294]}"
2838,1.3889543348914613E-4,"{""geodesic"":false,""type"":""Point"",""coordinates"":[77.03053561324897,23.850270793373294]}"
2839,1.5706054349157799E-4,"{""geodesic"":false,""type"":""Point"",""coordinates"":[77.47969325530873,23.850270793373294]}"
2840,1.5225247214012836E-4,"{""geodesic"":false,""type"":""Point"",""coordinates"":[77.74918784054458,23.850270793373294]}"
2841,1.6753869271646091E-4,"{""geodesic"":false,""type"":""Point"",""coordinates"":[79.18649229513582,23.850270793373294]}"
2842,1.6616584568679782E-4,"{""geodesic"":false,""type"":""Point"",""coordinates"":[79.36615535195972,23.850270793373294]}"
2843,1.6915481174416486E-4,"{""geodesic"":false,""type"":""Point"",""coordinates"":[79.99497605084339,23.850270793373294]}"
2844,1.8271103262951439E-4,"{""geodesic"":false,""type"":""Point"",""coordinates"":[80.17463910766729,23.850270793373294]}"
2845,1.834527017396721E-4,"{""geodesic"":false,""type"":""Point"",""coordinates"":[80.3543021644912,23.850270793373294]}"
2846,1.867642085953679E-4,"{""geodesic"":false,""type"":""Point"",""coordinates"":[80.44413369290315,23.850270793373294]}"
2847,1.934377152381749E-4,"{""geodesic"":false,""type"":""Point"",""coordinates"":[81.07295439178681,23.850270793373294]}"
2848,1.878236091820486E-4,"{""geodesic"":false,""type"":""Point"",""coordinates"":[81.52211203384657,23.850270793373294]}"
2849,1.7722881127398457E-4,"{""geodesic"":false,""type"":""Point"",""coordinates"":[81.70177509067048,23.850270793373294]}"
2850,1.9064089676430792E-4,"{""geodesic"":false,""type"":""Point"",""coordinates"":[82.15093273273024,23.850270793373294]}"
2851,2.1056429891286953E-4,"{""geodesic"":false,""type"":""Point"",""coordinates"":[83.22891107367366,23.850270793373294]}"
2852,2.0864945288283251E-4,"{""geodesic"":false,""type"":""Point"",""coordinates"":[83.94756330096928,23.850270793373294]}"
2853,2.1607288234176973E-4,"{""geodesic"":false,""type"":""Point"",""coordinates"":[84.21705788620514,23.850270793373294]}"
2854,2.1038965759531512E-4,"{""geodesic"":false,""type"":""Point"",""coordinates"":[84.39672094302904,23.850270793373294]}"
2855,2.0103603304789017E-4,"{""geodesic"":false,""type"":""Point"",""coordinates"":[84.48655247144099,23.850270793373294]}"
2856,2.4317722966379457E-4,"{""geodesic"":false,""type"":""Point"",""coordinates"":[85.92385692603223,23.850270793373294]}"
2857,2.3375588239800743E-4,"{""geodesic"":false,""type"":""Point"",""coordinates"":[86.01368845444418,23.850270793373294]}"
2858,2.4524440641716824E-4,"{""geodesic"":false,""type"":""Point"",""coordinates"":[86.19335151126809,23.850270793373294]}"
2859,2.3182618111694216E-4,"{""geodesic"":false,""type"":""Point"",""coordinates"":[86.46284609650394,23.850270793373294]}"
2860,2.3513046688736282E-4,"{""geodesic"":false,""type"":""Point"",""coordinates"":[86.55267762491589,23.850270793373294]}"
2861,2.3034672719332745E-4,"{""geodesic"":false,""type"":""Point"",""coordinates"":[87.63065596585932,23.850270793373294]}"
2862,2.1794878137695482E-4,"{""geodesic"":false,""type"":""Point"",""coordinates"":[87.81031902268322,23.850270793373294]}"
2863,2.0599594256379448E-4,"{""geodesic"":false,""type"":""Point"",""coordinates"":[91.31374863074936,23.850270793373294]}"
2864,2.060962373075833E-4,"{""geodesic"":false,""type"":""Point"",""coordinates"":[91.40358015916131,23.850270793373294]}"
2865,1.6311694246882278E-4,"{""geodesic"":false,""type"":""Point"",""coordinates"":[91.76290627280912,23.850270793373294]}"
2866,1.699694250479133E-4,"{""geodesic"":false,""type"":""Point"",""coordinates"":[92.84088461375255,23.850270793373294]}"
2867,1.4266984746037425E-4,"{""geodesic"":false,""type"":""Point"",""coordinates"":[72.62879072106331,23.940102321785247]}"
2868,1.6492055783075854E-4,"{""geodesic"":false,""type"":""Point"",""coordinates"":[73.70676906200674,23.940102321785247]}"
2869,1.7792886672385452E-4,"{""geodesic"":false,""type"":""Point"",""coordinates"":[74.1559267040665,23.940102321785247]}"
2870,1.6134269875456845E-4,"{""geodesic"":false,""type"":""Point"",""coordinates"":[74.69491587453821,23.940102321785247]}"
2871,1.437450471666628E-4,"{""geodesic"":false,""type"":""Point"",""coordinates"":[74.87457893136211,23.940102321785247]}"
2872,1.4614534860178319E-4,"{""geodesic"":false,""type"":""Point"",""coordinates"":[75.14407351659797,23.940102321785247]}"
2873,1.4271361731494456E-4,"{""geodesic"":false,""type"":""Point"",""coordinates"":[75.59323115865773,23.940102321785247]}"
2874,1.3983099604374867E-4,"{""geodesic"":false,""type"":""Point"",""coordinates"":[75.68306268706968,23.940102321785247]}"
2875,1.5829216078159126E-4,"{""geodesic"":false,""type"":""Point"",""coordinates"":[76.13222032912944,23.940102321785247]}"
2876,1.57442767650202E-4,"{""geodesic"":false,""type"":""Point"",""coordinates"":[76.94070408483701,23.940102321785247]}"
2877,1.5601375779536334E-4,"{""geodesic"":false,""type"":""Point"",""coordinates"":[77.38986172689677,23.940102321785247]}"
2878,1.6249703487041615E-4,"{""geodesic"":false,""type"":""Point"",""coordinates"":[78.82716618148801,23.940102321785247]}"
2879,1.6118716026638653E-4,"{""geodesic"":false,""type"":""Point"",""coordinates"":[79.54581840878363,23.940102321785247]}"
2880,1.7096352284451483E-4,"{""geodesic"":false,""type"":""Point"",""coordinates"":[79.63564993719558,23.940102321785247]}"
2881,1.7091023956302065E-4,"{""geodesic"":false,""type"":""Point"",""coordinates"":[79.90514452243143,23.940102321785247]}"
2882,1.706042336267128E-4,"{""geodesic"":false,""type"":""Point"",""coordinates"":[80.26447063607924,23.940102321785247]}"
2883,1.737874430759534E-4,"{""geodesic"":false,""type"":""Point"",""coordinates"":[80.98312286337486,23.940102321785247]}"
2884,1.8562533841858618E-4,"{""geodesic"":false,""type"":""Point"",""coordinates"":[81.16278592019876,23.940102321785247]}"
2885,1.8370738330135628E-4,"{""geodesic"":false,""type"":""Point"",""coordinates"":[81.52211203384657,23.940102321785247]}"
2886,1.9149448616323145E-4,"{""geodesic"":false,""type"":""Point"",""coordinates"":[81.61194356225853,23.940102321785247]}"
2887,1.9500255305599483E-4,"{""geodesic"":false,""type"":""Point"",""coordinates"":[82.24076426114219,23.940102321785247]}"
2888,1.9456907287930333E-4,"{""geodesic"":false,""type"":""Point"",""coordinates"":[82.60009037479,23.940102321785247]}"
2889,1.839838079566223E-4,"{""geodesic"":false,""type"":""Point"",""coordinates"":[82.68992190320195,23.940102321785247]}"
2890,2.215662054579171E-4,"{""geodesic"":false,""type"":""Point"",""coordinates"":[84.03739482938123,23.940102321785247]}"
2891,2.0412642951652218E-4,"{""geodesic"":false,""type"":""Point"",""coordinates"":[84.48655247144099,23.940102321785247]}"
2892,1.935381581297212E-4,"{""geodesic"":false,""type"":""Point"",""coordinates"":[84.75604705667685,23.940102321785247]}"
2893,1.816264386548593E-4,"{""geodesic"":false,""type"":""Point"",""coordinates"":[84.8458785850888,23.940102321785247]}"
2894,1.9889357430634446E-4,"{""geodesic"":false,""type"":""Point"",""coordinates"":[85.29503622714856,23.940102321785247]}"
2895,1.9349440755455288E-4,"{""geodesic"":false,""type"":""Point"",""coordinates"":[85.47469928397247,23.940102321785247]}"
2896,2.2164066270275874E-4,"{""geodesic"":false,""type"":""Point"",""coordinates"":[86.19335151126809,23.940102321785247]}"
2897,2.1697790649707712E-4,"{""geodesic"":false,""type"":""Point"",""coordinates"":[86.28318303968004,23.940102321785247]}"
2898,2.4021209756602176E-4,"{""geodesic"":false,""type"":""Point"",""coordinates"":[86.7323406817398,23.940102321785247]}"
2899,2.2236884782228451E-4,"{""geodesic"":false,""type"":""Point"",""coordinates"":[87.63065596585932,23.940102321785247]}"
2900,2.201729533319617E-4,"{""geodesic"":false,""type"":""Point"",""coordinates"":[87.81031902268322,23.940102321785247]}"
2901,1.6842845512175675E-4,"{""geodesic"":false,""type"":""Point"",""coordinates"":[92.48155850010474,23.940102321785247]}"
2902,1.7454608244328566E-4,"{""geodesic"":false,""type"":""Point"",""coordinates"":[92.66122155692864,23.940102321785247]}"
2903,1.4591323192562666E-4,"{""geodesic"":false,""type"":""Point"",""coordinates"":[72.35929613582745,24.0299338501972]}"
2904,1.4363499850118485E-4,"{""geodesic"":false,""type"":""Point"",""coordinates"":[73.07794836312307,24.0299338501972]}"
2905,1.3780296468294832E-4,"{""geodesic"":false,""type"":""Point"",""coordinates"":[75.05424198818602,24.0299338501972]}"
2906,1.4599640952330276E-4,"{""geodesic"":false,""type"":""Point"",""coordinates"":[75.50339963024578,24.0299338501972]}"
2907,1.59407351008433E-4,"{""geodesic"":false,""type"":""Point"",""coordinates"":[75.77289421548164,24.0299338501972]}"
2908,1.5813466743682563E-4,"{""geodesic"":false,""type"":""Point"",""coordinates"":[76.67120949960116,24.0299338501972]}"
2909,1.6250237548858675E-4,"{""geodesic"":false,""type"":""Point"",""coordinates"":[76.76104102801311,24.0299338501972]}"
2910,1.5533861326911053E-4,"{""geodesic"":false,""type"":""Point"",""coordinates"":[77.12036714166092,24.0299338501972]}"
2911,1.5839145173585708E-4,"{""geodesic"":false,""type"":""Point"",""coordinates"":[78.4678400678402,24.0299338501972]}"
2912,1.6290555550433548E-4,"{""geodesic"":false,""type"":""Point"",""coordinates"":[79.45598688037167,24.0299338501972]}"
2913,1.836796189518993E-4,"{""geodesic"":false,""type"":""Point"",""coordinates"":[79.99497605084339,24.0299338501972]}"
2914,1.8817857187955033E-4,"{""geodesic"":false,""type"":""Point"",""coordinates"":[80.5339652213151,24.0299338501972]}"
2915,1.9060810512343395E-4,"{""geodesic"":false,""type"":""Point"",""coordinates"":[80.98312286337486,24.0299338501972]}"
2916,1.8783051250486566E-4,"{""geodesic"":false,""type"":""Point"",""coordinates"":[81.79160661908243,24.0299338501972]}"
2917,2.1549062144857328E-4,"{""geodesic"":false,""type"":""Point"",""coordinates"":[81.97126967590633,24.0299338501972]}"
2918,1.9957697856967717E-4,"{""geodesic"":false,""type"":""Point"",""coordinates"":[82.4204273179661,24.0299338501972]}"
2919,2.135571281397748E-4,"{""geodesic"":false,""type"":""Point"",""coordinates"":[83.40857413049757,24.0299338501972]}"
2920,2.2673353490321594E-4,"{""geodesic"":false,""type"":""Point"",""coordinates"":[84.03739482938123,24.0299338501972]}"
2921,1.8978455569667793E-4,"{""geodesic"":false,""type"":""Point"",""coordinates"":[84.93571011350076,24.0299338501972]}"
2922,2.3227653272746035E-4,"{""geodesic"":false,""type"":""Point"",""coordinates"":[86.46284609650394,24.0299338501972]}"
2923,2.2977368955109402E-4,"{""geodesic"":false,""type"":""Point"",""coordinates"":[86.7323406817398,24.0299338501972]}"
2924,2.2873110711647346E-4,"{""geodesic"":false,""type"":""Point"",""coordinates"":[87.00183526697566,24.0299338501972]}"
2925,2.2630420625625058E-4,"{""geodesic"":false,""type"":""Point"",""coordinates"":[88.34930819315494,24.0299338501972]}"
2926,1.6655743640088636E-4,"{""geodesic"":false,""type"":""Point"",""coordinates"":[92.66122155692864,24.0299338501972]}"
2927,1.4330666612724928E-4,"{""geodesic"":false,""type"":""Point"",""coordinates"":[93.46970531263621,24.0299338501972]}"
2928,1.0071451108668405E-4,"{""geodesic"":false,""type"":""Point"",""coordinates"":[69.39485569823303,24.119765378609152]}"
2929,1.0509634106504684E-4,"{""geodesic"":false,""type"":""Point"",""coordinates"":[69.48468722664498,24.119765378609152]}"
2930,1.5180501645898402E-4,"{""geodesic"":false,""type"":""Point"",""coordinates"":[71.99997002217964,24.119765378609152]}"
2931,1.4903897246040896E-4,"{""geodesic"":false,""type"":""Point"",""coordinates"":[72.71862224947526,24.119765378609152]}"
2932,1.5875980941830738E-4,"{""geodesic"":false,""type"":""Point"",""coordinates"":[73.61693753359478,24.119765378609152]}"
2933,1.5638494432093807E-4,"{""geodesic"":false,""type"":""Point"",""coordinates"":[73.70676906200674,24.119765378609152]}"
2934,1.5363274473352732E-4,"{""geodesic"":false,""type"":""Point"",""coordinates"":[74.06609517565454,24.119765378609152]}"
2935,1.6378136043173467E-4,"{""geodesic"":false,""type"":""Point"",""coordinates"":[74.1559267040665,24.119765378609152]}"
2936,1.5556120969189533E-4,"{""geodesic"":false,""type"":""Point"",""coordinates"":[74.3355897608904,24.119765378609152]}"
2937,1.481871657251692E-4,"{""geodesic"":false,""type"":""Point"",""coordinates"":[74.78474740295016,24.119765378609152]}"
2938,1.4870516239845084E-4,"{""geodesic"":false,""type"":""Point"",""coordinates"":[75.68306268706968,24.119765378609152]}"
2939,1.4939163410769072E-4,"{""geodesic"":false,""type"":""Point"",""coordinates"":[75.95255727230554,24.119765378609152]}"
2940,1.4944839451657004E-4,"{""geodesic"":false,""type"":""Point"",""coordinates"":[76.4017149143653,24.119765378609152]}"
2941,1.5778672165563776E-4,"{""geodesic"":false,""type"":""Point"",""coordinates"":[78.19834548260434,24.119765378609152]}"
2942,1.609967693517539E-4,"{""geodesic"":false,""type"":""Point"",""coordinates"":[78.2881770110163,24.119765378609152]}"
2943,1.8458393611660252E-4,"{""geodesic"":false,""type"":""Point"",""coordinates"":[79.18649229513582,24.119765378609152]}"
2944,1.5722057991808376E-4,"{""geodesic"":false,""type"":""Point"",""coordinates"":[79.45598688037167,24.119765378609152]}"
2945,1.6188891171412727E-4,"{""geodesic"":false,""type"":""Point"",""coordinates"":[79.63564993719558,24.119765378609152]}"
2946,1.7300290042586856E-4,"{""geodesic"":false,""type"":""Point"",""coordinates"":[79.81531299401948,24.119765378609152]}"
2947,1.9794564298875647E-4,"{""geodesic"":false,""type"":""Point"",""coordinates"":[80.08480757925534,24.119765378609152]}"
2948,1.8101382241941826E-4,"{""geodesic"":false,""type"":""Point"",""coordinates"":[80.44413369290315,24.119765378609152]}"
2949,1.922308157653366E-4,"{""geodesic"":false,""type"":""Point"",""coordinates"":[81.79160661908243,24.119765378609152]}"
2950,1.9873927950831165E-4,"{""geodesic"":false,""type"":""Point"",""coordinates"":[81.88143814749438,24.119765378609152]}"
2951,1.9480053841233763E-4,"{""geodesic"":false,""type"":""Point"",""coordinates"":[83.04924801684976,24.119765378609152]}"
2952,2.114467163445547E-4,"{""geodesic"":false,""type"":""Point"",""coordinates"":[84.12722635779319,24.119765378609152]}"
2953,1.9905452515262863E-4,"{""geodesic"":false,""type"":""Point"",""coordinates"":[84.48655247144099,24.119765378609152]}"
2954,1.9734336093825056E-4,"{""geodesic"":false,""type"":""Point"",""coordinates"":[84.75604705667685,24.119765378609152]}"
2955,2.1008247363677634E-4,"{""geodesic"":false,""type"":""Point"",""coordinates"":[85.74419386920833,24.119765378609152]}"
2956,2.163010067744011E-4,"{""geodesic"":false,""type"":""Point"",""coordinates"":[85.83402539762028,24.119765378609152]}"
2957,2.2698377562091436E-4,"{""geodesic"":false,""type"":""Point"",""coordinates"":[86.64250915332785,24.119765378609152]}"
2958,2.2554389513897616E-4,"{""geodesic"":false,""type"":""Point"",""coordinates"":[86.9120037385637,24.119765378609152]}"
2959,2.1750762210628644E-4,"{""geodesic"":false,""type"":""Point"",""coordinates"":[87.27132985221151,24.119765378609152]}"
2960,2.2053611426833987E-4,"{""geodesic"":false,""type"":""Point"",""coordinates"":[87.36116138062346,24.119765378609152]}"
2961,2.176350858176813E-4,"{""geodesic"":false,""type"":""Point"",""coordinates"":[88.16964513633103,24.119765378609152]}"
2962,2.2516241087509252E-4,"{""geodesic"":false,""type"":""Point"",""coordinates"":[88.34930819315494,24.119765378609152]}"
2963,1.7237091932453458E-4,"{""geodesic"":false,""type"":""Point"",""coordinates"":[92.39172697169278,24.119765378609152]}"
2964,1.601060850578441E-4,"{""geodesic"":false,""type"":""Point"",""coordinates"":[92.84088461375255,24.119765378609152]}"
2965,1.5415313577978314E-4,"{""geodesic"":false,""type"":""Point"",""coordinates"":[92.9307161421645,24.119765378609152]}"
2966,1.2812941825992186E-4,"{""geodesic"":false,""type"":""Point"",""coordinates"":[93.73919989787207,24.119765378609152]}"
2967,1.3644644163053637E-4,"{""geodesic"":false,""type"":""Point"",""coordinates"":[93.91886295469597,24.119765378609152]}"
2968,1.1301289271256385E-4,"{""geodesic"":false,""type"":""Point"",""coordinates"":[69.12536111299718,24.209596907021105]}"
2969,1.257763740020954E-4,"{""geodesic"":false,""type"":""Point"",""coordinates"":[71.46098085170793,24.209596907021105]}"
2970,1.3751955915974833E-4,"{""geodesic"":false,""type"":""Point"",""coordinates"":[71.91013849376769,24.209596907021105]}"
2971,1.377513552998961E-4,"{""geodesic"":false,""type"":""Point"",""coordinates"":[72.0898015505916,24.209596907021105]}"
2972,1.4494544026539958E-4,"{""geodesic"":false,""type"":""Point"",""coordinates"":[72.2694646074155,24.209596907021105]}"
2973,1.3233070587237314E-4,"{""geodesic"":false,""type"":""Point"",""coordinates"":[72.53895919265136,24.209596907021105]}"
2974,1.402146559371631E-4,"{""geodesic"":false,""type"":""Point"",""coordinates"":[72.62879072106331,24.209596907021105]}"
2975,1.5356925652731867E-4,"{""geodesic"":false,""type"":""Point"",""coordinates"":[73.34744294835893,24.209596907021105]}"
2976,1.6040569377627397E-4,"{""geodesic"":false,""type"":""Point"",""coordinates"":[73.70676906200674,24.209596907021105]}"
2977,1.5199508757702222E-4,"{""geodesic"":false,""type"":""Point"",""coordinates"":[75.86272574389359,24.209596907021105]}"
2978,1.584369796494238E-4,"{""geodesic"":false,""type"":""Point"",""coordinates"":[76.67120949960116,24.209596907021105]}"
2979,1.5422289904849147E-4,"{""geodesic"":false,""type"":""Point"",""coordinates"":[76.94070408483701,24.209596907021105]}"
2980,1.5388150620175792E-4,"{""geodesic"":false,""type"":""Point"",""coordinates"":[77.83901936895654,24.209596907021105]}"
2981,1.7207967453884468E-4,"{""geodesic"":false,""type"":""Point"",""coordinates"":[78.91699770989996,24.209596907021105]}"
2982,1.7313056352931264E-4,"{""geodesic"":false,""type"":""Point"",""coordinates"":[79.00682923831191,24.209596907021105]}"
2983,1.710057587461382E-4,"{""geodesic"":false,""type"":""Point"",""coordinates"":[79.90514452243143,24.209596907021105]}"
2984,1.8341345969343338E-4,"{""geodesic"":false,""type"":""Point"",""coordinates"":[80.17463910766729,24.209596907021105]}"
2985,1.833199448975297E-4,"{""geodesic"":false,""type"":""Point"",""coordinates"":[80.44413369290315,24.209596907021105]}"
2986,1.8749229534791E-4,"{""geodesic"":false,""type"":""Point"",""coordinates"":[81.70177509067048,24.209596907021105]}"
2987,1.9866191316972155E-4,"{""geodesic"":false,""type"":""Point"",""coordinates"":[81.97126967590633,24.209596907021105]}"
2988,2.0475363402309976E-4,"{""geodesic"":false,""type"":""Point"",""coordinates"":[83.22891107367366,24.209596907021105]}"
2989,2.2464168570408694E-4,"{""geodesic"":false,""type"":""Point"",""coordinates"":[83.85773177255733,24.209596907021105]}"
2990,2.22991193473901E-4,"{""geodesic"":false,""type"":""Point"",""coordinates"":[83.94756330096928,24.209596907021105]}"
2991,2.1355796435789214E-4,"{""geodesic"":false,""type"":""Point"",""coordinates"":[84.6662155282649,24.209596907021105]}"
2992,2.0044053336733866E-4,"{""geodesic"":false,""type"":""Point"",""coordinates"":[85.38486775556052,24.209596907021105]}"
2993,2.05379452021315E-4,"{""geodesic"":false,""type"":""Point"",""coordinates"":[85.74419386920833,24.209596907021105]}"
2994,2.1413887714572506E-4,"{""geodesic"":false,""type"":""Point"",""coordinates"":[86.10351998285613,24.209596907021105]}"
2995,2.2831616615788132E-4,"{""geodesic"":false,""type"":""Point"",""coordinates"":[86.28318303968004,24.209596907021105]}"
2996,2.178781614547143E-4,"{""geodesic"":false,""type"":""Point"",""coordinates"":[86.46284609650394,24.209596907021105]}"
2997,2.2071126232517594E-4,"{""geodesic"":false,""type"":""Point"",""coordinates"":[87.09166679538761,24.209596907021105]}"
2998,2.271029333258467E-4,"{""geodesic"":false,""type"":""Point"",""coordinates"":[87.18149832379956,24.209596907021105]}"
2999,2.3067170888350246E-4,"{""geodesic"":false,""type"":""Point"",""coordinates"":[87.45099290903542,24.209596907021105]}"
3000,2.2454023338295515E-4,"{""geodesic"":false,""type"":""Point"",""coordinates"":[87.54082443744737,24.209596907021105]}"
3001,1.6659253423329822E-4,"{""geodesic"":false,""type"":""Point"",""coordinates"":[92.30189544328083,24.209596907021105]}"
3002,1.6498665137806956E-4,"{""geodesic"":false,""type"":""Point"",""coordinates"":[92.57139002851669,24.209596907021105]}"
3003,1.6210691751522433E-4,"{""geodesic"":false,""type"":""Point"",""coordinates"":[92.66122155692864,24.209596907021105]}"
3004,1.426759885591553E-4,"{""geodesic"":false,""type"":""Point"",""coordinates"":[93.29004225581231,24.209596907021105]}"
3005,1.3324583316953653E-4,"{""geodesic"":false,""type"":""Point"",""coordinates"":[93.73919989787207,24.209596907021105]}"
3006,1.439862561148888E-4,"{""geodesic"":false,""type"":""Point"",""coordinates"":[93.91886295469597,24.209596907021105]}"
3007,1.6092126364966903E-4,"{""geodesic"":false,""type"":""Point"",""coordinates"":[74.42542128930235,24.299428435433057]}"
3008,1.685256863890544E-4,"{""geodesic"":false,""type"":""Point"",""coordinates"":[74.60508434612626,24.299428435433057]}"
3009,1.513383025211985E-4,"{""geodesic"":false,""type"":""Point"",""coordinates"":[75.23390504500992,24.299428435433057]}"
3010,1.515802745407334E-4,"{""geodesic"":false,""type"":""Point"",""coordinates"":[76.13222032912944,24.299428435433057]}"
3011,1.5733661614985022E-4,"{""geodesic"":false,""type"":""Point"",""coordinates"":[76.76104102801311,24.299428435433057]}"
3012,1.579840109936346E-4,"{""geodesic"":false,""type"":""Point"",""coordinates"":[76.85087255642506,24.299428435433057]}"
3013,1.490608830950602E-4,"{""geodesic"":false,""type"":""Point"",""coordinates"":[77.21019867007287,24.299428435433057]}"
3014,1.453648050286649E-4,"{""geodesic"":false,""type"":""Point"",""coordinates"":[77.30003019848482,24.299428435433057]}"
3015,1.584075769363438E-4,"{""geodesic"":false,""type"":""Point"",""coordinates"":[78.10851395419239,24.299428435433057]}"
3016,1.5697301918962404E-4,"{""geodesic"":false,""type"":""Point"",""coordinates"":[78.19834548260434,24.299428435433057]}"
3017,1.5277131812025855E-4,"{""geodesic"":false,""type"":""Point"",""coordinates"":[78.2881770110163,24.299428435433057]}"
3018,1.6596040368492765E-4,"{""geodesic"":false,""type"":""Point"",""coordinates"":[78.73733465307606,24.299428435433057]}"
3019,1.6944356331806098E-4,"{""geodesic"":false,""type"":""Point"",""coordinates"":[79.18649229513582,24.299428435433057]}"
3020,1.7818577972036258E-4,"{""geodesic"":false,""type"":""Point"",""coordinates"":[80.17463910766729,24.299428435433057]}"
3021,1.8664806412439775E-4,"{""geodesic"":false,""type"":""Point"",""coordinates"":[80.713628278139,24.299428435433057]}"
3022,1.987181275832816E-4,"{""geodesic"":false,""type"":""Point"",""coordinates"":[82.24076426114219,24.299428435433057]}"
3023,2.0080358287245939E-4,"{""geodesic"":false,""type"":""Point"",""coordinates"":[82.60009037479,24.299428435433057]}"
3024,1.9485666588877558E-4,"{""geodesic"":false,""type"":""Point"",""coordinates"":[82.7797534316139,24.299428435433057]}"
3025,2.1004245632339223E-4,"{""geodesic"":false,""type"":""Point"",""coordinates"":[83.67806871573343,24.299428435433057]}"
3026,2.0558823637347015E-4,"{""geodesic"":false,""type"":""Point"",""coordinates"":[84.48655247144099,24.299428435433057]}"
3027,2.2139560459552522E-4,"{""geodesic"":false,""type"":""Point"",""coordinates"":[84.75604705667685,24.299428435433057]}"
3028,2.2461732383926254E-4,"{""geodesic"":false,""type"":""Point"",""coordinates"":[85.74419386920833,24.299428435433057]}"
3029,2.148061467476011E-4,"{""geodesic"":false,""type"":""Point"",""coordinates"":[85.92385692603223,24.299428435433057]}"
3030,2.1126316714877196E-4,"{""geodesic"":false,""type"":""Point"",""coordinates"":[86.01368845444418,24.299428435433057]}"
3031,2.1313734949743578E-4,"{""geodesic"":false,""type"":""Point"",""coordinates"":[86.10351998285613,24.299428435433057]}"
3032,2.2098236419695842E-4,"{""geodesic"":false,""type"":""Point"",""coordinates"":[86.9120037385637,24.299428435433057]}"
3033,2.2240994988880787E-4,"{""geodesic"":false,""type"":""Point"",""coordinates"":[87.72048749427127,24.299428435433057]}"
3034,2.167405383034892E-4,"{""geodesic"":false,""type"":""Point"",""coordinates"":[87.98998207950713,24.299428435433057]}"
3035,2.1262739930779615E-4,"{""geodesic"":false,""type"":""Point"",""coordinates"":[88.61880277839079,24.299428435433057]}"
3036,1.3115156408267977E-4,"{""geodesic"":false,""type"":""Point"",""coordinates"":[72.53895919265136,24.389259963845006]}"
3037,1.4491425293063824E-4,"{""geodesic"":false,""type"":""Point"",""coordinates"":[72.62879072106331,24.389259963845006]}"
3038,1.446894248784333E-4,"{""geodesic"":false,""type"":""Point"",""coordinates"":[72.98811683471112,24.389259963845006]}"
3039,1.5994405210363185E-4,"{""geodesic"":false,""type"":""Point"",""coordinates"":[73.97626364724259,24.389259963845006]}"
3040,1.468827731793364E-4,"{""geodesic"":false,""type"":""Point"",""coordinates"":[74.51525281771431,24.389259963845006]}"
3041,1.5336242592120113E-4,"{""geodesic"":false,""type"":""Point"",""coordinates"":[74.87457893136211,24.389259963845006]}"
3042,1.5436248147277537E-4,"{""geodesic"":false,""type"":""Point"",""coordinates"":[76.49154644277725,24.389259963845006]}"
3043,1.5415323666082448E-4,"{""geodesic"":false,""type"":""Point"",""coordinates"":[76.76104102801311,24.389259963845006]}"
3044,1.5844122264684513E-4,"{""geodesic"":false,""type"":""Point"",""coordinates"":[78.37800853942825,24.389259963845006]}"
3045,1.7290885270821458E-4,"{""geodesic"":false,""type"":""Point"",""coordinates"":[79.27632382354777,24.389259963845006]}"
3046,1.706429677424737E-4,"{""geodesic"":false,""type"":""Point"",""coordinates"":[79.63564993719558,24.389259963845006]}"
3047,1.7427030198822335E-4,"{""geodesic"":false,""type"":""Point"",""coordinates"":[80.5339652213151,24.389259963845006]}"
3048,1.9042484730232657E-4,"{""geodesic"":false,""type"":""Point"",""coordinates"":[81.34244897702267,24.389259963845006]}"
3049,2.0551136477729788E-4,"{""geodesic"":false,""type"":""Point"",""coordinates"":[82.06110120431829,24.389259963845006]}"
3050,1.9198091621281754E-4,"{""geodesic"":false,""type"":""Point"",""coordinates"":[82.51025884637805,24.389259963845006]}"
3051,2.1890004459332958E-4,"{""geodesic"":false,""type"":""Point"",""coordinates"":[84.03739482938123,24.389259963845006]}"
3052,2.0805455077493035E-4,"{""geodesic"":false,""type"":""Point"",""coordinates"":[84.12722635779319,24.389259963845006]}"
3053,2.0937107690127037E-4,"{""geodesic"":false,""type"":""Point"",""coordinates"":[84.39672094302904,24.389259963845006]}"
3054,2.1452679422921656E-4,"{""geodesic"":false,""type"":""Point"",""coordinates"":[84.57638399985295,24.389259963845006]}"
3055,2.2965845139258446E-4,"{""geodesic"":false,""type"":""Point"",""coordinates"":[84.8458785850888,24.389259963845006]}"
3056,2.0137369876882486E-4,"{""geodesic"":false,""type"":""Point"",""coordinates"":[85.02554164191271,24.389259963845006]}"
3057,2.2182375507994148E-4,"{""geodesic"":false,""type"":""Point"",""coordinates"":[86.46284609650394,24.389259963845006]}"
3058,2.28268102471154E-4,"{""geodesic"":false,""type"":""Point"",""coordinates"":[87.00183526697566,24.389259963845006]}"
3059,2.1527391179652626E-4,"{""geodesic"":false,""type"":""Point"",""coordinates"":[87.27132985221151,24.389259963845006]}"
3060,2.18780100888168E-4,"{""geodesic"":false,""type"":""Point"",""coordinates"":[87.54082443744737,24.389259963845006]}"
3061,1.71529571401233E-4,"{""geodesic"":false,""type"":""Point"",""coordinates"":[92.57139002851669,24.389259963845006]}"
3062,1.7139032638742503E-4,"{""geodesic"":false,""type"":""Point"",""coordinates"":[92.66122155692864,24.389259963845006]}"
3063,1.6209067049620106E-4,"{""geodesic"":false,""type"":""Point"",""coordinates"":[92.75105308534059,24.389259963845006]}"
3064,1.5153199545581557E-4,"{""geodesic"":false,""type"":""Point"",""coordinates"":[93.02054767057645,24.389259963845006]}"
3065,1.2475675066616932E-4,"{""geodesic"":false,""type"":""Point"",""coordinates"":[93.55953684104816,24.389259963845006]}"
3066,1.2317367576065462E-4,"{""geodesic"":false,""type"":""Point"",""coordinates"":[93.82903142628402,24.389259963845006]}"
3067,1.1235752615088669E-4,"{""geodesic"":false,""type"":""Point"",""coordinates"":[71.01182320964817,24.47909149225696]}"
3068,1.2571163459563025E-4,"{""geodesic"":false,""type"":""Point"",""coordinates"":[71.55081238011988,24.47909149225696]}"
3069,1.4064758530612975E-4,"{""geodesic"":false,""type"":""Point"",""coordinates"":[72.62879072106331,24.47909149225696]}"
3070,1.4899893511806738E-4,"{""geodesic"":false,""type"":""Point"",""coordinates"":[73.16777989153502,24.47909149225696]}"
3071,1.6880247565854298E-4,"{""geodesic"":false,""type"":""Point"",""coordinates"":[73.97626364724259,24.47909149225696]}"
3072,1.486217164784121E-4,"{""geodesic"":false,""type"":""Point"",""coordinates"":[74.42542128930235,24.47909149225696]}"
3073,1.5251387884018767E-4,"{""geodesic"":false,""type"":""Point"",""coordinates"":[74.87457893136211,24.47909149225696]}"
3074,1.5146547049985708E-4,"{""geodesic"":false,""type"":""Point"",""coordinates"":[75.32373657342187,24.47909149225696]}"
3075,1.4690730998757515E-4,"{""geodesic"":false,""type"":""Point"",""coordinates"":[76.04238880071749,24.47909149225696]}"
3076,1.5513608780960724E-4,"{""geodesic"":false,""type"":""Point"",""coordinates"":[76.31188338595335,24.47909149225696]}"
3077,1.6811726863902917E-4,"{""geodesic"":false,""type"":""Point"",""coordinates"":[76.94070408483701,24.47909149225696]}"
3078,1.5294389076969008E-4,"{""geodesic"":false,""type"":""Point"",""coordinates"":[78.01868242578044,24.47909149225696]}"
3079,1.653361452369447E-4,"{""geodesic"":false,""type"":""Point"",""coordinates"":[78.4678400678402,24.47909149225696]}"
3080,1.6634761833360623E-4,"{""geodesic"":false,""type"":""Point"",""coordinates"":[79.27632382354777,24.47909149225696]}"
3081,1.7442230963510464E-4,"{""geodesic"":false,""type"":""Point"",""coordinates"":[79.90514452243143,24.47909149225696]}"
3082,2.032988070636833E-4,"{""geodesic"":false,""type"":""Point"",""coordinates"":[81.25261744861072,24.47909149225696]}"
3083,1.832781917495649E-4,"{""geodesic"":false,""type"":""Point"",""coordinates"":[81.34244897702267,24.47909149225696]}"
3084,1.8786007084128348E-4,"{""geodesic"":false,""type"":""Point"",""coordinates"":[82.51025884637805,24.47909149225696]}"
3085,1.9330839008655396E-4,"{""geodesic"":false,""type"":""Point"",""coordinates"":[82.86958496002586,24.47909149225696]}"
3086,2.0489556625021845E-4,"{""geodesic"":false,""type"":""Point"",""coordinates"":[82.95941648843781,24.47909149225696]}"
3087,2.1213181618148178E-4,"{""geodesic"":false,""type"":""Point"",""coordinates"":[84.12722635779319,24.47909149225696]}"
3088,2.213948214680412E-4,"{""geodesic"":false,""type"":""Point"",""coordinates"":[84.75604705667685,24.47909149225696]}"
3089,2.1556455245269946E-4,"{""geodesic"":false,""type"":""Point"",""coordinates"":[84.93571011350076,24.47909149225696]}"
3090,2.0878288208354056E-4,"{""geodesic"":false,""type"":""Point"",""coordinates"":[85.47469928397247,24.47909149225696]}"
3091,2.1163302760075195E-4,"{""geodesic"":false,""type"":""Point"",""coordinates"":[85.56453081238442,24.47909149225696]}"
3092,2.1929629614274177E-4,"{""geodesic"":false,""type"":""Point"",""coordinates"":[86.19335151126809,24.47909149225696]}"
3093,2.1696873879054507E-4,"{""geodesic"":false,""type"":""Point"",""coordinates"":[86.9120037385637,24.47909149225696]}"
3094,2.140999304823825E-4,"{""geodesic"":false,""type"":""Point"",""coordinates"":[87.27132985221151,24.47909149225696]}"
3095,2.2158885901280657E-4,"{""geodesic"":false,""type"":""Point"",""coordinates"":[87.81031902268322,24.47909149225696]}"
3096,2.1918687463225005E-4,"{""geodesic"":false,""type"":""Point"",""coordinates"":[87.98998207950713,24.47909149225696]}"
3097,1.8831743755298234E-4,"{""geodesic"":false,""type"":""Point"",""coordinates"":[92.21206391486888,24.47909149225696]}"
3098,1.666038730310817E-4,"{""geodesic"":false,""type"":""Point"",""coordinates"":[92.84088461375255,24.47909149225696]}"
3099,1.3505720495338367E-4,"{""geodesic"":false,""type"":""Point"",""coordinates"":[93.73919989787207,24.47909149225696]}"
3100,1.5543344690960043E-4,"{""geodesic"":false,""type"":""Point"",""coordinates"":[93.91886295469597,24.47909149225696]}"
3101,1.669705641457431E-4,"{""geodesic"":false,""type"":""Point"",""coordinates"":[73.79660059041869,24.56892302066891]}"
3102,1.5211005450781954E-4,"{""geodesic"":false,""type"":""Point"",""coordinates"":[74.1559267040665,24.56892302066891]}"
3103,1.4975338706117532E-4,"{""geodesic"":false,""type"":""Point"",""coordinates"":[74.60508434612626,24.56892302066891]}"
3104,1.6001402646109112E-4,"{""geodesic"":false,""type"":""Point"",""coordinates"":[75.59323115865773,24.56892302066891]}"
3105,1.621506161861456E-4,"{""geodesic"":false,""type"":""Point"",""coordinates"":[76.85087255642506,24.56892302066891]}"
3106,1.7024270308060258E-4,"{""geodesic"":false,""type"":""Point"",""coordinates"":[78.2881770110163,24.56892302066891]}"
3107,1.4895310183464042E-4,"{""geodesic"":false,""type"":""Point"",""coordinates"":[78.55767159625215,24.56892302066891]}"
3108,1.611614715864428E-4,"{""geodesic"":false,""type"":""Point"",""coordinates"":[78.73733465307606,24.56892302066891]}"
3109,1.7289793870663343E-4,"{""geodesic"":false,""type"":""Point"",""coordinates"":[79.45598688037167,24.56892302066891]}"
3110,1.923046372910433E-4,"{""geodesic"":false,""type"":""Point"",""coordinates"":[81.34244897702267,24.56892302066891]}"
3111,1.9529681434240928E-4,"{""geodesic"":false,""type"":""Point"",""coordinates"":[81.79160661908243,24.56892302066891]}"
3112,2.0771523489259894E-4,"{""geodesic"":false,""type"":""Point"",""coordinates"":[81.88143814749438,24.56892302066891]}"
3113,2.0037489282819374E-4,"{""geodesic"":false,""type"":""Point"",""coordinates"":[82.33059578955414,24.56892302066891]}"
3114,1.983891716389745E-4,"{""geodesic"":false,""type"":""Point"",""coordinates"":[82.86958496002586,24.56892302066891]}"
3115,1.9326353028322946E-4,"{""geodesic"":false,""type"":""Point"",""coordinates"":[83.04924801684976,24.56892302066891]}"
3116,2.2473265384028286E-4,"{""geodesic"":false,""type"":""Point"",""coordinates"":[84.30688941461709,24.56892302066891]}"
3117,2.2415947859696247E-4,"{""geodesic"":false,""type"":""Point"",""coordinates"":[84.75604705667685,24.56892302066891]}"
3118,2.2212288120033332E-4,"{""geodesic"":false,""type"":""Point"",""coordinates"":[85.20520469873661,24.56892302066891]}"
3119,2.1048745783914638E-4,"{""geodesic"":false,""type"":""Point"",""coordinates"":[85.83402539762028,24.56892302066891]}"
3120,2.0249467359858823E-4,"{""geodesic"":false,""type"":""Point"",""coordinates"":[86.10351998285613,24.56892302066891]}"
3121,2.1067914285014937E-4,"{""geodesic"":false,""type"":""Point"",""coordinates"":[86.9120037385637,24.56892302066891]}"
3122,2.035037076555451E-4,"{""geodesic"":false,""type"":""Point"",""coordinates"":[87.36116138062346,24.56892302066891]}"
3123,2.2389663931497567E-4,"{""geodesic"":false,""type"":""Point"",""coordinates"":[87.63065596585932,24.56892302066891]}"
3124,1.9926736525484467E-4,"{""geodesic"":false,""type"":""Point"",""coordinates"":[92.21206391486888,24.56892302066891]}"
3125,1.459285391568655E-4,"{""geodesic"":false,""type"":""Point"",""coordinates"":[94.00869448310792,24.56892302066891]}"
3126,1.4314414124308125E-4,"{""geodesic"":false,""type"":""Point"",""coordinates"":[94.27818906834378,24.56892302066891]}"
3127,1.2093026838554081E-4,"{""geodesic"":false,""type"":""Point"",""coordinates"":[71.28131779488403,24.658754549080864]}"
3128,1.3699892408552679E-4,"{""geodesic"":false,""type"":""Point"",""coordinates"":[72.2694646074155,24.658754549080864]}"
3129,1.4635118619781844E-4,"{""geodesic"":false,""type"":""Point"",""coordinates"":[73.07794836312307,24.658754549080864]}"
3130,1.659284692213651E-4,"{""geodesic"":false,""type"":""Point"",""coordinates"":[73.79660059041869,24.658754549080864]}"
3131,1.6270330063646905E-4,"{""geodesic"":false,""type"":""Point"",""coordinates"":[73.97626364724259,24.658754549080864]}"
3132,1.4512599932678838E-4,"{""geodesic"":false,""type"":""Point"",""coordinates"":[74.3355897608904,24.658754549080864]}"
3133,1.5750125168013398E-4,"{""geodesic"":false,""type"":""Point"",""coordinates"":[74.60508434612626,24.658754549080864]}"
3134,1.506856054652858E-4,"{""geodesic"":false,""type"":""Point"",""coordinates"":[75.14407351659797,24.658754549080864]}"
3135,1.6155102753708425E-4,"{""geodesic"":false,""type"":""Point"",""coordinates"":[75.23390504500992,24.658754549080864]}"
3136,1.5293992882952308E-4,"{""geodesic"":false,""type"":""Point"",""coordinates"":[76.76104102801311,24.658754549080864]}"
3137,1.5966489633643604E-4,"{""geodesic"":false,""type"":""Point"",""coordinates"":[77.12036714166092,24.658754549080864]}"
3138,1.5028203222913623E-4,"{""geodesic"":false,""type"":""Point"",""coordinates"":[77.56952478372068,24.658754549080864]}"
3139,1.4762104214739304E-4,"{""geodesic"":false,""type"":""Point"",""coordinates"":[77.65935631213263,24.658754549080864]}"
3140,1.5358430683993764E-4,"{""geodesic"":false,""type"":""Point"",""coordinates"":[78.01868242578044,24.658754549080864]}"
3141,1.5446369488428285E-4,"{""geodesic"":false,""type"":""Point"",""coordinates"":[78.55767159625215,24.658754549080864]}"
3142,1.645529651596308E-4,"{""geodesic"":false,""type"":""Point"",""coordinates"":[79.00682923831191,24.658754549080864]}"
3143,1.6515703215626363E-4,"{""geodesic"":false,""type"":""Point"",""coordinates"":[79.45598688037167,24.658754549080864]}"
3144,1.7573832403298422E-4,"{""geodesic"":false,""type"":""Point"",""coordinates"":[80.17463910766729,24.658754549080864]}"
3145,1.6681753447956994E-4,"{""geodesic"":false,""type"":""Point"",""coordinates"":[80.44413369290315,24.658754549080864]}"
3146,1.9719921626597343E-4,"{""geodesic"":false,""type"":""Point"",""coordinates"":[80.98312286337486,24.658754549080864]}"
3147,1.948930458282957E-4,"{""geodesic"":false,""type"":""Point"",""coordinates"":[81.25261744861072,24.658754549080864]}"
3148,1.863020879139525E-4,"{""geodesic"":false,""type"":""Point"",""coordinates"":[82.06110120431829,24.658754549080864]}"
3149,1.9627451185153853E-4,"{""geodesic"":false,""type"":""Point"",""coordinates"":[82.60009037479,24.658754549080864]}"
3150,2.2128998856824986E-4,"{""geodesic"":false,""type"":""Point"",""coordinates"":[84.21705788620514,24.658754549080864]}"
3151,2.177934300567934E-4,"{""geodesic"":false,""type"":""Point"",""coordinates"":[84.6662155282649,24.658754549080864]}"
3152,2.1416559431093875E-4,"{""geodesic"":false,""type"":""Point"",""coordinates"":[84.8458785850888,24.658754549080864]}"
3153,2.0905469844592097E-4,"{""geodesic"":false,""type"":""Point"",""coordinates"":[85.29503622714856,24.658754549080864]}"
3154,2.1949316042602063E-4,"{""geodesic"":false,""type"":""Point"",""coordinates"":[86.28318303968004,24.658754549080864]}"
3155,2.1487614483910755E-4,"{""geodesic"":false,""type"":""Point"",""coordinates"":[87.09166679538761,24.658754549080864]}"
3156,2.0996431092453347E-4,"{""geodesic"":false,""type"":""Point"",""coordinates"":[87.18149832379956,24.658754549080864]}"
3157,1.887555836638954E-4,"{""geodesic"":false,""type"":""Point"",""coordinates"":[92.75105308534059,24.658754549080864]}"
3158,1.703939985443846E-4,"{""geodesic"":false,""type"":""Point"",""coordinates"":[93.1103791989884,24.658754549080864]}"
3159,1.3051391203653713E-4,"{""geodesic"":false,""type"":""Point"",""coordinates"":[93.20021072740035,24.658754549080864]}"
3160,1.441905712543037E-4,"{""geodesic"":false,""type"":""Point"",""coordinates"":[93.55953684104816,24.658754549080864]}"
3161,1.4184760473353054E-4,"{""geodesic"":false,""type"":""Point"",""coordinates"":[94.00869448310792,24.658754549080864]}"
3162,1.5710102152765546E-4,"{""geodesic"":false,""type"":""Point"",""coordinates"":[94.36802059675573,24.658754549080864]}"
3163,1.2168965301177606E-4,"{""geodesic"":false,""type"":""Point"",""coordinates"":[71.28131779488403,24.748586077492817]}"
3164,1.2802494902828613E-4,"{""geodesic"":false,""type"":""Point"",""coordinates"":[71.64064390853184,24.748586077492817]}"
3165,1.3299789165812758E-4,"{""geodesic"":false,""type"":""Point"",""coordinates"":[72.2694646074155,24.748586077492817]}"
3166,1.313214171052299E-4,"{""geodesic"":false,""type"":""Point"",""coordinates"":[72.35929613582745,24.748586077492817]}"
3167,1.4699857632149578E-4,"{""geodesic"":false,""type"":""Point"",""coordinates"":[74.1559267040665,24.748586077492817]}"
3168,1.365034843423757E-4,"{""geodesic"":false,""type"":""Point"",""coordinates"":[74.78474740295016,24.748586077492817]}"
3169,1.4776251210310353E-4,"{""geodesic"":false,""type"":""Point"",""coordinates"":[75.86272574389359,24.748586077492817]}"
3170,1.5490317369426802E-4,"{""geodesic"":false,""type"":""Point"",""coordinates"":[76.13222032912944,24.748586077492817]}"
3171,1.518474594638752E-4,"{""geodesic"":false,""type"":""Point"",""coordinates"":[77.03053561324897,24.748586077492817]}"
3172,1.539772403419476E-4,"{""geodesic"":false,""type"":""Point"",""coordinates"":[77.21019867007287,24.748586077492817]}"
3173,1.5432983341478503E-4,"{""geodesic"":false,""type"":""Point"",""coordinates"":[77.47969325530873,24.748586077492817]}"
3174,1.646406351251294E-4,"{""geodesic"":false,""type"":""Point"",""coordinates"":[79.54581840878363,24.748586077492817]}"
3175,1.793190262971021E-4,"{""geodesic"":false,""type"":""Point"",""coordinates"":[80.08480757925534,24.748586077492817]}"
3176,1.7460027748360523E-4,"{""geodesic"":false,""type"":""Point"",""coordinates"":[80.62379674972705,24.748586077492817]}"
3177,1.7528694314882009E-4,"{""geodesic"":false,""type"":""Point"",""coordinates"":[80.89329133496291,24.748586077492817]}"
3178,2.0609331630354173E-4,"{""geodesic"":false,""type"":""Point"",""coordinates"":[82.24076426114219,24.748586077492817]}"
3179,1.8970392485217482E-4,"{""geodesic"":false,""type"":""Point"",""coordinates"":[82.51025884637805,24.748586077492817]}"
3180,1.9080244099573053E-4,"{""geodesic"":false,""type"":""Point"",""coordinates"":[82.95941648843781,24.748586077492817]}"
3181,1.9089100775883088E-4,"{""geodesic"":false,""type"":""Point"",""coordinates"":[83.31874260208562,24.748586077492817]}"
3182,1.968315178181892E-4,"{""geodesic"":false,""type"":""Point"",""coordinates"":[83.58823718732147,24.748586077492817]}"
3183,2.0636534049374468E-4,"{""geodesic"":false,""type"":""Point"",""coordinates"":[83.67806871573343,24.748586077492817]}"
3184,2.1379567067806787E-4,"{""geodesic"":false,""type"":""Point"",""coordinates"":[83.94756330096928,24.748586077492817]}"
3185,2.2640447466514317E-4,"{""geodesic"":false,""type"":""Point"",""coordinates"":[85.29503622714856,24.748586077492817]}"
3186,2.23612409968675E-4,"{""geodesic"":false,""type"":""Point"",""coordinates"":[85.38486775556052,24.748586077492817]}"
3187,2.1487393367654848E-4,"{""geodesic"":false,""type"":""Point"",""coordinates"":[85.92385692603223,24.748586077492817]}"
3188,2.2108563199648684E-4,"{""geodesic"":false,""type"":""Point"",""coordinates"":[86.19335151126809,24.748586077492817]}"
3189,2.2045204215849612E-4,"{""geodesic"":false,""type"":""Point"",""coordinates"":[87.00183526697566,24.748586077492817]}"
3190,2.225181646034351E-4,"{""geodesic"":false,""type"":""Point"",""coordinates"":[87.98998207950713,24.748586077492817]}"
3191,1.9143581037678437E-4,"{""geodesic"":false,""type"":""Point"",""coordinates"":[92.39172697169278,24.748586077492817]}"
3192,1.655810801666991E-4,"{""geodesic"":false,""type"":""Point"",""coordinates"":[93.1103791989884,24.748586077492817]}"
3193,1.4069185847666302E-4,"{""geodesic"":false,""type"":""Point"",""coordinates"":[94.54768365357964,24.748586077492817]}"
3194,1.2522823826833918E-4,"{""geodesic"":false,""type"":""Point"",""coordinates"":[71.28131779488403,24.83841760590477]}"
3195,1.377207730496143E-4,"{""geodesic"":false,""type"":""Point"",""coordinates"":[73.34744294835893,24.83841760590477]}"
3196,1.4964080600336806E-4,"{""geodesic"":false,""type"":""Point"",""coordinates"":[73.52710600518283,24.83841760590477]}"
3197,1.485874048559648E-4,"{""geodesic"":false,""type"":""Point"",""coordinates"":[73.88643211883064,24.83841760590477]}"
3198,1.4734487269212605E-4,"{""geodesic"":false,""type"":""Point"",""coordinates"":[74.24575823247845,24.83841760590477]}"
3199,1.4880409985664912E-4,"{""geodesic"":false,""type"":""Point"",""coordinates"":[74.96441045977407,24.83841760590477]}"
3200,1.4339875845586383E-4,"{""geodesic"":false,""type"":""Point"",""coordinates"":[77.03053561324897,24.83841760590477]}"
3201,1.5360524516776634E-4,"{""geodesic"":false,""type"":""Point"",""coordinates"":[77.92885089736849,24.83841760590477]}"
3202,1.6528016440719008E-4,"{""geodesic"":false,""type"":""Point"",""coordinates"":[78.73733465307606,24.83841760590477]}"
3203,1.646786792201113E-4,"{""geodesic"":false,""type"":""Point"",""coordinates"":[79.63564993719558,24.83841760590477]}"
3204,1.891227436649626E-4,"{""geodesic"":false,""type"":""Point"",""coordinates"":[80.89329133496291,24.83841760590477]}"
3205,1.8527937812476932E-4,"{""geodesic"":false,""type"":""Point"",""coordinates"":[81.07295439178681,24.83841760590477]}"
3206,1.9204581420984013E-4,"{""geodesic"":false,""type"":""Point"",""coordinates"":[81.16278592019876,24.83841760590477]}"
3207,1.9552611808423134E-4,"{""geodesic"":false,""type"":""Point"",""coordinates"":[81.25261744861072,24.83841760590477]}"
3208,2.0876303112388466E-4,"{""geodesic"":false,""type"":""Point"",""coordinates"":[81.88143814749438,24.83841760590477]}"
3209,2.1064899155222595E-4,"{""geodesic"":false,""type"":""Point"",""coordinates"":[82.60009037479,24.83841760590477]}"
3210,1.9788242698553168E-4,"{""geodesic"":false,""type"":""Point"",""coordinates"":[82.95941648843781,24.83841760590477]}"
3211,1.9706232623696923E-4,"{""geodesic"":false,""type"":""Point"",""coordinates"":[83.13907954526171,24.83841760590477]}"
3212,2.0313680961815957E-4,"{""geodesic"":false,""type"":""Point"",""coordinates"":[83.31874260208562,24.83841760590477]}"
3213,2.158641163810826E-4,"{""geodesic"":false,""type"":""Point"",""coordinates"":[83.67806871573343,24.83841760590477]}"
3214,2.0951568634920234E-4,"{""geodesic"":false,""type"":""Point"",""coordinates"":[84.03739482938123,24.83841760590477]}"
3215,2.2349702728376113E-4,"{""geodesic"":false,""type"":""Point"",""coordinates"":[85.20520469873661,24.83841760590477]}"
3216,2.1820051854915177E-4,"{""geodesic"":false,""type"":""Point"",""coordinates"":[85.29503622714856,24.83841760590477]}"
3217,2.255160305113065E-4,"{""geodesic"":false,""type"":""Point"",""coordinates"":[85.38486775556052,24.83841760590477]}"
3218,2.17626966924991E-4,"{""geodesic"":false,""type"":""Point"",""coordinates"":[85.83402539762028,24.83841760590477]}"
3219,2.2708110881657496E-4,"{""geodesic"":false,""type"":""Point"",""coordinates"":[87.45099290903542,24.83841760590477]}"
3220,2.266475756344641E-4,"{""geodesic"":false,""type"":""Point"",""coordinates"":[87.81031902268322,24.83841760590477]}"
3221,2.292437259358469E-4,"{""geodesic"":false,""type"":""Point"",""coordinates"":[88.07981360791908,24.83841760590477]}"
3222,1.6622809334380858E-4,"{""geodesic"":false,""type"":""Point"",""coordinates"":[93.1103791989884,24.83841760590477]}"
3223,1.3885774467431005E-4,"{""geodesic"":false,""type"":""Point"",""coordinates"":[93.29004225581231,24.83841760590477]}"
3224,1.310217514354016E-4,"{""geodesic"":false,""type"":""Point"",""coordinates"":[93.37987378422426,24.83841760590477]}"
3225,1.260737940043349E-4,"{""geodesic"":false,""type"":""Point"",""coordinates"":[93.46970531263621,24.83841760590477]}"
3226,1.4283148013578064E-4,"{""geodesic"":false,""type"":""Point"",""coordinates"":[94.00869448310792,24.83841760590477]}"
3227,1.3142938830350753E-4,"{""geodesic"":false,""type"":""Point"",""coordinates"":[71.19148626647208,24.928249134316722]}"
3228,1.26302835492018E-4,"{""geodesic"":false,""type"":""Point"",""coordinates"":[71.37114932329598,24.928249134316722]}"
3229,1.313653228152778E-4,"{""geodesic"":false,""type"":""Point"",""coordinates"":[72.44912766423941,24.928249134316722]}"
3230,1.3354642643068705E-4,"{""geodesic"":false,""type"":""Point"",""coordinates"":[72.53895919265136,24.928249134316722]}"
3231,1.3931629619952393E-4,"{""geodesic"":false,""type"":""Point"",""coordinates"":[72.80845377788721,24.928249134316722]}"
3232,1.4838028134013046E-4,"{""geodesic"":false,""type"":""Point"",""coordinates"":[73.52710600518283,24.928249134316722]}"
3233,1.496171210469285E-4,"{""geodesic"":false,""type"":""Point"",""coordinates"":[74.24575823247845,24.928249134316722]}"
3234,1.6223326168637398E-4,"{""geodesic"":false,""type"":""Point"",""coordinates"":[75.23390504500992,24.928249134316722]}"
3235,1.6798346947349209E-4,"{""geodesic"":false,""type"":""Point"",""coordinates"":[75.95255727230554,24.928249134316722]}"
3236,1.5669853508075752E-4,"{""geodesic"":false,""type"":""Point"",""coordinates"":[76.13222032912944,24.928249134316722]}"
3237,1.7268204254121652E-4,"{""geodesic"":false,""type"":""Point"",""coordinates"":[76.2220518575414,24.928249134316722]}"
3238,1.6297404978755315E-4,"{""geodesic"":false,""type"":""Point"",""coordinates"":[76.31188338595335,24.928249134316722]}"
3239,1.5251768629879497E-4,"{""geodesic"":false,""type"":""Point"",""coordinates"":[76.94070408483701,24.928249134316722]}"
3240,1.5345404441182307E-4,"{""geodesic"":false,""type"":""Point"",""coordinates"":[77.38986172689677,24.928249134316722]}"
3241,1.543875135705715E-4,"{""geodesic"":false,""type"":""Point"",""coordinates"":[77.47969325530873,24.928249134316722]}"
3242,1.4912124432054432E-4,"{""geodesic"":false,""type"":""Point"",""coordinates"":[77.74918784054458,24.928249134316722]}"
3243,1.7945199947852578E-4,"{""geodesic"":false,""type"":""Point"",""coordinates"":[79.00682923831191,24.928249134316722]}"
3244,1.673437136483457E-4,"{""geodesic"":false,""type"":""Point"",""coordinates"":[79.27632382354777,24.928249134316722]}"
3245,1.953199817077695E-4,"{""geodesic"":false,""type"":""Point"",""coordinates"":[81.07295439178681,24.928249134316722]}"
3246,2.08692936453284E-4,"{""geodesic"":false,""type"":""Point"",""coordinates"":[81.97126967590633,24.928249134316722]}"
3247,2.0375278533021863E-4,"{""geodesic"":false,""type"":""Point"",""coordinates"":[82.4204273179661,24.928249134316722]}"
3248,2.0411685873982673E-4,"{""geodesic"":false,""type"":""Point"",""coordinates"":[83.94756330096928,24.928249134316722]}"
3249,2.2605694764269438E-4,"{""geodesic"":false,""type"":""Point"",""coordinates"":[85.38486775556052,24.928249134316722]}"
3250,2.1795708626373947E-4,"{""geodesic"":false,""type"":""Point"",""coordinates"":[86.10351998285613,24.928249134316722]}"
3251,2.17041601089517E-4,"{""geodesic"":false,""type"":""Point"",""coordinates"":[87.18149832379956,24.928249134316722]}"
3252,2.252706953725715E-4,"{""geodesic"":false,""type"":""Point"",""coordinates"":[87.98998207950713,24.928249134316722]}"
3253,2.272672702500093E-4,"{""geodesic"":false,""type"":""Point"",""coordinates"":[88.07981360791908,24.928249134316722]}"
3254,1.3974550551133278E-4,"{""geodesic"":false,""type"":""Point"",""coordinates"":[94.00869448310792,24.928249134316722]}"
3255,1.2087655385614152E-4,"{""geodesic"":false,""type"":""Point"",""coordinates"":[94.63751518199159,24.928249134316722]}"
3256,1.2551022480872674E-4,"{""geodesic"":false,""type"":""Point"",""coordinates"":[71.37114932329598,25.01808066272867]}"
3257,1.3720142330672517E-4,"{""geodesic"":false,""type"":""Point"",""coordinates"":[72.2694646074155,25.01808066272867]}"
3258,1.2979777044538681E-4,"{""geodesic"":false,""type"":""Point"",""coordinates"":[72.44912766423941,25.01808066272867]}"
3259,1.2973024207366446E-4,"{""geodesic"":false,""type"":""Point"",""coordinates"":[73.43727447677088,25.01808066272867]}"
3260,1.5281866508060163E-4,"{""geodesic"":false,""type"":""Point"",""coordinates"":[73.97626364724259,25.01808066272867]}"
3261,1.7494674505714542E-4,"{""geodesic"":false,""type"":""Point"",""coordinates"":[75.95255727230554,25.01808066272867]}"
3262,1.5551832109882605E-4,"{""geodesic"":false,""type"":""Point"",""coordinates"":[76.31188338595335,25.01808066272867]}"
3263,1.6316414547287836E-4,"{""geodesic"":false,""type"":""Point"",""coordinates"":[76.67120949960116,25.01808066272867]}"
3264,1.47639175527428E-4,"{""geodesic"":false,""type"":""Point"",""coordinates"":[77.30003019848482,25.01808066272867]}"
3265,1.448906119602389E-4,"{""geodesic"":false,""type"":""Point"",""coordinates"":[77.83901936895654,25.01808066272867]}"
3266,1.600047663329292E-4,"{""geodesic"":false,""type"":""Point"",""coordinates"":[78.2881770110163,25.01808066272867]}"
3267,1.6655968588079857E-4,"{""geodesic"":false,""type"":""Point"",""coordinates"":[78.82716618148801,25.01808066272867]}"
3268,1.5771018464978657E-4,"{""geodesic"":false,""type"":""Point"",""coordinates"":[79.27632382354777,25.01808066272867]}"
3269,1.8136631843115996E-4,"{""geodesic"":false,""type"":""Point"",""coordinates"":[80.17463910766729,25.01808066272867]}"
3270,1.8574261412747028E-4,"{""geodesic"":false,""type"":""Point"",""coordinates"":[80.26447063607924,25.01808066272867]}"
3271,1.941207698765686E-4,"{""geodesic"":false,""type"":""Point"",""coordinates"":[81.07295439178681,25.01808066272867]}"
3272,2.092794510443102E-4,"{""geodesic"":false,""type"":""Point"",""coordinates"":[81.97126967590633,25.01808066272867]}"
3273,2.1839277348607245E-4,"{""geodesic"":false,""type"":""Point"",""coordinates"":[82.60009037479,25.01808066272867]}"
3274,2.0672791227256592E-4,"{""geodesic"":false,""type"":""Point"",""coordinates"":[82.7797534316139,25.01808066272867]}"
3275,2.0813579061935614E-4,"{""geodesic"":false,""type"":""Point"",""coordinates"":[82.95941648843781,25.01808066272867]}"
3276,1.956016744854526E-4,"{""geodesic"":false,""type"":""Point"",""coordinates"":[83.04924801684976,25.01808066272867]}"
3277,2.2100562592934902E-4,"{""geodesic"":false,""type"":""Point"",""coordinates"":[83.67806871573343,25.01808066272867]}"
3278,2.198154334915792E-4,"{""geodesic"":false,""type"":""Point"",""coordinates"":[84.30688941461709,25.01808066272867]}"
3279,2.2668144611727765E-4,"{""geodesic"":false,""type"":""Point"",""coordinates"":[84.39672094302904,25.01808066272867]}"
3280,2.2134521320420688E-4,"{""geodesic"":false,""type"":""Point"",""coordinates"":[86.37301456809199,25.01808066272867]}"
3281,2.3039113746370422E-4,"{""geodesic"":false,""type"":""Point"",""coordinates"":[86.55267762491589,25.01808066272867]}"
3282,2.0902718892589522E-4,"{""geodesic"":false,""type"":""Point"",""coordinates"":[87.36116138062346,25.01808066272867]}"
3283,2.2871765359846932E-4,"{""geodesic"":false,""type"":""Point"",""coordinates"":[88.07981360791908,25.01808066272867]}"
3284,1.8598628319735393E-4,"{""geodesic"":false,""type"":""Point"",""coordinates"":[92.48155850010474,25.01808066272867]}"
3285,1.254947927342961E-4,"{""geodesic"":false,""type"":""Point"",""coordinates"":[94.00869448310792,25.01808066272867]}"
3286,1.2406679883242186E-4,"{""geodesic"":false,""type"":""Point"",""coordinates"":[94.27818906834378,25.01808066272867]}"
3287,1.0692851024911586E-4,"{""geodesic"":false,""type"":""Point"",""coordinates"":[94.54768365357964,25.01808066272867]}"
3288,1.265431788372669E-4,"{""geodesic"":false,""type"":""Point"",""coordinates"":[71.19148626647208,25.107912191140624]}"
3289,1.303118322566973E-4,"{""geodesic"":false,""type"":""Point"",""coordinates"":[71.82030696535574,25.107912191140624]}"
3290,1.2708667567932718E-4,"{""geodesic"":false,""type"":""Point"",""coordinates"":[71.99997002217964,25.107912191140624]}"
3291,1.414201922284271E-4,"{""geodesic"":false,""type"":""Point"",""coordinates"":[72.53895919265136,25.107912191140624]}"
3292,1.2802637060094628E-4,"{""geodesic"":false,""type"":""Point"",""coordinates"":[72.62879072106331,25.107912191140624]}"
3293,1.327245964100467E-4,"{""geodesic"":false,""type"":""Point"",""coordinates"":[73.07794836312307,25.107912191140624]}"
3294,1.2792856331539647E-4,"{""geodesic"":false,""type"":""Point"",""coordinates"":[73.43727447677088,25.107912191140624]}"
3295,1.3352865932110696E-4,"{""geodesic"":false,""type"":""Point"",""coordinates"":[73.52710600518283,25.107912191140624]}"
3296,1.4226816675691974E-4,"{""geodesic"":false,""type"":""Point"",""coordinates"":[73.97626364724259,25.107912191140624]}"
3297,1.444544147998264E-4,"{""geodesic"":false,""type"":""Point"",""coordinates"":[74.24575823247845,25.107912191140624]}"
3298,1.6706604689392757E-4,"{""geodesic"":false,""type"":""Point"",""coordinates"":[75.68306268706968,25.107912191140624]}"
3299,1.5792173487936487E-4,"{""geodesic"":false,""type"":""Point"",""coordinates"":[77.56952478372068,25.107912191140624]}"
3300,1.6036686373097924E-4,"{""geodesic"":false,""type"":""Point"",""coordinates"":[77.92885089736849,25.107912191140624]}"
3301,1.6291732742902768E-4,"{""geodesic"":false,""type"":""Point"",""coordinates"":[78.2881770110163,25.107912191140624]}"
3302,1.687168935864895E-4,"{""geodesic"":false,""type"":""Point"",""coordinates"":[79.63564993719558,25.107912191140624]}"
3303,1.8428480445245048E-4,"{""geodesic"":false,""type"":""Point"",""coordinates"":[80.44413369290315,25.107912191140624]}"
3304,1.8136186495420302E-4,"{""geodesic"":false,""type"":""Point"",""coordinates"":[80.80345980655096,25.107912191140624]}"
3305,2.1700166057453472E-4,"{""geodesic"":false,""type"":""Point"",""coordinates"":[82.60009037479,25.107912191140624]}"
3306,2.153706788326237E-4,"{""geodesic"":false,""type"":""Point"",""coordinates"":[82.95941648843781,25.107912191140624]}"
3307,2.1937104741811503E-4,"{""geodesic"":false,""type"":""Point"",""coordinates"":[83.13907954526171,25.107912191140624]}"
3308,2.2061379984477552E-4,"{""geodesic"":false,""type"":""Point"",""coordinates"":[83.31874260208562,25.107912191140624]}"
3309,2.2178205480256338E-4,"{""geodesic"":false,""type"":""Point"",""coordinates"":[84.12722635779319,25.107912191140624]}"
3310,2.2730198471909133E-4,"{""geodesic"":false,""type"":""Point"",""coordinates"":[84.30688941461709,25.107912191140624]}"
3311,2.3668886997923907E-4,"{""geodesic"":false,""type"":""Point"",""coordinates"":[84.48655247144099,25.107912191140624]}"
3312,2.4083485380268753E-4,"{""geodesic"":false,""type"":""Point"",""coordinates"":[85.02554164191271,25.107912191140624]}"
3313,2.37325558271762E-4,"{""geodesic"":false,""type"":""Point"",""coordinates"":[85.11537317032466,25.107912191140624]}"
3314,2.3649719471246963E-4,"{""geodesic"":false,""type"":""Point"",""coordinates"":[86.82217221015175,25.107912191140624]}"
3315,2.0786197027388697E-4,"{""geodesic"":false,""type"":""Point"",""coordinates"":[87.18149832379956,25.107912191140624]}"
3316,2.2108307487083212E-4,"{""geodesic"":false,""type"":""Point"",""coordinates"":[87.36116138062346,25.107912191140624]}"
3317,2.105271527393017E-4,"{""geodesic"":false,""type"":""Point"",""coordinates"":[87.63065596585932,25.107912191140624]}"
3318,1.2729648275434374E-4,"{""geodesic"":false,""type"":""Point"",""coordinates"":[93.55953684104816,25.107912191140624]}"
3319,1.2026171554765228E-4,"{""geodesic"":false,""type"":""Point"",""coordinates"":[94.00869448310792,25.107912191140624]}"
3320,1.1816734820070322E-4,"{""geodesic"":false,""type"":""Point"",""coordinates"":[94.36802059675573,25.107912191140624]}"
3321,1.3907854208243168E-4,"{""geodesic"":false,""type"":""Point"",""coordinates"":[71.46098085170793,25.197743719552577]}"
3322,1.2563731714907884E-4,"{""geodesic"":false,""type"":""Point"",""coordinates"":[72.89828530629917,25.197743719552577]}"
3323,1.3630333389181657E-4,"{""geodesic"":false,""type"":""Point"",""coordinates"":[73.34744294835893,25.197743719552577]}"
3324,1.4691138921606468E-4,"{""geodesic"":false,""type"":""Point"",""coordinates"":[74.1559267040665,25.197743719552577]}"
3325,1.5420932642627743E-4,"{""geodesic"":false,""type"":""Point"",""coordinates"":[74.42542128930235,25.197743719552577]}"
3326,1.5340218240967373E-4,"{""geodesic"":false,""type"":""Point"",""coordinates"":[74.51525281771431,25.197743719552577]}"
3327,1.5834122453682963E-4,"{""geodesic"":false,""type"":""Point"",""coordinates"":[76.76104102801311,25.197743719552577]}"
3328,1.4671433213417188E-4,"{""geodesic"":false,""type"":""Point"",""coordinates"":[76.94070408483701,25.197743719552577]}"
3329,1.565730403589895E-4,"{""geodesic"":false,""type"":""Point"",""coordinates"":[77.03053561324897,25.197743719552577]}"
3330,1.562675590427466E-4,"{""geodesic"":false,""type"":""Point"",""coordinates"":[77.21019867007287,25.197743719552577]}"
3331,1.5519060898714656E-4,"{""geodesic"":false,""type"":""Point"",""coordinates"":[77.47969325530873,25.197743719552577]}"
3332,1.4238523580382156E-4,"{""geodesic"":false,""type"":""Point"",""coordinates"":[77.65935631213263,25.197743719552577]}"
3333,1.697391224949343E-4,"{""geodesic"":false,""type"":""Point"",""coordinates"":[78.73733465307606,25.197743719552577]}"
3334,1.7164627590089362E-4,"{""geodesic"":false,""type"":""Point"",""coordinates"":[79.09666076672387,25.197743719552577]}"
3335,1.741491742050839E-4,"{""geodesic"":false,""type"":""Point"",""coordinates"":[79.18649229513582,25.197743719552577]}"
3336,1.8587749830730014E-4,"{""geodesic"":false,""type"":""Point"",""coordinates"":[79.90514452243143,25.197743719552577]}"
3337,1.776806771386311E-4,"{""geodesic"":false,""type"":""Point"",""coordinates"":[80.26447063607924,25.197743719552577]}"
3338,1.835012708229286E-4,"{""geodesic"":false,""type"":""Point"",""coordinates"":[80.713628278139,25.197743719552577]}"
3339,2.0715079560259674E-4,"{""geodesic"":false,""type"":""Point"",""coordinates"":[81.43228050543462,25.197743719552577]}"
3340,2.2116012066572725E-4,"{""geodesic"":false,""type"":""Point"",""coordinates"":[82.15093273273024,25.197743719552577]}"
3341,2.1112123764780298E-4,"{""geodesic"":false,""type"":""Point"",""coordinates"":[82.7797534316139,25.197743719552577]}"
3342,2.1089932764585266E-4,"{""geodesic"":false,""type"":""Point"",""coordinates"":[82.95941648843781,25.197743719552577]}"
3343,2.252774179399199E-4,"{""geodesic"":false,""type"":""Point"",""coordinates"":[83.40857413049757,25.197743719552577]}"
3344,2.2474357193734643E-4,"{""geodesic"":false,""type"":""Point"",""coordinates"":[83.49840565890952,25.197743719552577]}"
3345,2.3054416597740793E-4,"{""geodesic"":false,""type"":""Point"",""coordinates"":[84.21705788620514,25.197743719552577]}"
3346,2.546915683142957E-4,"{""geodesic"":false,""type"":""Point"",""coordinates"":[84.75604705667685,25.197743719552577]}"
3347,2.3432285130080402E-4,"{""geodesic"":false,""type"":""Point"",""coordinates"":[85.11537317032466,25.197743719552577]}"
3348,2.2615030174301558E-4,"{""geodesic"":false,""type"":""Point"",""coordinates"":[85.47469928397247,25.197743719552577]}"
3349,2.151633194878227E-4,"{""geodesic"":false,""type"":""Point"",""coordinates"":[86.28318303968004,25.197743719552577]}"
3350,2.0791768726931712E-4,"{""geodesic"":false,""type"":""Point"",""coordinates"":[87.18149832379956,25.197743719552577]}"
3351,1.6710658926513813E-4,"{""geodesic"":false,""type"":""Point"",""coordinates"":[90.77475946027765,25.197743719552577]}"
3352,1.767352015355428E-4,"{""geodesic"":false,""type"":""Point"",""coordinates"":[91.58324321598522,25.197743719552577]}"
3353,1.5898810656311062E-4,"{""geodesic"":false,""type"":""Point"",""coordinates"":[92.21206391486888,25.197743719552577]}"
3354,1.024378688821686E-4,"{""geodesic"":false,""type"":""Point"",""coordinates"":[94.45785212516768,25.197743719552577]}"
3355,1.3726471915202285E-4,"{""geodesic"":false,""type"":""Point"",""coordinates"":[72.53895919265136,25.28757524796453]}"
3356,1.3397972717237212E-4,"{""geodesic"":false,""type"":""Point"",""coordinates"":[72.71862224947526,25.28757524796453]}"
3357,1.385736597790526E-4,"{""geodesic"":false,""type"":""Point"",""coordinates"":[72.80845377788721,25.28757524796453]}"
3358,1.3261421316077538E-4,"{""geodesic"":false,""type"":""Point"",""coordinates"":[73.25761141994698,25.28757524796453]}"
3359,1.4134512102208948E-4,"{""geodesic"":false,""type"":""Point"",""coordinates"":[73.88643211883064,25.28757524796453]}"
3360,1.4051379022822735E-4,"{""geodesic"":false,""type"":""Point"",""coordinates"":[74.96441045977407,25.28757524796453]}"
3361,1.451611373265537E-4,"{""geodesic"":false,""type"":""Point"",""coordinates"":[75.05424198818602,25.28757524796453]}"
3362,1.600480116889001E-4,"{""geodesic"":false,""type"":""Point"",""coordinates"":[76.13222032912944,25.28757524796453]}"
3363,1.5158890095274573E-4,"{""geodesic"":false,""type"":""Point"",""coordinates"":[76.49154644277725,25.28757524796453]}"
3364,1.5280086850140876E-4,"{""geodesic"":false,""type"":""Point"",""coordinates"":[77.83901936895654,25.28757524796453]}"
3365,1.5787000310429092E-4,"{""geodesic"":false,""type"":""Point"",""coordinates"":[78.10851395419239,25.28757524796453]}"
3366,1.7404508901127925E-4,"{""geodesic"":false,""type"":""Point"",""coordinates"":[78.6475031246641,25.28757524796453]}"
3367,1.816426340602387E-4,"{""geodesic"":false,""type"":""Point"",""coordinates"":[79.00682923831191,25.28757524796453]}"
3368,1.900576950852543E-4,"{""geodesic"":false,""type"":""Point"",""coordinates"":[80.5339652213151,25.28757524796453]}"
3369,1.859057241213168E-4,"{""geodesic"":false,""type"":""Point"",""coordinates"":[80.98312286337486,25.28757524796453]}"
3370,1.9481232444724697E-4,"{""geodesic"":false,""type"":""Point"",""coordinates"":[81.07295439178681,25.28757524796453]}"
3371,2.0881868062341106E-4,"{""geodesic"":false,""type"":""Point"",""coordinates"":[81.43228050543462,25.28757524796453]}"
3372,2.2568405748368492E-4,"{""geodesic"":false,""type"":""Point"",""coordinates"":[82.24076426114219,25.28757524796453]}"
3373,2.2360149549837974E-4,"{""geodesic"":false,""type"":""Point"",""coordinates"":[82.4204273179661,25.28757524796453]}"
3374,2.2757214242917926E-4,"{""geodesic"":false,""type"":""Point"",""coordinates"":[83.31874260208562,25.28757524796453]}"
3375,2.2921895294887161E-4,"{""geodesic"":false,""type"":""Point"",""coordinates"":[83.49840565890952,25.28757524796453]}"
3376,2.3745559074654367E-4,"{""geodesic"":false,""type"":""Point"",""coordinates"":[84.75604705667685,25.28757524796453]}"
3377,2.3073362837991654E-4,"{""geodesic"":false,""type"":""Point"",""coordinates"":[84.93571011350076,25.28757524796453]}"
3378,2.1206217772622564E-4,"{""geodesic"":false,""type"":""Point"",""coordinates"":[85.47469928397247,25.28757524796453]}"
3379,2.170135495966582E-4,"{""geodesic"":false,""type"":""Point"",""coordinates"":[85.74419386920833,25.28757524796453]}"
3380,2.322132106121041E-4,"{""geodesic"":false,""type"":""Point"",""coordinates"":[86.46284609650394,25.28757524796453]}"
3381,2.07071233865383E-4,"{""geodesic"":false,""type"":""Point"",""coordinates"":[87.00183526697566,25.28757524796453]}"
3382,2.173669081699366E-4,"{""geodesic"":false,""type"":""Point"",""coordinates"":[87.36116138062346,25.28757524796453]}"
3383,2.0735950757242718E-4,"{""geodesic"":false,""type"":""Point"",""coordinates"":[87.98998207950713,25.28757524796453]}"
3384,2.0529497980481995E-4,"{""geodesic"":false,""type"":""Point"",""coordinates"":[88.52897124997884,25.28757524796453]}"
3385,1.7801258606559074E-4,"{""geodesic"":false,""type"":""Point"",""coordinates"":[90.23577028980593,25.28757524796453]}"
3386,1.5480640306187417E-4,"{""geodesic"":false,""type"":""Point"",""coordinates"":[90.95442251710155,25.28757524796453]}"
3387,1.344439925586812E-4,"{""geodesic"":false,""type"":""Point"",""coordinates"":[91.94256932963302,25.28757524796453]}"
3388,1.2679926845246922E-4,"{""geodesic"":false,""type"":""Point"",""coordinates"":[92.03240085804498,25.28757524796453]}"
3389,1.700992145285736E-4,"{""geodesic"":false,""type"":""Point"",""coordinates"":[93.1103791989884,25.28757524796453]}"
3390,1.1537687435835617E-4,"{""geodesic"":false,""type"":""Point"",""coordinates"":[93.46970531263621,25.28757524796453]}"
3391,1.3408817592546455E-4,"{""geodesic"":false,""type"":""Point"",""coordinates"":[93.82903142628402,25.28757524796453]}"
3392,1.0277280708020204E-4,"{""geodesic"":false,""type"":""Point"",""coordinates"":[94.36802059675573,25.28757524796453]}"
3393,1.2715007080766922E-4,"{""geodesic"":false,""type"":""Point"",""coordinates"":[70.92199168123622,25.377406776376482]}"
3394,1.2625394570765498E-4,"{""geodesic"":false,""type"":""Point"",""coordinates"":[71.01182320964817,25.377406776376482]}"
3395,1.34944820290957E-4,"{""geodesic"":false,""type"":""Point"",""coordinates"":[71.64064390853184,25.377406776376482]}"
3396,1.2881417348521617E-4,"{""geodesic"":false,""type"":""Point"",""coordinates"":[71.73047543694379,25.377406776376482]}"
3397,1.2633129426205025E-4,"{""geodesic"":false,""type"":""Point"",""coordinates"":[72.2694646074155,25.377406776376482]}"
3398,1.2981696967593681E-4,"{""geodesic"":false,""type"":""Point"",""coordinates"":[72.53895919265136,25.377406776376482]}"
3399,1.3323456468246158E-4,"{""geodesic"":false,""type"":""Point"",""coordinates"":[73.34744294835893,25.377406776376482]}"
3400,1.268215804283935E-4,"{""geodesic"":false,""type"":""Point"",""coordinates"":[74.24575823247845,25.377406776376482]}"
3401,1.4796965904752656E-4,"{""geodesic"":false,""type"":""Point"",""coordinates"":[75.05424198818602,25.377406776376482]}"
3402,1.4125286309953956E-4,"{""geodesic"":false,""type"":""Point"",""coordinates"":[75.23390504500992,25.377406776376482]}"
3403,1.5979976486195385E-4,"{""geodesic"":false,""type"":""Point"",""coordinates"":[75.77289421548164,25.377406776376482]}"
3404,1.4744984054137542E-4,"{""geodesic"":false,""type"":""Point"",""coordinates"":[77.38986172689677,25.377406776376482]}"
3405,1.5726964398238573E-4,"{""geodesic"":false,""type"":""Point"",""coordinates"":[78.10851395419239,25.377406776376482]}"
3406,1.6458591652269338E-4,"{""geodesic"":false,""type"":""Point"",""coordinates"":[78.37800853942825,25.377406776376482]}"
3407,1.671878711841118E-4,"{""geodesic"":false,""type"":""Point"",""coordinates"":[78.4678400678402,25.377406776376482]}"
3408,1.725100244005099E-4,"{""geodesic"":false,""type"":""Point"",""coordinates"":[78.6475031246641,25.377406776376482]}"
3409,1.7316877816203927E-4,"{""geodesic"":false,""type"":""Point"",""coordinates"":[79.00682923831191,25.377406776376482]}"
3410,1.8755290162098003E-4,"{""geodesic"":false,""type"":""Point"",""coordinates"":[79.45598688037167,25.377406776376482]}"
3411,1.900598915511713E-4,"{""geodesic"":false,""type"":""Point"",""coordinates"":[79.72548146560753,25.377406776376482]}"
3412,1.9131440795831087E-4,"{""geodesic"":false,""type"":""Point"",""coordinates"":[80.62379674972705,25.377406776376482]}"
3413,1.987709054027954E-4,"{""geodesic"":false,""type"":""Point"",""coordinates"":[80.89329133496291,25.377406776376482]}"
3414,2.05822284664897E-4,"{""geodesic"":false,""type"":""Point"",""coordinates"":[81.34244897702267,25.377406776376482]}"
3415,2.0039169391426956E-4,"{""geodesic"":false,""type"":""Point"",""coordinates"":[81.43228050543462,25.377406776376482]}"
3416,1.9810814613592637E-4,"{""geodesic"":false,""type"":""Point"",""coordinates"":[81.52211203384657,25.377406776376482]}"
3417,2.1835470059055468E-4,"{""geodesic"":false,""type"":""Point"",""coordinates"":[82.60009037479,25.377406776376482]}"
3418,2.4415430834025346E-4,"{""geodesic"":false,""type"":""Point"",""coordinates"":[82.95941648843781,25.377406776376482]}"
3419,2.3490803707652976E-4,"{""geodesic"":false,""type"":""Point"",""coordinates"":[83.04924801684976,25.377406776376482]}"
3420,2.3992953612373785E-4,"{""geodesic"":false,""type"":""Point"",""coordinates"":[83.31874260208562,25.377406776376482]}"
3421,2.2831308952279682E-4,"{""geodesic"":false,""type"":""Point"",""coordinates"":[83.67806871573343,25.377406776376482]}"
3422,2.3444373189196078E-4,"{""geodesic"":false,""type"":""Point"",""coordinates"":[84.30688941461709,25.377406776376482]}"
3423,2.369609256665312E-4,"{""geodesic"":false,""type"":""Point"",""coordinates"":[84.8458785850888,25.377406776376482]}"
3424,2.2060663729409478E-4,"{""geodesic"":false,""type"":""Point"",""coordinates"":[85.65436234079637,25.377406776376482]}"
3425,2.1755386327198617E-4,"{""geodesic"":false,""type"":""Point"",""coordinates"":[85.74419386920833,25.377406776376482]}"
3426,2.2627452955448996E-4,"{""geodesic"":false,""type"":""Point"",""coordinates"":[86.28318303968004,25.377406776376482]}"
3427,2.0985623586516222E-4,"{""geodesic"":false,""type"":""Point"",""coordinates"":[86.82217221015175,25.377406776376482]}"
3428,2.1797378254953819E-4,"{""geodesic"":false,""type"":""Point"",""coordinates"":[87.54082443744737,25.377406776376482]}"
3429,2.143747918799733E-4,"{""geodesic"":false,""type"":""Point"",""coordinates"":[87.63065596585932,25.377406776376482]}"
3430,2.1789196090577726E-4,"{""geodesic"":false,""type"":""Point"",""coordinates"":[87.98998207950713,25.377406776376482]}"
3431,1.583844251418062E-4,"{""geodesic"":false,""type"":""Point"",""coordinates"":[90.77475946027765,25.377406776376482]}"
3432,1.0719969456227014E-4,"{""geodesic"":false,""type"":""Point"",""coordinates"":[91.76290627280912,25.377406776376482]}"
3433,1.1669197944025167E-4,"{""geodesic"":false,""type"":""Point"",""coordinates"":[92.21206391486888,25.377406776376482]}"
3434,1.401352454385832E-4,"{""geodesic"":false,""type"":""Point"",""coordinates"":[92.48155850010474,25.377406776376482]}"
3435,1.0570616420625372E-4,"{""geodesic"":false,""type"":""Point"",""coordinates"":[94.09852601151988,25.377406776376482]}"
3436,1.3738240992566342E-4,"{""geodesic"":false,""type"":""Point"",""coordinates"":[71.19148626647208,25.467238304788435]}"
3437,1.3179377842758335E-4,"{""geodesic"":false,""type"":""Point"",""coordinates"":[72.62879072106331,25.467238304788435]}"
3438,1.4845204521136474E-4,"{""geodesic"":false,""type"":""Point"",""coordinates"":[73.16777989153502,25.467238304788435]}"
3439,1.3174438433087403E-4,"{""geodesic"":false,""type"":""Point"",""coordinates"":[73.52710600518283,25.467238304788435]}"
3440,1.2713409774047277E-4,"{""geodesic"":false,""type"":""Point"",""coordinates"":[73.88643211883064,25.467238304788435]}"
3441,1.4617456785477167E-4,"{""geodesic"":false,""type"":""Point"",""coordinates"":[74.60508434612626,25.467238304788435]}"
3442,1.4617324415824317E-4,"{""geodesic"":false,""type"":""Point"",""coordinates"":[75.23390504500992,25.467238304788435]}"
3443,1.5520371668309674E-4,"{""geodesic"":false,""type"":""Point"",""coordinates"":[76.4017149143653,25.467238304788435]}"
3444,1.5757202712707468E-4,"{""geodesic"":false,""type"":""Point"",""coordinates"":[76.67120949960116,25.467238304788435]}"
3445,1.4965562426842163E-4,"{""geodesic"":false,""type"":""Point"",""coordinates"":[77.83901936895654,25.467238304788435]}"
3446,1.636473542906988E-4,"{""geodesic"":false,""type"":""Point"",""coordinates"":[77.92885089736849,25.467238304788435]}"
3447,1.5914975778199075E-4,"{""geodesic"":false,""type"":""Point"",""coordinates"":[78.01868242578044,25.467238304788435]}"
3448,1.7446139541196537E-4,"{""geodesic"":false,""type"":""Point"",""coordinates"":[78.4678400678402,25.467238304788435]}"
3449,1.872931740361232E-4,"{""geodesic"":false,""type"":""Point"",""coordinates"":[78.6475031246641,25.467238304788435]}"
3450,1.7680897985551176E-4,"{""geodesic"":false,""type"":""Point"",""coordinates"":[78.91699770989996,25.467238304788435]}"
3451,1.800414923948032E-4,"{""geodesic"":false,""type"":""Point"",""coordinates"":[79.27632382354777,25.467238304788435]}"
3452,2.003959542022909E-4,"{""geodesic"":false,""type"":""Point"",""coordinates"":[80.5339652213151,25.467238304788435]}"
3453,1.9651876015562057E-4,"{""geodesic"":false,""type"":""Point"",""coordinates"":[81.07295439178681,25.467238304788435]}"
3454,2.0891423377259464E-4,"{""geodesic"":false,""type"":""Point"",""coordinates"":[81.25261744861072,25.467238304788435]}"
3455,2.2146619403826356E-4,"{""geodesic"":false,""type"":""Point"",""coordinates"":[81.70177509067048,25.467238304788435]}"
3456,2.2014733501781768E-4,"{""geodesic"":false,""type"":""Point"",""coordinates"":[82.24076426114219,25.467238304788435]}"
3457,2.2759653957695142E-4,"{""geodesic"":false,""type"":""Point"",""coordinates"":[83.58823718732147,25.467238304788435]}"
3458,2.3249576457281857E-4,"{""geodesic"":false,""type"":""Point"",""coordinates"":[83.67806871573343,25.467238304788435]}"
3459,2.1630422589132708E-4,"{""geodesic"":false,""type"":""Point"",""coordinates"":[84.03739482938123,25.467238304788435]}"
3460,2.3284496161829759E-4,"{""geodesic"":false,""type"":""Point"",""coordinates"":[85.38486775556052,25.467238304788435]}"
3461,2.367173971056021E-4,"{""geodesic"":false,""type"":""Point"",""coordinates"":[85.56453081238442,25.467238304788435]}"
3462,2.2955783764423853E-4,"{""geodesic"":false,""type"":""Point"",""coordinates"":[85.65436234079637,25.467238304788435]}"
3463,2.0793382606416945E-4,"{""geodesic"":false,""type"":""Point"",""coordinates"":[87.18149832379956,25.467238304788435]}"
3464,1.949068640096419E-4,"{""geodesic"":false,""type"":""Point"",""coordinates"":[88.07981360791908,25.467238304788435]}"
3465,2.044196470374567E-4,"{""geodesic"":false,""type"":""Point"",""coordinates"":[88.25947666474299,25.467238304788435]}"
3466,1.596233315449857E-4,"{""geodesic"":false,""type"":""Point"",""coordinates"":[90.59509640345374,25.467238304788435]}"
3467,1.6596541224588363E-4,"{""geodesic"":false,""type"":""Point"",""coordinates"":[90.8645909886896,25.467238304788435]}"
3468,1.2097897858162644E-4,"{""geodesic"":false,""type"":""Point"",""coordinates"":[91.13408557392545,25.467238304788435]}"
3469,1.1815671909682124E-4,"{""geodesic"":false,""type"":""Point"",""coordinates"":[91.67307474439717,25.467238304788435]}"
3470,1.7544478766366614E-4,"{""geodesic"":false,""type"":""Point"",""coordinates"":[92.75105308534059,25.467238304788435]}"
3471,1.70635117869049E-4,"{""geodesic"":false,""type"":""Point"",""coordinates"":[92.84088461375255,25.467238304788435]}"
3472,1.6911641778398042E-4,"{""geodesic"":false,""type"":""Point"",""coordinates"":[93.20021072740035,25.467238304788435]}"
3473,1.0464521674972595E-4,"{""geodesic"":false,""type"":""Point"",""coordinates"":[94.00869448310792,25.467238304788435]}"
3474,1.399541877726543E-4,"{""geodesic"":false,""type"":""Point"",""coordinates"":[73.97626364724259,25.557069833200387]}"
3475,1.401356125515738E-4,"{""geodesic"":false,""type"":""Point"",""coordinates"":[75.68306268706968,25.557069833200387]}"
3476,1.4668360774722038E-4,"{""geodesic"":false,""type"":""Point"",""coordinates"":[75.77289421548164,25.557069833200387]}"
3477,1.5259145375996134E-4,"{""geodesic"":false,""type"":""Point"",""coordinates"":[76.5813779711892,25.557069833200387]}"
3478,1.6143723731709125E-4,"{""geodesic"":false,""type"":""Point"",""coordinates"":[76.76104102801311,25.557069833200387]}"
3479,1.4785326732126247E-4,"{""geodesic"":false,""type"":""Point"",""coordinates"":[76.94070408483701,25.557069833200387]}"
3480,1.872493811353182E-4,"{""geodesic"":false,""type"":""Point"",""coordinates"":[78.6475031246641,25.557069833200387]}"
3481,1.7219961500467002E-4,"{""geodesic"":false,""type"":""Point"",""coordinates"":[79.09666076672387,25.557069833200387]}"
3482,1.8964693536233782E-4,"{""geodesic"":false,""type"":""Point"",""coordinates"":[79.63564993719558,25.557069833200387]}"
3483,1.9569740301322226E-4,"{""geodesic"":false,""type"":""Point"",""coordinates"":[79.72548146560753,25.557069833200387]}"
3484,1.9588931626819155E-4,"{""geodesic"":false,""type"":""Point"",""coordinates"":[80.62379674972705,25.557069833200387]}"
3485,2.1172796052674607E-4,"{""geodesic"":false,""type"":""Point"",""coordinates"":[82.15093273273024,25.557069833200387]}"
3486,2.2816614906884686E-4,"{""geodesic"":false,""type"":""Point"",""coordinates"":[83.22891107367366,25.557069833200387]}"
3487,2.389046287134286E-4,"{""geodesic"":false,""type"":""Point"",""coordinates"":[84.48655247144099,25.557069833200387]}"
3488,2.330046500612932E-4,"{""geodesic"":false,""type"":""Point"",""coordinates"":[85.47469928397247,25.557069833200387]}"
3489,2.3862779969670473E-4,"{""geodesic"":false,""type"":""Point"",""coordinates"":[86.01368845444418,25.557069833200387]}"
3490,2.280661518850112E-4,"{""geodesic"":false,""type"":""Point"",""coordinates"":[86.10351998285613,25.557069833200387]}"
3491,2.1428326626648145E-4,"{""geodesic"":false,""type"":""Point"",""coordinates"":[87.00183526697566,25.557069833200387]}"
3492,2.0695747697611734E-4,"{""geodesic"":false,""type"":""Point"",""coordinates"":[87.45099290903542,25.557069833200387]}"
3493,2.1484604351147823E-4,"{""geodesic"":false,""type"":""Point"",""coordinates"":[87.63065596585932,25.557069833200387]}"
3494,2.057287337995151E-4,"{""geodesic"":false,""type"":""Point"",""coordinates"":[87.81031902268322,25.557069833200387]}"
3495,2.0322466228890233E-4,"{""geodesic"":false,""type"":""Point"",""coordinates"":[87.90015055109518,25.557069833200387]}"
3496,2.060440346694163E-4,"{""geodesic"":false,""type"":""Point"",""coordinates"":[88.16964513633103,25.557069833200387]}"
3497,1.855647185477748E-4,"{""geodesic"":false,""type"":""Point"",""coordinates"":[89.87644417615812,25.557069833200387]}"
3498,1.8098499630999458E-4,"{""geodesic"":false,""type"":""Point"",""coordinates"":[90.14593876139398,25.557069833200387]}"
3499,1.635674937430517E-4,"{""geodesic"":false,""type"":""Point"",""coordinates"":[90.23577028980593,25.557069833200387]}"
3500,1.6610588238668544E-4,"{""geodesic"":false,""type"":""Point"",""coordinates"":[90.50526487504179,25.557069833200387]}"
3501,1.259266612857093E-4,"{""geodesic"":false,""type"":""Point"",""coordinates"":[91.58324321598522,25.557069833200387]}"
3502,1.4298436537861072E-4,"{""geodesic"":false,""type"":""Point"",""coordinates"":[91.85273780122107,25.557069833200387]}"
3503,1.29216423207259E-4,"{""geodesic"":false,""type"":""Point"",""coordinates"":[91.94256932963302,25.557069833200387]}"
3504,1.4868519569197276E-4,"{""geodesic"":false,""type"":""Point"",""coordinates"":[92.03240085804498,25.557069833200387]}"
3505,1.5378722765266377E-4,"{""geodesic"":false,""type"":""Point"",""coordinates"":[92.48155850010474,25.557069833200387]}"
3506,1.789072051318584E-4,"{""geodesic"":false,""type"":""Point"",""coordinates"":[92.66122155692864,25.557069833200387]}"
3507,1.97848823574151E-4,"{""geodesic"":false,""type"":""Point"",""coordinates"":[92.84088461375255,25.557069833200387]}"
3508,1.8437670026388213E-4,"{""geodesic"":false,""type"":""Point"",""coordinates"":[93.20021072740035,25.557069833200387]}"
3509,1.3151178919755096E-4,"{""geodesic"":false,""type"":""Point"",""coordinates"":[93.82903142628402,25.557069833200387]}"
3510,1.3024960182784893E-4,"{""geodesic"":false,""type"":""Point"",""coordinates"":[70.92199168123622,25.646901361612336]}"
3511,1.3306252618258644E-4,"{""geodesic"":false,""type"":""Point"",""coordinates"":[71.37114932329598,25.646901361612336]}"
3512,1.3790197769170373E-4,"{""geodesic"":false,""type"":""Point"",""coordinates"":[71.82030696535574,25.646901361612336]}"
3513,1.3334108675146222E-4,"{""geodesic"":false,""type"":""Point"",""coordinates"":[72.17963307900355,25.646901361612336]}"
3514,1.288630469118471E-4,"{""geodesic"":false,""type"":""Point"",""coordinates"":[72.80845377788721,25.646901361612336]}"
3515,1.2958171399103115E-4,"{""geodesic"":false,""type"":""Point"",""coordinates"":[72.89828530629917,25.646901361612336]}"
3516,1.274052512723348E-4,"{""geodesic"":false,""type"":""Point"",""coordinates"":[73.97626364724259,25.646901361612336]}"
3517,1.3877051356305545E-4,"{""geodesic"":false,""type"":""Point"",""coordinates"":[74.60508434612626,25.646901361612336]}"
3518,1.346832060835657E-4,"{""geodesic"":false,""type"":""Point"",""coordinates"":[75.32373657342187,25.646901361612336]}"
3519,1.5110250233839033E-4,"{""geodesic"":false,""type"":""Point"",""coordinates"":[76.2220518575414,25.646901361612336]}"
3520,1.425088984070191E-4,"{""geodesic"":false,""type"":""Point"",""coordinates"":[77.56952478372068,25.646901361612336]}"
3521,1.6472844533915065E-4,"{""geodesic"":false,""type"":""Point"",""coordinates"":[77.83901936895654,25.646901361612336]}"
3522,1.6050739142208217E-4,"{""geodesic"":false,""type"":""Point"",""coordinates"":[78.01868242578044,25.646901361612336]}"
3523,1.7164547253637266E-4,"{""geodesic"":false,""type"":""Point"",""coordinates"":[78.73733465307606,25.646901361612336]}"
3524,1.9563429641573503E-4,"{""geodesic"":false,""type"":""Point"",""coordinates"":[80.5339652213151,25.646901361612336]}"
3525,2.21015838075743E-4,"{""geodesic"":false,""type"":""Point"",""coordinates"":[81.70177509067048,25.646901361612336]}"
3526,2.1886281305590755E-4,"{""geodesic"":false,""type"":""Point"",""coordinates"":[82.15093273273024,25.646901361612336]}"
3527,2.2975085891880967E-4,"{""geodesic"":false,""type"":""Point"",""coordinates"":[83.04924801684976,25.646901361612336]}"
3528,2.3236704797538306E-4,"{""geodesic"":false,""type"":""Point"",""coordinates"":[83.13907954526171,25.646901361612336]}"
3529,2.1911197535992704E-4,"{""geodesic"":false,""type"":""Point"",""coordinates"":[83.22891107367366,25.646901361612336]}"
3530,2.1774986136228157E-4,"{""geodesic"":false,""type"":""Point"",""coordinates"":[84.30688941461709,25.646901361612336]}"
3531,2.3746614511591853E-4,"{""geodesic"":false,""type"":""Point"",""coordinates"":[85.20520469873661,25.646901361612336]}"
3532,2.403222315375708E-4,"{""geodesic"":false,""type"":""Point"",""coordinates"":[85.38486775556052,25.646901361612336]}"
3533,2.4257092221599268E-4,"{""geodesic"":false,""type"":""Point"",""coordinates"":[85.47469928397247,25.646901361612336]}"
3534,2.223760625343471E-4,"{""geodesic"":false,""type"":""Point"",""coordinates"":[86.28318303968004,25.646901361612336]}"
3535,2.0665479247506147E-4,"{""geodesic"":false,""type"":""Point"",""coordinates"":[86.7323406817398,25.646901361612336]}"
3536,2.049431313263179E-4,"{""geodesic"":false,""type"":""Point"",""coordinates"":[87.09166679538761,25.646901361612336]}"
3537,1.966422380824595E-4,"{""geodesic"":false,""type"":""Point"",""coordinates"":[87.18149832379956,25.646901361612336]}"
3538,2.1222393320356324E-4,"{""geodesic"":false,""type"":""Point"",""coordinates"":[87.27132985221151,25.646901361612336]}"
3539,1.9432842832994867E-4,"{""geodesic"":false,""type"":""Point"",""coordinates"":[87.81031902268322,25.646901361612336]}"
3540,2.020437162396897E-4,"{""geodesic"":false,""type"":""Point"",""coordinates"":[88.07981360791908,25.646901361612336]}"
3541,2.1907242247625982E-4,"{""geodesic"":false,""type"":""Point"",""coordinates"":[88.34930819315494,25.646901361612336]}"
3542,2.0131099216884793E-4,"{""geodesic"":false,""type"":""Point"",""coordinates"":[89.96627570457008,25.646901361612336]}"
3543,1.6520065749500086E-4,"{""geodesic"":false,""type"":""Point"",""coordinates"":[90.32560181821789,25.646901361612336]}"
3544,1.661813604134445E-4,"{""geodesic"":false,""type"":""Point"",""coordinates"":[90.8645909886896,25.646901361612336]}"
3545,1.5465279387886455E-4,"{""geodesic"":false,""type"":""Point"",""coordinates"":[90.95442251710155,25.646901361612336]}"
3546,1.4067412913616764E-4,"{""geodesic"":false,""type"":""Point"",""coordinates"":[91.49341168757326,25.646901361612336]}"
3547,1.4343537765793961E-4,"{""geodesic"":false,""type"":""Point"",""coordinates"":[91.58324321598522,25.646901361612336]}"
3548,1.554985270902178E-4,"{""geodesic"":false,""type"":""Point"",""coordinates"":[92.12223238645693,25.646901361612336]}"
3549,1.6213503291454876E-4,"{""geodesic"":false,""type"":""Point"",""coordinates"":[92.48155850010474,25.646901361612336]}"
3550,2.1323475323162448E-4,"{""geodesic"":false,""type"":""Point"",""coordinates"":[92.9307161421645,25.646901361612336]}"
3551,1.0401193106582622E-4,"{""geodesic"":false,""type"":""Point"",""coordinates"":[94.36802059675573,25.646901361612336]}"
3552,1.3529346235585437E-4,"{""geodesic"":false,""type"":""Point"",""coordinates"":[70.29317098235255,25.73673289002429]}"
3553,1.2056509307031133E-4,"{""geodesic"":false,""type"":""Point"",""coordinates"":[70.47283403917646,25.73673289002429]}"
3554,1.4114206420950175E-4,"{""geodesic"":false,""type"":""Point"",""coordinates"":[71.37114932329598,25.73673289002429]}"
3555,1.3559643363349669E-4,"{""geodesic"":false,""type"":""Point"",""coordinates"":[71.64064390853184,25.73673289002429]}"
3556,1.446569620674293E-4,"{""geodesic"":false,""type"":""Point"",""coordinates"":[71.82030696535574,25.73673289002429]}"
3557,1.3476630480650418E-4,"{""geodesic"":false,""type"":""Point"",""coordinates"":[72.35929613582745,25.73673289002429]}"
3558,1.3655615908989731E-4,"{""geodesic"":false,""type"":""Point"",""coordinates"":[72.80845377788721,25.73673289002429]}"
3559,1.3814794793025814E-4,"{""geodesic"":false,""type"":""Point"",""coordinates"":[75.05424198818602,25.73673289002429]}"
3560,1.4181843391261183E-4,"{""geodesic"":false,""type"":""Point"",""coordinates"":[75.23390504500992,25.73673289002429]}"
3561,1.410182374172262E-4,"{""geodesic"":false,""type"":""Point"",""coordinates"":[75.68306268706968,25.73673289002429]}"
3562,1.5223895178012486E-4,"{""geodesic"":false,""type"":""Point"",""coordinates"":[75.86272574389359,25.73673289002429]}"
3563,1.512076103232474E-4,"{""geodesic"":false,""type"":""Point"",""coordinates"":[76.04238880071749,25.73673289002429]}"
3564,1.5567865940464495E-4,"{""geodesic"":false,""type"":""Point"",""coordinates"":[76.76104102801311,25.73673289002429]}"
3565,1.5289289276604006E-4,"{""geodesic"":false,""type"":""Point"",""coordinates"":[77.21019867007287,25.73673289002429]}"
3566,1.5085835142902217E-4,"{""geodesic"":false,""type"":""Point"",""coordinates"":[77.30003019848482,25.73673289002429]}"
3567,1.5983367421170742E-4,"{""geodesic"":false,""type"":""Point"",""coordinates"":[77.83901936895654,25.73673289002429]}"
3568,1.7312443033551863E-4,"{""geodesic"":false,""type"":""Point"",""coordinates"":[78.37800853942825,25.73673289002429]}"
3569,1.7563155992470012E-4,"{""geodesic"":false,""type"":""Point"",""coordinates"":[78.6475031246641,25.73673289002429]}"
3570,1.82440634372296E-4,"{""geodesic"":false,""type"":""Point"",""coordinates"":[78.91699770989996,25.73673289002429]}"
3571,1.8348650890880291E-4,"{""geodesic"":false,""type"":""Point"",""coordinates"":[79.72548146560753,25.73673289002429]}"
3572,2.1141946458538483E-4,"{""geodesic"":false,""type"":""Point"",""coordinates"":[81.25261744861072,25.73673289002429]}"
3573,2.3476642716833732E-4,"{""geodesic"":false,""type"":""Point"",""coordinates"":[82.4204273179661,25.73673289002429]}"
3574,2.365046517297959E-4,"{""geodesic"":false,""type"":""Point"",""coordinates"":[82.60009037479,25.73673289002429]}"
3575,2.3710090323448156E-4,"{""geodesic"":false,""type"":""Point"",""coordinates"":[83.40857413049757,25.73673289002429]}"
3576,2.353148240358209E-4,"{""geodesic"":false,""type"":""Point"",""coordinates"":[85.11537317032466,25.73673289002429]}"
3577,2.4218190010372474E-4,"{""geodesic"":false,""type"":""Point"",""coordinates"":[85.29503622714856,25.73673289002429]}"
3578,2.2948666594024847E-4,"{""geodesic"":false,""type"":""Point"",""coordinates"":[85.83402539762028,25.73673289002429]}"
3579,2.227381862966299E-4,"{""geodesic"":false,""type"":""Point"",""coordinates"":[85.92385692603223,25.73673289002429]}"
3580,1.985360345051079E-4,"{""geodesic"":false,""type"":""Point"",""coordinates"":[86.9120037385637,25.73673289002429]}"
3581,2.0638504598021718E-4,"{""geodesic"":false,""type"":""Point"",""coordinates"":[87.00183526697566,25.73673289002429]}"
3582,2.0429535699104738E-4,"{""geodesic"":false,""type"":""Point"",""coordinates"":[87.90015055109518,25.73673289002429]}"
3583,1.8680633797936658E-4,"{""geodesic"":false,""type"":""Point"",""coordinates"":[90.50526487504179,25.73673289002429]}"
3584,1.8436651130405554E-4,"{""geodesic"":false,""type"":""Point"",""coordinates"":[90.68492793186569,25.73673289002429]}"
3585,1.620393159760761E-4,"{""geodesic"":false,""type"":""Point"",""coordinates"":[91.67307474439717,25.73673289002429]}"
3586,1.7629084560168525E-4,"{""geodesic"":false,""type"":""Point"",""coordinates"":[91.85273780122107,25.73673289002429]}"
3587,1.7034601646702508E-4,"{""geodesic"":false,""type"":""Point"",""coordinates"":[92.57139002851669,25.73673289002429]}"
3588,1.9280123570512898E-4,"{""geodesic"":false,""type"":""Point"",""coordinates"":[92.66122155692864,25.73673289002429]}"
3589,1.8189939310711204E-4,"{""geodesic"":false,""type"":""Point"",""coordinates"":[93.20021072740035,25.73673289002429]}"
3590,1.7149245478883214E-4,"{""geodesic"":false,""type"":""Point"",""coordinates"":[93.6493683694601,25.73673289002429]}"
3591,1.451321766897749E-4,"{""geodesic"":false,""type"":""Point"",""coordinates"":[94.18835753993183,25.73673289002429]}"
3592,1.1276049281984671E-4,"{""geodesic"":false,""type"":""Point"",""coordinates"":[94.36802059675573,25.73673289002429]}"
3593,1.2729897286696825E-4,"{""geodesic"":false,""type"":""Point"",""coordinates"":[94.45785212516768,25.73673289002429]}"
3594,1.3944015686372376E-4,"{""geodesic"":false,""type"":""Point"",""coordinates"":[70.2033394539406,25.82656441843624]}"
3595,1.2935184127371938E-4,"{""geodesic"":false,""type"":""Point"",""coordinates"":[70.47283403917646,25.82656441843624]}"
3596,1.281144678197652E-4,"{""geodesic"":false,""type"":""Point"",""coordinates"":[70.83216015282427,25.82656441843624]}"
3597,1.273490151347696E-4,"{""geodesic"":false,""type"":""Point"",""coordinates"":[71.01182320964817,25.82656441843624]}"
3598,1.411739628010941E-4,"{""geodesic"":false,""type"":""Point"",""coordinates"":[72.35929613582745,25.82656441843624]}"
3599,1.3566808647259815E-4,"{""geodesic"":false,""type"":""Point"",""coordinates"":[72.44912766423941,25.82656441843624]}"
3600,1.3869171158636164E-4,"{""geodesic"":false,""type"":""Point"",""coordinates"":[72.80845377788721,25.82656441843624]}"
3601,1.466936369840039E-4,"{""geodesic"":false,""type"":""Point"",""coordinates"":[73.43727447677088,25.82656441843624]}"
3602,1.3116575787106008E-4,"{""geodesic"":false,""type"":""Point"",""coordinates"":[74.24575823247845,25.82656441843624]}"
3603,1.2508148095795532E-4,"{""geodesic"":false,""type"":""Point"",""coordinates"":[74.60508434612626,25.82656441843624]}"
3604,1.411436998991352E-4,"{""geodesic"":false,""type"":""Point"",""coordinates"":[74.78474740295016,25.82656441843624]}"
3605,1.4825673244348614E-4,"{""geodesic"":false,""type"":""Point"",""coordinates"":[74.96441045977407,25.82656441843624]}"
3606,1.489713116223701E-4,"{""geodesic"":false,""type"":""Point"",""coordinates"":[76.67120949960116,25.82656441843624]}"
3607,1.710068898098133E-4,"{""geodesic"":false,""type"":""Point"",""coordinates"":[77.30003019848482,25.82656441843624]}"
3608,1.6742657726550095E-4,"{""geodesic"":false,""type"":""Point"",""coordinates"":[78.01868242578044,25.82656441843624]}"
3609,1.6248698104405552E-4,"{""geodesic"":false,""type"":""Point"",""coordinates"":[78.10851395419239,25.82656441843624]}"
3610,1.7122734678450674E-4,"{""geodesic"":false,""type"":""Point"",""coordinates"":[79.45598688037167,25.82656441843624]}"
3611,1.9832463752894326E-4,"{""geodesic"":false,""type"":""Point"",""coordinates"":[80.3543021644912,25.82656441843624]}"
3612,1.99521057177803E-4,"{""geodesic"":false,""type"":""Point"",""coordinates"":[80.62379674972705,25.82656441843624]}"
3613,2.032828926218669E-4,"{""geodesic"":false,""type"":""Point"",""coordinates"":[80.98312286337486,25.82656441843624]}"
3614,2.193584891717985E-4,"{""geodesic"":false,""type"":""Point"",""coordinates"":[81.16278592019876,25.82656441843624]}"
3615,2.312849839006205E-4,"{""geodesic"":false,""type"":""Point"",""coordinates"":[81.34244897702267,25.82656441843624]}"
3616,2.471641346011546E-4,"{""geodesic"":false,""type"":""Point"",""coordinates"":[83.13907954526171,25.82656441843624]}"
3617,2.3537199356170657E-4,"{""geodesic"":false,""type"":""Point"",""coordinates"":[83.22891107367366,25.82656441843624]}"
3618,2.4250094457642162E-4,"{""geodesic"":false,""type"":""Point"",""coordinates"":[83.58823718732147,25.82656441843624]}"
3619,2.393212142874341E-4,"{""geodesic"":false,""type"":""Point"",""coordinates"":[83.85773177255733,25.82656441843624]}"
3620,2.3496614580814377E-4,"{""geodesic"":false,""type"":""Point"",""coordinates"":[84.6662155282649,25.82656441843624]}"
3621,2.421857612380848E-4,"{""geodesic"":false,""type"":""Point"",""coordinates"":[85.02554164191271,25.82656441843624]}"
3622,2.3022081298486438E-4,"{""geodesic"":false,""type"":""Point"",""coordinates"":[85.74419386920833,25.82656441843624]}"
3623,2.2857873348861436E-4,"{""geodesic"":false,""type"":""Point"",""coordinates"":[86.01368845444418,25.82656441843624]}"
3624,2.1688893779606123E-4,"{""geodesic"":false,""type"":""Point"",""coordinates"":[87.54082443744737,25.82656441843624]}"
3625,1.9819743347390336E-4,"{""geodesic"":false,""type"":""Point"",""coordinates"":[89.96627570457008,25.82656441843624]}"
3626,1.9778486532500705E-4,"{""geodesic"":false,""type"":""Point"",""coordinates"":[90.41543334662984,25.82656441843624]}"
3627,1.8988818731533426E-4,"{""geodesic"":false,""type"":""Point"",""coordinates"":[90.68492793186569,25.82656441843624]}"
3628,1.765680449810724E-4,"{""geodesic"":false,""type"":""Point"",""coordinates"":[90.8645909886896,25.82656441843624]}"
3629,1.8961647230991384E-4,"{""geodesic"":false,""type"":""Point"",""coordinates"":[91.31374863074936,25.82656441843624]}"
3630,1.755803336765824E-4,"{""geodesic"":false,""type"":""Point"",""coordinates"":[91.40358015916131,25.82656441843624]}"
3631,1.4285311632243361E-4,"{""geodesic"":false,""type"":""Point"",""coordinates"":[92.12223238645693,25.82656441843624]}"
3632,2.1480669883075667E-4,"{""geodesic"":false,""type"":""Point"",""coordinates"":[92.84088461375255,25.82656441843624]}"
3633,1.902878559875046E-4,"{""geodesic"":false,""type"":""Point"",""coordinates"":[93.91886295469597,25.82656441843624]}"
3634,9.408737974346768E-5,"{""geodesic"":false,""type"":""Point"",""coordinates"":[94.63751518199159,25.82656441843624]}"
3635,1.1283450208313288E-4,"{""geodesic"":false,""type"":""Point"",""coordinates"":[94.90700976722745,25.82656441843624]}"
3636,1.3626630519066214E-4,"{""geodesic"":false,""type"":""Point"",""coordinates"":[72.53895919265136,25.916395946848194]}"
3637,1.344512747548958E-4,"{""geodesic"":false,""type"":""Point"",""coordinates"":[72.62879072106331,25.916395946848194]}"
3638,1.2865881434795067E-4,"{""geodesic"":false,""type"":""Point"",""coordinates"":[74.1559267040665,25.916395946848194]}"
3639,1.263774669537604E-4,"{""geodesic"":false,""type"":""Point"",""coordinates"":[74.24575823247845,25.916395946848194]}"
3640,1.3585124570519473E-4,"{""geodesic"":false,""type"":""Point"",""coordinates"":[74.87457893136211,25.916395946848194]}"
3641,1.5597968355741655E-4,"{""geodesic"":false,""type"":""Point"",""coordinates"":[76.2220518575414,25.916395946848194]}"
3642,1.3839093470913025E-4,"{""geodesic"":false,""type"":""Point"",""coordinates"":[76.31188338595335,25.916395946848194]}"
3643,1.6225398594322017E-4,"{""geodesic"":false,""type"":""Point"",""coordinates"":[77.38986172689677,25.916395946848194]}"
3644,1.5045737180981246E-4,"{""geodesic"":false,""type"":""Point"",""coordinates"":[77.65935631213263,25.916395946848194]}"
3645,1.6303969748560093E-4,"{""geodesic"":false,""type"":""Point"",""coordinates"":[78.01868242578044,25.916395946848194]}"
3646,1.781735124294474E-4,"{""geodesic"":false,""type"":""Point"",""coordinates"":[78.82716618148801,25.916395946848194]}"
3647,1.9502153430994563E-4,"{""geodesic"":false,""type"":""Point"",""coordinates"":[80.17463910766729,25.916395946848194]}"
3648,2.0298056531050437E-4,"{""geodesic"":false,""type"":""Point"",""coordinates"":[80.3543021644912,25.916395946848194]}"
3649,1.993861979972079E-4,"{""geodesic"":false,""type"":""Point"",""coordinates"":[80.80345980655096,25.916395946848194]}"
3650,2.1843769104297302E-4,"{""geodesic"":false,""type"":""Point"",""coordinates"":[81.16278592019876,25.916395946848194]}"
3651,2.250152030104129E-4,"{""geodesic"":false,""type"":""Point"",""coordinates"":[81.70177509067048,25.916395946848194]}"
3652,2.3208898976541915E-4,"{""geodesic"":false,""type"":""Point"",""coordinates"":[81.88143814749438,25.916395946848194]}"
3653,2.2486401820714537E-4,"{""geodesic"":false,""type"":""Point"",""coordinates"":[82.24076426114219,25.916395946848194]}"
3654,2.4221218427747637E-4,"{""geodesic"":false,""type"":""Point"",""coordinates"":[83.22891107367366,25.916395946848194]}"
3655,2.3069291623747817E-4,"{""geodesic"":false,""type"":""Point"",""coordinates"":[83.76790024414538,25.916395946848194]}"
3656,2.3390761972178173E-4,"{""geodesic"":false,""type"":""Point"",""coordinates"":[83.85773177255733,25.916395946848194]}"
3657,2.2832789310180425E-4,"{""geodesic"":false,""type"":""Point"",""coordinates"":[84.03739482938123,25.916395946848194]}"
3658,2.3598720421594396E-4,"{""geodesic"":false,""type"":""Point"",""coordinates"":[85.02554164191271,25.916395946848194]}"
3659,2.4020260614581512E-4,"{""geodesic"":false,""type"":""Point"",""coordinates"":[85.20520469873661,25.916395946848194]}"
3660,2.2328592020531235E-4,"{""geodesic"":false,""type"":""Point"",""coordinates"":[85.29503622714856,25.916395946848194]}"
3661,2.2193084904873403E-4,"{""geodesic"":false,""type"":""Point"",""coordinates"":[86.37301456809199,25.916395946848194]}"
3662,1.982681861508932E-4,"{""geodesic"":false,""type"":""Point"",""coordinates"":[87.45099290903542,25.916395946848194]}"
3663,2.015177822861708E-4,"{""geodesic"":false,""type"":""Point"",""coordinates"":[87.54082443744737,25.916395946848194]}"
3664,2.0692659580174474E-4,"{""geodesic"":false,""type"":""Point"",""coordinates"":[88.07981360791908,25.916395946848194]}"
3665,2.0605831206675713E-4,"{""geodesic"":false,""type"":""Point"",""coordinates"":[90.14593876139398,25.916395946848194]}"
3666,2.0365441299734447E-4,"{""geodesic"":false,""type"":""Point"",""coordinates"":[91.13408557392545,25.916395946848194]}"
3667,1.943878237834582E-4,"{""geodesic"":false,""type"":""Point"",""coordinates"":[91.40358015916131,25.916395946848194]}"
3668,2.0340159203941643E-4,"{""geodesic"":false,""type"":""Point"",""coordinates"":[91.49341168757326,25.916395946848194]}"
3669,1.5727389617470935E-4,"{""geodesic"":false,""type"":""Point"",""coordinates"":[91.94256932963302,25.916395946848194]}"
3670,1.737068284404248E-4,"{""geodesic"":false,""type"":""Point"",""coordinates"":[92.03240085804498,25.916395946848194]}"
3671,1.689255995977692E-4,"{""geodesic"":false,""type"":""Point"",""coordinates"":[92.21206391486888,25.916395946848194]}"
3672,1.7680806937035967E-4,"{""geodesic"":false,""type"":""Point"",""coordinates"":[92.30189544328083,25.916395946848194]}"
3673,2.2658632186115058E-4,"{""geodesic"":false,""type"":""Point"",""coordinates"":[92.84088461375255,25.916395946848194]}"
3674,1.3746888803159012E-4,"{""geodesic"":false,""type"":""Point"",""coordinates"":[70.38300251076451,26.006227475260147]}"
3675,1.2812426930741686E-4,"{""geodesic"":false,""type"":""Point"",""coordinates"":[71.01182320964817,26.006227475260147]}"
3676,1.40896531284857E-4,"{""geodesic"":false,""type"":""Point"",""coordinates"":[71.55081238011988,26.006227475260147]}"
3677,1.4638200380059197E-4,"{""geodesic"":false,""type"":""Point"",""coordinates"":[71.91013849376769,26.006227475260147]}"
3678,1.3816759038764455E-4,"{""geodesic"":false,""type"":""Point"",""coordinates"":[72.17963307900355,26.006227475260147]}"
3679,1.5018949843594452E-4,"{""geodesic"":false,""type"":""Point"",""coordinates"":[72.44912766423941,26.006227475260147]}"
3680,1.5438936692926966E-4,"{""geodesic"":false,""type"":""Point"",""coordinates"":[72.89828530629917,26.006227475260147]}"
3681,1.3463360457653494E-4,"{""geodesic"":false,""type"":""Point"",""coordinates"":[72.98811683471112,26.006227475260147]}"
3682,1.425147876832948E-4,"{""geodesic"":false,""type"":""Point"",""coordinates"":[73.34744294835893,26.006227475260147]}"
3683,1.2885695349882102E-4,"{""geodesic"":false,""type"":""Point"",""coordinates"":[73.88643211883064,26.006227475260147]}"
3684,1.4222160126232968E-4,"{""geodesic"":false,""type"":""Point"",""coordinates"":[74.69491587453821,26.006227475260147]}"
3685,1.442662795701213E-4,"{""geodesic"":false,""type"":""Point"",""coordinates"":[75.32373657342187,26.006227475260147]}"
3686,1.4624804487904297E-4,"{""geodesic"":false,""type"":""Point"",""coordinates"":[75.68306268706968,26.006227475260147]}"
3687,1.5942175373878252E-4,"{""geodesic"":false,""type"":""Point"",""coordinates"":[76.76104102801311,26.006227475260147]}"
3688,1.4822155814666414E-4,"{""geodesic"":false,""type"":""Point"",""coordinates"":[76.94070408483701,26.006227475260147]}"
3689,1.8124451431106122E-4,"{""geodesic"":false,""type"":""Point"",""coordinates"":[78.55767159625215,26.006227475260147]}"
3690,1.8403534120011814E-4,"{""geodesic"":false,""type"":""Point"",""coordinates"":[78.73733465307606,26.006227475260147]}"
3691,1.8605610848089474E-4,"{""geodesic"":false,""type"":""Point"",""coordinates"":[79.00682923831191,26.006227475260147]}"
3692,2.3248927925117237E-4,"{""geodesic"":false,""type"":""Point"",""coordinates"":[81.25261744861072,26.006227475260147]}"
3693,2.312431247522861E-4,"{""geodesic"":false,""type"":""Point"",""coordinates"":[81.34244897702267,26.006227475260147]}"
3694,2.2610608605266638E-4,"{""geodesic"":false,""type"":""Point"",""coordinates"":[81.88143814749438,26.006227475260147]}"
3695,2.2277280575297195E-4,"{""geodesic"":false,""type"":""Point"",""coordinates"":[82.06110120431829,26.006227475260147]}"
3696,2.38890900629886E-4,"{""geodesic"":false,""type"":""Point"",""coordinates"":[83.31874260208562,26.006227475260147]}"
3697,2.282921925245757E-4,"{""geodesic"":false,""type"":""Point"",""coordinates"":[83.94756330096928,26.006227475260147]}"
3698,2.3908359341961357E-4,"{""geodesic"":false,""type"":""Point"",""coordinates"":[85.02554164191271,26.006227475260147]}"
3699,2.3506999680284672E-4,"{""geodesic"":false,""type"":""Point"",""coordinates"":[85.11537317032466,26.006227475260147]}"
3700,2.1298655326890936E-4,"{""geodesic"":false,""type"":""Point"",""coordinates"":[86.37301456809199,26.006227475260147]}"
3701,2.1834814757077596E-4,"{""geodesic"":false,""type"":""Point"",""coordinates"":[86.9120037385637,26.006227475260147]}"
3702,2.2384340292684233E-4,"{""geodesic"":false,""type"":""Point"",""coordinates"":[90.41543334662984,26.006227475260147]}"
3703,2.2086782683407308E-4,"{""geodesic"":false,""type"":""Point"",""coordinates"":[90.95442251710155,26.006227475260147]}"
3704,1.9419040316608812E-4,"{""geodesic"":false,""type"":""Point"",""coordinates"":[91.94256932963302,26.006227475260147]}"
3705,2.0216009985862343E-4,"{""geodesic"":false,""type"":""Point"",""coordinates"":[93.29004225581231,26.006227475260147]}"
3706,1.576450525235249E-4,"{""geodesic"":false,""type"":""Point"",""coordinates"":[93.55953684104816,26.006227475260147]}"
3707,1.823384283780937E-4,"{""geodesic"":false,""type"":""Point"",""coordinates"":[93.82903142628402,26.006227475260147]}"
3708,1.3768632414917209E-4,"{""geodesic"":false,""type"":""Point"",""coordinates"":[70.38300251076451,26.0960590036721]}"
3709,1.2969345756024892E-4,"{""geodesic"":false,""type"":""Point"",""coordinates"":[71.37114932329598,26.0960590036721]}"
3710,1.4752348008997997E-4,"{""geodesic"":false,""type"":""Point"",""coordinates"":[72.80845377788721,26.0960590036721]}"
3711,1.3861278696304912E-4,"{""geodesic"":false,""type"":""Point"",""coordinates"":[73.25761141994698,26.0960590036721]}"
3712,1.445025227628761E-4,"{""geodesic"":false,""type"":""Point"",""coordinates"":[73.34744294835893,26.0960590036721]}"
3713,1.4093333621396171E-4,"{""geodesic"":false,""type"":""Point"",""coordinates"":[73.70676906200674,26.0960590036721]}"
3714,1.286282873304974E-4,"{""geodesic"":false,""type"":""Point"",""coordinates"":[74.1559267040665,26.0960590036721]}"
3715,1.3995574322028513E-4,"{""geodesic"":false,""type"":""Point"",""coordinates"":[74.51525281771431,26.0960590036721]}"
3716,1.4437260930663578E-4,"{""geodesic"":false,""type"":""Point"",""coordinates"":[75.95255727230554,26.0960590036721]}"
3717,1.647246498280915E-4,"{""geodesic"":false,""type"":""Point"",""coordinates"":[77.92885089736849,26.0960590036721]}"
3718,1.8138322612087747E-4,"{""geodesic"":false,""type"":""Point"",""coordinates"":[78.2881770110163,26.0960590036721]}"
3719,1.8042519922070954E-4,"{""geodesic"":false,""type"":""Point"",""coordinates"":[78.4678400678402,26.0960590036721]}"
3720,1.930039776802402E-4,"{""geodesic"":false,""type"":""Point"",""coordinates"":[78.6475031246641,26.0960590036721]}"
3721,1.777801542275612E-4,"{""geodesic"":false,""type"":""Point"",""coordinates"":[79.00682923831191,26.0960590036721]}"
3722,1.793076910198661E-4,"{""geodesic"":false,""type"":""Point"",""coordinates"":[79.36615535195972,26.0960590036721]}"
3723,1.8358985356662806E-4,"{""geodesic"":false,""type"":""Point"",""coordinates"":[79.54581840878363,26.0960590036721]}"
3724,1.9864886711435552E-4,"{""geodesic"":false,""type"":""Point"",""coordinates"":[79.99497605084339,26.0960590036721]}"
3725,2.0942278939659785E-4,"{""geodesic"":false,""type"":""Point"",""coordinates"":[80.62379674972705,26.0960590036721]}"
3726,2.3450389322172288E-4,"{""geodesic"":false,""type"":""Point"",""coordinates"":[81.43228050543462,26.0960590036721]}"
3727,2.1522947070002656E-4,"{""geodesic"":false,""type"":""Point"",""coordinates"":[81.52211203384657,26.0960590036721]}"
3728,2.2543569624072565E-4,"{""geodesic"":false,""type"":""Point"",""coordinates"":[81.88143814749438,26.0960590036721]}"
3729,2.448360461024101E-4,"{""geodesic"":false,""type"":""Point"",""coordinates"":[82.4204273179661,26.0960590036721]}"
3730,2.23930763003375E-4,"{""geodesic"":false,""type"":""Point"",""coordinates"":[82.7797534316139,26.0960590036721]}"
3731,2.334576904227995E-4,"{""geodesic"":false,""type"":""Point"",""coordinates"":[83.67806871573343,26.0960590036721]}"
3732,2.2717536729048384E-4,"{""geodesic"":false,""type"":""Point"",""coordinates"":[84.03739482938123,26.0960590036721]}"
3733,2.354029840315998E-4,"{""geodesic"":false,""type"":""Point"",""coordinates"":[84.39672094302904,26.0960590036721]}"
3734,2.3867858237560925E-4,"{""geodesic"":false,""type"":""Point"",""coordinates"":[84.48655247144099,26.0960590036721]}"
3735,2.461049272991135E-4,"{""geodesic"":false,""type"":""Point"",""coordinates"":[84.75604705667685,26.0960590036721]}"
3736,2.3480861367191394E-4,"{""geodesic"":false,""type"":""Point"",""coordinates"":[84.8458785850888,26.0960590036721]}"
3737,2.3857889670005273E-4,"{""geodesic"":false,""type"":""Point"",""coordinates"":[85.11537317032466,26.0960590036721]}"
3738,2.3783998413689372E-4,"{""geodesic"":false,""type"":""Point"",""coordinates"":[85.20520469873661,26.0960590036721]}"
3739,1.9886338943773865E-4,"{""geodesic"":false,""type"":""Point"",""coordinates"":[90.23577028980593,26.0960590036721]}"
3740,2.0584799855725164E-4,"{""geodesic"":false,""type"":""Point"",""coordinates"":[90.59509640345374,26.0960590036721]}"
3741,2.119983170357496E-4,"{""geodesic"":false,""type"":""Point"",""coordinates"":[90.77475946027765,26.0960590036721]}"
3742,2.16798212089746E-4,"{""geodesic"":false,""type"":""Point"",""coordinates"":[91.0442540455135,26.0960590036721]}"
3743,2.2857577304782374E-4,"{""geodesic"":false,""type"":""Point"",""coordinates"":[91.22391710233741,26.0960590036721]}"
3744,2.1651302655276548E-4,"{""geodesic"":false,""type"":""Point"",""coordinates"":[91.94256932963302,26.0960590036721]}"
3745,2.1552989201293907E-4,"{""geodesic"":false,""type"":""Point"",""coordinates"":[92.66122155692864,26.0960590036721]}"
3746,2.1320533968065053E-4,"{""geodesic"":false,""type"":""Point"",""coordinates"":[93.1103791989884,26.0960590036721]}"
3747,1.5507733955767548E-4,"{""geodesic"":false,""type"":""Point"",""coordinates"":[93.37987378422426,26.0960590036721]}"
3748,1.8645452197175845E-4,"{""geodesic"":false,""type"":""Point"",""coordinates"":[93.82903142628402,26.0960590036721]}"
3749,1.1988011632792246E-4,"{""geodesic"":false,""type"":""Point"",""coordinates"":[94.27818906834378,26.0960590036721]}"
3750,1.4216753404099104E-4,"{""geodesic"":false,""type"":""Point"",""coordinates"":[94.36802059675573,26.0960590036721]}"
3751,1.361534376357959E-4,"{""geodesic"":false,""type"":""Point"",""coordinates"":[70.56266556758841,26.185890532084052]}"
3752,1.3220715059995537E-4,"{""geodesic"":false,""type"":""Point"",""coordinates"":[70.65249709600036,26.185890532084052]}"
3753,1.3122975287524456E-4,"{""geodesic"":false,""type"":""Point"",""coordinates"":[71.01182320964817,26.185890532084052]}"
3754,1.2448353273722553E-4,"{""geodesic"":false,""type"":""Point"",""coordinates"":[71.46098085170793,26.185890532084052]}"
3755,1.371577837050725E-4,"{""geodesic"":false,""type"":""Point"",""coordinates"":[73.25761141994698,26.185890532084052]}"
3756,1.425972733092207E-4,"{""geodesic"":false,""type"":""Point"",""coordinates"":[73.34744294835893,26.185890532084052]}"
3757,1.4348473329928307E-4,"{""geodesic"":false,""type"":""Point"",""coordinates"":[73.52710600518283,26.185890532084052]}"
3758,1.4156183497624796E-4,"{""geodesic"":false,""type"":""Point"",""coordinates"":[74.06609517565454,26.185890532084052]}"
3759,1.3560314074542897E-4,"{""geodesic"":false,""type"":""Point"",""coordinates"":[74.3355897608904,26.185890532084052]}"
3760,1.3129429613187567E-4,"{""geodesic"":false,""type"":""Point"",""coordinates"":[74.51525281771431,26.185890532084052]}"
3761,1.3861462587434227E-4,"{""geodesic"":false,""type"":""Point"",""coordinates"":[74.78474740295016,26.185890532084052]}"
3762,1.491637162836667E-4,"{""geodesic"":false,""type"":""Point"",""coordinates"":[74.87457893136211,26.185890532084052]}"
3763,1.5305376939302832E-4,"{""geodesic"":false,""type"":""Point"",""coordinates"":[77.12036714166092,26.185890532084052]}"
3764,1.667068055371312E-4,"{""geodesic"":false,""type"":""Point"",""coordinates"":[77.92885089736849,26.185890532084052]}"
3765,1.7801611256222215E-4,"{""geodesic"":false,""type"":""Point"",""coordinates"":[79.18649229513582,26.185890532084052]}"
3766,1.768555989999169E-4,"{""geodesic"":false,""type"":""Point"",""coordinates"":[79.36615535195972,26.185890532084052]}"
3767,1.8566924141112458E-4,"{""geodesic"":false,""type"":""Point"",""coordinates"":[79.45598688037167,26.185890532084052]}"
3768,1.9244990605439435E-4,"{""geodesic"":false,""type"":""Point"",""coordinates"":[79.81531299401948,26.185890532084052]}"
3769,1.857704334309407E-4,"{""geodesic"":false,""type"":""Point"",""coordinates"":[80.17463910766729,26.185890532084052]}"
3770,2.117367488287115E-4,"{""geodesic"":false,""type"":""Point"",""coordinates"":[81.16278592019876,26.185890532084052]}"
3771,2.2764918599020792E-4,"{""geodesic"":false,""type"":""Point"",""coordinates"":[81.61194356225853,26.185890532084052]}"
3772,2.390347672390728E-4,"{""geodesic"":false,""type"":""Point"",""coordinates"":[82.33059578955414,26.185890532084052]}"
3773,2.454070268602558E-4,"{""geodesic"":false,""type"":""Point"",""coordinates"":[82.4204273179661,26.185890532084052]}"
3774,2.330488103264342E-4,"{""geodesic"":false,""type"":""Point"",""coordinates"":[83.49840565890952,26.185890532084052]}"
3775,2.2954041660752888E-4,"{""geodesic"":false,""type"":""Point"",""coordinates"":[83.76790024414538,26.185890532084052]}"
3776,2.33949178927233E-4,"{""geodesic"":false,""type"":""Point"",""coordinates"":[83.94756330096928,26.185890532084052]}"
3777,2.4151925972928218E-4,"{""geodesic"":false,""type"":""Point"",""coordinates"":[84.12722635779319,26.185890532084052]}"
3778,2.456639399545698E-4,"{""geodesic"":false,""type"":""Point"",""coordinates"":[84.48655247144099,26.185890532084052]}"
3779,2.4446396022530166E-4,"{""geodesic"":false,""type"":""Point"",""coordinates"":[84.57638399985295,26.185890532084052]}"
3780,2.3765484099066744E-4,"{""geodesic"":false,""type"":""Point"",""coordinates"":[85.47469928397247,26.185890532084052]}"
3781,2.327436511731456E-4,"{""geodesic"":false,""type"":""Point"",""coordinates"":[85.56453081238442,26.185890532084052]}"
3782,2.098034547516123E-4,"{""geodesic"":false,""type"":""Point"",""coordinates"":[86.55267762491589,26.185890532084052]}"
3783,2.168166269347406E-4,"{""geodesic"":false,""type"":""Point"",""coordinates"":[86.82217221015175,26.185890532084052]}"
3784,2.0206856871817633E-4,"{""geodesic"":false,""type"":""Point"",""coordinates"":[87.72048749427127,26.185890532084052]}"
3785,2.0755337512010557E-4,"{""geodesic"":false,""type"":""Point"",""coordinates"":[87.90015055109518,26.185890532084052]}"
3786,2.0887756357395026E-4,"{""geodesic"":false,""type"":""Point"",""coordinates"":[88.07981360791908,26.185890532084052]}"
3787,2.2075308228364273E-4,"{""geodesic"":false,""type"":""Point"",""coordinates"":[90.77475946027765,26.185890532084052]}"
3788,2.0361593740516275E-4,"{""geodesic"":false,""type"":""Point"",""coordinates"":[91.58324321598522,26.185890532084052]}"
3789,2.0851547049474605E-4,"{""geodesic"":false,""type"":""Point"",""coordinates"":[91.67307474439717,26.185890532084052]}"
3790,2.0512656497663189E-4,"{""geodesic"":false,""type"":""Point"",""coordinates"":[91.94256932963302,26.185890532084052]}"
3791,1.9611803716942198E-4,"{""geodesic"":false,""type"":""Point"",""coordinates"":[92.12223238645693,26.185890532084052]}"
3792,2.2311958780588497E-4,"{""geodesic"":false,""type"":""Point"",""coordinates"":[92.48155850010474,26.185890532084052]}"
3793,2.2649803359575153E-4,"{""geodesic"":false,""type"":""Point"",""coordinates"":[92.66122155692864,26.185890532084052]}"
3794,1.2816343658518813E-4,"{""geodesic"":false,""type"":""Point"",""coordinates"":[93.37987378422426,26.185890532084052]}"
3795,1.768709468328749E-4,"{""geodesic"":false,""type"":""Point"",""coordinates"":[94.00869448310792,26.185890532084052]}"
3796,1.5290388065353834E-4,"{""geodesic"":false,""type"":""Point"",""coordinates"":[94.36802059675573,26.185890532084052]}"
3797,1.3155535919388795E-4,"{""geodesic"":false,""type"":""Point"",""coordinates"":[70.2033394539406,26.275722060496005]}"
3798,1.2697730638240663E-4,"{""geodesic"":false,""type"":""Point"",""coordinates"":[70.47283403917646,26.275722060496005]}"
3799,1.3918773916696007E-4,"{""geodesic"":false,""type"":""Point"",""coordinates"":[70.56266556758841,26.275722060496005]}"
3800,1.088123119314979E-4,"{""geodesic"":false,""type"":""Point"",""coordinates"":[70.92199168123622,26.275722060496005]}"
3801,1.4753695708156085E-4,"{""geodesic"":false,""type"":""Point"",""coordinates"":[72.62879072106331,26.275722060496005]}"
3802,1.39751800079851E-4,"{""geodesic"":false,""type"":""Point"",""coordinates"":[72.71862224947526,26.275722060496005]}"
3803,1.3882467479337405E-4,"{""geodesic"":false,""type"":""Point"",""coordinates"":[73.79660059041869,26.275722060496005]}"
3804,1.3521535041616215E-4,"{""geodesic"":false,""type"":""Point"",""coordinates"":[74.1559267040665,26.275722060496005]}"
3805,1.3642422594540456E-4,"{""geodesic"":false,""type"":""Point"",""coordinates"":[74.96441045977407,26.275722060496005]}"
3806,1.5625633231911327E-4,"{""geodesic"":false,""type"":""Point"",""coordinates"":[75.59323115865773,26.275722060496005]}"
3807,1.5456335929754823E-4,"{""geodesic"":false,""type"":""Point"",""coordinates"":[75.86272574389359,26.275722060496005]}"
3808,1.5184657996713527E-4,"{""geodesic"":false,""type"":""Point"",""coordinates"":[75.95255727230554,26.275722060496005]}"
3809,1.4966117379475982E-4,"{""geodesic"":false,""type"":""Point"",""coordinates"":[76.4017149143653,26.275722060496005]}"
3810,1.6540510127813966E-4,"{""geodesic"":false,""type"":""Point"",""coordinates"":[77.03053561324897,26.275722060496005]}"
3811,1.5553587737899337E-4,"{""geodesic"":false,""type"":""Point"",""coordinates"":[77.38986172689677,26.275722060496005]}"
3812,1.633566419338015E-4,"{""geodesic"":false,""type"":""Point"",""coordinates"":[77.65935631213263,26.275722060496005]}"
3813,1.85584492110547E-4,"{""geodesic"":false,""type"":""Point"",""coordinates"":[78.6475031246641,26.275722060496005]}"
3814,2.1478299101557917E-4,"{""geodesic"":false,""type"":""Point"",""coordinates"":[80.62379674972705,26.275722060496005]}"
3815,2.3440823923284149E-4,"{""geodesic"":false,""type"":""Point"",""coordinates"":[82.24076426114219,26.275722060496005]}"
3816,2.323781384291392E-4,"{""geodesic"":false,""type"":""Point"",""coordinates"":[82.60009037479,26.275722060496005]}"
3817,2.4154587794117537E-4,"{""geodesic"":false,""type"":""Point"",""coordinates"":[82.7797534316139,26.275722060496005]}"
3818,2.3039629981295743E-4,"{""geodesic"":false,""type"":""Point"",""coordinates"":[83.22891107367366,26.275722060496005]}"
3819,2.419834815558038E-4,"{""geodesic"":false,""type"":""Point"",""coordinates"":[83.67806871573343,26.275722060496005]}"
3820,2.4332683926726135E-4,"{""geodesic"":false,""type"":""Point"",""coordinates"":[84.21705788620514,26.275722060496005]}"
3821,2.3279039743912707E-4,"{""geodesic"":false,""type"":""Point"",""coordinates"":[84.6662155282649,26.275722060496005]}"
3822,2.3883042884763602E-4,"{""geodesic"":false,""type"":""Point"",""coordinates"":[84.8458785850888,26.275722060496005]}"
3823,2.2732860427640404E-4,"{""geodesic"":false,""type"":""Point"",""coordinates"":[85.29503622714856,26.275722060496005]}"
3824,2.198580880358065E-4,"{""geodesic"":false,""type"":""Point"",""coordinates"":[86.10351998285613,26.275722060496005]}"
3825,2.2069692810203732E-4,"{""geodesic"":false,""type"":""Point"",""coordinates"":[86.19335151126809,26.275722060496005]}"
3826,2.13010823558887E-4,"{""geodesic"":false,""type"":""Point"",""coordinates"":[86.82217221015175,26.275722060496005]}"
3827,1.9721510023800387E-4,"{""geodesic"":false,""type"":""Point"",""coordinates"":[87.18149832379956,26.275722060496005]}"
3828,2.0077264946889272E-4,"{""geodesic"":false,""type"":""Point"",""coordinates"":[87.81031902268322,26.275722060496005]}"
3829,2.032958994861043E-4,"{""geodesic"":false,""type"":""Point"",""coordinates"":[89.51711806251032,26.275722060496005]}"
3830,2.0316939508164812E-4,"{""geodesic"":false,""type"":""Point"",""coordinates"":[89.78661264774617,26.275722060496005]}"
3831,2.1697641328313142E-4,"{""geodesic"":false,""type"":""Point"",""coordinates"":[91.22391710233741,26.275722060496005]}"
3832,2.12800338626372E-4,"{""geodesic"":false,""type"":""Point"",""coordinates"":[91.58324321598522,26.275722060496005]}"
3833,2.2250152739895787E-4,"{""geodesic"":false,""type"":""Point"",""coordinates"":[91.94256932963302,26.275722060496005]}"
3834,2.008552429208821E-4,"{""geodesic"":false,""type"":""Point"",""coordinates"":[92.66122155692864,26.275722060496005]}"
3835,1.795215044391951E-4,"{""geodesic"":false,""type"":""Point"",""coordinates"":[93.20021072740035,26.275722060496005]}"
3836,1.6685684671422277E-4,"{""geodesic"":false,""type"":""Point"",""coordinates"":[93.82903142628402,26.275722060496005]}"
3837,1.7960611744473798E-4,"{""geodesic"":false,""type"":""Point"",""coordinates"":[94.00869448310792,26.275722060496005]}"
3838,1.3032023029336352E-4,"{""geodesic"":false,""type"":""Point"",""coordinates"":[94.45785212516768,26.275722060496005]}"
3839,1.3448446926272122E-4,"{""geodesic"":false,""type"":""Point"",""coordinates"":[94.90700976722745,26.275722060496005]}"
3840,1.233551885347941E-4,"{""geodesic"":false,""type"":""Point"",""coordinates"":[71.19148626647208,26.365553588907954]}"
3841,1.3625013688748142E-4,"{""geodesic"":false,""type"":""Point"",""coordinates"":[71.99997002217964,26.365553588907954]}"
3842,1.286906844001771E-4,"{""geodesic"":false,""type"":""Point"",""coordinates"":[72.0898015505916,26.365553588907954]}"
3843,1.3361515053022944E-4,"{""geodesic"":false,""type"":""Point"",""coordinates"":[72.80845377788721,26.365553588907954]}"
3844,1.4916871786140544E-4,"{""geodesic"":false,""type"":""Point"",""coordinates"":[73.07794836312307,26.365553588907954]}"
3845,1.415247236154308E-4,"{""geodesic"":false,""type"":""Point"",""coordinates"":[73.52710600518283,26.365553588907954]}"
3846,1.405271478295013E-4,"{""geodesic"":false,""type"":""Point"",""coordinates"":[73.79660059041869,26.365553588907954]}"
3847,1.571801818378934E-4,"{""geodesic"":false,""type"":""Point"",""coordinates"":[75.59323115865773,26.365553588907954]}"
3848,1.484381279794607E-4,"{""geodesic"":false,""type"":""Point"",""coordinates"":[76.04238880071749,26.365553588907954]}"
3849,1.4930044085994945E-4,"{""geodesic"":false,""type"":""Point"",""coordinates"":[76.31188338595335,26.365553588907954]}"
3850,1.7339996267316552E-4,"{""geodesic"":false,""type"":""Point"",""coordinates"":[77.30003019848482,26.365553588907954]}"
3851,1.622992941496894E-4,"{""geodesic"":false,""type"":""Point"",""coordinates"":[77.74918784054458,26.365553588907954]}"
3852,1.5867623597841588E-4,"{""geodesic"":false,""type"":""Point"",""coordinates"":[77.83901936895654,26.365553588907954]}"
3853,1.7272131506080503E-4,"{""geodesic"":false,""type"":""Point"",""coordinates"":[77.92885089736849,26.365553588907954]}"
3854,1.8637219477310487E-4,"{""geodesic"":false,""type"":""Point"",""coordinates"":[78.73733465307606,26.365553588907954]}"
3855,1.822151796808224E-4,"{""geodesic"":false,""type"":""Point"",""coordinates"":[79.18649229513582,26.365553588907954]}"
3856,1.8999315514115685E-4,"{""geodesic"":false,""type"":""Point"",""coordinates"":[79.27632382354777,26.365553588907954]}"
3857,1.9981869854204934E-4,"{""geodesic"":false,""type"":""Point"",""coordinates"":[79.72548146560753,26.365553588907954]}"
3858,2.0837998666526362E-4,"{""geodesic"":false,""type"":""Point"",""coordinates"":[80.08480757925534,26.365553588907954]}"
3859,2.2851053781778905E-4,"{""geodesic"":false,""type"":""Point"",""coordinates"":[80.713628278139,26.365553588907954]}"
3860,2.1646821148609807E-4,"{""geodesic"":false,""type"":""Point"",""coordinates"":[81.16278592019876,26.365553588907954]}"
3861,2.3316467215459726E-4,"{""geodesic"":false,""type"":""Point"",""coordinates"":[81.43228050543462,26.365553588907954]}"
3862,2.2379854560073767E-4,"{""geodesic"":false,""type"":""Point"",""coordinates"":[82.24076426114219,26.365553588907954]}"
3863,2.255764021360132E-4,"{""geodesic"":false,""type"":""Point"",""coordinates"":[82.4204273179661,26.365553588907954]}"
3864,2.2834569003645405E-4,"{""geodesic"":false,""type"":""Point"",""coordinates"":[83.40857413049757,26.365553588907954]}"
3865,2.259626479408687E-4,"{""geodesic"":false,""type"":""Point"",""coordinates"":[83.76790024414538,26.365553588907954]}"
3866,2.4124437633177992E-4,"{""geodesic"":false,""type"":""Point"",""coordinates"":[84.57638399985295,26.365553588907954]}"
3867,2.3941718009736062E-4,"{""geodesic"":false,""type"":""Point"",""coordinates"":[84.93571011350076,26.365553588907954]}"
3868,2.182315598568499E-4,"{""geodesic"":false,""type"":""Point"",""coordinates"":[85.92385692603223,26.365553588907954]}"
3869,2.1733588096188247E-4,"{""geodesic"":false,""type"":""Point"",""coordinates"":[86.55267762491589,26.365553588907954]}"
3870,2.1583067743208924E-4,"{""geodesic"":false,""type"":""Point"",""coordinates"":[86.7323406817398,26.365553588907954]}"
3871,2.094005752322007E-4,"{""geodesic"":false,""type"":""Point"",""coordinates"":[87.36116138062346,26.365553588907954]}"
3872,2.0116586630506417E-4,"{""geodesic"":false,""type"":""Point"",""coordinates"":[87.54082443744737,26.365553588907954]}"
3873,1.9902052347449715E-4,"{""geodesic"":false,""type"":""Point"",""coordinates"":[87.81031902268322,26.365553588907954]}"
3874,2.0178062798125053E-4,"{""geodesic"":false,""type"":""Point"",""coordinates"":[87.90015055109518,26.365553588907954]}"
3875,2.0102416844732085E-4,"{""geodesic"":false,""type"":""Point"",""coordinates"":[87.98998207950713,26.365553588907954]}"
3876,2.0499676862027036E-4,"{""geodesic"":false,""type"":""Point"",""coordinates"":[89.24762347727446,26.365553588907954]}"
3877,1.9231399970121317E-4,"{""geodesic"":false,""type"":""Point"",""coordinates"":[89.51711806251032,26.365553588907954]}"
3878,2.034989958561852E-4,"{""geodesic"":false,""type"":""Point"",""coordinates"":[89.96627570457008,26.365553588907954]}"
3879,2.0918133057396215E-4,"{""geodesic"":false,""type"":""Point"",""coordinates"":[90.68492793186569,26.365553588907954]}"
3880,2.0915551650168036E-4,"{""geodesic"":false,""type"":""Point"",""coordinates"":[90.77475946027765,26.365553588907954]}"
3881,1.914867121370017E-4,"{""geodesic"":false,""type"":""Point"",""coordinates"":[91.76290627280912,26.365553588907954]}"
3882,1.7763134360086803E-4,"{""geodesic"":false,""type"":""Point"",""coordinates"":[93.1103791989884,26.365553588907954]}"
3883,1.498522739476431E-4,"{""geodesic"":false,""type"":""Point"",""coordinates"":[93.37987378422426,26.365553588907954]}"
3884,1.8645554926549306E-4,"{""geodesic"":false,""type"":""Point"",""coordinates"":[93.82903142628402,26.365553588907954]}"
3885,1.417488901511247E-4,"{""geodesic"":false,""type"":""Point"",""coordinates"":[94.36802059675573,26.365553588907954]}"
3886,1.4788074645597475E-4,"{""geodesic"":false,""type"":""Point"",""coordinates"":[94.72734671040354,26.365553588907954]}"
3887,1.259870575887857E-4,"{""geodesic"":false,""type"":""Point"",""coordinates"":[71.91013849376769,26.455385117319906]}"
3888,1.412997239821883E-4,"{""geodesic"":false,""type"":""Point"",""coordinates"":[72.71862224947526,26.455385117319906]}"
3889,1.523218488184647E-4,"{""geodesic"":false,""type"":""Point"",""coordinates"":[73.16777989153502,26.455385117319906]}"
3890,1.351422686976174E-4,"{""geodesic"":false,""type"":""Point"",""coordinates"":[73.61693753359478,26.455385117319906]}"
3891,1.428479184663589E-4,"{""geodesic"":false,""type"":""Point"",""coordinates"":[74.1559267040665,26.455385117319906]}"
3892,1.33912860692328E-4,"{""geodesic"":false,""type"":""Point"",""coordinates"":[74.3355897608904,26.455385117319906]}"
3893,1.3843614181293068E-4,"{""geodesic"":false,""type"":""Point"",""coordinates"":[74.87457893136211,26.455385117319906]}"
3894,1.5142759611264006E-4,"{""geodesic"":false,""type"":""Point"",""coordinates"":[75.23390504500992,26.455385117319906]}"
3895,1.5348176590451203E-4,"{""geodesic"":false,""type"":""Point"",""coordinates"":[75.41356810183383,26.455385117319906]}"
3896,1.5097248443224316E-4,"{""geodesic"":false,""type"":""Point"",""coordinates"":[75.68306268706968,26.455385117319906]}"
3897,1.4806161107462623E-4,"{""geodesic"":false,""type"":""Point"",""coordinates"":[75.86272574389359,26.455385117319906]}"
3898,1.554451598304218E-4,"{""geodesic"":false,""type"":""Point"",""coordinates"":[76.4017149143653,26.455385117319906]}"
3899,1.6028489345378452E-4,"{""geodesic"":false,""type"":""Point"",""coordinates"":[77.30003019848482,26.455385117319906]}"
3900,1.6421358664910115E-4,"{""geodesic"":false,""type"":""Point"",""coordinates"":[77.74918784054458,26.455385117319906]}"
3901,1.816707915092014E-4,"{""geodesic"":false,""type"":""Point"",""coordinates"":[78.2881770110163,26.455385117319906]}"
3902,1.7741591239978698E-4,"{""geodesic"":false,""type"":""Point"",""coordinates"":[78.55767159625215,26.455385117319906]}"
3903,1.878355427018988E-4,"{""geodesic"":false,""type"":""Point"",""coordinates"":[78.73733465307606,26.455385117319906]}"
3904,1.8696773049301315E-4,"{""geodesic"":false,""type"":""Point"",""coordinates"":[78.82716618148801,26.455385117319906]}"
3905,2.0114548330327364E-4,"{""geodesic"":false,""type"":""Point"",""coordinates"":[79.36615535195972,26.455385117319906]}"
3906,1.8470956920915157E-4,"{""geodesic"":false,""type"":""Point"",""coordinates"":[79.54581840878363,26.455385117319906]}"
3907,2.0495764308240904E-4,"{""geodesic"":false,""type"":""Point"",""coordinates"":[79.90514452243143,26.455385117319906]}"
3908,1.886167427706287E-4,"{""geodesic"":false,""type"":""Point"",""coordinates"":[79.99497605084339,26.455385117319906]}"
3909,2.086912545178011E-4,"{""geodesic"":false,""type"":""Point"",""coordinates"":[80.17463910766729,26.455385117319906]}"
3910,2.342695043574736E-4,"{""geodesic"":false,""type"":""Point"",""coordinates"":[81.70177509067048,26.455385117319906]}"
3911,2.3158351615211958E-4,"{""geodesic"":false,""type"":""Point"",""coordinates"":[82.33059578955414,26.455385117319906]}"
3912,2.3420417959729527E-4,"{""geodesic"":false,""type"":""Point"",""coordinates"":[83.04924801684976,26.455385117319906]}"
3913,2.307964001180981E-4,"{""geodesic"":false,""type"":""Point"",""coordinates"":[84.48655247144099,26.455385117319906]}"
3914,2.079433313441774E-4,"{""geodesic"":false,""type"":""Point"",""coordinates"":[86.64250915332785,26.455385117319906]}"
3915,2.013642346972342E-4,"{""geodesic"":false,""type"":""Point"",""coordinates"":[87.09166679538761,26.455385117319906]}"
3916,1.995872296324516E-4,"{""geodesic"":false,""type"":""Point"",""coordinates"":[87.81031902268322,26.455385117319906]}"
3917,1.865047209827203E-4,"{""geodesic"":false,""type"":""Point"",""coordinates"":[88.43913972156689,26.455385117319906]}"
3918,1.8693868674117957E-4,"{""geodesic"":false,""type"":""Point"",""coordinates"":[89.51711806251032,26.455385117319906]}"
3919,1.8982006309672456E-4,"{""geodesic"":false,""type"":""Point"",""coordinates"":[89.87644417615812,26.455385117319906]}"
3920,2.1227201264852703E-4,"{""geodesic"":false,""type"":""Point"",""coordinates"":[90.77475946027765,26.455385117319906]}"
3921,2.1365236091281777E-4,"{""geodesic"":false,""type"":""Point"",""coordinates"":[90.95442251710155,26.455385117319906]}"
3922,2.1040331733514984E-4,"{""geodesic"":false,""type"":""Point"",""coordinates"":[91.0442540455135,26.455385117319906]}"
3923,2.201957339475118E-4,"{""geodesic"":false,""type"":""Point"",""coordinates"":[91.13408557392545,26.455385117319906]}"
3924,2.1325903412713028E-4,"{""geodesic"":false,""type"":""Point"",""coordinates"":[91.49341168757326,26.455385117319906]}"
3925,2.149837042113602E-4,"{""geodesic"":false,""type"":""Point"",""coordinates"":[91.85273780122107,26.455385117319906]}"
3926,2.0943307421044643E-4,"{""geodesic"":false,""type"":""Point"",""coordinates"":[92.48155850010474,26.455385117319906]}"
3927,2.1245588352626082E-4,"{""geodesic"":false,""type"":""Point"",""coordinates"":[92.66122155692864,26.455385117319906]}"
3928,2.09651956912166E-4,"{""geodesic"":false,""type"":""Point"",""coordinates"":[92.75105308534059,26.455385117319906]}"
3929,2.007616820772766E-4,"{""geodesic"":false,""type"":""Point"",""coordinates"":[93.02054767057645,26.455385117319906]}"
3930,1.800851027292637E-4,"{""geodesic"":false,""type"":""Point"",""coordinates"":[93.20021072740035,26.455385117319906]}"
3931,1.9342958878996362E-4,"{""geodesic"":false,""type"":""Point"",""coordinates"":[93.6493683694601,26.455385117319906]}"
3932,1.6283415334186554E-4,"{""geodesic"":false,""type"":""Point"",""coordinates"":[94.36802059675573,26.455385117319906]}"
3933,1.2271122615340363E-4,"{""geodesic"":false,""type"":""Point"",""coordinates"":[70.47283403917646,26.54521664573186]}"
3934,1.312092506666868E-4,"{""geodesic"":false,""type"":""Point"",""coordinates"":[72.35929613582745,26.54521664573186]}"
3935,1.3349869384923587E-4,"{""geodesic"":false,""type"":""Point"",""coordinates"":[72.98811683471112,26.54521664573186]}"
3936,1.4998877689543778E-4,"{""geodesic"":false,""type"":""Point"",""coordinates"":[75.50339963024578,26.54521664573186]}"
3937,1.4904155859173673E-4,"{""geodesic"":false,""type"":""Point"",""coordinates"":[75.95255727230554,26.54521664573186]}"
3938,1.5736170194239536E-4,"{""geodesic"":false,""type"":""Point"",""coordinates"":[76.85087255642506,26.54521664573186]}"
3939,1.735914146321478E-4,"{""geodesic"":false,""type"":""Point"",""coordinates"":[77.21019867007287,26.54521664573186]}"
3940,1.6701247275801556E-4,"{""geodesic"":false,""type"":""Point"",""coordinates"":[77.38986172689677,26.54521664573186]}"
3941,1.796466473306083E-4,"{""geodesic"":false,""type"":""Point"",""coordinates"":[77.92885089736849,26.54521664573186]}"
3942,1.7251192597562715E-4,"{""geodesic"":false,""type"":""Point"",""coordinates"":[78.2881770110163,26.54521664573186]}"
3943,1.8726583275713893E-4,"{""geodesic"":false,""type"":""Point"",""coordinates"":[78.6475031246641,26.54521664573186]}"
3944,1.9036216515075024E-4,"{""geodesic"":false,""type"":""Point"",""coordinates"":[78.91699770989996,26.54521664573186]}"
3945,1.9210988051251396E-4,"{""geodesic"":false,""type"":""Point"",""coordinates"":[79.36615535195972,26.54521664573186]}"
3946,2.0492700541498594E-4,"{""geodesic"":false,""type"":""Point"",""coordinates"":[80.62379674972705,26.54521664573186]}"
3947,2.159483233420559E-4,"{""geodesic"":false,""type"":""Point"",""coordinates"":[80.713628278139,26.54521664573186]}"
3948,2.282399443566554E-4,"{""geodesic"":false,""type"":""Point"",""coordinates"":[80.89329133496291,26.54521664573186]}"
3949,2.39530804997236E-4,"{""geodesic"":false,""type"":""Point"",""coordinates"":[80.98312286337486,26.54521664573186]}"
3950,2.3585135335439184E-4,"{""geodesic"":false,""type"":""Point"",""coordinates"":[81.79160661908243,26.54521664573186]}"
3951,2.3286951242227093E-4,"{""geodesic"":false,""type"":""Point"",""coordinates"":[82.06110120431829,26.54521664573186]}"
3952,2.3165774979998953E-4,"{""geodesic"":false,""type"":""Point"",""coordinates"":[82.4204273179661,26.54521664573186]}"
3953,2.1864032552185666E-4,"{""geodesic"":false,""type"":""Point"",""coordinates"":[82.60009037479,26.54521664573186]}"
3954,2.319210945331075E-4,"{""geodesic"":false,""type"":""Point"",""coordinates"":[82.86958496002586,26.54521664573186]}"
3955,2.480473877808844E-4,"{""geodesic"":false,""type"":""Point"",""coordinates"":[84.57638399985295,26.54521664573186]}"
3956,2.2446643253874903E-4,"{""geodesic"":false,""type"":""Point"",""coordinates"":[85.20520469873661,26.54521664573186]}"
3957,2.230397214983763E-4,"{""geodesic"":false,""type"":""Point"",""coordinates"":[85.56453081238442,26.54521664573186]}"
3958,1.8977768276666297E-4,"{""geodesic"":false,""type"":""Point"",""coordinates"":[88.16964513633103,26.54521664573186]}"
3959,1.900672399627254E-4,"{""geodesic"":false,""type"":""Point"",""coordinates"":[88.70863430680275,26.54521664573186]}"
3960,2.1216856303236687E-4,"{""geodesic"":false,""type"":""Point"",""coordinates"":[90.32560181821789,26.54521664573186]}"
3961,2.1072134265063267E-4,"{""geodesic"":false,""type"":""Point"",""coordinates"":[90.41543334662984,26.54521664573186]}"
3962,2.1321550637748278E-4,"{""geodesic"":false,""type"":""Point"",""coordinates"":[90.95442251710155,26.54521664573186]}"
3963,2.0463806867912517E-4,"{""geodesic"":false,""type"":""Point"",""coordinates"":[91.31374863074936,26.54521664573186]}"
3964,1.9805149169268164E-4,"{""geodesic"":false,""type"":""Point"",""coordinates"":[91.40358015916131,26.54521664573186]}"
3965,1.9946768920330802E-4,"{""geodesic"":false,""type"":""Point"",""coordinates"":[93.02054767057645,26.54521664573186]}"
3966,1.7803404216936214E-4,"{""geodesic"":false,""type"":""Point"",""coordinates"":[93.20021072740035,26.54521664573186]}"
3967,2.1799290547082418E-4,"{""geodesic"":false,""type"":""Point"",""coordinates"":[93.91886295469597,26.54521664573186]}"
3968,1.8921959233823214E-4,"{""geodesic"":false,""type"":""Point"",""coordinates"":[94.18835753993183,26.54521664573186]}"
3969,1.7730463280685562E-4,"{""geodesic"":false,""type"":""Point"",""coordinates"":[94.36802059675573,26.54521664573186]}"
3970,1.2766264784075162E-4,"{""geodesic"":false,""type"":""Point"",""coordinates"":[70.38300251076451,26.63504817414381]}"
3971,1.1893194065897255E-4,"{""geodesic"":false,""type"":""Point"",""coordinates"":[71.46098085170793,26.63504817414381]}"
3972,1.30759353381055E-4,"{""geodesic"":false,""type"":""Point"",""coordinates"":[71.55081238011988,26.63504817414381]}"
3973,1.3243070572444796E-4,"{""geodesic"":false,""type"":""Point"",""coordinates"":[72.2694646074155,26.63504817414381]}"
3974,1.3147287584788176E-4,"{""geodesic"":false,""type"":""Point"",""coordinates"":[72.53895919265136,26.63504817414381]}"
3975,1.3171375276303953E-4,"{""geodesic"":false,""type"":""Point"",""coordinates"":[72.62879072106331,26.63504817414381]}"
3976,1.487803299230245E-4,"{""geodesic"":false,""type"":""Point"",""coordinates"":[73.07794836312307,26.63504817414381]}"
3977,1.3317770104592693E-4,"{""geodesic"":false,""type"":""Point"",""coordinates"":[73.70676906200674,26.63504817414381]}"
3978,1.390626150182792E-4,"{""geodesic"":false,""type"":""Point"",""coordinates"":[74.24575823247845,26.63504817414381]}"
3979,1.3302639744623587E-4,"{""geodesic"":false,""type"":""Point"",""coordinates"":[74.3355897608904,26.63504817414381]}"
3980,1.2902239214784608E-4,"{""geodesic"":false,""type"":""Point"",""coordinates"":[74.60508434612626,26.63504817414381]}"
3981,1.475617650351854E-4,"{""geodesic"":false,""type"":""Point"",""coordinates"":[75.14407351659797,26.63504817414381]}"
3982,1.4893206879805932E-4,"{""geodesic"":false,""type"":""Point"",""coordinates"":[75.23390504500992,26.63504817414381]}"
3983,1.5385345769015514E-4,"{""geodesic"":false,""type"":""Point"",""coordinates"":[76.67120949960116,26.63504817414381]}"
3984,1.6969616226584962E-4,"{""geodesic"":false,""type"":""Point"",""coordinates"":[76.76104102801311,26.63504817414381]}"
3985,1.5318036880298362E-4,"{""geodesic"":false,""type"":""Point"",""coordinates"":[77.12036714166092,26.63504817414381]}"
3986,1.820929912336234E-4,"{""geodesic"":false,""type"":""Point"",""coordinates"":[78.01868242578044,26.63504817414381]}"
3987,1.834168825121894E-4,"{""geodesic"":false,""type"":""Point"",""coordinates"":[78.19834548260434,26.63504817414381]}"
3988,2.0099489733994144E-4,"{""geodesic"":false,""type"":""Point"",""coordinates"":[79.18649229513582,26.63504817414381]}"
3989,2.0645245562839776E-4,"{""geodesic"":false,""type"":""Point"",""coordinates"":[79.72548146560753,26.63504817414381]}"
3990,2.1015930378048446E-4,"{""geodesic"":false,""type"":""Point"",""coordinates"":[80.17463910766729,26.63504817414381]}"
3991,2.3245021336833763E-4,"{""geodesic"":false,""type"":""Point"",""coordinates"":[81.43228050543462,26.63504817414381]}"
3992,2.3682477835629636E-4,"{""geodesic"":false,""type"":""Point"",""coordinates"":[81.79160661908243,26.63504817414381]}"
3993,2.3058874489116944E-4,"{""geodesic"":false,""type"":""Point"",""coordinates"":[82.4204273179661,26.63504817414381]}"
3994,2.3485180700009162E-4,"{""geodesic"":false,""type"":""Point"",""coordinates"":[82.7797534316139,26.63504817414381]}"
3995,2.447830418418333E-4,"{""geodesic"":false,""type"":""Point"",""coordinates"":[83.49840565890952,26.63504817414381]}"
3996,2.3513766438157407E-4,"{""geodesic"":false,""type"":""Point"",""coordinates"":[84.03739482938123,26.63504817414381]}"
3997,2.1571252054735507E-4,"{""geodesic"":false,""type"":""Point"",""coordinates"":[84.93571011350076,26.63504817414381]}"
3998,2.3460864799178436E-4,"{""geodesic"":false,""type"":""Point"",""coordinates"":[86.01368845444418,26.63504817414381]}"
3999,1.927947243675429E-4,"{""geodesic"":false,""type"":""Point"",""coordinates"":[88.25947666474299,26.63504817414381]}"
4000,1.907085461728597E-4,"{""geodesic"":false,""type"":""Point"",""coordinates"":[89.78661264774617,26.63504817414381]}"
4001,1.8644634489499947E-4,"{""geodesic"":false,""type"":""Point"",""coordinates"":[89.87644417615812,26.63504817414381]}"
4002,2.0027136729547254E-4,"{""geodesic"":false,""type"":""Point"",""coordinates"":[90.68492793186569,26.63504817414381]}"
4003,1.8900296741480543E-4,"{""geodesic"":false,""type"":""Point"",""coordinates"":[90.8645909886896,26.63504817414381]}"
4004,1.9891405291385492E-4,"{""geodesic"":false,""type"":""Point"",""coordinates"":[90.95442251710155,26.63504817414381]}"
4005,2.0167658833003912E-4,"{""geodesic"":false,""type"":""Point"",""coordinates"":[91.13408557392545,26.63504817414381]}"
4006,2.088829016305891E-4,"{""geodesic"":false,""type"":""Point"",""coordinates"":[92.03240085804498,26.63504817414381]}"
4007,1.9692021506992593E-4,"{""geodesic"":false,""type"":""Point"",""coordinates"":[92.48155850010474,26.63504817414381]}"
4008,1.9099502726117548E-4,"{""geodesic"":false,""type"":""Point"",""coordinates"":[93.1103791989884,26.63504817414381]}"
4009,2.193455467616202E-4,"{""geodesic"":false,""type"":""Point"",""coordinates"":[93.55953684104816,26.63504817414381]}"
4010,1.9378740638001266E-4,"{""geodesic"":false,""type"":""Point"",""coordinates"":[93.73919989787207,26.63504817414381]}"
4011,1.871987801953075E-4,"{""geodesic"":false,""type"":""Point"",""coordinates"":[94.36802059675573,26.63504817414381]}"
4012,1.6782155107498522E-4,"{""geodesic"":false,""type"":""Point"",""coordinates"":[94.72734671040354,26.63504817414381]}"
4013,1.7537259175966354E-4,"{""geodesic"":false,""type"":""Point"",""coordinates"":[95.08667282405135,26.63504817414381]}"
4014,1.435568130743661E-4,"{""geodesic"":false,""type"":""Point"",""coordinates"":[69.66435028346889,26.724879702555764]}"
4015,1.4869098893253755E-4,"{""geodesic"":false,""type"":""Point"",""coordinates"":[69.84401334029279,26.724879702555764]}"
4016,1.208108971012299E-4,"{""geodesic"":false,""type"":""Point"",""coordinates"":[70.74232862441231,26.724879702555764]}"
4017,1.3208503340847078E-4,"{""geodesic"":false,""type"":""Point"",""coordinates"":[70.92199168123622,26.724879702555764]}"
4018,1.3222431460695763E-4,"{""geodesic"":false,""type"":""Point"",""coordinates"":[72.2694646074155,26.724879702555764]}"
4019,1.3944203450264758E-4,"{""geodesic"":false,""type"":""Point"",""coordinates"":[73.16777989153502,26.724879702555764]}"
4020,1.469190726992686E-4,"{""geodesic"":false,""type"":""Point"",""coordinates"":[73.70676906200674,26.724879702555764]}"
4021,1.3820110650105335E-4,"{""geodesic"":false,""type"":""Point"",""coordinates"":[74.3355897608904,26.724879702555764]}"
4022,1.415977382685871E-4,"{""geodesic"":false,""type"":""Point"",""coordinates"":[74.87457893136211,26.724879702555764]}"
4023,1.5406110465448358E-4,"{""geodesic"":false,""type"":""Point"",""coordinates"":[75.68306268706968,26.724879702555764]}"
4024,1.563303458520342E-4,"{""geodesic"":false,""type"":""Point"",""coordinates"":[76.31188338595335,26.724879702555764]}"
4025,1.5862933448893666E-4,"{""geodesic"":false,""type"":""Point"",""coordinates"":[76.49154644277725,26.724879702555764]}"
4026,1.621094118849108E-4,"{""geodesic"":false,""type"":""Point"",""coordinates"":[76.76104102801311,26.724879702555764]}"
4027,1.6774112208735285E-4,"{""geodesic"":false,""type"":""Point"",""coordinates"":[77.03053561324897,26.724879702555764]}"
4028,2.0934086452315543E-4,"{""geodesic"":false,""type"":""Point"",""coordinates"":[79.00682923831191,26.724879702555764]}"
4029,2.1700414601670879E-4,"{""geodesic"":false,""type"":""Point"",""coordinates"":[80.08480757925534,26.724879702555764]}"
4030,2.2078030295327733E-4,"{""geodesic"":false,""type"":""Point"",""coordinates"":[80.80345980655096,26.724879702555764]}"
4031,2.3887890231096806E-4,"{""geodesic"":false,""type"":""Point"",""coordinates"":[81.25261744861072,26.724879702555764]}"
4032,2.231500435722804E-4,"{""geodesic"":false,""type"":""Point"",""coordinates"":[81.70177509067048,26.724879702555764]}"
4033,2.2377718998729384E-4,"{""geodesic"":false,""type"":""Point"",""coordinates"":[82.68992190320195,26.724879702555764]}"
4034,2.448234794697162E-4,"{""geodesic"":false,""type"":""Point"",""coordinates"":[83.13907954526171,26.724879702555764]}"
4035,2.3550053518724208E-4,"{""geodesic"":false,""type"":""Point"",""coordinates"":[83.85773177255733,26.724879702555764]}"
4036,2.3634778058437918E-4,"{""geodesic"":false,""type"":""Point"",""coordinates"":[83.94756330096928,26.724879702555764]}"
4037,2.4308651882626485E-4,"{""geodesic"":false,""type"":""Point"",""coordinates"":[84.57638399985295,26.724879702555764]}"
4038,2.347563286995916E-4,"{""geodesic"":false,""type"":""Point"",""coordinates"":[84.75604705667685,26.724879702555764]}"
4039,2.404186478570879E-4,"{""geodesic"":false,""type"":""Point"",""coordinates"":[84.93571011350076,26.724879702555764]}"
4040,2.2945767930528763E-4,"{""geodesic"":false,""type"":""Point"",""coordinates"":[85.29503622714856,26.724879702555764]}"
4041,1.7239644929348236E-4,"{""geodesic"":false,""type"":""Point"",""coordinates"":[88.34930819315494,26.724879702555764]}"
4042,1.623402392570291E-4,"{""geodesic"":false,""type"":""Point"",""coordinates"":[89.24762347727446,26.724879702555764]}"
4043,1.5898916803461005E-4,"{""geodesic"":false,""type"":""Point"",""coordinates"":[89.33745500568641,26.724879702555764]}"
4044,1.823814923130683E-4,"{""geodesic"":false,""type"":""Point"",""coordinates"":[91.13408557392545,26.724879702555764]}"
4045,1.7310178077825417E-4,"{""geodesic"":false,""type"":""Point"",""coordinates"":[91.58324321598522,26.724879702555764]}"
4046,1.9115601197793822E-4,"{""geodesic"":false,""type"":""Point"",""coordinates"":[92.03240085804498,26.724879702555764]}"
4047,1.8553017882081066E-4,"{""geodesic"":false,""type"":""Point"",""coordinates"":[93.1103791989884,26.724879702555764]}"
4048,1.9264488229832512E-4,"{""geodesic"":false,""type"":""Point"",""coordinates"":[94.09852601151988,26.724879702555764]}"
4049,1.9486794919621825E-4,"{""geodesic"":false,""type"":""Point"",""coordinates"":[94.45785212516768,26.724879702555764]}"
4050,1.9717235665665065E-4,"{""geodesic"":false,""type"":""Point"",""coordinates"":[94.72734671040354,26.724879702555764]}"
4051,1.416921871663621E-4,"{""geodesic"":false,""type"":""Point"",""coordinates"":[69.57451875505694,26.814711230967717]}"
4052,1.3286945770753803E-4,"{""geodesic"":false,""type"":""Point"",""coordinates"":[70.11350792552865,26.814711230967717]}"
4053,1.34584615546507E-4,"{""geodesic"":false,""type"":""Point"",""coordinates"":[71.10165473806012,26.814711230967717]}"
4054,1.2556425812218424E-4,"{""geodesic"":false,""type"":""Point"",""coordinates"":[71.46098085170793,26.814711230967717]}"
4055,1.3703878986524645E-4,"{""geodesic"":false,""type"":""Point"",""coordinates"":[71.82030696535574,26.814711230967717]}"
4056,1.2902813285201498E-4,"{""geodesic"":false,""type"":""Point"",""coordinates"":[71.99997002217964,26.814711230967717]}"
4057,1.262976415060132E-4,"{""geodesic"":false,""type"":""Point"",""coordinates"":[72.17963307900355,26.814711230967717]}"
4058,1.3466046512480246E-4,"{""geodesic"":false,""type"":""Point"",""coordinates"":[72.35929613582745,26.814711230967717]}"
4059,1.2687622550356094E-4,"{""geodesic"":false,""type"":""Point"",""coordinates"":[72.71862224947526,26.814711230967717]}"
4060,1.3357184883803835E-4,"{""geodesic"":false,""type"":""Point"",""coordinates"":[73.16777989153502,26.814711230967717]}"
4061,1.3980486676617404E-4,"{""geodesic"":false,""type"":""Point"",""coordinates"":[73.25761141994698,26.814711230967717]}"
4062,1.3695369686033567E-4,"{""geodesic"":false,""type"":""Point"",""coordinates"":[73.52710600518283,26.814711230967717]}"
4063,1.4845138165428944E-4,"{""geodesic"":false,""type"":""Point"",""coordinates"":[73.70676906200674,26.814711230967717]}"
4064,1.3928192797998056E-4,"{""geodesic"":false,""type"":""Point"",""coordinates"":[74.60508434612626,26.814711230967717]}"
4065,1.3926240518265568E-4,"{""geodesic"":false,""type"":""Point"",""coordinates"":[75.23390504500992,26.814711230967717]}"
4066,1.4328527745127741E-4,"{""geodesic"":false,""type"":""Point"",""coordinates"":[75.50339963024578,26.814711230967717]}"
4067,1.7222465345233563E-4,"{""geodesic"":false,""type"":""Point"",""coordinates"":[75.95255727230554,26.814711230967717]}"
4068,1.724447906933094E-4,"{""geodesic"":false,""type"":""Point"",""coordinates"":[76.76104102801311,26.814711230967717]}"
4069,1.980094769061856E-4,"{""geodesic"":false,""type"":""Point"",""coordinates"":[78.4678400678402,26.814711230967717]}"
4070,1.976258734255522E-4,"{""geodesic"":false,""type"":""Point"",""coordinates"":[78.55767159625215,26.814711230967717]}"
4071,2.0203303540329055E-4,"{""geodesic"":false,""type"":""Point"",""coordinates"":[78.91699770989996,26.814711230967717]}"
4072,1.932881705267333E-4,"{""geodesic"":false,""type"":""Point"",""coordinates"":[79.81531299401948,26.814711230967717]}"
4073,2.0382397556490932E-4,"{""geodesic"":false,""type"":""Point"",""coordinates"":[80.26447063607924,26.814711230967717]}"
4074,2.130609153566928E-4,"{""geodesic"":false,""type"":""Point"",""coordinates"":[80.5339652213151,26.814711230967717]}"
4075,2.1399225070276083E-4,"{""geodesic"":false,""type"":""Point"",""coordinates"":[80.62379674972705,26.814711230967717]}"
4076,2.2198500059250923E-4,"{""geodesic"":false,""type"":""Point"",""coordinates"":[80.713628278139,26.814711230967717]}"
4077,2.2983767922286346E-4,"{""geodesic"":false,""type"":""Point"",""coordinates"":[81.25261744861072,26.814711230967717]}"
4078,2.264411129636197E-4,"{""geodesic"":false,""type"":""Point"",""coordinates"":[81.52211203384657,26.814711230967717]}"
4079,2.2529221473533564E-4,"{""geodesic"":false,""type"":""Point"",""coordinates"":[81.61194356225853,26.814711230967717]}"
4080,2.3736525664298108E-4,"{""geodesic"":false,""type"":""Point"",""coordinates"":[81.79160661908243,26.814711230967717]}"
4081,2.324116433869154E-4,"{""geodesic"":false,""type"":""Point"",""coordinates"":[82.51025884637805,26.814711230967717]}"
4082,2.3312346152915735E-4,"{""geodesic"":false,""type"":""Point"",""coordinates"":[83.85773177255733,26.814711230967717]}"
4083,2.3289921310668622E-4,"{""geodesic"":false,""type"":""Point"",""coordinates"":[84.6662155282649,26.814711230967717]}"
4084,1.538061308290248E-4,"{""geodesic"":false,""type"":""Point"",""coordinates"":[88.61880277839079,26.814711230967717]}"
4085,1.5373691374116278E-4,"{""geodesic"":false,""type"":""Point"",""coordinates"":[90.41543334662984,26.814711230967717]}"
4086,1.4375147149208508E-4,"{""geodesic"":false,""type"":""Point"",""coordinates"":[91.76290627280912,26.814711230967717]}"
4087,1.5631735626134876E-4,"{""geodesic"":false,""type"":""Point"",""coordinates"":[92.03240085804498,26.814711230967717]}"
4088,1.7849795401341927E-4,"{""geodesic"":false,""type"":""Point"",""coordinates"":[92.57139002851669,26.814711230967717]}"
4089,1.9363508171049883E-4,"{""geodesic"":false,""type"":""Point"",""coordinates"":[93.37987378422426,26.814711230967717]}"
4090,2.0875209049682207E-4,"{""geodesic"":false,""type"":""Point"",""coordinates"":[93.91886295469597,26.814711230967717]}"
4091,1.8357473290215223E-4,"{""geodesic"":false,""type"":""Point"",""coordinates"":[94.18835753993183,26.814711230967717]}"
4092,1.468672134226198E-4,"{""geodesic"":false,""type"":""Point"",""coordinates"":[70.11350792552865,26.90454275937967]}"
4093,1.3079376684163924E-4,"{""geodesic"":false,""type"":""Point"",""coordinates"":[72.35929613582745,26.90454275937967]}"
4094,1.2270593766907238E-4,"{""geodesic"":false,""type"":""Point"",""coordinates"":[72.53895919265136,26.90454275937967]}"
4095,1.4046705691579269E-4,"{""geodesic"":false,""type"":""Point"",""coordinates"":[73.07794836312307,26.90454275937967]}"
4096,1.3577202367551724E-4,"{""geodesic"":false,""type"":""Point"",""coordinates"":[73.25761141994698,26.90454275937967]}"
4097,1.3510509331358866E-4,"{""geodesic"":false,""type"":""Point"",""coordinates"":[73.79660059041869,26.90454275937967]}"
4098,1.4864357163707056E-4,"{""geodesic"":false,""type"":""Point"",""coordinates"":[75.05424198818602,26.90454275937967]}"
4099,1.4426650224348177E-4,"{""geodesic"":false,""type"":""Point"",""coordinates"":[75.32373657342187,26.90454275937967]}"
4100,1.621505707775796E-4,"{""geodesic"":false,""type"":""Point"",""coordinates"":[76.76104102801311,26.90454275937967]}"
4101,1.6570884817879213E-4,"{""geodesic"":false,""type"":""Point"",""coordinates"":[76.94070408483701,26.90454275937967]}"
4102,1.6778266996696887E-4,"{""geodesic"":false,""type"":""Point"",""coordinates"":[77.12036714166092,26.90454275937967]}"
4103,1.7063114195428673E-4,"{""geodesic"":false,""type"":""Point"",""coordinates"":[77.56952478372068,26.90454275937967]}"
4104,1.831894844381876E-4,"{""geodesic"":false,""type"":""Point"",""coordinates"":[77.74918784054458,26.90454275937967]}"
4105,1.8740285657398894E-4,"{""geodesic"":false,""type"":""Point"",""coordinates"":[77.83901936895654,26.90454275937967]}"
4106,2.0581672755244266E-4,"{""geodesic"":false,""type"":""Point"",""coordinates"":[79.00682923831191,26.90454275937967]}"
4107,2.1516342363786672E-4,"{""geodesic"":false,""type"":""Point"",""coordinates"":[79.63564993719558,26.90454275937967]}"
4108,2.0199239705936178E-4,"{""geodesic"":false,""type"":""Point"",""coordinates"":[79.99497605084339,26.90454275937967]}"
4109,2.1546100714203419E-4,"{""geodesic"":false,""type"":""Point"",""coordinates"":[80.3543021644912,26.90454275937967]}"
4110,2.2757941891743202E-4,"{""geodesic"":false,""type"":""Point"",""coordinates"":[81.34244897702267,26.90454275937967]}"
4111,2.2416046860776703E-4,"{""geodesic"":false,""type"":""Point"",""coordinates"":[82.24076426114219,26.90454275937967]}"
4112,2.3047231443645808E-4,"{""geodesic"":false,""type"":""Point"",""coordinates"":[82.51025884637805,26.90454275937967]}"
4113,2.3336146153305975E-4,"{""geodesic"":false,""type"":""Point"",""coordinates"":[82.95941648843781,26.90454275937967]}"
4114,2.3425216488313802E-4,"{""geodesic"":false,""type"":""Point"",""coordinates"":[83.13907954526171,26.90454275937967]}"
4115,2.3719139045217012E-4,"{""geodesic"":false,""type"":""Point"",""coordinates"":[83.85773177255733,26.90454275937967]}"
4116,1.4275213186874867E-4,"{""geodesic"":false,""type"":""Point"",""coordinates"":[88.70863430680275,26.90454275937967]}"
4117,1.6602923453193537E-4,"{""geodesic"":false,""type"":""Point"",""coordinates"":[92.75105308534059,26.90454275937967]}"
4118,1.5540906007682528E-4,"{""geodesic"":false,""type"":""Point"",""coordinates"":[93.29004225581231,26.90454275937967]}"
4119,1.7645113033321665E-4,"{""geodesic"":false,""type"":""Point"",""coordinates"":[93.91886295469597,26.90454275937967]}"
4120,1.7797783926643037E-4,"{""geodesic"":false,""type"":""Point"",""coordinates"":[94.45785212516768,26.90454275937967]}"
4121,1.1486838832600869E-4,"{""geodesic"":false,""type"":""Point"",""coordinates"":[95.62566199452306,26.90454275937967]}"
4122,1.5495229898254226E-4,"{""geodesic"":false,""type"":""Point"",""coordinates"":[69.75418181188084,26.99437428779162]}"
4123,1.4341891074896743E-4,"{""geodesic"":false,""type"":""Point"",""coordinates"":[69.84401334029279,26.99437428779162]}"
4124,1.3382155593246522E-4,"{""geodesic"":false,""type"":""Point"",""coordinates"":[70.38300251076451,26.99437428779162]}"
4125,1.2161391549442992E-4,"{""geodesic"":false,""type"":""Point"",""coordinates"":[71.01182320964817,26.99437428779162]}"
4126,1.3383904218649444E-4,"{""geodesic"":false,""type"":""Point"",""coordinates"":[73.61693753359478,26.99437428779162]}"
4127,1.3489547958582602E-4,"{""geodesic"":false,""type"":""Point"",""coordinates"":[73.79660059041869,26.99437428779162]}"
4128,1.4621174721099096E-4,"{""geodesic"":false,""type"":""Point"",""coordinates"":[73.88643211883064,26.99437428779162]}"
4129,1.3967756903349995E-4,"{""geodesic"":false,""type"":""Point"",""coordinates"":[74.24575823247845,26.99437428779162]}"
4130,1.390500972211154E-4,"{""geodesic"":false,""type"":""Point"",""coordinates"":[74.51525281771431,26.99437428779162]}"
4131,1.446164998670315E-4,"{""geodesic"":false,""type"":""Point"",""coordinates"":[75.32373657342187,26.99437428779162]}"
4132,1.4658111171370134E-4,"{""geodesic"":false,""type"":""Point"",""coordinates"":[75.41356810183383,26.99437428779162]}"
4133,1.5444506284695113E-4,"{""geodesic"":false,""type"":""Point"",""coordinates"":[76.67120949960116,26.99437428779162]}"
4134,1.629407715658469E-4,"{""geodesic"":false,""type"":""Point"",""coordinates"":[76.76104102801311,26.99437428779162]}"
4135,1.8121877111954604E-4,"{""geodesic"":false,""type"":""Point"",""coordinates"":[77.56952478372068,26.99437428779162]}"
4136,1.8004776696181499E-4,"{""geodesic"":false,""type"":""Point"",""coordinates"":[77.83901936895654,26.99437428779162]}"
4137,1.9852895008960333E-4,"{""geodesic"":false,""type"":""Point"",""coordinates"":[77.92885089736849,26.99437428779162]}"
4138,1.902421202969244E-4,"{""geodesic"":false,""type"":""Point"",""coordinates"":[78.19834548260434,26.99437428779162]}"
4139,2.0418816547714932E-4,"{""geodesic"":false,""type"":""Point"",""coordinates"":[78.2881770110163,26.99437428779162]}"
4140,1.9287404856980228E-4,"{""geodesic"":false,""type"":""Point"",""coordinates"":[78.37800853942825,26.99437428779162]}"
4141,1.98092990813741E-4,"{""geodesic"":false,""type"":""Point"",""coordinates"":[79.27632382354777,26.99437428779162]}"
4142,2.0031247873262956E-4,"{""geodesic"":false,""type"":""Point"",""coordinates"":[79.36615535195972,26.99437428779162]}"
4143,1.9798570919641069E-4,"{""geodesic"":false,""type"":""Point"",""coordinates"":[79.45598688037167,26.99437428779162]}"
4144,2.1147109937808106E-4,"{""geodesic"":false,""type"":""Point"",""coordinates"":[80.5339652213151,26.99437428779162]}"
4145,2.3622516913423852E-4,"{""geodesic"":false,""type"":""Point"",""coordinates"":[81.25261744861072,26.99437428779162]}"
4146,2.190246198160102E-4,"{""geodesic"":false,""type"":""Point"",""coordinates"":[81.43228050543462,26.99437428779162]}"
4147,2.0928721759057956E-4,"{""geodesic"":false,""type"":""Point"",""coordinates"":[81.88143814749438,26.99437428779162]}"
4148,2.2849493719665675E-4,"{""geodesic"":false,""type"":""Point"",""coordinates"":[82.24076426114219,26.99437428779162]}"
4149,2.3645453185264305E-4,"{""geodesic"":false,""type"":""Point"",""coordinates"":[82.4204273179661,26.99437428779162]}"
4150,2.355391064518887E-4,"{""geodesic"":false,""type"":""Point"",""coordinates"":[82.7797534316139,26.99437428779162]}"
4151,2.4816061825571326E-4,"{""geodesic"":false,""type"":""Point"",""coordinates"":[83.76790024414538,26.99437428779162]}"
4152,2.3933838256319964E-4,"{""geodesic"":false,""type"":""Point"",""coordinates"":[83.85773177255733,26.99437428779162]}"
4153,2.3900175303391783E-4,"{""geodesic"":false,""type"":""Point"",""coordinates"":[84.03739482938123,26.99437428779162]}"
4154,2.4280954282553807E-4,"{""geodesic"":false,""type"":""Point"",""coordinates"":[84.21705788620514,26.99437428779162]}"
4155,2.338053021278706E-4,"{""geodesic"":false,""type"":""Point"",""coordinates"":[84.39672094302904,26.99437428779162]}"
4156,2.3583044095105456E-4,"{""geodesic"":false,""type"":""Point"",""coordinates"":[84.57638399985295,26.99437428779162]}"
4157,1.8518904101929288E-4,"{""geodesic"":false,""type"":""Point"",""coordinates"":[94.54768365357964,26.99437428779162]}"
4158,1.7000420481580312E-4,"{""geodesic"":false,""type"":""Point"",""coordinates"":[95.26633588087525,26.99437428779162]}"
4159,1.4463899061491434E-4,"{""geodesic"":false,""type"":""Point"",""coordinates"":[69.93384486870475,27.08420581620357]}"
4160,1.2126174159504201E-4,"{""geodesic"":false,""type"":""Point"",""coordinates"":[70.47283403917646,27.08420581620357]}"
4161,1.3099795523283938E-4,"{""geodesic"":false,""type"":""Point"",""coordinates"":[70.74232862441231,27.08420581620357]}"
4162,1.3169692154559805E-4,"{""geodesic"":false,""type"":""Point"",""coordinates"":[71.91013849376769,27.08420581620357]}"
4163,1.29732744481545E-4,"{""geodesic"":false,""type"":""Point"",""coordinates"":[72.2694646074155,27.08420581620357]}"
4164,1.3711375659423576E-4,"{""geodesic"":false,""type"":""Point"",""coordinates"":[72.71862224947526,27.08420581620357]}"
4165,1.4026475079036057E-4,"{""geodesic"":false,""type"":""Point"",""coordinates"":[73.61693753359478,27.08420581620357]}"
4166,1.4392397618399086E-4,"{""geodesic"":false,""type"":""Point"",""coordinates"":[73.70676906200674,27.08420581620357]}"
4167,1.3882578633851194E-4,"{""geodesic"":false,""type"":""Point"",""coordinates"":[73.88643211883064,27.08420581620357]}"
4168,1.451396974639858E-4,"{""geodesic"":false,""type"":""Point"",""coordinates"":[74.1559267040665,27.08420581620357]}"
4169,1.4076469699485434E-4,"{""geodesic"":false,""type"":""Point"",""coordinates"":[74.3355897608904,27.08420581620357]}"
4170,1.381683056977627E-4,"{""geodesic"":false,""type"":""Point"",""coordinates"":[75.32373657342187,27.08420581620357]}"
4171,1.5678863538518312E-4,"{""geodesic"":false,""type"":""Point"",""coordinates"":[75.77289421548164,27.08420581620357]}"
4172,1.594239960212599E-4,"{""geodesic"":false,""type"":""Point"",""coordinates"":[76.2220518575414,27.08420581620357]}"
4173,1.9273914187298104E-4,"{""geodesic"":false,""type"":""Point"",""coordinates"":[78.6475031246641,27.08420581620357]}"
4174,2.136842559823781E-4,"{""geodesic"":false,""type"":""Point"",""coordinates"":[80.26447063607924,27.08420581620357]}"
4175,2.3961918089280965E-4,"{""geodesic"":false,""type"":""Point"",""coordinates"":[80.89329133496291,27.08420581620357]}"
4176,2.453882188157894E-4,"{""geodesic"":false,""type"":""Point"",""coordinates"":[81.16278592019876,27.08420581620357]}"
4177,2.135913783316088E-4,"{""geodesic"":false,""type"":""Point"",""coordinates"":[81.88143814749438,27.08420581620357]}"
4178,2.2280056101838078E-4,"{""geodesic"":false,""type"":""Point"",""coordinates"":[82.06110120431829,27.08420581620357]}"
4179,2.2625698443020777E-4,"{""geodesic"":false,""type"":""Point"",""coordinates"":[82.24076426114219,27.08420581620357]}"
4180,2.35062907679906E-4,"{""geodesic"":false,""type"":""Point"",""coordinates"":[82.68992190320195,27.08420581620357]}"
4181,2.3649621086177565E-4,"{""geodesic"":false,""type"":""Point"",""coordinates"":[82.86958496002586,27.08420581620357]}"
4182,2.2692986099992845E-4,"{""geodesic"":false,""type"":""Point"",""coordinates"":[83.13907954526171,27.08420581620357]}"
4183,2.4534409583755126E-4,"{""geodesic"":false,""type"":""Point"",""coordinates"":[83.31874260208562,27.08420581620357]}"
4184,2.374085513028132E-4,"{""geodesic"":false,""type"":""Point"",""coordinates"":[83.94756330096928,27.08420581620357]}"
4185,9.179265194784677E-5,"{""geodesic"":false,""type"":""Point"",""coordinates"":[88.07981360791908,27.08420581620357]}"
4186,1.2071354742677499E-4,"{""geodesic"":false,""type"":""Point"",""coordinates"":[88.25947666474299,27.08420581620357]}"
4187,1.2763277461016288E-4,"{""geodesic"":false,""type"":""Point"",""coordinates"":[88.52897124997884,27.08420581620357]}"
4188,1.817298032159612E-4,"{""geodesic"":false,""type"":""Point"",""coordinates"":[94.36802059675573,27.08420581620357]}"
4189,1.8472492507355892E-4,"{""geodesic"":false,""type"":""Point"",""coordinates"":[94.9968412956394,27.08420581620357]}"
4190,1.832800312818411E-4,"{""geodesic"":false,""type"":""Point"",""coordinates"":[95.08667282405135,27.08420581620357]}"
4191,1.8418128713786668E-4,"{""geodesic"":false,""type"":""Point"",""coordinates"":[95.26633588087525,27.08420581620357]}"
4192,1.2815587920296512E-4,"{""geodesic"":false,""type"":""Point"",""coordinates"":[95.89515657975892,27.08420581620357]}"
4193,1.391247226081993E-4,"{""geodesic"":false,""type"":""Point"",""coordinates"":[70.56266556758841,27.174037344615524]}"
4194,1.35220629553795E-4,"{""geodesic"":false,""type"":""Point"",""coordinates"":[72.17963307900355,27.174037344615524]}"
4195,1.2703585409595567E-4,"{""geodesic"":false,""type"":""Point"",""coordinates"":[72.35929613582745,27.174037344615524]}"
4196,1.409943631509265E-4,"{""geodesic"":false,""type"":""Point"",""coordinates"":[72.89828530629917,27.174037344615524]}"
4197,1.359546697335625E-4,"{""geodesic"":false,""type"":""Point"",""coordinates"":[73.07794836312307,27.174037344615524]}"
4198,1.4719276967658173E-4,"{""geodesic"":false,""type"":""Point"",""coordinates"":[74.69491587453821,27.174037344615524]}"
4199,1.4173616222675883E-4,"{""geodesic"":false,""type"":""Point"",""coordinates"":[75.32373657342187,27.174037344615524]}"
4200,1.343373881697708E-4,"{""geodesic"":false,""type"":""Point"",""coordinates"":[75.41356810183383,27.174037344615524]}"
4201,1.5438198644169781E-4,"{""geodesic"":false,""type"":""Point"",""coordinates"":[75.50339963024578,27.174037344615524]}"
4202,1.5836084700513635E-4,"{""geodesic"":false,""type"":""Point"",""coordinates"":[75.77289421548164,27.174037344615524]}"
4203,1.5864442953652467E-4,"{""geodesic"":false,""type"":""Point"",""coordinates"":[76.2220518575414,27.174037344615524]}"
4204,1.7934525998499908E-4,"{""geodesic"":false,""type"":""Point"",""coordinates"":[77.38986172689677,27.174037344615524]}"
4205,1.8812890445917064E-4,"{""geodesic"":false,""type"":""Point"",""coordinates"":[77.83901936895654,27.174037344615524]}"
4206,2.1926300560910083E-4,"{""geodesic"":false,""type"":""Point"",""coordinates"":[78.01868242578044,27.174037344615524]}"
4207,2.0156282825720243E-4,"{""geodesic"":false,""type"":""Point"",""coordinates"":[78.10851395419239,27.174037344615524]}"
4208,2.0340265295600124E-4,"{""geodesic"":false,""type"":""Point"",""coordinates"":[78.6475031246641,27.174037344615524]}"
4209,2.0305934887165778E-4,"{""geodesic"":false,""type"":""Point"",""coordinates"":[78.82716618148801,27.174037344615524]}"
4210,1.8889600918854812E-4,"{""geodesic"":false,""type"":""Point"",""coordinates"":[79.09666076672387,27.174037344615524]}"
4211,2.1455174680273654E-4,"{""geodesic"":false,""type"":""Point"",""coordinates"":[79.36615535195972,27.174037344615524]}"
4212,2.37748429644614E-4,"{""geodesic"":false,""type"":""Point"",""coordinates"":[80.80345980655096,27.174037344615524]}"
4213,2.3235319945984383E-4,"{""geodesic"":false,""type"":""Point"",""coordinates"":[81.70177509067048,27.174037344615524]}"
4214,2.2724741609433304E-4,"{""geodesic"":false,""type"":""Point"",""coordinates"":[82.24076426114219,27.174037344615524]}"
4215,2.27694473905903E-4,"{""geodesic"":false,""type"":""Point"",""coordinates"":[82.51025884637805,27.174037344615524]}"
4216,2.3818239340620386E-4,"{""geodesic"":false,""type"":""Point"",""coordinates"":[82.95941648843781,27.174037344615524]}"
4217,2.4177448077429876E-4,"{""geodesic"":false,""type"":""Point"",""coordinates"":[83.22891107367366,27.174037344615524]}"
4218,1.0060978370362383E-4,"{""geodesic"":false,""type"":""Point"",""coordinates"":[88.61880277839079,27.174037344615524]}"
4219,7.981961016691008E-5,"{""geodesic"":false,""type"":""Point"",""coordinates"":[88.7984658352147,27.174037344615524]}"
4220,1.6951253964853004E-4,"{""geodesic"":false,""type"":""Point"",""coordinates"":[94.00869448310792,27.174037344615524]}"
4221,1.873198721978111E-4,"{""geodesic"":false,""type"":""Point"",""coordinates"":[95.1765043524633,27.174037344615524]}"
4222,1.7557605937940709E-4,"{""geodesic"":false,""type"":""Point"",""coordinates"":[95.44599893769916,27.174037344615524]}"
4223,1.7023333652653325E-4,"{""geodesic"":false,""type"":""Point"",""coordinates"":[95.53583046611111,27.174037344615524]}"
4224,1.3938340415083569E-4,"{""geodesic"":false,""type"":""Point"",""coordinates"":[69.93384486870475,27.263868873027477]}"
4225,1.3249193150808902E-4,"{""geodesic"":false,""type"":""Point"",""coordinates"":[70.11350792552865,27.263868873027477]}"
4226,1.2730417046570835E-4,"{""geodesic"":false,""type"":""Point"",""coordinates"":[70.83216015282427,27.263868873027477]}"
4227,1.3480922731306516E-4,"{""geodesic"":false,""type"":""Point"",""coordinates"":[71.10165473806012,27.263868873027477]}"
4228,1.2084092993147785E-4,"{""geodesic"":false,""type"":""Point"",""coordinates"":[71.37114932329598,27.263868873027477]}"
4229,1.2657570015939715E-4,"{""geodesic"":false,""type"":""Point"",""coordinates"":[71.99997002217964,27.263868873027477]}"
4230,1.3852670188723375E-4,"{""geodesic"":false,""type"":""Point"",""coordinates"":[72.98811683471112,27.263868873027477]}"
4231,1.4166430456714535E-4,"{""geodesic"":false,""type"":""Point"",""coordinates"":[73.61693753359478,27.263868873027477]}"
4232,1.4485753611362493E-4,"{""geodesic"":false,""type"":""Point"",""coordinates"":[74.3355897608904,27.263868873027477]}"
4233,1.421124600169983E-4,"{""geodesic"":false,""type"":""Point"",""coordinates"":[75.50339963024578,27.263868873027477]}"
4234,1.4617128459331377E-4,"{""geodesic"":false,""type"":""Point"",""coordinates"":[76.04238880071749,27.263868873027477]}"
4235,1.7430916843905135E-4,"{""geodesic"":false,""type"":""Point"",""coordinates"":[77.38986172689677,27.263868873027477]}"
4236,1.9478741826358366E-4,"{""geodesic"":false,""type"":""Point"",""coordinates"":[77.92885089736849,27.263868873027477]}"
4237,1.982866799305954E-4,"{""geodesic"":false,""type"":""Point"",""coordinates"":[78.19834548260434,27.263868873027477]}"
4238,2.1543877149344273E-4,"{""geodesic"":false,""type"":""Point"",""coordinates"":[79.36615535195972,27.263868873027477]}"
4239,2.0411066947075726E-4,"{""geodesic"":false,""type"":""Point"",""coordinates"":[79.54581840878363,27.263868873027477]}"
4240,2.1371925118805074E-4,"{""geodesic"":false,""type"":""Point"",""coordinates"":[79.90514452243143,27.263868873027477]}"
4241,2.2329395566147994E-4,"{""geodesic"":false,""type"":""Point"",""coordinates"":[81.43228050543462,27.263868873027477]}"
4242,2.2429338226601263E-4,"{""geodesic"":false,""type"":""Point"",""coordinates"":[82.51025884637805,27.263868873027477]}"
4243,2.306039380323565E-4,"{""geodesic"":false,""type"":""Point"",""coordinates"":[83.94756330096928,27.263868873027477]}"
4244,8.900362166638738E-5,"{""geodesic"":false,""type"":""Point"",""coordinates"":[88.88829736362665,27.263868873027477]}"
4245,1.7532657978527118E-4,"{""geodesic"":false,""type"":""Point"",""coordinates"":[94.90700976722745,27.263868873027477]}"
4246,1.8205191303643083E-4,"{""geodesic"":false,""type"":""Point"",""coordinates"":[95.35616740928721,27.263868873027477]}"
4247,1.7767755573424543E-4,"{""geodesic"":false,""type"":""Point"",""coordinates"":[95.44599893769916,27.263868873027477]}"
4248,1.3004904045223333E-4,"{""geodesic"":false,""type"":""Point"",""coordinates"":[70.65249709600036,27.35370040143943]}"
4249,1.2964585585370814E-4,"{""geodesic"":false,""type"":""Point"",""coordinates"":[70.83216015282427,27.35370040143943]}"
4250,1.2500814882569427E-4,"{""geodesic"":false,""type"":""Point"",""coordinates"":[70.92199168123622,27.35370040143943]}"
4251,1.1802005414620783E-4,"{""geodesic"":false,""type"":""Point"",""coordinates"":[71.99997002217964,27.35370040143943]}"
4252,1.3190393355061472E-4,"{""geodesic"":false,""type"":""Point"",""coordinates"":[72.44912766423941,27.35370040143943]}"
4253,1.3719203681979343E-4,"{""geodesic"":false,""type"":""Point"",""coordinates"":[73.25761141994698,27.35370040143943]}"
4254,1.459570167507802E-4,"{""geodesic"":false,""type"":""Point"",""coordinates"":[74.3355897608904,27.35370040143943]}"
4255,1.6849133470220974E-4,"{""geodesic"":false,""type"":""Point"",""coordinates"":[75.95255727230554,27.35370040143943]}"
4256,1.7427799450738885E-4,"{""geodesic"":false,""type"":""Point"",""coordinates"":[76.49154644277725,27.35370040143943]}"
4257,1.6621285400540228E-4,"{""geodesic"":false,""type"":""Point"",""coordinates"":[76.85087255642506,27.35370040143943]}"
4258,1.6992254194763003E-4,"{""geodesic"":false,""type"":""Point"",""coordinates"":[77.03053561324897,27.35370040143943]}"
4259,1.8150860501938882E-4,"{""geodesic"":false,""type"":""Point"",""coordinates"":[77.65935631213263,27.35370040143943]}"
4260,1.936388424133869E-4,"{""geodesic"":false,""type"":""Point"",""coordinates"":[78.82716618148801,27.35370040143943]}"
4261,2.011267663166959E-4,"{""geodesic"":false,""type"":""Point"",""coordinates"":[79.18649229513582,27.35370040143943]}"
4262,2.109043926791627E-4,"{""geodesic"":false,""type"":""Point"",""coordinates"":[79.54581840878363,27.35370040143943]}"
4263,2.0581480678573473E-4,"{""geodesic"":false,""type"":""Point"",""coordinates"":[80.3543021644912,27.35370040143943]}"
4264,2.2766928916468932E-4,"{""geodesic"":false,""type"":""Point"",""coordinates"":[80.44413369290315,27.35370040143943]}"
4265,2.2333638483959038E-4,"{""geodesic"":false,""type"":""Point"",""coordinates"":[80.89329133496291,27.35370040143943]}"
4266,2.2608833880441835E-4,"{""geodesic"":false,""type"":""Point"",""coordinates"":[80.98312286337486,27.35370040143943]}"
4267,2.3752946783622413E-4,"{""geodesic"":false,""type"":""Point"",""coordinates"":[82.51025884637805,27.35370040143943]}"
4268,2.406995178564901E-4,"{""geodesic"":false,""type"":""Point"",""coordinates"":[82.7797534316139,27.35370040143943]}"
4269,2.3752129229719332E-4,"{""geodesic"":false,""type"":""Point"",""coordinates"":[83.22891107367366,27.35370040143943]}"
4270,2.17656715812471E-4,"{""geodesic"":false,""type"":""Point"",""coordinates"":[83.85773177255733,27.35370040143943]}"
4271,2.307091777870711E-4,"{""geodesic"":false,""type"":""Point"",""coordinates"":[83.94756330096928,27.35370040143943]}"
4272,2.1744205861198547E-4,"{""geodesic"":false,""type"":""Point"",""coordinates"":[84.39672094302904,27.35370040143943]}"
4273,6.032291118805572E-5,"{""geodesic"":false,""type"":""Point"",""coordinates"":[88.61880277839079,27.35370040143943]}"
4274,1.8058510896775494E-4,"{""geodesic"":false,""type"":""Point"",""coordinates"":[94.27818906834378,27.35370040143943]}"
4275,1.8248600728933687E-4,"{""geodesic"":false,""type"":""Point"",""coordinates"":[94.36802059675573,27.35370040143943]}"
4276,1.9152154545660287E-4,"{""geodesic"":false,""type"":""Point"",""coordinates"":[95.35616740928721,27.35370040143943]}"
4277,1.4588874010965227E-4,"{""geodesic"":false,""type"":""Point"",""coordinates"":[96.16465116499478,27.35370040143943]}"
4278,7.882026725324697E-5,"{""geodesic"":false,""type"":""Point"",""coordinates"":[96.88330339229039,27.35370040143943]}"
4279,1.245665505732288E-4,"{""geodesic"":false,""type"":""Point"",""coordinates"":[70.92199168123622,27.443531929851382]}"
4280,1.2405133418463084E-4,"{""geodesic"":false,""type"":""Point"",""coordinates"":[71.19148626647208,27.443531929851382]}"
4281,1.3456121378470592E-4,"{""geodesic"":false,""type"":""Point"",""coordinates"":[71.82030696535574,27.443531929851382]}"
4282,1.2962985103707813E-4,"{""geodesic"":false,""type"":""Point"",""coordinates"":[72.0898015505916,27.443531929851382]}"
4283,1.3185082830880399E-4,"{""geodesic"":false,""type"":""Point"",""coordinates"":[73.52710600518283,27.443531929851382]}"
4284,1.4231601379151995E-4,"{""geodesic"":false,""type"":""Point"",""coordinates"":[73.79660059041869,27.443531929851382]}"
4285,1.360199872248915E-4,"{""geodesic"":false,""type"":""Point"",""coordinates"":[73.88643211883064,27.443531929851382]}"
4286,1.4312798224559424E-4,"{""geodesic"":false,""type"":""Point"",""coordinates"":[74.06609517565454,27.443531929851382]}"
4287,1.3274459771695952E-4,"{""geodesic"":false,""type"":""Point"",""coordinates"":[74.51525281771431,27.443531929851382]}"
4288,1.5404014497034176E-4,"{""geodesic"":false,""type"":""Point"",""coordinates"":[74.78474740295016,27.443531929851382]}"
4289,1.4115536728858752E-4,"{""geodesic"":false,""type"":""Point"",""coordinates"":[75.32373657342187,27.443531929851382]}"
4290,1.4253226283870066E-4,"{""geodesic"":false,""type"":""Point"",""coordinates"":[76.13222032912944,27.443531929851382]}"
4291,1.6196927645556813E-4,"{""geodesic"":false,""type"":""Point"",""coordinates"":[76.5813779711892,27.443531929851382]}"
4292,1.9989402446596622E-4,"{""geodesic"":false,""type"":""Point"",""coordinates"":[77.74918784054458,27.443531929851382]}"
4293,2.0463396594820843E-4,"{""geodesic"":false,""type"":""Point"",""coordinates"":[78.19834548260434,27.443531929851382]}"
4294,2.0864046281590025E-4,"{""geodesic"":false,""type"":""Point"",""coordinates"":[78.6475031246641,27.443531929851382]}"
4295,2.1217533729156154E-4,"{""geodesic"":false,""type"":""Point"",""coordinates"":[79.27632382354777,27.443531929851382]}"
4296,2.17483408390728E-4,"{""geodesic"":false,""type"":""Point"",""coordinates"":[79.90514452243143,27.443531929851382]}"
4297,2.1306914705167897E-4,"{""geodesic"":false,""type"":""Point"",""coordinates"":[80.17463910766729,27.443531929851382]}"
4298,2.1704478696088793E-4,"{""geodesic"":false,""type"":""Point"",""coordinates"":[80.5339652213151,27.443531929851382]}"
4299,2.3547767781735495E-4,"{""geodesic"":false,""type"":""Point"",""coordinates"":[80.80345980655096,27.443531929851382]}"
4300,2.229319748411098E-4,"{""geodesic"":false,""type"":""Point"",""coordinates"":[81.07295439178681,27.443531929851382]}"
4301,2.2272702618003992E-4,"{""geodesic"":false,""type"":""Point"",""coordinates"":[81.16278592019876,27.443531929851382]}"
4302,2.1322285314720102E-4,"{""geodesic"":false,""type"":""Point"",""coordinates"":[81.79160661908243,27.443531929851382]}"
4303,2.4352738643771424E-4,"{""geodesic"":false,""type"":""Point"",""coordinates"":[82.06110120431829,27.443531929851382]}"
4304,2.289782750287494E-4,"{""geodesic"":false,""type"":""Point"",""coordinates"":[83.04924801684976,27.443531929851382]}"
4305,2.2812378685869858E-4,"{""geodesic"":false,""type"":""Point"",""coordinates"":[83.13907954526171,27.443531929851382]}"
4306,1.0636815048981388E-4,"{""geodesic"":false,""type"":""Point"",""coordinates"":[88.52897124997884,27.443531929851382]}"
4307,1.5023155665411434E-4,"{""geodesic"":false,""type"":""Point"",""coordinates"":[94.18835753993183,27.443531929851382]}"
4308,1.6474965961058222E-4,"{""geodesic"":false,""type"":""Point"",""coordinates"":[94.36802059675573,27.443531929851382]}"
4309,1.6718461965096627E-4,"{""geodesic"":false,""type"":""Point"",""coordinates"":[94.45785212516768,27.443531929851382]}"
4310,2.055498144373727E-4,"{""geodesic"":false,""type"":""Point"",""coordinates"":[95.89515657975892,27.443531929851382]}"
4311,1.8437038190990005E-4,"{""geodesic"":false,""type"":""Point"",""coordinates"":[95.98498810817087,27.443531929851382]}"
4312,1.1760000849514512E-4,"{""geodesic"":false,""type"":""Point"",""coordinates"":[96.43414575023063,27.443531929851382]}"
4313,6.515029997461151E-5,"{""geodesic"":false,""type"":""Point"",""coordinates"":[96.79347186387844,27.443531929851382]}"
4314,6.129107272407563E-5,"{""geodesic"":false,""type"":""Point"",""coordinates"":[96.88330339229039,27.443531929851382]}"
4315,1.3328294471799811E-4,"{""geodesic"":false,""type"":""Point"",""coordinates"":[70.38300251076451,27.533363458263334]}"
4316,1.3625912498989553E-4,"{""geodesic"":false,""type"":""Point"",""coordinates"":[71.82030696535574,27.533363458263334]}"
4317,1.303789766532019E-4,"{""geodesic"":false,""type"":""Point"",""coordinates"":[72.0898015505916,27.533363458263334]}"
4318,1.2710169336733172E-4,"{""geodesic"":false,""type"":""Point"",""coordinates"":[72.53895919265136,27.533363458263334]}"
4319,1.2754563788805245E-4,"{""geodesic"":false,""type"":""Point"",""coordinates"":[72.89828530629917,27.533363458263334]}"
4320,1.316630033736986E-4,"{""geodesic"":false,""type"":""Point"",""coordinates"":[73.07794836312307,27.533363458263334]}"
4321,1.375913851828317E-4,"{""geodesic"":false,""type"":""Point"",""coordinates"":[73.70676906200674,27.533363458263334]}"
4322,1.4126533130867338E-4,"{""geodesic"":false,""type"":""Point"",""coordinates"":[75.23390504500992,27.533363458263334]}"
4323,1.4610893798011918E-4,"{""geodesic"":false,""type"":""Point"",""coordinates"":[75.59323115865773,27.533363458263334]}"
4324,1.4133131841579305E-4,"{""geodesic"":false,""type"":""Point"",""coordinates"":[75.68306268706968,27.533363458263334]}"
4325,1.5777105655422085E-4,"{""geodesic"":false,""type"":""Point"",""coordinates"":[76.13222032912944,27.533363458263334]}"
4326,1.5573641486491124E-4,"{""geodesic"":false,""type"":""Point"",""coordinates"":[76.2220518575414,27.533363458263334]}"
4327,1.663346993028232E-4,"{""geodesic"":false,""type"":""Point"",""coordinates"":[76.49154644277725,27.533363458263334]}"
4328,1.9768101887885758E-4,"{""geodesic"":false,""type"":""Point"",""coordinates"":[77.83901936895654,27.533363458263334]}"
4329,2.0446066530742222E-4,"{""geodesic"":false,""type"":""Point"",""coordinates"":[78.10851395419239,27.533363458263334]}"
4330,2.12431058015003E-4,"{""geodesic"":false,""type"":""Point"",""coordinates"":[78.6475031246641,27.533363458263334]}"
4331,2.0809153945021788E-4,"{""geodesic"":false,""type"":""Point"",""coordinates"":[79.45598688037167,27.533363458263334]}"
4332,2.1261600256300314E-4,"{""geodesic"":false,""type"":""Point"",""coordinates"":[80.3543021644912,27.533363458263334]}"
4333,2.2907305765815656E-4,"{""geodesic"":false,""type"":""Point"",""coordinates"":[80.5339652213151,27.533363458263334]}"
4334,2.364268825524183E-4,"{""geodesic"":false,""type"":""Point"",""coordinates"":[80.713628278139,27.533363458263334]}"
4335,2.1859719532006568E-4,"{""geodesic"":false,""type"":""Point"",""coordinates"":[81.70177509067048,27.533363458263334]}"
4336,2.2404832010569824E-4,"{""geodesic"":false,""type"":""Point"",""coordinates"":[81.97126967590633,27.533363458263334]}"
4337,2.2764674060310428E-4,"{""geodesic"":false,""type"":""Point"",""coordinates"":[82.06110120431829,27.533363458263334]}"
4338,2.2555458481342058E-4,"{""geodesic"":false,""type"":""Point"",""coordinates"":[82.15093273273024,27.533363458263334]}"
4339,2.3233373636962707E-4,"{""geodesic"":false,""type"":""Point"",""coordinates"":[82.68992190320195,27.533363458263334]}"
4340,4.836911419441353E-5,"{""geodesic"":false,""type"":""Point"",""coordinates"":[88.25947666474299,27.533363458263334]}"
4341,1.5973763569386898E-4,"{""geodesic"":false,""type"":""Point"",""coordinates"":[94.45785212516768,27.533363458263334]}"
4342,1.8038647540318057E-4,"{""geodesic"":false,""type"":""Point"",""coordinates"":[94.90700976722745,27.533363458263334]}"
4343,1.246579743341395E-4,"{""geodesic"":false,""type"":""Point"",""coordinates"":[70.47283403917646,27.623194986675284]}"
4344,1.3203407720372665E-4,"{""geodesic"":false,""type"":""Point"",""coordinates"":[70.56266556758841,27.623194986675284]}"
4345,1.2904750308263775E-4,"{""geodesic"":false,""type"":""Point"",""coordinates"":[70.92199168123622,27.623194986675284]}"
4346,1.3431844818158212E-4,"{""geodesic"":false,""type"":""Point"",""coordinates"":[71.73047543694379,27.623194986675284]}"
4347,1.2829850113366692E-4,"{""geodesic"":false,""type"":""Point"",""coordinates"":[71.91013849376769,27.623194986675284]}"
4348,1.2711402504740288E-4,"{""geodesic"":false,""type"":""Point"",""coordinates"":[72.35929613582745,27.623194986675284]}"
4349,1.2500969518638224E-4,"{""geodesic"":false,""type"":""Point"",""coordinates"":[72.62879072106331,27.623194986675284]}"
4350,1.3450344118051154E-4,"{""geodesic"":false,""type"":""Point"",""coordinates"":[73.61693753359478,27.623194986675284]}"
4351,1.3411753927927575E-4,"{""geodesic"":false,""type"":""Point"",""coordinates"":[73.88643211883064,27.623194986675284]}"
4352,1.3892187340394364E-4,"{""geodesic"":false,""type"":""Point"",""coordinates"":[73.97626364724259,27.623194986675284]}"
4353,1.5043139763385184E-4,"{""geodesic"":false,""type"":""Point"",""coordinates"":[74.87457893136211,27.623194986675284]}"
4354,1.4328520423239504E-4,"{""geodesic"":false,""type"":""Point"",""coordinates"":[75.05424198818602,27.623194986675284]}"
4355,1.3828090552266313E-4,"{""geodesic"":false,""type"":""Point"",""coordinates"":[75.23390504500992,27.623194986675284]}"
4356,1.466468591787303E-4,"{""geodesic"":false,""type"":""Point"",""coordinates"":[75.86272574389359,27.623194986675284]}"
4357,1.5714140696198984E-4,"{""geodesic"":false,""type"":""Point"",""coordinates"":[76.04238880071749,27.623194986675284]}"
4358,1.6455456039526459E-4,"{""geodesic"":false,""type"":""Point"",""coordinates"":[76.94070408483701,27.623194986675284]}"
4359,1.8314174253720092E-4,"{""geodesic"":false,""type"":""Point"",""coordinates"":[77.38986172689677,27.623194986675284]}"
4360,1.8440071572983286E-4,"{""geodesic"":false,""type"":""Point"",""coordinates"":[77.47969325530873,27.623194986675284]}"
4361,2.010754060224118E-4,"{""geodesic"":false,""type"":""Point"",""coordinates"":[77.92885089736849,27.623194986675284]}"
4362,2.1192811842155382E-4,"{""geodesic"":false,""type"":""Point"",""coordinates"":[78.10851395419239,27.623194986675284]}"
4363,2.1720931853543083E-4,"{""geodesic"":false,""type"":""Point"",""coordinates"":[78.82716618148801,27.623194986675284]}"
4364,2.1642389936300577E-4,"{""geodesic"":false,""type"":""Point"",""coordinates"":[79.36615535195972,27.623194986675284]}"
4365,2.146555396151388E-4,"{""geodesic"":false,""type"":""Point"",""coordinates"":[79.45598688037167,27.623194986675284]}"
4366,2.1113583774053383E-4,"{""geodesic"":false,""type"":""Point"",""coordinates"":[80.08480757925534,27.623194986675284]}"
4367,2.2823806340453983E-4,"{""geodesic"":false,""type"":""Point"",""coordinates"":[80.3543021644912,27.623194986675284]}"
4368,2.1978425561997126E-4,"{""geodesic"":false,""type"":""Point"",""coordinates"":[80.62379674972705,27.623194986675284]}"
4369,2.2948514270192352E-4,"{""geodesic"":false,""type"":""Point"",""coordinates"":[81.43228050543462,27.623194986675284]}"
4370,2.153345571872467E-4,"{""geodesic"":false,""type"":""Point"",""coordinates"":[81.70177509067048,27.623194986675284]}"
4371,2.225546580052391E-4,"{""geodesic"":false,""type"":""Point"",""coordinates"":[81.88143814749438,27.623194986675284]}"
4372,2.2259173789294183E-4,"{""geodesic"":false,""type"":""Point"",""coordinates"":[82.06110120431829,27.623194986675284]}"
4373,2.1877564247012635E-4,"{""geodesic"":false,""type"":""Point"",""coordinates"":[82.60009037479,27.623194986675284]}"
4374,5.0191793174927296E-5,"{""geodesic"":false,""type"":""Point"",""coordinates"":[88.34930819315494,27.623194986675284]}"
4375,1.7846614416510792E-4,"{""geodesic"":false,""type"":""Point"",""coordinates"":[95.53583046611111,27.623194986675284]}"
4376,1.6260565328961706E-4,"{""geodesic"":false,""type"":""Point"",""coordinates"":[96.07481963658282,27.623194986675284]}"
4377,1.5512109302541206E-4,"{""geodesic"":false,""type"":""Point"",""coordinates"":[96.16465116499478,27.623194986675284]}"
4378,1.4397106654547828E-4,"{""geodesic"":false,""type"":""Point"",""coordinates"":[96.34431422181868,27.623194986675284]}"
4379,1.4105145462219083E-4,"{""geodesic"":false,""type"":""Point"",""coordinates"":[70.2033394539406,27.713026515087236]}"
4380,1.3632101229641422E-4,"{""geodesic"":false,""type"":""Point"",""coordinates"":[70.38300251076451,27.713026515087236]}"
4381,1.2790002348745018E-4,"{""geodesic"":false,""type"":""Point"",""coordinates"":[71.28131779488403,27.713026515087236]}"
4382,1.2490475292163079E-4,"{""geodesic"":false,""type"":""Point"",""coordinates"":[72.62879072106331,27.713026515087236]}"
4383,1.3437809753344846E-4,"{""geodesic"":false,""type"":""Point"",""coordinates"":[73.61693753359478,27.713026515087236]}"
4384,1.4560232908026534E-4,"{""geodesic"":false,""type"":""Point"",""coordinates"":[73.70676906200674,27.713026515087236]}"
4385,1.4361695322021508E-4,"{""geodesic"":false,""type"":""Point"",""coordinates"":[73.97626364724259,27.713026515087236]}"
4386,1.350198110528461E-4,"{""geodesic"":false,""type"":""Point"",""coordinates"":[74.06609517565454,27.713026515087236]}"
4387,1.3851138864986803E-4,"{""geodesic"":false,""type"":""Point"",""coordinates"":[74.87457893136211,27.713026515087236]}"
4388,1.3927673560184688E-4,"{""geodesic"":false,""type"":""Point"",""coordinates"":[75.50339963024578,27.713026515087236]}"
4389,1.4517588752110014E-4,"{""geodesic"":false,""type"":""Point"",""coordinates"":[75.59323115865773,27.713026515087236]}"
4390,1.4305641459042934E-4,"{""geodesic"":false,""type"":""Point"",""coordinates"":[75.86272574389359,27.713026515087236]}"
4391,1.4918668929634655E-4,"{""geodesic"":false,""type"":""Point"",""coordinates"":[76.13222032912944,27.713026515087236]}"
4392,1.5210470441928228E-4,"{""geodesic"":false,""type"":""Point"",""coordinates"":[76.2220518575414,27.713026515087236]}"
4393,1.604307123568832E-4,"{""geodesic"":false,""type"":""Point"",""coordinates"":[77.03053561324897,27.713026515087236]}"
4394,2.2548084892537432E-4,"{""geodesic"":false,""type"":""Point"",""coordinates"":[78.55767159625215,27.713026515087236]}"
4395,2.1462769078145282E-4,"{""geodesic"":false,""type"":""Point"",""coordinates"":[80.17463910766729,27.713026515087236]}"
4396,2.2565212510421062E-4,"{""geodesic"":false,""type"":""Point"",""coordinates"":[80.5339652213151,27.713026515087236]}"
4397,2.3510117300756927E-4,"{""geodesic"":false,""type"":""Point"",""coordinates"":[80.80345980655096,27.713026515087236]}"
4398,2.313219256728656E-4,"{""geodesic"":false,""type"":""Point"",""coordinates"":[81.34244897702267,27.713026515087236]}"
4399,2.3437568280079265E-4,"{""geodesic"":false,""type"":""Point"",""coordinates"":[81.52211203384657,27.713026515087236]}"
4400,2.1199924436639432E-4,"{""geodesic"":false,""type"":""Point"",""coordinates"":[82.24076426114219,27.713026515087236]}"
4401,4.8975242306301784E-5,"{""geodesic"":false,""type"":""Point"",""coordinates"":[88.61880277839079,27.713026515087236]}"
4402,4.934518824963828E-5,"{""geodesic"":false,""type"":""Point"",""coordinates"":[88.70863430680275,27.713026515087236]}"
4403,4.727514021712641E-5,"{""geodesic"":false,""type"":""Point"",""coordinates"":[88.7984658352147,27.713026515087236]}"
4404,1.5368999661272034E-4,"{""geodesic"":false,""type"":""Point"",""coordinates"":[95.715493522935,27.713026515087236]}"
4405,8.976520351493145E-5,"{""geodesic"":false,""type"":""Point"",""coordinates"":[96.52397727864258,27.713026515087236]}"
4406,5.892298540141197E-5,"{""geodesic"":false,""type"":""Point"",""coordinates"":[96.88330339229039,27.713026515087236]}"
4407,1.34866110951821E-4,"{""geodesic"":false,""type"":""Point"",""coordinates"":[70.65249709600036,27.80285804349919]}"
4408,1.3156795329442422E-4,"{""geodesic"":false,""type"":""Point"",""coordinates"":[71.19148626647208,27.80285804349919]}"
4409,1.3199228762410898E-4,"{""geodesic"":false,""type"":""Point"",""coordinates"":[71.73047543694379,27.80285804349919]}"
4410,1.2163871459620174E-4,"{""geodesic"":false,""type"":""Point"",""coordinates"":[71.91013849376769,27.80285804349919]}"
4411,1.2828017991843525E-4,"{""geodesic"":false,""type"":""Point"",""coordinates"":[71.99997002217964,27.80285804349919]}"
4412,1.4291145663548977E-4,"{""geodesic"":false,""type"":""Point"",""coordinates"":[74.06609517565454,27.80285804349919]}"
4413,1.4190011872364746E-4,"{""geodesic"":false,""type"":""Point"",""coordinates"":[74.24575823247845,27.80285804349919]}"
4414,1.4759421216671125E-4,"{""geodesic"":false,""type"":""Point"",""coordinates"":[74.42542128930235,27.80285804349919]}"
4415,1.456727934429979E-4,"{""geodesic"":false,""type"":""Point"",""coordinates"":[74.69491587453821,27.80285804349919]}"
4416,1.5160148457415726E-4,"{""geodesic"":false,""type"":""Point"",""coordinates"":[75.32373657342187,27.80285804349919]}"
4417,1.412232739915952E-4,"{""geodesic"":false,""type"":""Point"",""coordinates"":[75.50339963024578,27.80285804349919]}"
4418,1.416401453152034E-4,"{""geodesic"":false,""type"":""Point"",""coordinates"":[76.13222032912944,27.80285804349919]}"
4419,1.467558258390272E-4,"{""geodesic"":false,""type"":""Point"",""coordinates"":[76.2220518575414,27.80285804349919]}"
4420,1.7315187570571752E-4,"{""geodesic"":false,""type"":""Point"",""coordinates"":[76.85087255642506,27.80285804349919]}"
4421,1.8723128199686393E-4,"{""geodesic"":false,""type"":""Point"",""coordinates"":[76.94070408483701,27.80285804349919]}"
4422,2.0292844897969197E-4,"{""geodesic"":false,""type"":""Point"",""coordinates"":[77.74918784054458,27.80285804349919]}"
4423,2.23857623009745E-4,"{""geodesic"":false,""type"":""Point"",""coordinates"":[78.19834548260434,27.80285804349919]}"
4424,2.2962147238326063E-4,"{""geodesic"":false,""type"":""Point"",""coordinates"":[78.82716618148801,27.80285804349919]}"
4425,2.1711703977118303E-4,"{""geodesic"":false,""type"":""Point"",""coordinates"":[79.18649229513582,27.80285804349919]}"
4426,2.1650941961256674E-4,"{""geodesic"":false,""type"":""Point"",""coordinates"":[79.54581840878363,27.80285804349919]}"
4427,2.2752209373157593E-4,"{""geodesic"":false,""type"":""Point"",""coordinates"":[79.90514452243143,27.80285804349919]}"
4428,2.283905378933017E-4,"{""geodesic"":false,""type"":""Point"",""coordinates"":[80.713628278139,27.80285804349919]}"
4429,2.329407561834247E-4,"{""geodesic"":false,""type"":""Point"",""coordinates"":[80.89329133496291,27.80285804349919]}"
4430,2.3219632981179644E-4,"{""geodesic"":false,""type"":""Point"",""coordinates"":[81.07295439178681,27.80285804349919]}"
4431,2.2748248883411966E-4,"{""geodesic"":false,""type"":""Point"",""coordinates"":[81.61194356225853,27.80285804349919]}"
4432,1.507609851859162E-4,"{""geodesic"":false,""type"":""Point"",""coordinates"":[95.98498810817087,27.80285804349919]}"
4433,1.1437018239276928E-4,"{""geodesic"":false,""type"":""Point"",""coordinates"":[96.52397727864258,27.80285804349919]}"
4434,7.223296754867854E-5,"{""geodesic"":false,""type"":""Point"",""coordinates"":[96.79347186387844,27.80285804349919]}"
4435,1.3362049053333746E-4,"{""geodesic"":false,""type"":""Point"",""coordinates"":[71.99997002217964,27.89268957191114]}"
4436,1.4151516305160365E-4,"{""geodesic"":false,""type"":""Point"",""coordinates"":[72.17963307900355,27.89268957191114]}"
4437,1.327129391370839E-4,"{""geodesic"":false,""type"":""Point"",""coordinates"":[72.80845377788721,27.89268957191114]}"
4438,1.3939461881901628E-4,"{""geodesic"":false,""type"":""Point"",""coordinates"":[73.25761141994698,27.89268957191114]}"
4439,1.312276932115252E-4,"{""geodesic"":false,""type"":""Point"",""coordinates"":[73.34744294835893,27.89268957191114]}"
4440,1.2540532950794974E-4,"{""geodesic"":false,""type"":""Point"",""coordinates"":[73.52710600518283,27.89268957191114]}"
4441,1.3355111695327748E-4,"{""geodesic"":false,""type"":""Point"",""coordinates"":[73.79660059041869,27.89268957191114]}"
4442,1.3509934692966985E-4,"{""geodesic"":false,""type"":""Point"",""coordinates"":[73.88643211883064,27.89268957191114]}"
4443,1.4345619515534794E-4,"{""geodesic"":false,""type"":""Point"",""coordinates"":[75.32373657342187,27.89268957191114]}"
4444,1.5154497449757306E-4,"{""geodesic"":false,""type"":""Point"",""coordinates"":[76.04238880071749,27.89268957191114]}"
4445,1.626341366895565E-4,"{""geodesic"":false,""type"":""Point"",""coordinates"":[76.2220518575414,27.89268957191114]}"
4446,1.7357738145290592E-4,"{""geodesic"":false,""type"":""Point"",""coordinates"":[76.85087255642506,27.89268957191114]}"
4447,1.841244550496234E-4,"{""geodesic"":false,""type"":""Point"",""coordinates"":[77.30003019848482,27.89268957191114]}"
4448,2.0064306430358128E-4,"{""geodesic"":false,""type"":""Point"",""coordinates"":[77.74918784054458,27.89268957191114]}"
4449,1.992529883287095E-4,"{""geodesic"":false,""type"":""Point"",""coordinates"":[77.83901936895654,27.89268957191114]}"
4450,2.1442462220019304E-4,"{""geodesic"":false,""type"":""Point"",""coordinates"":[78.55767159625215,27.89268957191114]}"
4451,2.1120348872371496E-4,"{""geodesic"":false,""type"":""Point"",""coordinates"":[78.91699770989996,27.89268957191114]}"
4452,2.2133150128579804E-4,"{""geodesic"":false,""type"":""Point"",""coordinates"":[79.00682923831191,27.89268957191114]}"
4453,2.2306231943751114E-4,"{""geodesic"":false,""type"":""Point"",""coordinates"":[79.63564993719558,27.89268957191114]}"
4454,2.1868112809873025E-4,"{""geodesic"":false,""type"":""Point"",""coordinates"":[79.81531299401948,27.89268957191114]}"
4455,2.2888668139102434E-4,"{""geodesic"":false,""type"":""Point"",""coordinates"":[80.80345980655096,27.89268957191114]}"
4456,2.150011769340801E-4,"{""geodesic"":false,""type"":""Point"",""coordinates"":[81.25261744861072,27.89268957191114]}"
4457,2.1566681242594614E-4,"{""geodesic"":false,""type"":""Point"",""coordinates"":[81.34244897702267,27.89268957191114]}"
4458,1.5103427072841487E-4,"{""geodesic"":false,""type"":""Point"",""coordinates"":[95.35616740928721,27.89268957191114]}"
4459,1.3340241089136157E-4,"{""geodesic"":false,""type"":""Point"",""coordinates"":[96.07481963658282,27.89268957191114]}"
4460,1.380850598702748E-4,"{""geodesic"":false,""type"":""Point"",""coordinates"":[72.0898015505916,27.982521100323094]}"
4461,1.2415030994741827E-4,"{""geodesic"":false,""type"":""Point"",""coordinates"":[72.53895919265136,27.982521100323094]}"
4462,1.185056904467996E-4,"{""geodesic"":false,""type"":""Point"",""coordinates"":[72.62879072106331,27.982521100323094]}"
4463,1.5107715883994817E-4,"{""geodesic"":false,""type"":""Point"",""coordinates"":[74.3355897608904,27.982521100323094]}"
4464,1.4370880841049673E-4,"{""geodesic"":false,""type"":""Point"",""coordinates"":[74.42542128930235,27.982521100323094]}"
4465,1.5048429339464624E-4,"{""geodesic"":false,""type"":""Point"",""coordinates"":[75.05424198818602,27.982521100323094]}"
4466,1.469793812384171E-4,"{""geodesic"":false,""type"":""Point"",""coordinates"":[75.14407351659797,27.982521100323094]}"
4467,1.566992918022388E-4,"{""geodesic"":false,""type"":""Point"",""coordinates"":[76.2220518575414,27.982521100323094]}"
4468,1.6783858251413078E-4,"{""geodesic"":false,""type"":""Point"",""coordinates"":[76.67120949960116,27.982521100323094]}"
4469,1.618164491918237E-4,"{""geodesic"":false,""type"":""Point"",""coordinates"":[76.85087255642506,27.982521100323094]}"
4470,1.6781733480642996E-4,"{""geodesic"":false,""type"":""Point"",""coordinates"":[76.94070408483701,27.982521100323094]}"
4471,1.818195314879947E-4,"{""geodesic"":false,""type"":""Point"",""coordinates"":[77.03053561324897,27.982521100323094]}"
4472,2.0846315514027545E-4,"{""geodesic"":false,""type"":""Point"",""coordinates"":[79.18649229513582,27.982521100323094]}"
4473,2.1898969559227903E-4,"{""geodesic"":false,""type"":""Point"",""coordinates"":[79.27632382354777,27.982521100323094]}"
4474,2.2500000843622066E-4,"{""geodesic"":false,""type"":""Point"",""coordinates"":[79.54581840878363,27.982521100323094]}"
4475,2.3291916477037315E-4,"{""geodesic"":false,""type"":""Point"",""coordinates"":[79.72548146560753,27.982521100323094]}"
4476,2.219446574307291E-4,"{""geodesic"":false,""type"":""Point"",""coordinates"":[80.5339652213151,27.982521100323094]}"
4477,6.329019740096717E-5,"{""geodesic"":false,""type"":""Point"",""coordinates"":[88.52897124997884,27.982521100323094]}"
4478,1.4918098791007626E-4,"{""geodesic"":false,""type"":""Point"",""coordinates"":[95.35616740928721,27.982521100323094]}"
4479,1.4275208219846066E-4,"{""geodesic"":false,""type"":""Point"",""coordinates"":[96.07481963658282,27.982521100323094]}"
4480,1.0869105720370264E-4,"{""geodesic"":false,""type"":""Point"",""coordinates"":[96.25448269340673,27.982521100323094]}"
4481,7.935105204398713E-5,"{""geodesic"":false,""type"":""Point"",""coordinates"":[96.52397727864258,27.982521100323094]}"
4482,1.3068655663368603E-4,"{""geodesic"":false,""type"":""Point"",""coordinates"":[72.17963307900355,28.072352628735047]}"
4483,1.4152563187438114E-4,"{""geodesic"":false,""type"":""Point"",""coordinates"":[72.71862224947526,28.072352628735047]}"
4484,1.4858952107236445E-4,"{""geodesic"":false,""type"":""Point"",""coordinates"":[74.1559267040665,28.072352628735047]}"
4485,1.4343920107479528E-4,"{""geodesic"":false,""type"":""Point"",""coordinates"":[74.3355897608904,28.072352628735047]}"
4486,1.4881804185148053E-4,"{""geodesic"":false,""type"":""Point"",""coordinates"":[74.87457893136211,28.072352628735047]}"
4487,1.4980186305732908E-4,"{""geodesic"":false,""type"":""Point"",""coordinates"":[75.41356810183383,28.072352628735047]}"
4488,1.8166116456648615E-4,"{""geodesic"":false,""type"":""Point"",""coordinates"":[77.03053561324897,28.072352628735047]}"
4489,2.2877768761263328E-4,"{""geodesic"":false,""type"":""Point"",""coordinates"":[79.63564993719558,28.072352628735047]}"
4490,2.191218896539225E-4,"{""geodesic"":false,""type"":""Point"",""coordinates"":[79.90514452243143,28.072352628735047]}"
4491,2.219234919118943E-4,"{""geodesic"":false,""type"":""Point"",""coordinates"":[80.26447063607924,28.072352628735047]}"
4492,2.1358349800741508E-4,"{""geodesic"":false,""type"":""Point"",""coordinates"":[81.07295439178681,28.072352628735047]}"
4493,1.3540226179578694E-4,"{""geodesic"":false,""type"":""Point"",""coordinates"":[95.53583046611111,28.072352628735047]}"
4494,1.2872854755278232E-4,"{""geodesic"":false,""type"":""Point"",""coordinates"":[71.99997002217964,28.162184157147]}"
4495,1.3337095135455222E-4,"{""geodesic"":false,""type"":""Point"",""coordinates"":[72.0898015505916,28.162184157147]}"
4496,1.4526790544712426E-4,"{""geodesic"":false,""type"":""Point"",""coordinates"":[73.25761141994698,28.162184157147]}"
4497,1.4652798817259966E-4,"{""geodesic"":false,""type"":""Point"",""coordinates"":[73.34744294835893,28.162184157147]}"
4498,1.371849326097945E-4,"{""geodesic"":false,""type"":""Point"",""coordinates"":[73.70676906200674,28.162184157147]}"
4499,1.5468598870522254E-4,"{""geodesic"":false,""type"":""Point"",""coordinates"":[75.14407351659797,28.162184157147]}"
4500,1.609018743028474E-4,"{""geodesic"":false,""type"":""Point"",""coordinates"":[75.86272574389359,28.162184157147]}"
4501,1.6345334109578054E-4,"{""geodesic"":false,""type"":""Point"",""coordinates"":[76.13222032912944,28.162184157147]}"
4502,1.689290859870943E-4,"{""geodesic"":false,""type"":""Point"",""coordinates"":[76.4017149143653,28.162184157147]}"
4503,1.9018595955625362E-4,"{""geodesic"":false,""type"":""Point"",""coordinates"":[76.76104102801311,28.162184157147]}"
4504,2.1492647916187448E-4,"{""geodesic"":false,""type"":""Point"",""coordinates"":[79.72548146560753,28.162184157147]}"
4505,2.116900759750641E-4,"{""geodesic"":false,""type"":""Point"",""coordinates"":[79.81531299401948,28.162184157147]}"
4506,2.1974712156481673E-4,"{""geodesic"":false,""type"":""Point"",""coordinates"":[79.90514452243143,28.162184157147]}"
4507,2.1890680721026596E-4,"{""geodesic"":false,""type"":""Point"",""coordinates"":[80.26447063607924,28.162184157147]}"
4508,2.2617948746214857E-4,"{""geodesic"":false,""type"":""Point"",""coordinates"":[80.44413369290315,28.162184157147]}"
4509,2.295433823522063E-4,"{""geodesic"":false,""type"":""Point"",""coordinates"":[80.62379674972705,28.162184157147]}"
4510,2.313027021361073E-4,"{""geodesic"":false,""type"":""Point"",""coordinates"":[80.98312286337486,28.162184157147]}"
4511,2.3091284314152765E-4,"{""geodesic"":false,""type"":""Point"",""coordinates"":[81.07295439178681,28.162184157147]}"
4512,1.0854506234889547E-4,"{""geodesic"":false,""type"":""Point"",""coordinates"":[95.44599893769916,28.162184157147]}"
4513,1.4385030387162076E-4,"{""geodesic"":false,""type"":""Point"",""coordinates"":[73.25761141994698,28.252015685558952]}"
4514,1.343710974716227E-4,"{""geodesic"":false,""type"":""Point"",""coordinates"":[73.88643211883064,28.252015685558952]}"
4515,1.3521574892725975E-4,"{""geodesic"":false,""type"":""Point"",""coordinates"":[74.06609517565454,28.252015685558952]}"
4516,1.5157611505310997E-4,"{""geodesic"":false,""type"":""Point"",""coordinates"":[75.05424198818602,28.252015685558952]}"
4517,1.597429150607046E-4,"{""geodesic"":false,""type"":""Point"",""coordinates"":[75.32373657342187,28.252015685558952]}"
4518,1.6463785842441253E-4,"{""geodesic"":false,""type"":""Point"",""coordinates"":[76.49154644277725,28.252015685558952]}"
4519,1.7875468672618307E-4,"{""geodesic"":false,""type"":""Point"",""coordinates"":[76.76104102801311,28.252015685558952]}"
4520,1.9095777362250027E-4,"{""geodesic"":false,""type"":""Point"",""coordinates"":[76.94070408483701,28.252015685558952]}"
4521,2.0688605314218383E-4,"{""geodesic"":false,""type"":""Point"",""coordinates"":[77.12036714166092,28.252015685558952]}"
4522,2.4313079543388443E-4,"{""geodesic"":false,""type"":""Point"",""coordinates"":[77.47969325530873,28.252015685558952]}"
4523,2.3630028693321983E-4,"{""geodesic"":false,""type"":""Point"",""coordinates"":[77.74918784054458,28.252015685558952]}"
4524,2.1760143293860412E-4,"{""geodesic"":false,""type"":""Point"",""coordinates"":[78.19834548260434,28.252015685558952]}"
4525,2.2353664252768073E-4,"{""geodesic"":false,""type"":""Point"",""coordinates"":[78.55767159625215,28.252015685558952]}"
4526,2.063298403168791E-4,"{""geodesic"":false,""type"":""Point"",""coordinates"":[79.00682923831191,28.252015685558952]}"
4527,2.361550083961911E-4,"{""geodesic"":false,""type"":""Point"",""coordinates"":[79.99497605084339,28.252015685558952]}"
4528,2.129123259759087E-4,"{""geodesic"":false,""type"":""Point"",""coordinates"":[80.3543021644912,28.252015685558952]}"
4529,2.246272665852605E-4,"{""geodesic"":false,""type"":""Point"",""coordinates"":[80.713628278139,28.252015685558952]}"
4530,2.0307521562399337E-4,"{""geodesic"":false,""type"":""Point"",""coordinates"":[80.80345980655096,28.252015685558952]}"
4531,1.4128238982687746E-4,"{""geodesic"":false,""type"":""Point"",""coordinates"":[72.17963307900355,28.3418472139709]}"
4532,1.3364641434709747E-4,"{""geodesic"":false,""type"":""Point"",""coordinates"":[72.2694646074155,28.3418472139709]}"
4533,1.3690800675506784E-4,"{""geodesic"":false,""type"":""Point"",""coordinates"":[72.44912766423941,28.3418472139709]}"
4534,1.4251987584614785E-4,"{""geodesic"":false,""type"":""Point"",""coordinates"":[72.89828530629917,28.3418472139709]}"
4535,1.3641660583108475E-4,"{""geodesic"":false,""type"":""Point"",""coordinates"":[73.43727447677088,28.3418472139709]}"
4536,1.346209928973273E-4,"{""geodesic"":false,""type"":""Point"",""coordinates"":[73.70676906200674,28.3418472139709]}"
4537,1.446981425816228E-4,"{""geodesic"":false,""type"":""Point"",""coordinates"":[74.87457893136211,28.3418472139709]}"
4538,1.429613344881148E-4,"{""geodesic"":false,""type"":""Point"",""coordinates"":[74.96441045977407,28.3418472139709]}"
4539,1.7730488296775377E-4,"{""geodesic"":false,""type"":""Point"",""coordinates"":[76.76104102801311,28.3418472139709]}"
4540,2.4338406088265745E-4,"{""geodesic"":false,""type"":""Point"",""coordinates"":[77.30003019848482,28.3418472139709]}"
4541,2.1194743228200905E-4,"{""geodesic"":false,""type"":""Point"",""coordinates"":[78.6475031246641,28.3418472139709]}"
4542,2.126353540040927E-4,"{""geodesic"":false,""type"":""Point"",""coordinates"":[78.82716618148801,28.3418472139709]}"
4543,2.1627839454453385E-4,"{""geodesic"":false,""type"":""Point"",""coordinates"":[78.91699770989996,28.3418472139709]}"
4544,2.171136679929561E-4,"{""geodesic"":false,""type"":""Point"",""coordinates"":[79.18649229513582,28.3418472139709]}"
4545,2.1750552816551694E-4,"{""geodesic"":false,""type"":""Point"",""coordinates"":[79.27632382354777,28.3418472139709]}"
4546,2.309418785306749E-4,"{""geodesic"":false,""type"":""Point"",""coordinates"":[79.45598688037167,28.3418472139709]}"
4547,2.293891710642544E-4,"{""geodesic"":false,""type"":""Point"",""coordinates"":[79.54581840878363,28.3418472139709]}"
4548,2.247852914249519E-4,"{""geodesic"":false,""type"":""Point"",""coordinates"":[80.98312286337486,28.3418472139709]}"
4549,2.3504974450179504E-4,"{""geodesic"":false,""type"":""Point"",""coordinates"":[81.16278592019876,28.3418472139709]}"
4550,1.4050552556475166E-4,"{""geodesic"":false,""type"":""Point"",""coordinates"":[72.80845377788721,28.431678742382854]}"
4551,1.3487566685328395E-4,"{""geodesic"":false,""type"":""Point"",""coordinates"":[73.16777989153502,28.431678742382854]}"
4552,1.2104480293106902E-4,"{""geodesic"":false,""type"":""Point"",""coordinates"":[73.43727447677088,28.431678742382854]}"
4553,1.3420655712114424E-4,"{""geodesic"":false,""type"":""Point"",""coordinates"":[73.52710600518283,28.431678742382854]}"
4554,1.449188144877517E-4,"{""geodesic"":false,""type"":""Point"",""coordinates"":[74.3355897608904,28.431678742382854]}"
4555,1.4390870183592997E-4,"{""geodesic"":false,""type"":""Point"",""coordinates"":[74.78474740295016,28.431678742382854]}"
4556,1.56021284376865E-4,"{""geodesic"":false,""type"":""Point"",""coordinates"":[74.87457893136211,28.431678742382854]}"
4557,1.5077841828420262E-4,"{""geodesic"":false,""type"":""Point"",""coordinates"":[75.41356810183383,28.431678742382854]}"
4558,1.8686484143880922E-4,"{""geodesic"":false,""type"":""Point"",""coordinates"":[76.67120949960116,28.431678742382854]}"
4559,1.9030109633134617E-4,"{""geodesic"":false,""type"":""Point"",""coordinates"":[76.85087255642506,28.431678742382854]}"
4560,2.588913760324405E-4,"{""geodesic"":false,""type"":""Point"",""coordinates"":[77.38986172689677,28.431678742382854]}"
4561,2.7752352305827975E-4,"{""geodesic"":false,""type"":""Point"",""coordinates"":[77.47969325530873,28.431678742382854]}"
4562,2.7119938639607975E-4,"{""geodesic"":false,""type"":""Point"",""coordinates"":[77.56952478372068,28.431678742382854]}"
4563,2.2832835656262063E-4,"{""geodesic"":false,""type"":""Point"",""coordinates"":[78.2881770110163,28.431678742382854]}"
4564,2.1901562853146952E-4,"{""geodesic"":false,""type"":""Point"",""coordinates"":[78.37800853942825,28.431678742382854]}"
4565,2.180739830913193E-4,"{""geodesic"":false,""type"":""Point"",""coordinates"":[78.55767159625215,28.431678742382854]}"
4566,2.1234067401571479E-4,"{""geodesic"":false,""type"":""Point"",""coordinates"":[78.6475031246641,28.431678742382854]}"
4567,2.153967546960032E-4,"{""geodesic"":false,""type"":""Point"",""coordinates"":[79.09666076672387,28.431678742382854]}"
4568,2.249973239008635E-4,"{""geodesic"":false,""type"":""Point"",""coordinates"":[79.18649229513582,28.431678742382854]}"
4569,1.4076023813606677E-4,"{""geodesic"":false,""type"":""Point"",""coordinates"":[74.42542128930235,28.521510270794806]}"
4570,1.5622674549798388E-4,"{""geodesic"":false,""type"":""Point"",""coordinates"":[75.05424198818602,28.521510270794806]}"
4571,1.5311357289447255E-4,"{""geodesic"":false,""type"":""Point"",""coordinates"":[75.32373657342187,28.521510270794806]}"
4572,1.5523423628085816E-4,"{""geodesic"":false,""type"":""Point"",""coordinates"":[75.41356810183383,28.521510270794806]}"
4573,2.726510739692655E-4,"{""geodesic"":false,""type"":""Point"",""coordinates"":[77.38986172689677,28.521510270794806]}"
4574,2.4770572427635214E-4,"{""geodesic"":false,""type"":""Point"",""coordinates"":[77.74918784054458,28.521510270794806]}"
4575,2.1703210327747948E-4,"{""geodesic"":false,""type"":""Point"",""coordinates"":[78.91699770989996,28.521510270794806]}"
4576,2.3481012936393052E-4,"{""geodesic"":false,""type"":""Point"",""coordinates"":[79.45598688037167,28.521510270794806]}"
4577,2.1807374677409468E-4,"{""geodesic"":false,""type"":""Point"",""coordinates"":[79.63564993719558,28.521510270794806]}"
4578,2.2655296869653177E-4,"{""geodesic"":false,""type"":""Point"",""coordinates"":[79.90514452243143,28.521510270794806]}"
4579,2.3937323908395768E-4,"{""geodesic"":false,""type"":""Point"",""coordinates"":[80.3543021644912,28.521510270794806]}"
4580,2.2449044968495476E-4,"{""geodesic"":false,""type"":""Point"",""coordinates"":[80.80345980655096,28.521510270794806]}"
4581,1.3524028178146439E-4,"{""geodesic"":false,""type"":""Point"",""coordinates"":[72.35929613582745,28.61134179920676]}"
4582,1.4296926103390175E-4,"{""geodesic"":false,""type"":""Point"",""coordinates"":[73.52710600518283,28.61134179920676]}"
4583,1.4043503814533526E-4,"{""geodesic"":false,""type"":""Point"",""coordinates"":[73.61693753359478,28.61134179920676]}"
4584,1.731106773393044E-4,"{""geodesic"":false,""type"":""Point"",""coordinates"":[76.04238880071749,28.61134179920676]}"
4585,1.7810703569759329E-4,"{""geodesic"":false,""type"":""Point"",""coordinates"":[76.49154644277725,28.61134179920676]}"
4586,1.8097656623384525E-4,"{""geodesic"":false,""type"":""Point"",""coordinates"":[76.5813779711892,28.61134179920676]}"
4587,1.9744970459138408E-4,"{""geodesic"":false,""type"":""Point"",""coordinates"":[76.76104102801311,28.61134179920676]}"
4588,2.1700599612792208E-4,"{""geodesic"":false,""type"":""Point"",""coordinates"":[78.37800853942825,28.61134179920676]}"
4589,2.1359618318277134E-4,"{""geodesic"":false,""type"":""Point"",""coordinates"":[78.91699770989996,28.61134179920676]}"
4590,2.2604751854902016E-4,"{""geodesic"":false,""type"":""Point"",""coordinates"":[79.09666076672387,28.61134179920676]}"
4591,2.3375078271178356E-4,"{""geodesic"":false,""type"":""Point"",""coordinates"":[79.27632382354777,28.61134179920676]}"
4592,2.2092543357046695E-4,"{""geodesic"":false,""type"":""Point"",""coordinates"":[79.54581840878363,28.61134179920676]}"
4593,2.268801152160035E-4,"{""geodesic"":false,""type"":""Point"",""coordinates"":[79.72548146560753,28.61134179920676]}"
4594,2.2667989776120652E-4,"{""geodesic"":false,""type"":""Point"",""coordinates"":[79.81531299401948,28.61134179920676]}"
4595,2.260968630276487E-4,"{""geodesic"":false,""type"":""Point"",""coordinates"":[79.90514452243143,28.61134179920676]}"
4596,1.4510472422198423E-4,"{""geodesic"":false,""type"":""Point"",""coordinates"":[72.62879072106331,28.70117332761871]}"
4597,1.3279971191164608E-4,"{""geodesic"":false,""type"":""Point"",""coordinates"":[73.34744294835893,28.70117332761871]}"
4598,1.4468527609389712E-4,"{""geodesic"":false,""type"":""Point"",""coordinates"":[74.24575823247845,28.70117332761871]}"
4599,1.7097859642877317E-4,"{""geodesic"":false,""type"":""Point"",""coordinates"":[75.95255727230554,28.70117332761871]}"
4600,1.6823959089515958E-4,"{""geodesic"":false,""type"":""Point"",""coordinates"":[76.13222032912944,28.70117332761871]}"
4601,1.806206632991446E-4,"{""geodesic"":false,""type"":""Point"",""coordinates"":[76.31188338595335,28.70117332761871]}"
4602,2.2060401313090544E-4,"{""geodesic"":false,""type"":""Point"",""coordinates"":[76.94070408483701,28.70117332761871]}"
4603,2.177182968005207E-4,"{""geodesic"":false,""type"":""Point"",""coordinates"":[77.03053561324897,28.70117332761871]}"
4604,2.535803730967228E-4,"{""geodesic"":false,""type"":""Point"",""coordinates"":[77.47969325530873,28.70117332761871]}"
4605,2.2125545694292621E-4,"{""geodesic"":false,""type"":""Point"",""coordinates"":[78.4678400678402,28.70117332761871]}"
4606,2.2763233079910932E-4,"{""geodesic"":false,""type"":""Point"",""coordinates"":[79.36615535195972,28.70117332761871]}"
4607,2.228165654503772E-4,"{""geodesic"":false,""type"":""Point"",""coordinates"":[79.54581840878363,28.70117332761871]}"
4608,2.2604771414188387E-4,"{""geodesic"":false,""type"":""Point"",""coordinates"":[80.17463910766729,28.70117332761871]}"
4609,1.4770401143233307E-4,"{""geodesic"":false,""type"":""Point"",""coordinates"":[72.53895919265136,28.791004856030664]}"
4610,1.432410205095493E-4,"{""geodesic"":false,""type"":""Point"",""coordinates"":[73.52710600518283,28.791004856030664]}"
4611,1.4827536836622572E-4,"{""geodesic"":false,""type"":""Point"",""coordinates"":[74.3355897608904,28.791004856030664]}"
4612,1.6229785911965744E-4,"{""geodesic"":false,""type"":""Point"",""coordinates"":[74.87457893136211,28.791004856030664]}"
4613,1.553307313360414E-4,"{""geodesic"":false,""type"":""Point"",""coordinates"":[75.50339963024578,28.791004856030664]}"
4614,1.792861684953131E-4,"{""geodesic"":false,""type"":""Point"",""coordinates"":[76.13222032912944,28.791004856030664]}"
4615,2.1777725417841426E-4,"{""geodesic"":false,""type"":""Point"",""coordinates"":[76.85087255642506,28.791004856030664]}"
4616,2.3806243158737463E-4,"{""geodesic"":false,""type"":""Point"",""coordinates"":[77.12036714166092,28.791004856030664]}"
4617,2.3428009902296283E-4,"{""geodesic"":false,""type"":""Point"",""coordinates"":[77.47969325530873,28.791004856030664]}"
4618,2.4260369546443204E-4,"{""geodesic"":false,""type"":""Point"",""coordinates"":[77.83901936895654,28.791004856030664]}"
4619,2.3851350845598116E-4,"{""geodesic"":false,""type"":""Point"",""coordinates"":[77.92885089736849,28.791004856030664]}"
4620,2.1618924932280653E-4,"{""geodesic"":false,""type"":""Point"",""coordinates"":[78.6475031246641,28.791004856030664]}"
4621,1.4673387072443214E-4,"{""geodesic"":false,""type"":""Point"",""coordinates"":[72.80845377788721,28.880836384442617]}"
4622,1.4634029069125783E-4,"{""geodesic"":false,""type"":""Point"",""coordinates"":[73.61693753359478,28.880836384442617]}"
4623,1.6660542663756806E-4,"{""geodesic"":false,""type"":""Point"",""coordinates"":[75.59323115865773,28.880836384442617]}"
4624,1.9305445590253852E-4,"{""geodesic"":false,""type"":""Point"",""coordinates"":[76.49154644277725,28.880836384442617]}"
4625,2.0501239867312494E-4,"{""geodesic"":false,""type"":""Point"",""coordinates"":[76.94070408483701,28.880836384442617]}"
4626,2.050706454528367E-4,"{""geodesic"":false,""type"":""Point"",""coordinates"":[77.03053561324897,28.880836384442617]}"
4627,2.073957916856898E-4,"{""geodesic"":false,""type"":""Point"",""coordinates"":[77.30003019848482,28.880836384442617]}"
4628,2.2952591173973022E-4,"{""geodesic"":false,""type"":""Point"",""coordinates"":[77.74918784054458,28.880836384442617]}"
4629,2.2098318215385253E-4,"{""geodesic"":false,""type"":""Point"",""coordinates"":[79.90514452243143,28.880836384442617]}"
4630,1.3434827726484694E-4,"{""geodesic"":false,""type"":""Point"",""coordinates"":[73.07794836312307,28.970667912854566]}"
4631,1.4508776970502722E-4,"{""geodesic"":false,""type"":""Point"",""coordinates"":[73.25761141994698,28.970667912854566]}"
4632,1.8199376432637542E-4,"{""geodesic"":false,""type"":""Point"",""coordinates"":[75.95255727230554,28.970667912854566]}"
4633,1.813341602230523E-4,"{""geodesic"":false,""type"":""Point"",""coordinates"":[76.04238880071749,28.970667912854566]}"
4634,1.955859299068821E-4,"{""geodesic"":false,""type"":""Point"",""coordinates"":[76.67120949960116,28.970667912854566]}"
4635,2.1182520349801443E-4,"{""geodesic"":false,""type"":""Point"",""coordinates"":[77.03053561324897,28.970667912854566]}"
4636,2.2337012816451695E-4,"{""geodesic"":false,""type"":""Point"",""coordinates"":[77.30003019848482,28.970667912854566]}"
4637,2.3019279835503371E-4,"{""geodesic"":false,""type"":""Point"",""coordinates"":[78.2881770110163,28.970667912854566]}"
4638,1.4541226603947133E-4,"{""geodesic"":false,""type"":""Point"",""coordinates"":[73.79660059041869,29.06049944126652]}"
4639,1.552942951559007E-4,"{""geodesic"":false,""type"":""Point"",""coordinates"":[74.24575823247845,29.06049944126652]}"
4640,1.6718128635666543E-4,"{""geodesic"":false,""type"":""Point"",""coordinates"":[74.87457893136211,29.06049944126652]}"
4641,1.7022869558753754E-4,"{""geodesic"":false,""type"":""Point"",""coordinates"":[75.32373657342187,29.06049944126652]}"
4642,2.0140513128931732E-4,"{""geodesic"":false,""type"":""Point"",""coordinates"":[75.86272574389359,29.06049944126652]}"
4643,1.940039935658679E-4,"{""geodesic"":false,""type"":""Point"",""coordinates"":[76.13222032912944,29.06049944126652]}"
4644,2.1304221370521296E-4,"{""geodesic"":false,""type"":""Point"",""coordinates"":[77.30003019848482,29.06049944126652]}"
4645,2.235500406778613E-4,"{""geodesic"":false,""type"":""Point"",""coordinates"":[78.2881770110163,29.06049944126652]}"
4646,2.2122830930289107E-4,"{""geodesic"":false,""type"":""Point"",""coordinates"":[78.6475031246641,29.06049944126652]}"
4647,1.9584389904582391E-4,"{""geodesic"":false,""type"":""Point"",""coordinates"":[79.27632382354777,29.06049944126652]}"
4648,2.110380856333176E-4,"{""geodesic"":false,""type"":""Point"",""coordinates"":[79.63564993719558,29.06049944126652]}"
4649,2.0933416514101112E-4,"{""geodesic"":false,""type"":""Point"",""coordinates"":[79.81531299401948,29.06049944126652]}"
4650,2.114015892904006E-4,"{""geodesic"":false,""type"":""Point"",""coordinates"":[79.90514452243143,29.06049944126652]}"
4651,1.417397480496031E-4,"{""geodesic"":false,""type"":""Point"",""coordinates"":[73.43727447677088,29.15033096967847]}"
4652,1.664564524982832E-4,"{""geodesic"":false,""type"":""Point"",""coordinates"":[73.70676906200674,29.15033096967847]}"
4653,1.7666951887786468E-4,"{""geodesic"":false,""type"":""Point"",""coordinates"":[76.13222032912944,29.15033096967847]}"
4654,1.980316360081128E-4,"{""geodesic"":false,""type"":""Point"",""coordinates"":[76.49154644277725,29.15033096967847]}"
4655,2.0235542430731748E-4,"{""geodesic"":false,""type"":""Point"",""coordinates"":[76.76104102801311,29.15033096967847]}"
4656,2.1735924177197443E-4,"{""geodesic"":false,""type"":""Point"",""coordinates"":[77.65935631213263,29.15033096967847]}"
4657,2.1888717507861588E-4,"{""geodesic"":false,""type"":""Point"",""coordinates"":[78.19834548260434,29.15033096967847]}"
4658,1.7601499427970439E-4,"{""geodesic"":false,""type"":""Point"",""coordinates"":[79.99497605084339,29.15033096967847]}"
4659,2.0370683154565704E-4,"{""geodesic"":false,""type"":""Point"",""coordinates"":[80.08480757925534,29.15033096967847]}"
4660,1.708301834254467E-4,"{""geodesic"":false,""type"":""Point"",""coordinates"":[74.1559267040665,29.240162498090424]}"
4661,1.7214142853299162E-4,"{""geodesic"":false,""type"":""Point"",""coordinates"":[75.41356810183383,29.240162498090424]}"
4662,1.9824684938129619E-4,"{""geodesic"":false,""type"":""Point"",""coordinates"":[76.94070408483701,29.240162498090424]}"
4663,2.0681661727395923E-4,"{""geodesic"":false,""type"":""Point"",""coordinates"":[77.56952478372068,29.240162498090424]}"
4664,2.0964787129634763E-4,"{""geodesic"":false,""type"":""Point"",""coordinates"":[77.65935631213263,29.240162498090424]}"
4665,2.1321388480223318E-4,"{""geodesic"":false,""type"":""Point"",""coordinates"":[77.74918784054458,29.240162498090424]}"
4666,2.1562675843636274E-4,"{""geodesic"":false,""type"":""Point"",""coordinates"":[77.92885089736849,29.240162498090424]}"
4667,2.1281239505474038E-4,"{""geodesic"":false,""type"":""Point"",""coordinates"":[78.01868242578044,29.240162498090424]}"
4668,2.2276181354729553E-4,"{""geodesic"":false,""type"":""Point"",""coordinates"":[78.19834548260434,29.240162498090424]}"
4669,1.657005503850837E-4,"{""geodesic"":false,""type"":""Point"",""coordinates"":[79.90514452243143,29.240162498090424]}"
4670,1.464680162640089E-4,"{""geodesic"":false,""type"":""Point"",""coordinates"":[73.34744294835893,29.329994026502376]}"
4671,1.5460615372562815E-4,"{""geodesic"":false,""type"":""Point"",""coordinates"":[73.70676906200674,29.329994026502376]}"
4672,1.5507747860464522E-4,"{""geodesic"":false,""type"":""Point"",""coordinates"":[73.97626364724259,29.329994026502376]}"
4673,1.6378266039125715E-4,"{""geodesic"":false,""type"":""Point"",""coordinates"":[74.24575823247845,29.329994026502376]}"
4674,1.6482310617057402E-4,"{""geodesic"":false,""type"":""Point"",""coordinates"":[74.60508434612626,29.329994026502376]}"
4675,1.8003006305440292E-4,"{""geodesic"":false,""type"":""Point"",""coordinates"":[74.87457893136211,29.329994026502376]}"
4676,1.9196115453520783E-4,"{""geodesic"":false,""type"":""Point"",""coordinates"":[75.95255727230554,29.329994026502376]}"
4677,2.2011934504707252E-4,"{""geodesic"":false,""type"":""Point"",""coordinates"":[77.21019867007287,29.329994026502376]}"
4678,2.1516481398735457E-4,"{""geodesic"":false,""type"":""Point"",""coordinates"":[77.47969325530873,29.329994026502376]}"
4679,2.2307156089214074E-4,"{""geodesic"":false,""type"":""Point"",""coordinates"":[77.74918784054458,29.329994026502376]}"
4680,2.1138590906458248E-4,"{""geodesic"":false,""type"":""Point"",""coordinates"":[78.6475031246641,29.329994026502376]}"
4681,1.834395106403472E-4,"{""geodesic"":false,""type"":""Point"",""coordinates"":[79.36615535195972,29.329994026502376]}"
4682,1.56813525740631E-4,"{""geodesic"":false,""type"":""Point"",""coordinates"":[79.99497605084339,29.329994026502376]}"
4683,1.5728907400794438E-4,"{""geodesic"":false,""type"":""Point"",""coordinates"":[73.88643211883064,29.41982555491433]}"
4684,1.6817232386203034E-4,"{""geodesic"":false,""type"":""Point"",""coordinates"":[74.1559267040665,29.41982555491433]}"
4685,1.6108273424381744E-4,"{""geodesic"":false,""type"":""Point"",""coordinates"":[74.3355897608904,29.41982555491433]}"
4686,1.7213706020732328E-4,"{""geodesic"":false,""type"":""Point"",""coordinates"":[74.78474740295016,29.41982555491433]}"
4687,1.7717544748041078E-4,"{""geodesic"":false,""type"":""Point"",""coordinates"":[75.86272574389359,29.41982555491433]}"
4688,1.9031730780342122E-4,"{""geodesic"":false,""type"":""Point"",""coordinates"":[76.04238880071749,29.41982555491433]}"
4689,1.89913721200018E-4,"{""geodesic"":false,""type"":""Point"",""coordinates"":[76.2220518575414,29.41982555491433]}"
4690,1.8474357585808045E-4,"{""geodesic"":false,""type"":""Point"",""coordinates"":[76.31188338595335,29.41982555491433]}"
4691,2.020718264976313E-4,"{""geodesic"":false,""type"":""Point"",""coordinates"":[76.5813779711892,29.41982555491433]}"
4692,2.0777791944317684E-4,"{""geodesic"":false,""type"":""Point"",""coordinates"":[77.47969325530873,29.41982555491433]}"
4693,2.1416821429310305E-4,"{""geodesic"":false,""type"":""Point"",""coordinates"":[77.92885089736849,29.41982555491433]}"
4694,2.2078557111773197E-4,"{""geodesic"":false,""type"":""Point"",""coordinates"":[78.2881770110163,29.41982555491433]}"
4695,1.5672597806175875E-4,"{""geodesic"":false,""type"":""Point"",""coordinates"":[79.45598688037167,29.41982555491433]}"
4696,1.522278298474637E-4,"{""geodesic"":false,""type"":""Point"",""coordinates"":[79.63564993719558,29.41982555491433]}"
4697,1.6202779459675496E-4,"{""geodesic"":false,""type"":""Point"",""coordinates"":[73.79660059041869,29.50965708332628]}"
4698,1.646263478387696E-4,"{""geodesic"":false,""type"":""Point"",""coordinates"":[73.97626364724259,29.50965708332628]}"
4699,1.6946618421390637E-4,"{""geodesic"":false,""type"":""Point"",""coordinates"":[75.05424198818602,29.50965708332628]}"
4700,1.9718705723369536E-4,"{""geodesic"":false,""type"":""Point"",""coordinates"":[76.4017149143653,29.50965708332628]}"
4701,1.9519870699532895E-4,"{""geodesic"":false,""type"":""Point"",""coordinates"":[76.5813779711892,29.50965708332628]}"
4702,2.054517854174353E-4,"{""geodesic"":false,""type"":""Point"",""coordinates"":[76.76104102801311,29.50965708332628]}"
4703,2.03026336715771E-4,"{""geodesic"":false,""type"":""Point"",""coordinates"":[77.03053561324897,29.50965708332628]}"
4704,2.2216967859441079E-4,"{""geodesic"":false,""type"":""Point"",""coordinates"":[77.47969325530873,29.50965708332628]}"
4705,2.2221136307419646E-4,"{""geodesic"":false,""type"":""Point"",""coordinates"":[78.19834548260434,29.50965708332628]}"
4706,1.9965927081437806E-4,"{""geodesic"":false,""type"":""Point"",""coordinates"":[79.00682923831191,29.50965708332628]}"
4707,1.5337741184858053E-4,"{""geodesic"":false,""type"":""Point"",""coordinates"":[79.45598688037167,29.50965708332628]}"
4708,1.5728086488256404E-4,"{""geodesic"":false,""type"":""Point"",""coordinates"":[79.54581840878363,29.50965708332628]}"
4709,1.4570491645223617E-4,"{""geodesic"":false,""type"":""Point"",""coordinates"":[79.63564993719558,29.50965708332628]}"
4710,1.7375080271400973E-4,"{""geodesic"":false,""type"":""Point"",""coordinates"":[79.90514452243143,29.50965708332628]}"
4711,1.676974018006516E-4,"{""geodesic"":false,""type"":""Point"",""coordinates"":[80.26447063607924,29.50965708332628]}"
4712,1.5891530364879665E-4,"{""geodesic"":false,""type"":""Point"",""coordinates"":[73.34744294835893,29.59948861173823]}"
4713,1.7234270082902914E-4,"{""geodesic"":false,""type"":""Point"",""coordinates"":[73.61693753359478,29.59948861173823]}"
4714,1.7029285105774628E-4,"{""geodesic"":false,""type"":""Point"",""coordinates"":[74.06609517565454,29.59948861173823]}"
4715,1.5801957972986008E-4,"{""geodesic"":false,""type"":""Point"",""coordinates"":[74.3355897608904,29.59948861173823]}"
4716,1.8357017215214714E-4,"{""geodesic"":false,""type"":""Point"",""coordinates"":[75.05424198818602,29.59948861173823]}"
4717,1.8145211856166995E-4,"{""geodesic"":false,""type"":""Point"",""coordinates"":[75.14407351659797,29.59948861173823]}"
4718,2.115373120992009E-4,"{""geodesic"":false,""type"":""Point"",""coordinates"":[77.38986172689677,29.59948861173823]}"
4719,2.0914155888750803E-4,"{""geodesic"":false,""type"":""Point"",""coordinates"":[77.83901936895654,29.59948861173823]}"
4720,2.318749690479057E-4,"{""geodesic"":false,""type"":""Point"",""coordinates"":[77.92885089736849,29.59948861173823]}"
4721,2.130793096249012E-4,"{""geodesic"":false,""type"":""Point"",""coordinates"":[78.91699770989996,29.59948861173823]}"
4722,1.519706749929404E-4,"{""geodesic"":false,""type"":""Point"",""coordinates"":[79.72548146560753,29.59948861173823]}"
4723,1.3797269380506707E-4,"{""geodesic"":false,""type"":""Point"",""coordinates"":[80.17463910766729,29.59948861173823]}"
4724,1.7732957888522165E-4,"{""geodesic"":false,""type"":""Point"",""coordinates"":[74.06609517565454,29.689320140150183]}"
4725,1.9628126940409986E-4,"{""geodesic"":false,""type"":""Point"",""coordinates"":[75.41356810183383,29.689320140150183]}"
4726,1.908511111577781E-4,"{""geodesic"":false,""type"":""Point"",""coordinates"":[75.50339963024578,29.689320140150183]}"
4727,1.9065651730340455E-4,"{""geodesic"":false,""type"":""Point"",""coordinates"":[76.04238880071749,29.689320140150183]}"
4728,1.9516164731556173E-4,"{""geodesic"":false,""type"":""Point"",""coordinates"":[77.21019867007287,29.689320140150183]}"
4729,1.8420145009040664E-4,"{""geodesic"":false,""type"":""Point"",""coordinates"":[77.30003019848482,29.689320140150183]}"
4730,2.0429170345485204E-4,"{""geodesic"":false,""type"":""Point"",""coordinates"":[77.47969325530873,29.689320140150183]}"
4731,2.091116787652045E-4,"{""geodesic"":false,""type"":""Point"",""coordinates"":[77.92885089736849,29.689320140150183]}"
4732,2.048170581667166E-4,"{""geodesic"":false,""type"":""Point"",""coordinates"":[78.2881770110163,29.689320140150183]}"
4733,1.5195587636588557E-4,"{""geodesic"":false,""type"":""Point"",""coordinates"":[79.09666076672387,29.689320140150183]}"
4734,1.8925582254045005E-4,"{""geodesic"":false,""type"":""Point"",""coordinates"":[79.27632382354777,29.689320140150183]}"
4735,1.5638656640572436E-4,"{""geodesic"":false,""type"":""Point"",""coordinates"":[79.72548146560753,29.689320140150183]}"
4736,1.4004531858458075E-4,"{""geodesic"":false,""type"":""Point"",""coordinates"":[80.26447063607924,29.689320140150183]}"
4737,1.7768761775715142E-4,"{""geodesic"":false,""type"":""Point"",""coordinates"":[73.88643211883064,29.779151668562136]}"
4738,1.7416126823042893E-4,"{""geodesic"":false,""type"":""Point"",""coordinates"":[74.51525281771431,29.779151668562136]}"
4739,1.8364025419096154E-4,"{""geodesic"":false,""type"":""Point"",""coordinates"":[74.78474740295016,29.779151668562136]}"
4740,1.912346135887748E-4,"{""geodesic"":false,""type"":""Point"",""coordinates"":[75.77289421548164,29.779151668562136]}"
4741,1.9290542993800265E-4,"{""geodesic"":false,""type"":""Point"",""coordinates"":[76.04238880071749,29.779151668562136]}"
4742,2.071069983017779E-4,"{""geodesic"":false,""type"":""Point"",""coordinates"":[77.03053561324897,29.779151668562136]}"
4743,1.9972440868127123E-4,"{""geodesic"":false,""type"":""Point"",""coordinates"":[77.21019867007287,29.779151668562136]}"
4744,2.0421918081069083E-4,"{""geodesic"":false,""type"":""Point"",""coordinates"":[78.4678400678402,29.779151668562136]}"
4745,1.592649883058895E-4,"{""geodesic"":false,""type"":""Point"",""coordinates"":[78.91699770989996,29.779151668562136]}"
4746,1.4421689449557225E-4,"{""geodesic"":false,""type"":""Point"",""coordinates"":[80.17463910766729,29.779151668562136]}"
4747,1.599725047107362E-4,"{""geodesic"":false,""type"":""Point"",""coordinates"":[73.43727447677088,29.86898319697409]}"
4748,1.7478018589000259E-4,"{""geodesic"":false,""type"":""Point"",""coordinates"":[73.88643211883064,29.86898319697409]}"
4749,1.918917519579946E-4,"{""geodesic"":false,""type"":""Point"",""coordinates"":[74.78474740295016,29.86898319697409]}"
4750,1.9972649300542837E-4,"{""geodesic"":false,""type"":""Point"",""coordinates"":[74.96441045977407,29.86898319697409]}"
4751,1.9271293690453547E-4,"{""geodesic"":false,""type"":""Point"",""coordinates"":[75.05424198818602,29.86898319697409]}"
4752,1.9218002819937696E-4,"{""geodesic"":false,""type"":""Point"",""coordinates"":[75.41356810183383,29.86898319697409]}"
4753,1.8688983053822362E-4,"{""geodesic"":false,""type"":""Point"",""coordinates"":[75.50339963024578,29.86898319697409]}"
4754,1.9220079828492496E-4,"{""geodesic"":false,""type"":""Point"",""coordinates"":[76.31188338595335,29.86898319697409]}"
4755,1.9796901100942356E-4,"{""geodesic"":false,""type"":""Point"",""coordinates"":[77.47969325530873,29.86898319697409]}"
4756,2.0174263690612783E-4,"{""geodesic"":false,""type"":""Point"",""coordinates"":[77.74918784054458,29.86898319697409]}"
4757,2.0629053765052052E-4,"{""geodesic"":false,""type"":""Point"",""coordinates"":[78.10851395419239,29.86898319697409]}"
4758,1.6799492256878114E-4,"{""geodesic"":false,""type"":""Point"",""coordinates"":[79.09666076672387,29.86898319697409]}"
4759,1.6330478441611038E-4,"{""geodesic"":false,""type"":""Point"",""coordinates"":[79.72548146560753,29.86898319697409]}"
4760,1.297204211571008E-4,"{""geodesic"":false,""type"":""Point"",""coordinates"":[79.99497605084339,29.86898319697409]}"
4761,1.5738177261395307E-4,"{""geodesic"":false,""type"":""Point"",""coordinates"":[73.61693753359478,29.95881472538604]}"
4762,1.6963320394704616E-4,"{""geodesic"":false,""type"":""Point"",""coordinates"":[73.70676906200674,29.95881472538604]}"
4763,1.7375651875396262E-4,"{""geodesic"":false,""type"":""Point"",""coordinates"":[73.79660059041869,29.95881472538604]}"
4764,1.7091242890231284E-4,"{""geodesic"":false,""type"":""Point"",""coordinates"":[74.06609517565454,29.95881472538604]}"
4765,1.9052847271707645E-4,"{""geodesic"":false,""type"":""Point"",""coordinates"":[76.94070408483701,29.95881472538604]}"
4766,2.311480605716099E-4,"{""geodesic"":false,""type"":""Point"",""coordinates"":[77.47969325530873,29.95881472538604]}"
4767,2.1594430476492172E-4,"{""geodesic"":false,""type"":""Point"",""coordinates"":[77.74918784054458,29.95881472538604]}"
4768,2.1820396729355364E-4,"{""geodesic"":false,""type"":""Point"",""coordinates"":[77.92885089736849,29.95881472538604]}"
4769,1.031752917949102E-4,"{""geodesic"":false,""type"":""Point"",""coordinates"":[79.99497605084339,29.95881472538604]}"
4770,1.8044201637801454E-4,"{""geodesic"":false,""type"":""Point"",""coordinates"":[73.88643211883064,30.048646253797994]}"
4771,1.7448721291766006E-4,"{""geodesic"":false,""type"":""Point"",""coordinates"":[74.1559267040665,30.048646253797994]}"
4772,1.7652522666830557E-4,"{""geodesic"":false,""type"":""Point"",""coordinates"":[74.24575823247845,30.048646253797994]}"
4773,1.9882500552517406E-4,"{""geodesic"":false,""type"":""Point"",""coordinates"":[75.50339963024578,30.048646253797994]}"
4774,1.8389708275012138E-4,"{""geodesic"":false,""type"":""Point"",""coordinates"":[75.77289421548164,30.048646253797994]}"
4775,1.8711911444995399E-4,"{""geodesic"":false,""type"":""Point"",""coordinates"":[75.86272574389359,30.048646253797994]}"
4776,1.9498685489746333E-4,"{""geodesic"":false,""type"":""Point"",""coordinates"":[75.95255727230554,30.048646253797994]}"
4777,1.8379676122202358E-4,"{""geodesic"":false,""type"":""Point"",""coordinates"":[76.13222032912944,30.048646253797994]}"
4778,1.8471221031898842E-4,"{""geodesic"":false,""type"":""Point"",""coordinates"":[76.31188338595335,30.048646253797994]}"
4779,2.269621235545809E-4,"{""geodesic"":false,""type"":""Point"",""coordinates"":[77.56952478372068,30.048646253797994]}"
4780,2.039906461100831E-4,"{""geodesic"":false,""type"":""Point"",""coordinates"":[77.74918784054458,30.048646253797994]}"
4781,1.0055768320864005E-4,"{""geodesic"":false,""type"":""Point"",""coordinates"":[79.81531299401948,30.048646253797994]}"
4782,1.923570869897894E-4,"{""geodesic"":false,""type"":""Point"",""coordinates"":[74.60508434612626,30.138477782209947]}"
4783,1.889772185807798E-4,"{""geodesic"":false,""type"":""Point"",""coordinates"":[74.69491587453821,30.138477782209947]}"
4784,1.9014340679765528E-4,"{""geodesic"":false,""type"":""Point"",""coordinates"":[75.05424198818602,30.138477782209947]}"
4785,1.9487217925468264E-4,"{""geodesic"":false,""type"":""Point"",""coordinates"":[76.49154644277725,30.138477782209947]}"
4786,2.0917627261473037E-4,"{""geodesic"":false,""type"":""Point"",""coordinates"":[76.67120949960116,30.138477782209947]}"
4787,1.29115856179929E-4,"{""geodesic"":false,""type"":""Point"",""coordinates"":[79.00682923831191,30.138477782209947]}"
4788,1.4048418474357744E-4,"{""geodesic"":false,""type"":""Point"",""coordinates"":[79.18649229513582,30.138477782209947]}"
4789,1.5077707903613899E-4,"{""geodesic"":false,""type"":""Point"",""coordinates"":[79.36615535195972,30.138477782209947]}"
4790,9.229384230342133E-5,"{""geodesic"":false,""type"":""Point"",""coordinates"":[79.72548146560753,30.138477782209947]}"
4791,5.757855606454615E-5,"{""geodesic"":false,""type"":""Point"",""coordinates"":[80.80345980655096,30.138477782209947]}"
4792,1.9213896135407383E-4,"{""geodesic"":false,""type"":""Point"",""coordinates"":[74.60508434612626,30.228309310621896]}"
4793,1.8863466478745967E-4,"{""geodesic"":false,""type"":""Point"",""coordinates"":[74.96441045977407,30.228309310621896]}"
4794,1.8695398362704598E-4,"{""geodesic"":false,""type"":""Point"",""coordinates"":[75.05424198818602,30.228309310621896]}"
4795,1.848150136452705E-4,"{""geodesic"":false,""type"":""Point"",""coordinates"":[76.2220518575414,30.228309310621896]}"
4796,1.9579977325815502E-4,"{""geodesic"":false,""type"":""Point"",""coordinates"":[76.49154644277725,30.228309310621896]}"
4797,1.9517497496839177E-4,"{""geodesic"":false,""type"":""Point"",""coordinates"":[76.67120949960116,30.228309310621896]}"
4798,2.0073244662639758E-4,"{""geodesic"":false,""type"":""Point"",""coordinates"":[76.94070408483701,30.228309310621896]}"
4799,1.9532655487518476E-4,"{""geodesic"":false,""type"":""Point"",""coordinates"":[77.83901936895654,30.228309310621896]}"
4800,1.9193337398030336E-4,"{""geodesic"":false,""type"":""Point"",""coordinates"":[78.01868242578044,30.228309310621896]}"
4801,1.294967998624974E-4,"{""geodesic"":false,""type"":""Point"",""coordinates"":[79.09666076672387,30.228309310621896]}"
4802,7.070147940537622E-5,"{""geodesic"":false,""type"":""Point"",""coordinates"":[80.26447063607924,30.228309310621896]}"
4803,6.232385666164998E-5,"{""geodesic"":false,""type"":""Point"",""coordinates"":[80.3543021644912,30.228309310621896]}"
4804,5.842671248927207E-5,"{""geodesic"":false,""type"":""Point"",""coordinates"":[80.5339652213151,30.228309310621896]}"
4805,6.191340045694682E-5,"{""geodesic"":false,""type"":""Point"",""coordinates"":[80.62379674972705,30.228309310621896]}"
4806,6.362207720711635E-5,"{""geodesic"":false,""type"":""Point"",""coordinates"":[80.80345980655096,30.228309310621896]}"
4807,6.638191617091527E-5,"{""geodesic"":false,""type"":""Point"",""coordinates"":[80.89329133496291,30.228309310621896]}"
4808,1.8231559374201292E-4,"{""geodesic"":false,""type"":""Point"",""coordinates"":[74.1559267040665,30.31814083903385]}"
4809,2.0828391710118663E-4,"{""geodesic"":false,""type"":""Point"",""coordinates"":[74.51525281771431,30.31814083903385]}"
4810,1.9788088481798697E-4,"{""geodesic"":false,""type"":""Point"",""coordinates"":[74.60508434612626,30.31814083903385]}"
4811,2.0684309725111597E-4,"{""geodesic"":false,""type"":""Point"",""coordinates"":[74.78474740295016,30.31814083903385]}"
4812,1.903838491449615E-4,"{""geodesic"":false,""type"":""Point"",""coordinates"":[75.14407351659797,30.31814083903385]}"
4813,1.8873924947644314E-4,"{""geodesic"":false,""type"":""Point"",""coordinates"":[75.59323115865773,30.31814083903385]}"
4814,1.9706982034270386E-4,"{""geodesic"":false,""type"":""Point"",""coordinates"":[76.67120949960116,30.31814083903385]}"
4815,2.0760864138324016E-4,"{""geodesic"":false,""type"":""Point"",""coordinates"":[77.74918784054458,30.31814083903385]}"
4816,1.861770644185299E-4,"{""geodesic"":false,""type"":""Point"",""coordinates"":[78.10851395419239,30.31814083903385]}"
4817,1.523211739088862E-4,"{""geodesic"":false,""type"":""Point"",""coordinates"":[79.00682923831191,30.31814083903385]}"
4818,1.3049780584480528E-4,"{""geodesic"":false,""type"":""Point"",""coordinates"":[79.36615535195972,30.31814083903385]}"
4819,5.202864142693808E-5,"{""geodesic"":false,""type"":""Point"",""coordinates"":[79.90514452243143,30.31814083903385]}"
4820,1.920782137550118E-4,"{""geodesic"":false,""type"":""Point"",""coordinates"":[74.3355897608904,30.4079723674458]}"
4821,1.8014334820345062E-4,"{""geodesic"":false,""type"":""Point"",""coordinates"":[74.60508434612626,30.4079723674458]}"
4822,1.892225636873496E-4,"{""geodesic"":false,""type"":""Point"",""coordinates"":[75.50339963024578,30.4079723674458]}"
4823,2.020988253799935E-4,"{""geodesic"":false,""type"":""Point"",""coordinates"":[75.86272574389359,30.4079723674458]}"
4824,1.982091862306405E-4,"{""geodesic"":false,""type"":""Point"",""coordinates"":[76.67120949960116,30.4079723674458]}"
4825,1.9301947782861964E-4,"{""geodesic"":false,""type"":""Point"",""coordinates"":[76.85087255642506,30.4079723674458]}"
4826,1.3501848463229557E-4,"{""geodesic"":false,""type"":""Point"",""coordinates"":[78.19834548260434,30.4079723674458]}"
4827,1.5804349598105749E-4,"{""geodesic"":false,""type"":""Point"",""coordinates"":[78.4678400678402,30.4079723674458]}"
4828,1.4360323157692074E-4,"{""geodesic"":false,""type"":""Point"",""coordinates"":[78.55767159625215,30.4079723674458]}"
4829,1.055857737122275E-4,"{""geodesic"":false,""type"":""Point"",""coordinates"":[78.82716618148801,30.4079723674458]}"
4830,5.619343047174559E-5,"{""geodesic"":false,""type"":""Point"",""coordinates"":[79.90514452243143,30.4079723674458]}"
4831,6.176204067457109E-5,"{""geodesic"":false,""type"":""Point"",""coordinates"":[80.17463910766729,30.4079723674458]}"
4832,1.7773907167600134E-4,"{""geodesic"":false,""type"":""Point"",""coordinates"":[74.60508434612626,30.497803895857754]}"
4833,1.9106621449770214E-4,"{""geodesic"":false,""type"":""Point"",""coordinates"":[75.14407351659797,30.497803895857754]}"
4834,1.9052657763952445E-4,"{""geodesic"":false,""type"":""Point"",""coordinates"":[76.31188338595335,30.497803895857754]}"
4835,2.0561871790719766E-4,"{""geodesic"":false,""type"":""Point"",""coordinates"":[77.47969325530873,30.497803895857754]}"
4836,2.0439063054575866E-4,"{""geodesic"":false,""type"":""Point"",""coordinates"":[77.56952478372068,30.497803895857754]}"
4837,1.256846642685196E-4,"{""geodesic"":false,""type"":""Point"",""coordinates"":[78.2881770110163,30.497803895857754]}"
4838,1.5675969425190173E-4,"{""geodesic"":false,""type"":""Point"",""coordinates"":[78.37800853942825,30.497803895857754]}"
4839,1.2250494778552428E-4,"{""geodesic"":false,""type"":""Point"",""coordinates"":[78.55767159625215,30.497803895857754]}"
4840,1.297528671794456E-4,"{""geodesic"":false,""type"":""Point"",""coordinates"":[78.6475031246641,30.497803895857754]}"
4841,1.1425216651833042E-4,"{""geodesic"":false,""type"":""Point"",""coordinates"":[78.82716618148801,30.497803895857754]}"
4842,1.0049470534797137E-4,"{""geodesic"":false,""type"":""Point"",""coordinates"":[79.18649229513582,30.497803895857754]}"
4843,5.955155475523892E-5,"{""geodesic"":false,""type"":""Point"",""coordinates"":[79.99497605084339,30.497803895857754]}"
4844,5.570575068851409E-5,"{""geodesic"":false,""type"":""Point"",""coordinates"":[80.17463910766729,30.497803895857754]}"
4845,1.8477607131360064E-4,"{""geodesic"":false,""type"":""Point"",""coordinates"":[74.24575823247845,30.587635424269706]}"
4846,1.8463200936049096E-4,"{""geodesic"":false,""type"":""Point"",""coordinates"":[74.69491587453821,30.587635424269706]}"
4847,1.9433565503310725E-4,"{""geodesic"":false,""type"":""Point"",""coordinates"":[75.32373657342187,30.587635424269706]}"
4848,1.9104660377164092E-4,"{""geodesic"":false,""type"":""Point"",""coordinates"":[75.68306268706968,30.587635424269706]}"
4849,2.0311417838321416E-4,"{""geodesic"":false,""type"":""Point"",""coordinates"":[76.2220518575414,30.587635424269706]}"
4850,1.6641189900411759E-4,"{""geodesic"":false,""type"":""Point"",""coordinates"":[77.65935631213263,30.587635424269706]}"
4851,1.549475053585203E-4,"{""geodesic"":false,""type"":""Point"",""coordinates"":[77.83901936895654,30.587635424269706]}"
4852,8.762779878261519E-5,"{""geodesic"":false,""type"":""Point"",""coordinates"":[78.82716618148801,30.587635424269706]}"
4853,7.20621765015766E-5,"{""geodesic"":false,""type"":""Point"",""coordinates"":[78.91699770989996,30.587635424269706]}"
4854,1.9271996846843226E-4,"{""geodesic"":false,""type"":""Point"",""coordinates"":[74.69491587453821,30.67746695268166]}"
4855,1.8486671353209317E-4,"{""geodesic"":false,""type"":""Point"",""coordinates"":[74.87457893136211,30.67746695268166]}"
4856,2.0234282473330473E-4,"{""geodesic"":false,""type"":""Point"",""coordinates"":[76.31188338595335,30.67746695268166]}"
4857,1.9237949166888706E-4,"{""geodesic"":false,""type"":""Point"",""coordinates"":[76.67120949960116,30.67746695268166]}"
4858,5.460285111457875E-5,"{""geodesic"":false,""type"":""Point"",""coordinates"":[79.00682923831191,30.67746695268166]}"
4859,5.1474147949659274E-5,"{""geodesic"":false,""type"":""Point"",""coordinates"":[79.18649229513582,30.67746695268166]}"
4860,4.9634004369152304E-5,"{""geodesic"":false,""type"":""Point"",""coordinates"":[79.27632382354777,30.67746695268166]}"
4861,4.934020652739872E-5,"{""geodesic"":false,""type"":""Point"",""coordinates"":[79.54581840878363,30.67746695268166]}"
4862,4.752932313139309E-5,"{""geodesic"":false,""type"":""Point"",""coordinates"":[79.81531299401948,30.67746695268166]}"
4863,6.087929160161046E-5,"{""geodesic"":false,""type"":""Point"",""coordinates"":[79.99497605084339,30.67746695268166]}"
4864,1.9543690906101782E-4,"{""geodesic"":false,""type"":""Point"",""coordinates"":[75.86272574389359,30.76729848109361]}"
4865,2.0027481683012886E-4,"{""geodesic"":false,""type"":""Point"",""coordinates"":[76.04238880071749,30.76729848109361]}"
4866,1.966331577680978E-4,"{""geodesic"":false,""type"":""Point"",""coordinates"":[76.67120949960116,30.76729848109361]}"
4867,1.6322140591193703E-4,"{""geodesic"":false,""type"":""Point"",""coordinates"":[77.12036714166092,30.76729848109361]}"
4868,1.4344176380961748E-4,"{""geodesic"":false,""type"":""Point"",""coordinates"":[77.83901936895654,30.76729848109361]}"
4869,5.608179228838522E-5,"{""geodesic"":false,""type"":""Point"",""coordinates"":[78.91699770989996,30.76729848109361]}"
4870,4.642069329410945E-5,"{""geodesic"":false,""type"":""Point"",""coordinates"":[79.90514452243143,30.76729848109361]}"
4871,1.9573124141898933E-4,"{""geodesic"":false,""type"":""Point"",""coordinates"":[75.68306268706968,30.857130009505564]}"
4872,2.0315954386780096E-4,"{""geodesic"":false,""type"":""Point"",""coordinates"":[76.04238880071749,30.857130009505564]}"
4873,1.94045297666203E-4,"{""geodesic"":false,""type"":""Point"",""coordinates"":[76.31188338595335,30.857130009505564]}"
4874,2.0061786498660637E-4,"{""geodesic"":false,""type"":""Point"",""coordinates"":[76.49154644277725,30.857130009505564]}"
4875,1.9659113535564236E-4,"{""geodesic"":false,""type"":""Point"",""coordinates"":[76.85087255642506,30.857130009505564]}"
4876,5.3768690986997334E-5,"{""geodesic"":false,""type"":""Point"",""coordinates"":[78.91699770989996,30.857130009505564]}"
4877,4.820465867866617E-5,"{""geodesic"":false,""type"":""Point"",""coordinates"":[79.27632382354777,30.857130009505564]}"
4878,4.991996463571944E-5,"{""geodesic"":false,""type"":""Point"",""coordinates"":[79.63564993719558,30.857130009505564]}"
4879,1.8394762160353834E-4,"{""geodesic"":false,""type"":""Point"",""coordinates"":[74.87457893136211,30.946961537917513]}"
4880,2.026699140176671E-4,"{""geodesic"":false,""type"":""Point"",""coordinates"":[75.86272574389359,30.946961537917513]}"
4881,1.2750174819362877E-4,"{""geodesic"":false,""type"":""Point"",""coordinates"":[77.92885089736849,30.946961537917513]}"
4882,8.831018807852935E-5,"{""geodesic"":false,""type"":""Point"",""coordinates"":[78.37800853942825,30.946961537917513]}"
4883,6.202484996684891E-5,"{""geodesic"":false,""type"":""Point"",""coordinates"":[78.55767159625215,30.946961537917513]}"
4884,6.259483063196216E-5,"{""geodesic"":false,""type"":""Point"",""coordinates"":[79.00682923831191,30.946961537917513]}"
4885,5.111127508500792E-5,"{""geodesic"":false,""type"":""Point"",""coordinates"":[79.81531299401948,30.946961537917513]}"
4886,1.3011178533253625E-4,"{""geodesic"":false,""type"":""Point"",""coordinates"":[77.38986172689677,31.036793066329466]}"
4887,1.1801886046668054E-4,"{""geodesic"":false,""type"":""Point"",""coordinates"":[77.56952478372068,31.036793066329466]}"
4888,1.1719711140277791E-4,"{""geodesic"":false,""type"":""Point"",""coordinates"":[77.65935631213263,31.036793066329466]}"
4889,1.1459487433346508E-4,"{""geodesic"":false,""type"":""Point"",""coordinates"":[77.74918784054458,31.036793066329466]}"
4890,7.45568344089015E-5,"{""geodesic"":false,""type"":""Point"",""coordinates"":[78.73733465307606,31.036793066329466]}"
4891,2.01176542137295E-4,"{""geodesic"":false,""type"":""Point"",""coordinates"":[76.4017149143653,31.12662459474142]}"
4892,1.7052580860864373E-4,"{""geodesic"":false,""type"":""Point"",""coordinates"":[76.5813779711892,31.12662459474142]}"
4893,1.581175444319966E-4,"{""geodesic"":false,""type"":""Point"",""coordinates"":[76.76104102801311,31.12662459474142]}"
4894,1.4725208921394242E-4,"{""geodesic"":false,""type"":""Point"",""coordinates"":[76.94070408483701,31.12662459474142]}"
4895,1.3820966078089927E-4,"{""geodesic"":false,""type"":""Point"",""coordinates"":[77.21019867007287,31.12662459474142]}"
4896,1.3436298399481143E-4,"{""geodesic"":false,""type"":""Point"",""coordinates"":[77.30003019848482,31.12662459474142]}"
4897,1.2840903288163316E-4,"{""geodesic"":false,""type"":""Point"",""coordinates"":[77.38986172689677,31.12662459474142]}"
4898,9.94469855807201E-5,"{""geodesic"":false,""type"":""Point"",""coordinates"":[77.65935631213263,31.12662459474142]}"
4899,8.585627274913526E-5,"{""geodesic"":false,""type"":""Point"",""coordinates"":[78.01868242578044,31.12662459474142]}"
4900,7.688265022945542E-5,"{""geodesic"":false,""type"":""Point"",""coordinates"":[78.10851395419239,31.12662459474142]}"
4901,5.9935791616007094E-5,"{""geodesic"":false,""type"":""Point"",""coordinates"":[78.19834548260434,31.12662459474142]}"
4902,2.1493347327453515E-4,"{""geodesic"":false,""type"":""Point"",""coordinates"":[74.69491587453821,31.21645612315337]}"
4903,2.0971984270131842E-4,"{""geodesic"":false,""type"":""Point"",""coordinates"":[74.78474740295016,31.21645612315337]}"
4904,2.1519909621656893E-4,"{""geodesic"":false,""type"":""Point"",""coordinates"":[75.68306268706968,31.21645612315337]}"
4905,1.8642872124313E-4,"{""geodesic"":false,""type"":""Point"",""coordinates"":[76.2220518575414,31.21645612315337]}"
4906,1.6611191099764343E-4,"{""geodesic"":false,""type"":""Point"",""coordinates"":[76.76104102801311,31.21645612315337]}"
4907,1.4115767413671552E-4,"{""geodesic"":false,""type"":""Point"",""coordinates"":[77.30003019848482,31.21645612315337]}"
4908,1.3993344963340764E-4,"{""geodesic"":false,""type"":""Point"",""coordinates"":[77.38986172689677,31.21645612315337]}"
4909,7.147107039188475E-5,"{""geodesic"":false,""type"":""Point"",""coordinates"":[77.92885089736849,31.21645612315337]}"
4910,7.46586879226814E-5,"{""geodesic"":false,""type"":""Point"",""coordinates"":[78.01868242578044,31.21645612315337]}"
4911,2.1168347253559187E-4,"{""geodesic"":false,""type"":""Point"",""coordinates"":[74.69491587453821,31.306287651565324]}"
4912,2.0379229485314033E-4,"{""geodesic"":false,""type"":""Point"",""coordinates"":[75.50339963024578,31.306287651565324]}"
4913,2.0750014335882354E-4,"{""geodesic"":false,""type"":""Point"",""coordinates"":[75.86272574389359,31.306287651565324]}"
4914,1.0859724138721907E-4,"{""geodesic"":false,""type"":""Point"",""coordinates"":[77.74918784054458,31.306287651565324]}"
4915,6.145108148719559E-5,"{""geodesic"":false,""type"":""Point"",""coordinates"":[78.01868242578044,31.306287651565324]}"
4916,1.8942062166916543E-4,"{""geodesic"":false,""type"":""Point"",""coordinates"":[75.41356810183383,31.396119179977276]}"
4917,2.0345255327845513E-4,"{""geodesic"":false,""type"":""Point"",""coordinates"":[75.50339963024578,31.396119179977276]}"
4918,1.976720405884253E-4,"{""geodesic"":false,""type"":""Point"",""coordinates"":[76.31188338595335,31.396119179977276]}"
4919,1.9014101090042995E-4,"{""geodesic"":false,""type"":""Point"",""coordinates"":[76.4017149143653,31.396119179977276]}"
4920,1.7648201223660333E-4,"{""geodesic"":false,""type"":""Point"",""coordinates"":[76.49154644277725,31.396119179977276]}"
4921,1.2109545298649217E-4,"{""geodesic"":false,""type"":""Point"",""coordinates"":[77.21019867007287,31.396119179977276]}"
4922,6.737763235045087E-5,"{""geodesic"":false,""type"":""Point"",""coordinates"":[78.37800853942825,31.396119179977276]}"
4923,2.2776097424702024E-4,"{""geodesic"":false,""type"":""Point"",""coordinates"":[74.69491587453821,31.48595070838923]}"
4924,2.0124159509010957E-4,"{""geodesic"":false,""type"":""Point"",""coordinates"":[75.68306268706968,31.48595070838923]}"
4925,1.884515240919487E-4,"{""geodesic"":false,""type"":""Point"",""coordinates"":[76.04238880071749,31.48595070838923]}"
4926,1.0552894681549308E-4,"{""geodesic"":false,""type"":""Point"",""coordinates"":[77.30003019848482,31.48595070838923]}"
4927,7.977362328056987E-5,"{""geodesic"":false,""type"":""Point"",""coordinates"":[77.56952478372068,31.48595070838923]}"
4928,6.515221077699348E-5,"{""geodesic"":false,""type"":""Point"",""coordinates"":[78.01868242578044,31.48595070838923]}"
4929,6.731418029826013E-5,"{""geodesic"":false,""type"":""Point"",""coordinates"":[78.37800853942825,31.48595070838923]}"
4930,1.9228618833287768E-4,"{""geodesic"":false,""type"":""Point"",""coordinates"":[75.23390504500992,31.575782236801178]}"
4931,1.8369205473670546E-4,"{""geodesic"":false,""type"":""Point"",""coordinates"":[75.86272574389359,31.575782236801178]}"
4932,1.6402392843030254E-4,"{""geodesic"":false,""type"":""Point"",""coordinates"":[76.5813779711892,31.575782236801178]}"
4933,1.1450528739629398E-4,"{""geodesic"":false,""type"":""Point"",""coordinates"":[77.12036714166092,31.575782236801178]}"
4934,7.739130353579557E-5,"{""geodesic"":false,""type"":""Point"",""coordinates"":[77.47969325530873,31.575782236801178]}"
4935,2.0763775393187265E-4,"{""geodesic"":false,""type"":""Point"",""coordinates"":[74.69491587453821,31.66561376521313]}"
4936,2.0932061727804339E-4,"{""geodesic"":false,""type"":""Point"",""coordinates"":[75.05424198818602,31.66561376521313]}"
4937,1.7252911919700588E-4,"{""geodesic"":false,""type"":""Point"",""coordinates"":[75.86272574389359,31.66561376521313]}"
4938,1.8291229441146046E-4,"{""geodesic"":false,""type"":""Point"",""coordinates"":[76.31188338595335,31.66561376521313]}"
4939,4.75537410254882E-5,"{""geodesic"":false,""type"":""Point"",""coordinates"":[78.01868242578044,31.66561376521313]}"
4940,5.342974933332452E-5,"{""geodesic"":false,""type"":""Point"",""coordinates"":[78.73733465307606,31.66561376521313]}"
4941,1.9969394780434515E-4,"{""geodesic"":false,""type"":""Point"",""coordinates"":[74.87457893136211,31.755445293625083]}"
4942,2.1103496045011573E-4,"{""geodesic"":false,""type"":""Point"",""coordinates"":[75.05424198818602,31.755445293625083]}"
4943,1.8227825708445167E-4,"{""geodesic"":false,""type"":""Point"",""coordinates"":[75.41356810183383,31.755445293625083]}"
4944,1.8616978167967723E-4,"{""geodesic"":false,""type"":""Point"",""coordinates"":[76.31188338595335,31.755445293625083]}"
4945,1.7557924477926875E-4,"{""geodesic"":false,""type"":""Point"",""coordinates"":[76.4017149143653,31.755445293625083]}"
4946,1.4076474165451838E-4,"{""geodesic"":false,""type"":""Point"",""coordinates"":[76.5813779711892,31.755445293625083]}"
4947,1.2282674859802795E-4,"{""geodesic"":false,""type"":""Point"",""coordinates"":[77.03053561324897,31.755445293625083]}"
4948,1.1500141370183938E-4,"{""geodesic"":false,""type"":""Point"",""coordinates"":[77.12036714166092,31.755445293625083]}"
4949,4.7793404166972935E-5,"{""geodesic"":false,""type"":""Point"",""coordinates"":[77.74918784054458,31.755445293625083]}"
4950,4.726171084931387E-5,"{""geodesic"":false,""type"":""Point"",""coordinates"":[78.01868242578044,31.755445293625083]}"
4951,5.134233404510199E-5,"{""geodesic"":false,""type"":""Point"",""coordinates"":[78.55767159625215,31.755445293625083]}"
4952,1.8736877626800163E-4,"{""geodesic"":false,""type"":""Point"",""coordinates"":[75.41356810183383,31.845276822037036]}"
4953,1.515141882622939E-4,"{""geodesic"":false,""type"":""Point"",""coordinates"":[76.31188338595335,31.845276822037036]}"
4954,1.1835769297815722E-4,"{""geodesic"":false,""type"":""Point"",""coordinates"":[76.67120949960116,31.845276822037036]}"
4955,9.257606956534841E-5,"{""geodesic"":false,""type"":""Point"",""coordinates"":[77.03053561324897,31.845276822037036]}"
4956,9.166508956495731E-5,"{""geodesic"":false,""type"":""Point"",""coordinates"":[77.12036714166092,31.845276822037036]}"
4957,4.659197584942123E-5,"{""geodesic"":false,""type"":""Point"",""coordinates"":[77.65935631213263,31.845276822037036]}"
4958,1.9440273526288753E-4,"{""geodesic"":false,""type"":""Point"",""coordinates"":[75.32373657342187,31.93510835044899]}"
4959,1.9339835447262213E-4,"{""geodesic"":false,""type"":""Point"",""coordinates"":[75.50339963024578,31.93510835044899]}"
4960,1.5422282499619603E-4,"{""geodesic"":false,""type"":""Point"",""coordinates"":[76.2220518575414,31.93510835044899]}"
4961,5.8861076181310715E-5,"{""geodesic"":false,""type"":""Point"",""coordinates"":[77.56952478372068,31.93510835044899]}"
4962,5.67949763666715E-5,"{""geodesic"":false,""type"":""Point"",""coordinates"":[78.73733465307606,31.93510835044899]}"
4963,1.9857002767362383E-4,"{""geodesic"":false,""type"":""Point"",""coordinates"":[74.96441045977407,32.02493987886094]}"
4964,1.8658714070297907E-4,"{""geodesic"":false,""type"":""Point"",""coordinates"":[75.41356810183383,32.02493987886094]}"
4965,1.422902194504992E-4,"{""geodesic"":false,""type"":""Point"",""coordinates"":[76.31188338595335,32.02493987886094]}"
4966,1.2723014173312002E-4,"{""geodesic"":false,""type"":""Point"",""coordinates"":[76.5813779711892,32.02493987886094]}"
4967,6.744820492568847E-5,"{""geodesic"":false,""type"":""Point"",""coordinates"":[76.94070408483701,32.02493987886094]}"
4968,4.3653015069702915E-5,"{""geodesic"":false,""type"":""Point"",""coordinates"":[77.21019867007287,32.02493987886094]}"
4969,5.394867448639786E-5,"{""geodesic"":false,""type"":""Point"",""coordinates"":[78.10851395419239,32.02493987886094]}"
4970,5.845050119739354E-5,"{""geodesic"":false,""type"":""Point"",""coordinates"":[78.4678400678402,32.02493987886094]}"
4971,1.279671020941153E-4,"{""geodesic"":false,""type"":""Point"",""coordinates"":[76.31188338595335,32.11477140727289]}"
4972,1.021427365738316E-4,"{""geodesic"":false,""type"":""Point"",""coordinates"":[76.49154644277725,32.11477140727289]}"
4973,5.29603053661565E-5,"{""geodesic"":false,""type"":""Point"",""coordinates"":[76.76104102801311,32.11477140727289]}"
4974,3.909255407751609E-5,"{""geodesic"":false,""type"":""Point"",""coordinates"":[77.74918784054458,32.11477140727289]}"
4975,5.7507089653220195E-5,"{""geodesic"":false,""type"":""Point"",""coordinates"":[78.19834548260434,32.11477140727289]}"
4976,8.637508462396883E-5,"{""geodesic"":false,""type"":""Point"",""coordinates"":[76.4017149143653,32.204602935684846]}"
4977,6.123255120420007E-5,"{""geodesic"":false,""type"":""Point"",""coordinates"":[76.5813779711892,32.204602935684846]}"
4978,5.044301710433641E-5,"{""geodesic"":false,""type"":""Point"",""coordinates"":[78.10851395419239,32.204602935684846]}"
4979,5.5287342851175145E-5,"{""geodesic"":false,""type"":""Point"",""coordinates"":[78.2881770110163,32.204602935684846]}"
4980,1.7590723576676507E-4,"{""geodesic"":false,""type"":""Point"",""coordinates"":[75.68306268706968,32.294434464096796]}"
4981,1.8654430330861075E-4,"{""geodesic"":false,""type"":""Point"",""coordinates"":[75.77289421548164,32.294434464096796]}"
4982,1.071864258701794E-4,"{""geodesic"":false,""type"":""Point"",""coordinates"":[76.2220518575414,32.294434464096796]}"
4983,7.410750630564724E-5,"{""geodesic"":false,""type"":""Point"",""coordinates"":[76.4017149143653,32.294434464096796]}"
4984,5.3392715255028585E-5,"{""geodesic"":false,""type"":""Point"",""coordinates"":[77.21019867007287,32.294434464096796]}"
4985,6.234185997070435E-5,"{""geodesic"":false,""type"":""Point"",""coordinates"":[78.4678400678402,32.294434464096796]}"
4986,1.528875053178528E-4,"{""geodesic"":false,""type"":""Point"",""coordinates"":[75.95255727230554,32.38426599250875]}"
4987,4.5568909972316914E-5,"{""geodesic"":false,""type"":""Point"",""coordinates"":[77.03053561324897,32.38426599250875]}"
4988,4.46371327765948E-5,"{""geodesic"":false,""type"":""Point"",""coordinates"":[77.30003019848482,32.38426599250875]}"
4989,4.615921155290649E-5,"{""geodesic"":false,""type"":""Point"",""coordinates"":[77.65935631213263,32.38426599250875]}"
4990,5.0381761014528844E-5,"{""geodesic"":false,""type"":""Point"",""coordinates"":[77.83901936895654,32.38426599250875]}"
4991,4.647868295146863E-5,"{""geodesic"":false,""type"":""Point"",""coordinates"":[78.2881770110163,32.38426599250875]}"
4992,1.2373563259844298E-4,"{""geodesic"":false,""type"":""Point"",""coordinates"":[76.04238880071749,32.4740975209207]}"
4993,1.041872335636987E-4,"{""geodesic"":false,""type"":""Point"",""coordinates"":[76.13222032912944,32.4740975209207]}"
4994,9.226843797168007E-5,"{""geodesic"":false,""type"":""Point"",""coordinates"":[76.2220518575414,32.4740975209207]}"
4995,8.883692571204273E-5,"{""geodesic"":false,""type"":""Point"",""coordinates"":[76.31188338595335,32.4740975209207]}"
4996,5.9691712616309944E-5,"{""geodesic"":false,""type"":""Point"",""coordinates"":[76.49154644277725,32.4740975209207]}"
4997,5.2816842042372004E-5,"{""geodesic"":false,""type"":""Point"",""coordinates"":[78.10851395419239,32.4740975209207]}"
4998,1.1300413189066303E-4,"{""geodesic"":false,""type"":""Point"",""coordinates"":[76.2220518575414,32.56392904933265]}"
4999,7.67785774731487E-5,"{""geodesic"":false,""type"":""Point"",""coordinates"":[76.31188338595335,32.56392904933265]}"
5000,5.34183472567936E-5,"{""geodesic"":false,""type"":""Point"",""coordinates"":[76.49154644277725,32.56392904933265]}"
5001,5.244276078140891E-5,"{""geodesic"":false,""type"":""Point"",""coordinates"":[76.85087255642506,32.56392904933265]}"
5002,4.244861068503727E-5,"{""geodesic"":false,""type"":""Point"",""coordinates"":[77.30003019848482,32.56392904933265]}"
5003,5.365271772090897E-5,"{""geodesic"":false,""type"":""Point"",""coordinates"":[78.10851395419239,32.56392904933265]}"
5004,5.1713951834772754E-5,"{""geodesic"":false,""type"":""Point"",""coordinates"":[78.19834548260434,32.56392904933265]}"
5005,5.407807231915672E-5,"{""geodesic"":false,""type"":""Point"",""coordinates"":[76.76104102801311,32.653760577744606]}"
5006,4.4467209216730284E-5,"{""geodesic"":false,""type"":""Point"",""coordinates"":[77.30003019848482,32.653760577744606]}"
5007,3.995030715666963E-5,"{""geodesic"":false,""type"":""Point"",""coordinates"":[77.47969325530873,32.653760577744606]}"
5008,5.7084584262056756E-5,"{""geodesic"":false,""type"":""Point"",""coordinates"":[78.37800853942825,32.653760577744606]}"
5009,8.231132407777795E-5,"{""geodesic"":false,""type"":""Point"",""coordinates"":[76.2220518575414,32.743592106156555]}"
5010,5.3137404627591086E-5,"{""geodesic"":false,""type"":""Point"",""coordinates"":[76.67120949960116,32.743592106156555]}"
5011,4.6356387786066606E-5,"{""geodesic"":false,""type"":""Point"",""coordinates"":[77.56952478372068,32.743592106156555]}"
5012,5.609687359360435E-5,"{""geodesic"":false,""type"":""Point"",""coordinates"":[76.13222032912944,32.83342363456851]}"
5013,3.941355273638509E-5,"{""geodesic"":false,""type"":""Point"",""coordinates"":[77.12036714166092,32.83342363456851]}"
5014,3.912405284208751E-5,"{""geodesic"":false,""type"":""Point"",""coordinates"":[77.21019867007287,32.83342363456851]}"
5015,3.961311989892645E-5,"{""geodesic"":false,""type"":""Point"",""coordinates"":[76.85087255642506,32.92325516298046]}"
5016,5.483456956728635E-5,"{""geodesic"":false,""type"":""Point"",""coordinates"":[76.49154644277725,33.01308669139242]}"
5017,3.790119896563876E-5,"{""geodesic"":false,""type"":""Point"",""coordinates"":[76.76104102801311,33.102918219804366]}"
